timestamp,x,y,yaw,v_total,v_lat,v_long,w_z,a_lat,a_long,throttle_cmd,brake_cmd,steer_cmd,gear_cmd,throttle_real,brake_real,steer_real,gear_real,is_idle
103.658,200.497,1.96,-3.142,0.0,-0.0,0.0,-0.0,-0.0,0.0,0.0,1.0,0.0,0,0.0,1.0,0.0,0,1
104.708,200.497,1.96,-3.142,0.0,-0.0,0.0,-0.0,0.0,0.0,0.0,1.0,0.0,0,0.0,1.0,0.0,0,1
105.708,200.497,1.96,-3.142,0.0,-0.0,0.0,-0.0,0.0,0.0,0.0,1.0,0.0,0,0.0,1.0,0.0,0,1
106.708,200.497,1.96,-3.142,0.0,-0.0,0.0,-0.0,0.0,0.0,0.0,1.0,0.0,0,0.0,1.0,0.0,0,1
107.708,200.497,1.96,-3.142,0.0,-0.0,0.0,-0.0,0.0,0.0,0.0,1.0,0.0,0,0.0,1.0,0.0,0,1
108.758,200.497,1.96,-3.142,0.0,-0.0,0.0,-0.0,0.0,0.0,0.0,1.0,0.0,0,0.0,1.0,0.0,0,1
109.808,200.497,1.96,-3.142,0.0,-0.0,0.0,-0.0,0.0,0.0,0.0,1.0,0.0,0,0.0,1.0,0.0,0,1
110.858,200.497,1.96,-3.142,0.0,-0.0,0.0,-0.0,0.0,0.0,0.0,1.0,0.0,0,0.0,1.0,0.0,0,1
111.908,200.497,1.96,-3.142,0.0,-0.0,0.0,-0.0,0.0,0.0,0.0,1.0,0.0,0,0.0,1.0,0.0,0,1
112.908,200.497,1.96,-3.142,0.0,-0.0,0.0,-0.0,0.0,0.0,0.0,1.0,0.0,0,0.0,1.0,0.0,0,1
113.908,200.497,1.96,-3.142,0.0,-0.0,0.0,-0.0,0.0,0.0,0.0,1.0,0.0,0,0.0,1.0,0.0,0,1
114.908,200.497,1.96,-3.142,0.0,-0.0,0.0,-0.0,0.0,0.0,0.0,1.0,0.0,0,0.0,1.0,0.0,0,1
115.908,200.497,1.96,-3.142,0.0,-0.0,0.0,-0.0,0.0,0.0,0.0,1.0,0.0,0,0.0,1.0,0.0,0,1
116.908,200.497,1.96,-3.142,0.0,-0.0,0.0,-0.0,0.0,0.0,0.0,1.0,0.0,0,0.0,1.0,0.0,0,1
117.958,200.497,1.96,-3.142,0.0,-0.0,0.0,-0.0,0.0,0.0,0.0,1.0,0.0,0,0.0,1.0,0.0,0,1
118.958,200.497,1.96,-3.142,0.0,-0.0,0.0,-0.0,0.0,0.0,0.0,1.0,0.0,0,0.0,1.0,0.0,0,1
119.958,200.497,1.96,-3.142,0.0,-0.0,0.0,-0.0,0.0,0.0,0.0,1.0,0.0,0,0.0,1.0,0.0,0,1
120.108,200.497,1.96,-3.142,0.0,-0.0,0.0,-0.0,0.0,0.0,1.0,0.0,0.005,0,1.0,0.0,1.0,0,1
120.208,200.497,1.96,-3.142,0.0,-0.0,0.0,-0.0,-0.0,0.0,1.0,0.0,0.005,0,1.0,0.0,0.005,0,1
120.608,200.497,1.96,-3.142,0.0,-0.0,-0.0,-0.0,-0.021,8.205,1.0,0.0,0.005,0,1.0,0.0,0.005,0,1
120.708,200.455,1.96,3.141,0.805,-0.003,0.805,-0.002,-0.036,7.738,1.0,0.0,0.004,0,1.0,0.0,0.005,1,0
120.808,200.33,1.96,3.141,1.604,-0.004,1.604,-0.002,0.006,8.236,1.0,0.0,0.005,0,1.0,0.0,0.004,1,0
120.858,200.237,1.961,3.141,2.011,-0.006,2.011,-0.002,-0.016,7.482,1.0,0.0,0.004,0,1.0,0.0,0.005,1,0
120.958,199.995,1.961,3.141,2.708,-0.007,2.708,-0.005,-0.023,6.458,1.0,0.0,0.004,0,1.0,0.0,0.004,1,0
121.008,199.848,1.962,3.141,3.115,-0.007,3.115,-0.005,-0.027,8.125,1.0,0.0,0.004,0,1.0,0.0,0.004,1,0
121.108,199.492,1.963,3.14,3.903,-0.008,3.903,-0.006,-0.027,7.626,1.0,0.0,0.003,0,1.0,0.0,0.004,1,0
121.158,199.285,1.964,3.14,4.272,-0.008,4.272,-0.006,-0.027,7.26,1.0,0.0,0.003,0,1.0,0.0,0.003,1,0
121.258,198.818,1.965,3.139,4.995,-0.007,4.995,-0.005,-0.02,7.184,1.0,0.0,0.002,0,1.0,0.0,0.003,1,0
121.358,198.28,1.967,3.139,5.686,-0.007,5.686,-0.005,-0.023,6.626,1.0,0.0,0.002,0,1.0,0.0,0.002,1,0
121.408,197.996,1.969,3.138,5.7,-0.006,5.7,-0.005,-0.009,1.52,1.0,0.0,0.001,0,1.0,0.0,0.002,1,0
121.508,197.42,1.971,3.138,5.789,-0.004,5.789,-0.003,-0.002,0.261,1.0,0.0,0.001,0,1.0,0.0,0.001,1,0
121.558,197.132,1.972,3.138,5.785,-0.003,5.785,-0.003,-0.011,7.177,1.0,0.0,0.001,0,1.0,0.0,0.001,0,0
121.608,196.837,1.973,3.138,6.144,-0.003,6.144,-0.003,-0.004,13.68,1.0,0.0,0.001,0,1.0,0.0,0.001,2,0
121.708,196.148,1.976,3.138,7.403,-0.002,7.403,-0.002,-0.007,10.014,1.0,0.0,0.0,0,1.0,0.0,0.001,2,0
121.758,195.762,1.978,3.137,7.904,-0.002,7.904,-0.002,0.006,8.974,1.0,0.0,0.0,0,1.0,0.0,0.0,2,0
121.858,194.922,1.982,3.137,8.766,-0.001,8.766,-0.001,0.002,5.116,1.0,0.0,-0.0,0,1.0,0.0,0.0,2,0
121.958,194.031,1.985,3.137,8.848,0.0,8.848,0.0,0.011,-3.465,1.0,0.0,-0.0,0,1.0,0.0,-0.0,0,0
122.008,193.584,1.987,3.137,9.036,0.001,9.036,0.001,0.021,9.899,1.0,0.0,-0.0,0,1.0,0.0,-0.0,3,0
122.108,192.627,1.991,3.138,9.948,0.001,9.948,0.001,0.026,7.356,1.0,0.0,-0.001,0,1.0,0.0,-0.001,3,0
122.158,192.118,1.993,3.138,10.316,0.002,10.316,0.002,0.022,6.692,1.0,0.0,-0.001,0,1.0,0.0,-0.001,3,0
122.258,191.05,1.997,3.138,10.962,0.002,10.962,0.002,0.025,5.948,1.0,0.0,-0.001,0,1.0,0.0,-0.001,3,0
122.308,190.493,1.999,3.138,11.26,0.002,11.26,0.003,0.032,5.749,1.0,0.0,-0.001,0,1.0,0.0,-0.001,3,0
122.408,189.336,2.003,3.138,11.828,0.002,11.828,0.003,0.034,5.531,1.0,0.0,-0.001,0,1.0,0.0,-0.001,3,0
122.508,188.123,2.007,3.138,12.379,0.001,12.379,0.003,0.029,5.475,1.0,0.0,-0.001,0,1.0,0.0,-0.001,3,0
122.558,187.496,2.009,3.139,12.651,0.001,12.651,0.003,0.027,0.87,1.0,0.0,-0.001,0,1.0,0.0,-0.001,3,0
122.658,186.224,2.012,3.139,12.758,0.001,12.758,0.003,0.032,1.278,1.0,0.0,-0.001,0,1.0,0.0,-0.001,0,0
122.708,185.586,2.014,3.139,12.859,0.001,12.859,0.003,0.031,6.078,1.0,0.0,-0.001,0,1.0,0.0,-0.001,4,0
122.808,184.267,2.017,3.139,13.438,0.001,13.438,0.003,0.034,5.155,1.0,0.0,-0.0,0,1.0,0.0,-0.001,4,0
122.908,182.895,2.02,3.14,13.942,0.0,13.942,0.002,0.029,4.926,1.0,0.0,-0.001,0,1.0,0.0,-0.0,4,0
122.958,182.191,2.021,3.14,14.181,0.0,14.181,0.002,0.029,4.671,1.0,0.0,-0.0,0,1.0,0.0,-0.0,4,0
123.008,181.475,2.023,3.14,14.414,0.0,14.414,0.002,0.03,4.603,1.0,0.0,-0.0,0,1.0,0.0,-0.0,4,0
123.108,180.008,2.025,3.14,14.872,-0.0,14.872,0.002,0.027,4.53,1.0,0.0,-0.0,0,1.0,0.0,-0.0,4,0
123.158,179.258,2.026,3.14,15.099,-0.0,15.099,0.002,0.023,4.511,1.0,0.0,-0.0,0,1.0,0.0,-0.0,4,0
123.208,178.496,2.027,3.14,15.324,-0.0,15.324,0.002,0.024,4.499,1.0,0.0,-0.0,0,1.0,0.0,-0.0,4,0
123.308,176.939,2.03,3.14,15.774,-0.0,15.774,0.001,0.024,4.208,0.61,0.0,-0.0,0,0.484,0.0,-0.0,4,0
123.408,175.34,2.032,3.14,16.143,-0.001,16.143,0.001,0.022,2.353,0.0,1.0,0.0,0,0.48,0.0,-0.0,4,0
123.508,173.714,2.033,3.141,16.296,-0.001,16.296,0.001,0.009,-2.22,0.0,1.0,0.0,0,0.0,1.0,0.0,4,0
123.558,172.903,2.034,3.141,16.185,-0.001,16.185,0.0,0.008,-4.674,0.0,1.0,0.0,0,0.0,1.0,0.0,4,0
123.658,171.314,2.036,3.141,15.627,-0.001,15.627,0.0,0.005,-7.043,0.0,1.0,0.0,0,0.0,1.0,0.0,4,0
123.758,169.791,2.037,3.141,14.909,-0.0,14.909,0.0,0.004,-7.312,0.0,1.0,0.0,0,0.0,1.0,0.0,4,0
123.808,169.058,2.038,3.141,14.536,-0.0,14.536,0.0,0.002,-7.525,0.0,1.0,0.0,0,0.0,1.0,0.0,4,0
123.908,167.643,2.039,3.141,13.872,-0.0,13.872,0.0,0.002,-5.763,0.0,1.0,0.0,0,0.0,1.0,0.0,0,0
123.958,166.959,2.04,3.141,13.571,-0.0,13.571,0.0,0.001,-9.454,0.0,1.0,0.0,0,0.0,1.0,0.0,0,0
124.058,165.654,2.041,3.141,12.627,-0.0,12.627,0.0,0.001,-9.429,0.0,1.0,0.0,0,0.0,1.0,0.0,3,0
124.108,165.036,2.042,3.141,12.181,-0.0,12.181,0.0,0.018,-7.416,1.0,0.0,-0.001,0,1.0,0.0,-0.0,3,0
124.208,163.855,2.043,3.141,11.608,0.001,11.608,0.002,0.027,-1.194,1.0,0.0,-0.001,0,1.0,0.0,-0.001,3,0
124.308,162.698,2.044,3.141,11.586,0.002,11.586,0.002,0.024,0.752,1.0,0.0,-0.001,0,1.0,0.0,-0.001,3,0
124.408,161.525,2.044,3.141,11.854,0.001,11.854,0.002,0.02,3.338,1.0,0.0,-0.0,0,1.0,0.0,-0.0,3,0
124.458,160.926,2.044,3.141,12.052,0.001,12.052,0.002,0.015,4.589,1.0,0.0,-0.0,0,1.0,0.0,-0.0,3,0
124.558,159.694,2.044,3.141,12.521,0.0,12.521,0.001,0.01,4.996,1.0,0.0,-0.0,0,1.0,0.0,-0.0,3,0
124.658,158.414,2.045,3.142,12.919,-0.0,12.919,0.001,0.007,2.959,1.0,0.0,-0.0,0,1.0,0.0,-0.0,3,0
124.708,157.767,2.045,3.142,12.974,-0.0,12.974,0.0,0.004,-1.382,1.0,0.0,0.0,0,1.0,0.0,-0.0,0,0
124.808,156.464,2.045,3.142,13.256,-0.0,13.256,0.0,0.002,7.023,1.0,0.0,0.0,0,1.0,0.0,0.0,4,0
124.858,155.792,2.045,3.142,13.534,-0.0,13.534,0.0,-0.0,4.981,0.543,0.0,0.0,0,0.795,0.0,0.0,4,0
124.908,155.108,2.045,3.142,13.783,-0.0,13.783,-0.0,-0.001,3.997,0.542,0.0,0.0,0,0.543,0.0,0.0,4,0
125.008,153.708,2.045,3.142,14.129,-0.0,14.129,-0.0,-0.002,2.027,0.44,0.0,0.0,0,0.393,0.0,0.0,4,0
125.058,152.999,2.045,3.142,14.23,-0.0,14.23,-0.0,-0.002,1.307,0.43,0.0,0.0,0,0.44,0.0,0.0,4,0
125.158,151.57,2.045,3.142,14.34,0.0,14.34,-0.0,-0.002,0.498,0.37,0.0,0.0,0,0.325,0.0,0.0,4,0
125.258,150.134,2.045,3.142,14.374,0.0,14.374,-0.0,-0.001,-0.035,0.339,0.0,0.0,0,0.321,0.0,0.0,4,0
125.358,148.697,2.045,3.141,14.362,0.0,14.362,-0.0,-0.001,-0.296,0.31,0.0,0.0,0,0.327,0.0,0.0,4,0
125.408,147.979,2.045,3.141,14.347,0.0,14.347,-0.0,-0.001,-0.392,0.305,0.0,0.0,0,0.31,0.0,0.0,4,0
125.508,146.547,2.045,3.141,14.304,0.0,14.304,-0.0,-0.0,-0.487,0.312,0.0,0.0,0,0.344,0.0,0.0,4,0
125.608,145.12,2.046,3.141,14.255,0.0,14.255,-0.0,-0.0,-0.485,0.379,0.0,-0.0,0,0.312,0.0,0.0,4,0
125.658,144.408,2.046,3.141,14.233,0.0,14.233,-0.0,-0.0,-0.395,0.32,0.0,-0.0,0,0.326,0.0,-0.0,4,0
125.758,142.987,2.046,3.141,14.191,0.0,14.191,0.0,-0.0,-0.364,0.353,0.0,-0.0,0,0.42,0.0,-0.0,4,0
125.858,141.569,2.046,3.141,14.16,0.0,14.16,0.0,-0.0,-0.12,0.414,0.0,0.0,0,0.576,0.0,0.0,4,0
125.958,140.154,2.046,3.141,14.162,0.0,14.162,-0.0,-0.0,0.158,0.668,0.0,0.0,0,0.414,0.0,0.0,4,0
126.058,138.736,2.046,3.141,14.18,-0.0,14.18,-0.0,-0.0,0.245,0.461,0.0,0.0,0,0.668,0.0,0.0,4,0
126.108,138.027,2.046,3.141,14.208,-0.0,14.208,-0.0,-0.0,0.664,0.474,0.0,0.0,0,0.683,0.0,0.0,4,0
126.208,136.602,2.046,3.141,14.286,-0.0,14.286,-0.0,-0.0,0.698,0.804,0.0,0.0,0,0.444,0.0,0.0,4,0
126.258,135.886,2.047,3.141,14.321,0.0,14.321,-0.0,-0.0,0.708,0.52,0.0,0.0,0,0.804,0.0,0.0,4,0
126.358,134.45,2.047,3.141,14.406,0.0,14.406,-0.0,-0.0,1.097,0.542,0.0,0.0,0,0.807,0.0,0.0,4,0
126.458,133.003,2.047,3.141,14.531,0.0,14.531,-0.0,-0.0,0.963,0.0,0.0,0.0,0,0.0,0.0,0.0,4,0
126.558,131.546,2.047,3.141,14.568,0.0,14.568,-0.0,-0.0,-0.235,0.0,0.0,-0.0,0,0.0,0.0,0.0,4,0
126.658,130.096,2.047,3.141,14.429,0.0,14.429,0.0,-0.0,-1.652,0.0,0.0,-0.0,0,0.0,0.0,-0.0,4,0
126.708,129.378,2.047,3.141,14.331,0.0,14.331,0.0,-0.0,-2.142,0.0,0.0,0.0,0,0.0,0.0,-0.0,4,0
126.808,127.957,2.047,3.141,14.112,-0.0,14.112,0.0,0.0,-2.295,0.0,0.0,0.0,0,0.0,0.0,-0.0,4,0
126.908,126.558,2.048,3.141,13.881,-0.0,13.881,0.0,0.0,-2.326,0.0,0.0,0.0,0,0.0,0.0,0.0,4,0
127.008,125.183,2.048,3.141,13.649,-0.0,13.649,0.0,-0.0,-2.312,0.0,0.0,0.0,0,0.0,0.0,0.0,4,0
127.108,123.831,2.048,3.141,13.418,-0.0,13.418,0.0,-0.0,-2.282,0.0,0.0,0.0,0,0.0,0.0,0.0,4,0
127.208,122.498,2.048,3.141,13.33,-0.0,13.33,-0.0,-0.0,0.517,0.0,0.0,0.0,0,0.0,0.0,0.0,0,0
127.258,121.833,2.048,3.141,13.28,-0.0,13.28,-0.0,-0.0,-4.317,0.0,0.0,0.0,0,0.0,0.0,0.0,0,0
127.358,120.528,2.048,3.141,12.818,-0.0,12.818,-0.0,-0.0,-4.178,0.0,0.0,0.0,0,0.0,0.0,0.0,3,0
127.458,119.27,2.048,3.141,12.417,-0.0,12.417,-0.0,-0.0,-3.388,0.0,0.0,0.0,0,0.0,0.0,0.0,3,0
127.558,118.047,2.048,3.141,12.078,-0.0,12.078,-0.0,-0.0,-3.385,0.0,0.0,0.0,0,0.0,0.0,0.0,3,0
127.658,116.856,2.049,3.141,11.767,0.0,11.767,-0.0,-0.0,-3.209,0.0,0.0,0.0,0,0.0,0.0,0.0,3,0
127.708,116.272,2.049,3.141,11.623,-0.0,11.623,-0.0,0.0,-3.103,0.0,0.0,0.0,0,0.0,0.0,0.0,3,0
127.808,115.126,2.049,3.141,11.328,-0.0,11.328,-0.0,0.0,-3.023,0.0,0.0,0.0,0,0.0,0.0,0.0,3,0
127.908,114.009,2.049,3.141,11.041,-0.0,11.041,-0.0,-0.0,-2.721,0.0,0.0,0.0,0,0.0,0.0,0.0,3,0
128.008,112.921,2.049,3.141,10.76,-0.0,10.76,-0.0,-0.0,-2.656,0.0,0.0,0.0,0,0.0,0.0,0.0,3,0
128.058,112.387,2.049,3.141,10.616,-0.0,10.616,-0.0,-0.0,-0.35,0.0,0.0,0.0,0,0.0,0.0,0.0,3,0
128.158,111.327,2.049,3.141,10.594,-0.0,10.594,-0.0,-0.0,-0.075,0.0,0.0,0.0,0,0.0,0.0,0.0,0,0
128.258,110.305,2.049,3.141,9.837,-0.0,9.837,0.0,-0.0,-8.669,0.0,0.0,0.0,0,0.0,0.0,0.0,2,0
128.308,109.824,2.049,3.141,9.497,-0.0,9.497,0.0,0.0,-5.921,0.0,0.0,0.0,0,0.0,0.0,0.0,2,0
128.408,108.906,2.049,3.141,8.958,-0.0,8.958,0.0,0.0,-5.024,0.0,0.0,0.0,0,0.0,0.0,0.0,2,0
128.508,108.037,2.049,3.141,8.492,-0.0,8.492,0.0,0.0,-4.571,0.0,0.0,-0.0,0,0.0,0.0,0.0,2,0
128.608,107.212,2.05,3.141,8.064,0.0,8.064,0.0,0.001,-4.293,0.0,0.0,-0.0,0,0.0,0.0,-0.0,2,0
128.708,106.428,2.05,3.141,7.661,0.0,7.661,0.0,0.001,-3.772,0.0,0.0,-0.0,0,0.0,0.0,-0.0,2,0
128.808,105.684,2.05,3.142,7.276,0.0,7.276,0.0,0.003,-3.611,0.0,0.0,-0.0,0,0.0,0.0,-0.0,2,0
128.858,105.326,2.05,3.142,7.08,0.0,7.08,0.0,0.004,-1.399,0.0,0.0,-0.0,0,0.0,0.0,-0.0,2,0
128.958,104.624,2.05,3.142,7.004,0.0,7.004,0.0,0.004,-5.37,0.0,0.0,-0.0,0,0.0,0.0,-0.0,0,0
129.058,103.957,2.05,-3.142,6.281,0.0,6.281,0.0,0.003,-9.088,0.0,0.0,-0.0,0,0.0,0.0,-0.0,1,0
129.108,103.654,2.05,-3.142,5.921,0.0,5.921,0.0,0.003,-5.576,0.0,0.0,-0.0,0,0.0,0.0,-0.0,1,0
129.208,103.093,2.05,-3.142,5.36,0.0,5.36,0.0,0.002,-4.011,0.0,0.0,-0.0,0,0.0,0.0,-0.0,1,0
129.308,102.58,2.05,-3.142,4.953,0.0,4.953,0.0,0.002,-6.06,0.0,0.0,-0.0,0,0.0,0.0,-0.0,1,0
129.408,102.117,2.049,-3.141,4.387,0.0,4.387,0.0,0.001,-5.262,0.163,0.0,-0.0,0,0.0,0.0,-0.0,1,0
129.508,101.7,2.049,-3.141,4.029,0.0,4.029,0.0,0.0,-2.939,0.474,0.0,-0.005,0,0.341,0.0,-0.0,1,0
129.608,101.303,2.048,-3.141,3.943,0.01,3.943,0.008,0.066,-0.274,0.551,0.0,-0.005,0,0.548,0.0,-0.005,1,0
129.658,101.105,2.048,-3.14,3.979,0.011,3.979,0.008,0.032,1.261,0.511,0.0,-0.005,0,0.543,0.0,-0.005,1,0
129.808,100.49,2.043,-3.138,4.197,0.056,4.197,0.045,1.06,1.516,0.486,0.0,-0.036,0,0.496,0.0,-0.035,1,0
129.908,100.062,2.034,-3.133,4.347,0.075,4.347,0.056,0.332,1.468,0.512,0.0,-0.034,0,0.504,0.0,-0.036,1,0
129.958,99.842,2.028,-3.13,4.425,0.075,4.425,0.056,0.209,1.592,0.511,0.0,-0.031,0,0.523,0.0,-0.032,1,0
130.058,99.39,2.014,-3.124,4.586,0.071,4.586,0.052,1.955,1.395,0.476,0.0,-0.082,0,0.497,0.0,-0.081,1,0
130.158,98.925,1.99,-3.113,4.728,0.172,4.725,0.134,1.108,1.347,0.476,0.0,-0.08,0,0.476,0.0,-0.082,1,0
130.208,98.687,1.973,-3.106,4.792,0.179,4.788,0.137,0.618,1.139,0.451,0.0,-0.072,0,0.461,0.0,-0.076,1,0
130.308,98.203,1.937,-3.093,4.901,0.172,4.898,0.129,0.466,0.874,0.434,0.0,-0.133,0,0.441,0.0,-0.068,1,0
130.408,97.711,1.89,-3.078,4.974,0.256,4.968,0.2,1.744,0.495,0.45,0.0,-0.129,0,0.429,0.0,-0.132,1,0
130.508,97.214,1.826,-3.056,5.036,0.296,5.027,0.228,0.721,-0.982,0.419,0.0,-0.117,0,0.437,0.0,-0.123,1,0
130.608,96.718,1.751,-3.034,5.026,0.272,5.019,0.25,3.148,0.028,0.437,0.0,-0.185,0,0.611,0.0,-0.189,1,0
130.708,96.226,1.657,-3.007,5.031,0.393,5.015,0.312,1.598,-0.037,0.536,0.0,-0.173,0,0.483,0.0,-0.181,1,0
130.808,95.733,1.544,-2.975,5.087,0.389,5.072,0.293,1.254,0.357,0.398,0.0,-0.24,0,0.516,0.0,-0.165,1,0
130.858,95.487,1.482,-2.96,5.11,0.376,5.096,0.283,2.889,-1.348,0.436,0.0,-0.235,0,0.398,0.0,-0.24,1,0
130.958,95.001,1.342,-2.924,5.101,0.489,5.078,0.401,1.469,-0.956,0.412,0.0,-0.217,0,0.627,0.0,-0.227,1,0
131.058,94.521,1.178,-2.884,5.096,0.48,5.074,0.401,1.28,0.285,0.446,0.0,-0.282,0,0.607,0.0,-0.207,1,0
131.158,94.046,0.996,-2.844,5.022,0.523,4.995,0.452,3.613,-2.293,0.46,0.0,-0.274,0,0.446,0.0,-0.282,1,0
131.258,93.576,0.781,-2.797,5.189,0.559,5.159,0.488,1.665,-0.796,0.066,0.0,-0.253,0,0.754,0.0,-0.265,1,0
131.308,93.345,0.667,-2.772,5.136,0.553,5.106,0.496,2.886,-1.88,0.585,0.0,-0.313,0,0.502,0.0,-0.324,1,0
131.408,92.902,0.422,-2.72,5.146,0.644,5.105,0.553,4.205,1.151,0.691,0.0,-0.301,0,0.585,0.0,-0.313,1,0
131.458,92.677,0.281,-2.692,5.354,0.671,5.311,0.544,1.864,-1.408,0.0,0.0,-0.27,0,0.331,0.0,-0.286,1,0
131.508,92.454,0.136,-2.665,5.296,0.623,5.26,0.532,1.718,-1.53,0.457,0.0,-0.34,0,0.0,0.0,-0.27,1,0
131.608,92.028,-0.162,-2.614,5.123,0.618,5.086,0.543,3.474,-2.626,0.676,0.0,-0.316,0,0.457,0.0,-0.34,1,0
131.658,91.828,-0.317,-2.586,5.026,0.621,4.987,0.547,4.336,3.227,0.738,0.0,-0.302,0,0.676,0.0,-0.316,1,0
131.708,91.631,-0.481,-2.559,5.216,0.695,5.17,0.534,1.734,-1.471,0.058,0.0,-0.287,0,0.738,0.0,-0.302,1,0
131.758,91.436,-0.651,-2.531,5.156,0.641,5.116,0.582,1.942,-1.215,0.568,0.0,-0.356,0,0.058,0.0,-0.287,1,0
131.858,91.065,-0.999,-2.478,5.039,0.645,4.998,0.603,5.313,5.032,0.682,0.0,-0.331,0,0.582,0.0,-0.345,1,0
131.958,90.707,-1.388,-2.419,5.415,0.745,5.363,0.573,2.004,-1.13,0.083,0.0,-0.3,0,0.0,0.0,-0.315,1,0
132.008,90.532,-1.592,-2.389,5.374,0.687,5.33,0.627,2.098,-1.571,0.334,0.0,-0.366,0,0.083,0.0,-0.3,1,0
132.058,90.363,-1.798,-2.362,5.31,0.646,5.271,0.506,3.508,-2.601,0.474,0.0,-0.354,0,0.334,0.0,-0.366,1,0
132.158,90.054,-2.214,-2.303,5.108,0.681,5.063,0.547,2.574,-1.881,0.647,0.0,-0.325,0,0.581,0.0,-0.34,1,0
132.208,89.913,-2.424,-2.273,5.034,0.661,4.991,0.633,4.551,5.005,0.668,0.0,-0.372,0,0.647,0.0,-0.325,1,0
132.258,89.776,-2.645,-2.244,5.316,0.734,5.265,0.587,4.304,0.562,0.0,0.0,-0.357,0,0.668,0.0,-0.372,1,0
132.358,89.518,-3.111,-2.182,5.315,0.761,5.261,0.576,2.245,-1.801,0.402,0.0,-0.325,0,0.137,0.0,-0.341,1,0
132.408,89.4,-3.347,-2.151,5.244,0.711,5.195,0.658,2.282,-1.939,0.505,0.0,-0.348,0,0.402,0.0,-0.325,1,0
132.458,89.29,-3.581,-2.122,5.165,0.676,5.12,0.536,2.87,-2.166,0.554,0.0,-0.333,0,0.505,0.0,-0.348,1,0
132.558,89.094,-4.05,-2.063,5.146,0.702,5.097,0.587,3.555,0.82,0.639,0.0,-0.317,0,0.554,0.0,-0.333,1,0
132.608,89.004,-4.299,-2.034,5.334,0.735,5.284,0.586,1.53,-0.502,0.0,0.0,-0.31,0,0.309,0.0,-0.302,1,0
132.708,88.841,-4.802,-1.977,5.25,0.668,5.208,0.588,1.169,-2.263,0.462,0.0,-0.278,0,0.309,0.0,-0.294,1,0
132.758,88.77,-5.051,-1.949,5.146,0.585,5.113,0.525,2.483,-2.428,0.605,0.0,-0.262,0,0.462,0.0,-0.278,1,0
132.808,88.705,-5.296,-1.923,5.041,0.58,5.008,0.52,2.542,2.228,0.694,0.0,-0.267,0,0.605,0.0,-0.262,1,0
132.908,88.592,-5.796,-1.875,5.118,0.559,5.088,0.429,1.591,-1.501,0.543,0.0,-0.237,0,0.174,0.0,-0.252,1,0
132.958,88.544,-6.045,-1.851,5.053,0.521,5.026,0.502,2.179,1.035,0.63,0.0,-0.222,0,0.543,0.0,-0.237,1,0
133.008,88.5,-6.293,-1.83,5.117,0.521,5.09,0.431,2.311,2.528,0.35,0.0,-0.21,0,0.63,0.0,-0.222,1,0
133.058,88.46,-6.552,-1.809,5.255,0.527,5.229,0.42,0.63,-1.381,0.103,0.0,-0.197,0,0.35,0.0,-0.21,1,0
133.158,88.391,-7.065,-1.769,5.123,0.443,5.104,0.391,1.736,-1.518,0.588,0.0,-0.175,0,0.103,0.0,-0.197,1,0
133.208,88.362,-7.317,-1.751,5.026,0.381,5.011,0.342,2.048,2.251,0.728,0.0,-0.164,0,0.588,0.0,-0.175,1,0
133.258,88.337,-7.57,-1.734,5.146,0.395,5.131,0.333,0.882,-1.801,1.0,0.0,-0.154,0,0.728,0.0,-0.164,1,0
133.308,88.316,-7.823,-1.718,5.06,0.36,5.047,0.306,0.886,-1.077,1.0,0.0,-0.142,0,1.0,0.0,-0.154,1,0
133.408,88.279,-8.337,-1.69,5.444,0.345,5.433,0.286,1.793,8.571,1.0,0.0,-0.133,0,1.0,0.0,-0.142,1,0
133.458,88.264,-8.613,-1.676,5.542,0.323,5.532,0.265,0.873,1.598,0.618,0.0,-0.112,0,0.05,0.0,-0.121,1,0
133.508,88.251,-8.892,-1.664,5.624,0.294,5.617,0.255,0.938,1.597,0.436,0.0,-0.104,0,0.618,0.0,-0.112,1,0
133.558,88.239,-9.176,-1.652,5.707,0.273,5.7,0.235,0.908,1.503,0.488,0.0,-0.096,0,0.436,0.0,-0.104,1,0
133.608,88.23,-9.463,-1.64,5.784,0.253,5.778,0.216,0.861,1.057,0.435,0.0,-0.085,0,0.488,0.0,-0.096,1,0
133.708,88.217,-10.047,-1.62,5.88,0.21,5.876,0.188,0.662,0.795,0.427,0.0,-0.078,0,0.435,0.0,-0.085,1,0
133.758,88.213,-10.342,-1.611,5.906,0.191,5.903,0.173,0.663,0.488,0.41,0.0,-0.071,0,0.427,0.0,-0.078,1,0
133.808,88.211,-10.637,-1.603,5.918,0.174,5.915,0.158,0.621,0.225,0.406,0.0,-0.055,0,0.41,0.0,-0.071,1,0
133.858,88.21,-10.933,-1.595,5.918,0.159,5.916,0.147,0.374,-0.204,0.414,0.0,-0.05,0,0.406,0.0,-0.055,1,0
133.908,88.211,-11.229,-1.589,5.908,0.138,5.907,0.128,0.393,-0.361,0.425,0.0,-0.045,0,0.414,0.0,-0.05,1,0
133.958,88.212,-11.523,-1.583,5.891,0.123,5.889,0.115,0.373,-0.462,0.44,0.0,-0.036,0,0.425,0.0,-0.045,1,0
134.008,88.215,-11.817,-1.577,5.868,0.11,5.867,0.102,0.189,-0.51,0.454,0.0,-0.032,0,0.44,0.0,-0.036,1,0
134.108,88.222,-12.401,-1.569,5.817,0.081,5.816,0.075,0.218,-0.524,0.469,0.0,-0.029,0,0.454,0.0,-0.032,1,0
134.158,88.227,-12.691,-1.565,5.792,0.071,5.791,0.067,0.218,-0.503,0.483,0.0,-0.022,0,0.469,0.0,-0.029,1,0
134.208,88.231,-12.98,-1.563,5.77,0.058,5.769,0.053,0.099,-0.375,0.501,0.0,-0.017,0,0.494,0.0,-0.019,1,0
134.258,88.237,-13.268,-1.56,5.751,0.049,5.751,0.046,0.106,-0.289,0.506,0.0,-0.015,0,0.501,0.0,-0.017,1,0
134.308,88.242,-13.555,-1.558,5.736,0.042,5.736,0.038,0.108,-0.201,0.507,0.0,-0.009,0,0.506,0.0,-0.015,1,0
134.358,88.248,-13.841,-1.556,5.726,0.038,5.726,0.035,-0.033,-0.114,0.506,0.0,-0.008,0,0.507,0.0,-0.009,1,0
134.408,88.253,-14.127,-1.555,5.721,0.028,5.721,0.025,0.01,-0.043,0.502,0.0,-0.007,0,0.506,0.0,-0.008,1,0
134.508,88.265,-14.699,-1.553,5.719,0.018,5.719,0.016,0.023,0.013,0.497,0.0,-0.002,0,0.502,0.0,-0.007,1,0
134.558,88.271,-14.985,-1.552,5.722,0.01,5.722,0.01,-0.042,0.067,0.486,0.0,-0.001,0,0.491,0.0,-0.001,1,0
134.608,88.277,-15.271,-1.552,5.725,0.006,5.725,0.005,-0.026,0.066,0.481,0.0,-0.001,0,0.486,0.0,-0.001,1,0
134.658,88.282,-15.557,-1.552,5.728,0.004,5.728,0.004,-0.015,0.053,0.301,0.0,0.003,0,0.481,0.0,-0.001,1,0
134.708,88.288,-15.844,-1.552,5.731,0.002,5.731,0.001,-0.107,-0.096,0.594,0.0,0.003,0,0.301,0.0,0.003,1,0
134.758,88.293,-16.13,-1.552,5.726,-0.003,5.726,-0.002,-0.068,-0.402,0.0,0.0,0.003,0,0.594,0.0,0.003,1,0
134.808,88.298,-16.416,-1.552,5.706,-0.005,5.706,-0.005,-0.052,-0.363,0.269,0.0,0.003,0,0.0,0.0,0.003,1,0
134.858,88.303,-16.701,-1.552,5.688,-0.006,5.688,-0.005,-0.04,-0.869,0.204,0.0,0.005,0,0.269,0.0,0.003,1,0
134.908,88.308,-16.984,-1.552,5.644,-0.006,5.644,-0.006,-0.109,-1.231,0.304,0.0,0.005,0,0.204,0.0,0.005,1,0
135.008,88.317,-17.541,-1.553,5.508,-0.011,5.508,-0.01,-0.074,-1.505,0.369,0.0,0.005,0,0.304,0.0,0.005,1,0
135.058,88.322,-17.814,-1.554,5.429,-0.011,5.429,-0.01,-0.059,-1.567,0.504,0.0,0.007,0,0.369,0.0,0.005,1,0
135.108,88.326,-18.083,-1.554,5.354,-0.011,5.354,-0.01,-0.099,-1.323,0.557,0.0,0.006,0,0.504,0.0,0.007,1,0
135.158,88.329,-18.348,-1.555,5.288,-0.013,5.288,-0.011,-0.073,-1.06,0.598,0.0,0.006,0,0.557,0.0,0.006,1,0
135.208,88.333,-18.611,-1.555,5.235,-0.013,5.235,-0.012,-0.061,-0.73,0.626,0.0,0.006,0,0.598,0.0,0.006,1,0
135.258,88.336,-18.872,-1.556,5.199,-0.013,5.199,-0.011,-0.053,-0.349,0.637,0.0,0.007,0,0.626,0.0,0.006,1,0
135.308,88.339,-19.131,-1.557,5.181,-0.013,5.181,-0.012,-0.09,0.056,0.631,0.0,0.007,0,0.637,0.0,0.007,1,0
135.358,88.342,-19.39,-1.557,5.184,-0.014,5.184,-0.012,-0.069,0.445,0.608,0.0,0.006,0,0.631,0.0,0.007,1,0
135.408,88.345,-19.65,-1.558,5.206,-0.015,5.206,-0.013,-0.06,0.761,0.57,0.0,0.007,0,0.608,0.0,0.006,1,0
135.508,88.35,-20.175,-1.559,5.292,-0.015,5.292,-0.014,-0.084,0.954,0.524,0.0,0.007,0,0.57,0.0,0.007,1,0
135.558,88.352,-20.442,-1.56,5.342,-0.015,5.342,-0.012,-0.067,0.994,0.479,0.0,0.006,0,0.524,0.0,0.007,1,0
135.608,88.354,-20.71,-1.56,5.386,-0.015,5.386,-0.013,-0.052,0.688,0.42,0.0,0.006,0,0.442,0.0,0.006,1,0
135.658,88.357,-20.981,-1.561,5.421,-0.014,5.421,-0.011,-0.067,0.442,0.412,0.0,0.006,0,0.42,0.0,0.006,1,0
135.708,88.358,-21.252,-1.562,5.443,-0.014,5.443,-0.013,-0.055,0.203,0.415,0.0,0.005,0,0.412,0.0,0.006,1,0
135.758,88.36,-21.525,-1.562,5.453,-0.013,5.453,-0.011,-0.048,0.003,0.426,0.0,0.005,0,0.415,0.0,0.005,1,0
135.808,88.362,-21.797,-1.563,5.453,-0.013,5.453,-0.012,-0.043,-0.144,0.441,0.0,0.005,0,0.426,0.0,0.005,1,0
135.858,88.363,-22.07,-1.563,5.446,-0.012,5.446,-0.01,-0.052,-0.235,0.456,0.0,0.005,0,0.441,0.0,0.005,1,0
135.908,88.365,-22.342,-1.564,5.434,-0.012,5.434,-0.011,-0.044,-0.276,0.471,0.0,0.005,0,0.456,0.0,0.005,1,0
136.008,88.367,-22.884,-1.565,5.407,-0.011,5.407,-0.01,-0.035,-0.242,0.493,0.0,0.004,0,0.484,0.0,0.004,1,0
136.058,88.368,-23.153,-1.565,5.395,-0.01,5.395,-0.008,-0.04,-0.187,0.5,0.0,0.004,0,0.493,0.0,0.004,1,0
136.108,88.369,-23.423,-1.566,5.385,-0.01,5.385,-0.009,-0.034,-0.12,0.503,0.0,0.004,0,0.5,0.0,0.004,1,0
136.158,88.37,-23.692,-1.566,5.379,-0.009,5.379,-0.007,-0.031,-0.051,0.503,0.0,0.004,0,0.503,0.0,0.004,1,0
136.208,88.371,-23.961,-1.566,5.377,-0.009,5.377,-0.008,-0.032,0.013,0.5,0.0,0.003,0,0.503,0.0,0.004,1,0
136.258,88.372,-24.23,-1.567,5.377,-0.008,5.377,-0.007,-0.028,0.064,0.496,0.0,0.003,0,0.5,0.0,0.003,1,0
136.308,88.372,-24.499,-1.567,5.381,-0.008,5.381,-0.007,-0.025,0.1,0.49,0.0,0.003,0,0.496,0.0,0.003,1,0
136.408,88.374,-25.037,-1.568,5.391,-0.007,5.391,-0.007,-0.023,0.117,0.484,0.0,0.003,0,0.49,0.0,0.003,1,0
136.458,88.374,-25.307,-1.568,5.397,-0.006,5.397,-0.005,-0.023,0.117,0.479,0.0,0.003,0,0.484,0.0,0.003,1,0
136.508,88.374,-25.577,-1.568,5.402,-0.006,5.402,-0.006,-0.019,0.08,0.472,0.0,0.002,0,0.475,0.0,0.002,1,0
136.558,88.375,-25.847,-1.569,5.406,-0.006,5.406,-0.004,-0.017,0.052,0.471,0.0,0.002,0,0.472,0.0,0.002,1,0
136.608,88.375,-26.118,-1.569,5.409,-0.005,5.409,-0.005,-0.015,0.024,0.471,0.0,0.002,0,0.471,0.0,0.002,1,0
136.708,88.376,-26.659,-1.569,5.41,-0.004,5.41,-0.004,-0.014,-0.002,0.472,0.0,0.002,0,0.471,0.0,0.002,1,0
136.708,88.376,-26.659,-1.569,5.41,-0.004,5.41,-0.004,-0.013,-0.022,0.474,0.0,0.002,0,0.472,0.0,0.002,1,0
136.808,88.376,-27.2,-1.57,5.407,-0.004,5.407,-0.004,-0.01,-0.042,0.479,0.0,0.001,0,0.476,0.0,0.001,1,0
136.858,88.376,-27.47,-1.57,5.405,-0.003,5.405,-0.002,-0.009,-0.042,0.48,0.0,0.001,0,0.479,0.0,0.001,1,0
136.908,88.376,-27.74,-1.57,5.403,-0.003,5.403,-0.003,-0.009,-0.038,0.482,0.0,0.001,0,0.48,0.0,0.001,1,0
136.958,88.376,-28.01,-1.57,5.401,-0.003,5.401,-0.002,-0.006,-0.03,0.483,0.0,0.001,0,0.482,0.0,0.001,1,0
137.008,88.376,-28.28,-1.57,5.4,-0.003,5.4,-0.003,-0.007,-0.02,0.483,0.0,0.001,0,0.483,0.0,0.001,1,0
137.108,88.377,-28.82,-1.57,5.398,-0.002,5.398,-0.002,-0.006,-0.009,0.483,0.0,0.001,0,0.483,0.0,0.001,1,0
137.158,88.377,-29.09,-1.57,5.398,-0.002,5.398,-0.001,-0.003,0.008,0.482,0.0,0.001,0,0.483,0.0,0.001,1,0
137.208,88.377,-29.36,-1.57,5.399,-0.002,5.399,-0.002,-0.004,0.013,0.482,0.0,0.001,0,0.482,0.0,0.001,1,0
137.258,88.377,-29.63,-1.571,5.399,-0.001,5.399,-0.001,-0.003,0.016,0.481,0.0,0.001,0,0.482,0.0,0.001,1,0
137.358,88.377,-30.17,-1.571,5.401,-0.001,5.401,-0.0,-0.004,0.016,0.48,0.0,0.0,0,0.481,0.0,0.001,1,0
137.408,88.377,-30.44,-1.571,5.402,-0.001,5.402,-0.001,-0.002,0.012,0.479,0.0,0.0,0,0.479,0.0,0.0,1,0
137.458,88.377,-30.71,-1.571,5.402,-0.001,5.402,-0.0,-0.002,0.008,0.479,0.0,0.0,0,0.479,0.0,0.0,1,0
137.508,88.377,-30.98,-1.571,5.403,-0.001,5.403,-0.001,0.0,0.004,0.479,0.0,0.0,0,0.479,0.0,0.0,1,0
137.558,88.376,-31.25,-1.571,5.403,-0.001,5.403,0.0,-0.0,0.0,0.0,1.0,0.0,0,0.479,0.0,0.0,1,0
137.608,88.376,-31.52,-1.571,5.403,-0.0,5.403,-0.001,0.004,-0.515,0.0,1.0,0.0,0,0.0,1.0,0.0,1,0
137.658,88.376,-31.79,-1.571,5.377,-0.0,5.377,0.0,0.002,-1.811,0.0,1.0,0.0,0,0.0,1.0,0.0,1,0
137.758,88.376,-32.302,-1.571,4.437,-0.0,4.437,-0.0,0.001,-17.0,0.0,1.0,0.0,0,0.0,1.0,0.0,1,0
137.808,88.376,-32.481,-1.571,3.102,-0.0,3.102,-0.0,0.0,-26.229,0.0,1.0,0.0,0,0.0,1.0,0.0,1,0
137.858,88.376,-32.595,-1.571,1.791,-0.0,1.791,-0.0,0.0,-25.747,0.0,1.0,0.0,0,0.0,1.0,0.0,1,0
137.908,88.376,-32.643,-1.571,0.504,-0.0,0.504,0.0,0.0,-10.086,0.0,1.0,0.0,0,0.0,1.0,0.0,1,0
138.008,88.376,-32.647,-1.571,0.008,0.0,-0.008,0.0,0.0,-0.026,0.0,1.0,0.0,0,0.0,1.0,0.0,1,1
138.058,88.376,-32.648,-1.571,0.01,0.0,-0.01,0.0,-0.0,0.019,0.0,1.0,0.0,0,0.0,1.0,0.0,1,1
138.108,88.376,-32.649,-1.571,0.009,0.0,-0.009,0.0,-0.0,0.032,0.0,1.0,0.0,0,0.0,1.0,0.0,1,1
138.208,88.376,-32.651,-1.571,0.006,0.0,-0.006,0.0,-0.0,0.031,0.0,1.0,0.0,0,0.0,1.0,0.0,1,1
138.258,88.376,-32.651,-1.571,0.004,0.0,-0.004,0.0,0.0,0.021,0.0,1.0,0.0,0,0.0,1.0,0.0,1,1
138.308,88.376,-32.651,-1.571,0.003,-0.0,-0.003,0.0,0.0,0.016,0.0,1.0,0.0,0,0.0,1.0,0.0,1,1
138.358,88.376,-32.652,-1.571,0.002,-0.0,-0.002,0.0,-0.0,0.012,0.0,1.0,0.0,0,0.0,1.0,0.0,1,1
138.458,88.376,-32.652,-1.571,0.001,-0.0,-0.001,0.0,0.0,0.009,0.0,1.0,0.0,0,0.0,1.0,0.0,1,1
138.508,88.376,-32.652,-1.571,0.001,-0.0,-0.001,0.0,-0.0,0.005,0.0,1.0,0.0,0,0.0,1.0,0.0,1,1
138.558,88.376,-32.652,-1.571,0.001,-0.0,-0.001,0.0,0.0,0.013,0.0,1.0,0.0,0,0.0,1.0,0.0,1,1
138.658,88.376,-32.652,-1.571,0.0,-0.0,0.0,-0.0,0.0,0.0,0.0,1.0,0.0,0,0.0,1.0,0.0,1,1
139.658,88.376,-32.652,-1.571,0.0,-0.0,0.0,-0.0,0.0,0.0,0.0,1.0,0.0,0,0.0,1.0,0.0,1,1
140.658,88.376,-32.652,-1.571,0.0,-0.0,0.0,-0.0,0.0,0.0,0.0,1.0,0.0,0,0.0,1.0,0.0,1,1
141.708,88.376,-32.652,-1.571,0.0,-0.0,0.0,-0.0,0.0,0.0,0.0,1.0,0.0,0,0.0,1.0,0.0,1,1
142.758,88.376,-32.652,-1.571,0.0,-0.0,0.0,-0.0,0.0,0.0,0.0,1.0,0.0,0,0.0,1.0,0.0,1,1
143.758,88.376,-32.652,-1.571,0.0,-0.0,0.0,-0.0,0.0,0.0,0.0,1.0,0.0,0,0.0,1.0,0.0,1,1
144.758,88.376,-32.652,-1.571,0.0,-0.0,0.0,-0.0,0.0,0.0,0.0,1.0,0.0,0,0.0,1.0,0.0,1,1
145.758,88.376,-32.652,-1.571,0.0,-0.0,0.0,-0.0,0.0,0.0,0.0,1.0,0.0,0,0.0,1.0,0.0,1,1
146.758,88.376,-32.652,-1.571,0.0,-0.0,0.0,-0.0,0.0,0.0,0.0,1.0,0.0,0,0.0,1.0,0.0,1,1
147.808,88.376,-32.652,-1.571,0.0,-0.0,0.0,-0.0,0.0,0.0,0.0,1.0,0.0,0,0.0,1.0,0.0,1,1
148.808,88.376,-32.652,-1.571,0.0,-0.0,0.0,-0.0,0.0,0.0,0.0,1.0,0.0,0,0.0,1.0,0.0,1,1
149.808,88.376,-32.652,-1.571,0.0,-0.0,0.0,-0.0,0.0,0.0,0.0,1.0,0.0,0,0.0,1.0,0.0,1,1
150.858,88.376,-32.652,-1.571,0.0,-0.0,0.0,-0.0,0.0,0.0,0.0,1.0,0.0,0,0.0,1.0,0.0,1,1
151.858,88.376,-32.652,-1.571,0.0,-0.0,0.0,-0.0,0.0,0.0,0.0,1.0,0.0,0,0.0,1.0,0.0,1,1
152.908,88.376,-32.652,-1.571,0.0,-0.0,0.0,-0.0,0.0,0.0,0.0,1.0,0.0,0,0.0,1.0,0.0,1,1
153.908,88.376,-32.652,-1.571,0.0,-0.0,0.0,-0.0,0.0,0.0,0.0,1.0,0.0,0,0.0,1.0,0.0,1,1
154.908,88.376,-32.652,-1.571,0.0,-0.0,0.0,-0.0,0.0,0.0,0.0,1.0,0.0,0,0.0,1.0,0.0,1,1
155.908,88.376,-32.652,-1.571,0.0,-0.0,0.0,-0.0,0.0,0.0,0.0,1.0,0.0,0,0.0,1.0,0.0,1,1
156.958,88.376,-32.652,-1.571,0.0,-0.0,0.0,-0.0,0.0,0.0,0.0,1.0,0.0,0,0.0,1.0,0.0,1,1
158.008,88.376,-32.652,-1.571,0.0,-0.0,0.0,-0.0,0.0,0.0,0.0,1.0,0.0,0,0.0,1.0,0.0,1,1
159.058,88.376,-32.652,-1.571,0.0,-0.0,0.0,-0.0,0.0,0.0,0.0,1.0,0.0,0,0.0,1.0,0.0,1,1
160.058,88.376,-32.652,-1.571,0.0,-0.0,0.0,-0.0,0.0,0.0,0.0,1.0,0.0,0,0.0,1.0,0.0,1,1
161.058,88.376,-32.652,-1.571,0.0,-0.0,0.0,-0.0,0.0,0.0,0.0,1.0,0.0,0,0.0,1.0,0.0,1,1
162.108,88.376,-32.652,-1.571,0.0,-0.0,0.0,-0.0,0.0,0.0,0.0,1.0,0.0,0,0.0,1.0,0.0,1,1
163.108,88.376,-32.652,-1.571,0.0,-0.0,0.0,-0.0,0.0,0.0,0.0,1.0,0.0,0,0.0,1.0,0.0,1,1
164.108,88.376,-32.652,-1.571,0.0,-0.0,0.0,-0.0,0.0,0.0,0.0,1.0,0.0,0,0.0,1.0,0.0,1,1
165.108,88.376,-32.652,-1.571,0.0,-0.0,0.0,-0.0,0.0,0.0,0.0,1.0,0.0,0,0.0,1.0,0.0,1,1
166.158,88.376,-32.652,-1.571,0.0,-0.0,0.0,-0.0,0.0,0.0,0.0,1.0,0.0,0,0.0,1.0,0.0,1,1
167.208,88.376,-32.652,-1.571,0.0,-0.0,0.0,-0.0,0.0,0.0,0.0,1.0,0.0,0,0.0,1.0,0.0,1,1
168.208,88.376,-32.652,-1.571,0.0,-0.0,0.0,-0.0,0.0,0.0,0.0,1.0,0.0,0,0.0,1.0,0.0,1,1
169.208,88.376,-32.652,-1.571,0.0,-0.0,0.0,-0.0,0.0,0.0,0.0,1.0,0.0,0,0.0,1.0,0.0,1,1
170.208,88.376,-32.652,-1.571,0.0,-0.0,0.0,-0.0,0.0,0.0,0.0,1.0,0.0,0,0.0,1.0,0.0,1,1
170.508,88.376,-32.652,-1.571,0.0,-0.0,0.0,-0.0,0.0,0.0,1.0,0.0,0.0,0,0.0,1.0,0.0,1,1
170.558,88.376,-32.652,-1.571,0.0,-0.0,0.0,-0.0,-0.0,-0.005,1.0,0.0,0.0,0,1.0,0.0,0.0,1,1
170.658,88.376,-32.652,-1.571,0.0,-0.0,-0.0,-0.0,-0.0,-0.001,1.0,0.0,0.0,0,1.0,0.0,0.0,1,1
170.708,88.376,-32.654,-1.571,0.014,0.0,-0.014,0.0,-0.0,1.913,1.0,0.0,0.0,0,1.0,0.0,0.0,1,1
170.758,88.376,-32.656,-1.571,0.082,-0.0,0.082,-0.0,-0.0,-0.297,1.0,0.0,0.0,0,1.0,0.0,0.0,1,1
170.808,88.376,-32.658,-1.571,0.067,-0.0,0.067,0.0,0.0,1.885,1.0,0.0,0.0,0,1.0,0.0,0.0,1,1
170.908,88.376,-32.677,-1.571,0.378,0.001,0.378,-0.008,0.02,4.333,1.0,0.0,0.0,0,1.0,0.0,0.0,1,0
170.958,88.376,-32.704,-1.571,0.603,-0.0,0.603,0.008,-0.005,4.925,1.0,0.0,0.0,0,1.0,0.0,0.0,1,0
171.008,88.376,-32.742,-1.571,0.849,-0.001,0.849,0.012,-0.009,5.765,1.0,0.0,0.0,0,1.0,0.0,0.0,1,0
171.058,88.376,-32.794,-1.571,1.138,-0.001,1.138,0.007,0.008,5.456,1.0,0.0,0.0,0,1.0,0.0,0.0,1,0
171.108,88.376,-32.86,-1.571,1.411,-0.001,1.411,-0.001,0.001,6.346,1.0,0.0,0.0,0,1.0,0.0,0.0,1,0
171.208,88.376,-33.038,-1.571,2.054,-0.001,2.054,0.011,-0.008,6.521,1.0,0.0,0.0,0,1.0,0.0,0.0,1,0
171.258,88.376,-33.15,-1.571,2.365,-0.0,2.365,-0.009,-0.002,7.071,1.0,0.0,0.0,0,1.0,0.0,0.0,1,0
171.308,88.376,-33.279,-1.571,2.718,-0.0,2.718,0.007,0.0,8.563,1.0,0.0,0.0,0,1.0,0.0,0.0,1,0
171.358,88.376,-33.427,-1.571,3.146,-0.0,3.146,-0.001,-0.004,8.256,1.0,0.0,0.0,0,1.0,0.0,0.0,1,0
171.408,88.376,-33.598,-1.571,3.559,-0.0,3.559,-0.0,-0.001,7.717,1.0,0.0,0.0,0,1.0,0.0,0.0,1,0
171.458,88.376,-33.787,-1.571,3.945,-0.0,3.945,-0.0,-0.0,7.442,1.0,0.0,0.0,0,1.0,0.0,0.0,1,0
171.508,88.376,-33.996,-1.571,4.317,-0.0,4.317,-0.0,-0.001,7.298,0.938,0.0,0.0,0,1.0,0.0,0.0,1,0
171.558,88.376,-34.223,-1.571,4.682,-0.0,4.682,-0.0,-0.001,7.08,0.681,0.0,0.0,0,0.938,0.0,0.0,1,0
171.658,88.376,-34.729,-1.571,5.356,-0.0,5.356,-0.0,-0.001,1.612,0.264,0.0,0.0,0,0.439,0.0,0.0,1,0
171.708,88.376,-35.001,-1.571,5.437,-0.0,5.437,-0.0,0.0,-1.425,0.646,0.0,0.0,0,0.264,0.0,0.0,1,0
171.808,88.376,-35.536,-1.571,5.295,-0.0,5.295,-0.0,0.0,-1.405,0.983,0.0,0.0,0,0.646,0.0,0.0,1,0
171.858,88.376,-35.798,-1.571,5.24,-0.0,5.24,-0.0,-0.0,-0.026,1.0,0.0,0.0,0,1.0,0.0,0.0,1,0
171.908,88.376,-36.059,-1.571,5.239,-0.0,5.239,-0.0,0.001,1.054,0.947,0.0,0.0,0,1.0,0.0,0.0,1,0
171.958,88.376,-36.322,-1.571,5.292,-0.0,5.292,-0.0,0.0,2.821,0.808,0.0,0.0,0,0.947,0.0,0.0,1,0
172.008,88.376,-36.591,-1.571,5.433,-0.0,5.433,-0.0,0.0,-0.554,0.537,0.0,0.0,0,0.808,0.0,0.0,0,0
172.058,88.376,-36.861,-1.571,5.405,-0.0,5.405,-0.0,0.0,-0.037,0.87,0.0,-0.0,0,0.537,0.0,0.0,0,0
172.108,88.376,-37.131,-1.571,5.403,-0.0,5.403,-0.0,0.001,10.457,0.824,0.0,-0.0,0,0.87,0.0,-0.0,0,0
172.208,88.376,-37.73,-1.571,6.568,0.0,6.568,0.0,0.001,12.837,0.0,0.0,-0.0,0,0.824,0.0,-0.0,2,0
172.258,88.376,-38.075,-1.571,7.055,0.0,7.055,0.0,0.001,5.811,0.0,0.0,-0.0,0,0.0,0.0,-0.0,2,0
172.308,88.376,-38.438,-1.571,7.346,0.0,7.346,0.0,0.001,0.515,0.0,0.0,-0.0,0,0.0,0.0,-0.0,2,0
172.358,88.376,-38.807,-1.571,7.372,0.0,7.372,0.0,0.001,-1.391,0.0,0.0,-0.0,0,0.0,0.0,-0.0,2,0
172.408,88.376,-39.172,-1.571,7.302,0.0,7.302,0.0,0.001,-2.12,0.0,0.0,-0.0,0,0.0,0.0,-0.0,2,0
172.508,88.376,-39.889,-1.571,7.08,0.0,7.08,0.0,0.001,-2.324,0.0,0.0,-0.0,0,0.0,0.0,-0.0,2,0
172.558,88.376,-40.239,-1.571,6.936,0.0,6.936,0.0,0.002,-2.783,0.0,0.0,-0.0,0,0.0,0.0,-0.0,2,0
172.608,88.376,-40.581,-1.571,6.796,0.0,6.796,0.0,0.001,-3.227,0.0,0.0,-0.0,0,0.0,0.0,-0.0,2,0
172.658,88.376,-40.915,-1.571,6.635,0.0,6.635,0.0,0.001,-1.81,0.0,0.0,-0.0,0,0.0,0.0,-0.0,2,0
172.708,88.376,-41.243,-1.571,6.545,0.0,6.545,0.0,0.001,-0.065,0.0,0.0,-0.0,0,0.0,0.0,-0.0,0,0
172.808,88.376,-41.897,-1.571,6.455,0.0,6.455,0.0,0.001,-1.736,0.0,0.0,-0.0,0,0.0,0.0,-0.0,0,0
172.858,88.377,-42.205,-1.571,6.007,0.0,6.007,0.0,0.0,-8.943,0.0,0.0,-0.0,0,0.0,0.0,-0.0,1,0
172.908,88.377,-42.495,-1.571,5.7,0.0,5.7,0.0,0.0,-6.143,0.0,0.0,-0.0,0,0.0,0.0,-0.0,1,0
172.958,88.377,-42.771,-1.571,5.401,0.0,5.401,0.0,0.0,-4.131,0.0,0.0,-0.0,0,0.0,0.0,-0.0,1,0
173.008,88.377,-43.034,-1.571,5.195,0.0,5.195,0.0,0.0,-4.245,0.0,0.0,-0.0,0,0.0,0.0,-0.0,1,0
173.058,88.377,-43.287,-1.571,4.982,0.0,4.982,0.0,0.0,-6.283,0.012,0.0,-0.0,0,0.0,0.0,-0.0,1,0
173.158,88.377,-43.752,-1.571,4.4,0.0,4.4,0.0,-0.0,-5.362,0.489,0.0,-0.0,0,0.012,0.0,-0.0,1,0
173.208,88.377,-43.965,-1.571,4.188,0.0,4.188,0.0,-0.0,-4.234,0.819,0.0,-0.0,0,0.489,0.0,-0.0,1,0
173.258,88.377,-44.171,-1.571,4.068,0.0,4.068,0.0,0.004,0.008,0.837,0.0,-0.0,0,0.819,0.0,-0.0,1,0
173.308,88.377,-44.374,-1.571,4.069,0.001,4.069,0.0,0.003,2.153,0.712,0.0,-0.0,0,0.837,0.0,-0.0,1,0
173.358,88.377,-44.581,-1.571,4.176,0.001,4.176,0.001,0.002,3.172,0.524,0.0,-0.014,0,0.712,0.0,-0.0,1,0
173.458,88.378,-45.017,-1.57,4.487,0.023,4.487,0.019,0.514,3.047,0.391,0.0,-0.015,0,0.524,0.0,-0.014,1,0
173.508,88.38,-45.245,-1.569,4.596,0.03,4.596,0.024,0.158,1.232,0.418,0.0,-0.014,0,0.357,0.0,-0.015,1,0
173.558,88.382,-45.477,-1.568,4.658,0.032,4.657,0.025,0.113,0.769,0.514,0.0,-0.013,0,0.418,0.0,-0.014,1,0
173.658,88.387,-45.947,-1.565,4.739,0.031,4.739,0.023,0.091,0.856,0.581,0.0,-0.012,0,0.514,0.0,-0.013,1,0
173.708,88.39,-46.186,-1.564,4.805,0.03,4.805,0.022,1.291,1.696,0.543,0.0,-0.045,0,0.59,0.0,-0.044,1,0
173.758,88.395,-46.429,-1.561,4.89,0.082,4.89,0.066,0.691,1.863,0.481,0.0,-0.044,0,0.543,0.0,-0.045,1,0
173.808,88.403,-46.676,-1.558,4.984,0.098,4.983,0.078,0.502,1.662,0.427,0.0,-0.042,0,0.481,0.0,-0.044,1,0
173.858,88.412,-46.928,-1.554,5.068,0.103,5.067,0.08,0.349,0.646,0.409,0.0,-0.04,0,0.427,0.0,-0.042,1,0
173.958,88.431,-47.434,-1.546,4.978,0.092,4.977,0.016,0.166,-2.457,0.501,0.0,-0.083,0,0.409,0.0,-0.04,1,0
174.008,88.445,-47.685,-1.541,5.077,0.165,5.075,0.112,0.797,-1.183,0.45,0.0,-0.081,0,0.912,0.0,-0.083,1,0
174.058,88.462,-47.936,-1.534,5.02,0.171,5.017,0.136,0.919,1.269,0.812,0.0,-0.078,0,0.45,0.0,-0.081,1,0
174.108,88.481,-48.19,-1.527,5.085,0.179,5.082,0.191,0.524,-1.042,0.56,0.0,-0.073,0,0.812,0.0,-0.078,1,0
174.208,88.522,-48.693,-1.512,5.111,0.165,5.108,0.143,2.702,2.965,0.568,0.0,-0.122,0,0.841,0.0,-0.125,1,0
174.258,88.55,-48.955,-1.503,5.265,0.251,5.259,0.187,1.461,2.498,0.321,0.0,-0.118,0,0.568,0.0,-0.122,1,0
174.308,88.583,-49.22,-1.492,5.393,0.267,5.387,0.245,1.006,-0.959,0.273,0.0,-0.112,0,0.321,0.0,-0.118,1,0
174.358,88.618,-49.486,-1.482,5.348,0.263,5.342,0.164,0.814,-1.417,0.633,0.0,-0.167,0,0.273,0.0,-0.112,1,0
174.408,88.655,-49.749,-1.471,5.28,0.245,5.274,0.262,2.279,-1.772,0.736,0.0,-0.163,0,0.633,0.0,-0.167,1,0
174.458,88.696,-50.007,-1.459,5.198,0.299,5.189,0.205,1.741,-1.26,0.837,0.0,-0.158,0,0.736,0.0,-0.163,1,0
174.558,88.79,-50.512,-1.432,5.116,0.324,5.106,0.227,1.357,0.448,0.832,0.0,-0.144,0,0.852,0.0,-0.151,1,0
174.608,88.842,-50.763,-1.418,5.143,0.319,5.133,0.322,1.336,1.38,0.735,0.0,-0.201,0,0.832,0.0,-0.144,1,0
174.658,88.898,-51.016,-1.405,5.216,0.318,5.207,0.22,2.982,1.97,0.608,0.0,-0.196,0,0.735,0.0,-0.201,1,0
174.708,88.961,-51.272,-1.389,5.326,0.385,5.312,0.369,2.123,0.047,0.466,0.0,-0.189,0,0.608,0.0,-0.196,1,0
174.808,89.103,-51.787,-1.355,5.333,0.397,5.318,0.396,2.427,7.229,0.68,0.0,-0.238,0,0.645,0.0,-0.18,0,0
174.858,89.183,-52.047,-1.339,5.703,0.425,5.688,0.337,5.033,11.899,0.0,0.0,-0.231,0,0.68,0.0,-0.238,2,0
174.908,89.28,-52.337,-1.318,6.319,0.546,6.295,0.459,4.23,8.489,0.0,0.0,-0.221,0,0.0,0.0,-0.231,2,0
174.958,89.394,-52.647,-1.293,6.762,0.592,6.736,0.507,3.165,2.731,0.0,0.0,-0.208,0,0.0,0.0,-0.221,2,0
175.008,89.519,-52.968,-1.268,6.913,0.573,6.89,0.547,2.362,-0.738,0.0,0.0,-0.265,0,0.0,0.0,-0.208,2,0
175.058,89.65,-53.286,-1.243,6.887,0.522,6.868,0.451,4.167,-2.128,0.0,0.0,-0.255,0,0.0,0.0,-0.265,2,0
175.108,89.788,-53.598,-1.216,6.8,0.55,6.778,0.588,3.667,-2.479,0.0,0.0,-0.243,0,0.0,0.0,-0.255,2,0
175.158,89.934,-53.901,-1.189,6.695,0.552,6.672,0.512,3.107,-2.665,0.0,0.0,-0.229,0,0.0,0.0,-0.243,2,0
175.208,90.084,-54.195,-1.161,6.577,0.525,6.556,0.591,2.896,-2.826,0.0,0.0,-0.288,0,0.0,0.0,-0.229,2,0
175.258,90.239,-54.48,-1.135,6.449,0.503,6.43,0.475,4.541,-3.381,0.0,0.0,-0.277,0,0.0,0.0,-0.288,2,0
175.358,90.565,-55.02,-1.08,6.257,0.588,6.229,0.523,3.324,-0.565,0.0,0.0,-0.251,0,0.0,0.0,-0.265,0,0
175.408,90.74,-55.279,-1.051,6.247,0.577,6.22,0.605,2.711,-5.392,0.0,0.0,-0.309,0,0.0,0.0,-0.251,0,0
175.458,90.918,-55.529,-1.024,5.993,0.552,5.968,0.498,3.663,-7.385,0.0,0.0,-0.298,0,0.0,0.0,-0.309,1,0
175.508,91.093,-55.757,-0.996,5.646,0.58,5.617,0.591,2.098,-6.185,0.05,0.0,-0.284,0,0.0,0.0,-0.298,1,0
175.558,91.267,-55.966,-0.97,5.352,0.547,5.324,0.47,2.111,-4.415,0.177,0.0,-0.271,0,0.05,0.0,-0.284,1,0
175.608,91.436,-56.164,-0.945,5.144,0.52,5.118,0.551,2.393,-5.29,0.187,0.0,-0.329,0,0.177,0.0,-0.271,1,0
175.658,91.604,-56.349,-0.921,4.895,0.524,4.867,0.478,4.168,-6.1,0.486,0.0,-0.318,0,0.187,0.0,-0.329,1,0
175.708,91.77,-56.516,-0.896,4.621,0.621,4.579,0.5,2.52,-3.953,0.796,0.0,-0.305,0,0.486,0.0,-0.318,1,0
175.758,91.934,-56.669,-0.872,4.444,0.639,4.398,0.486,1.93,-1.533,0.815,0.0,-0.291,0,0.796,0.0,-0.305,1,0
175.808,92.099,-56.815,-0.848,4.384,0.633,4.338,0.467,1.737,0.915,0.721,0.0,-0.277,0,0.815,0.0,-0.291,1,0
175.858,92.267,-56.957,-0.825,4.442,0.62,4.399,0.452,2.335,2.391,0.528,0.0,-0.334,0,0.721,0.0,-0.277,1,0
175.908,92.441,-57.101,-0.803,4.578,0.636,4.533,0.446,3.581,1.857,0.345,0.0,-0.323,0,0.528,0.0,-0.334,1,0
175.958,92.625,-57.242,-0.779,4.698,0.701,4.645,0.516,2.597,1.42,0.339,0.0,-0.309,0,0.345,0.0,-0.323,1,0
176.008,92.818,-57.38,-0.752,4.789,0.707,4.736,0.529,1.644,0.604,0.37,0.0,-0.293,0,0.339,0.0,-0.309,1,0
176.058,93.018,-57.516,-0.726,4.831,0.665,4.785,0.519,1.94,0.125,0.469,0.0,-0.278,0,0.37,0.0,-0.293,1,0
176.158,93.426,-57.78,-0.677,4.875,0.623,4.835,0.473,1.953,0.2,0.552,0.0,-0.319,0,0.469,0.0,-0.278,1,0
176.208,93.636,-57.904,-0.652,4.9,0.693,4.85,0.53,2.876,0.774,0.571,0.0,-0.305,0,0.552,0.0,-0.319,1,0
176.258,93.852,-58.022,-0.625,4.96,0.706,4.91,0.539,2.467,1.254,0.491,0.0,-0.29,0,0.571,0.0,-0.305,1,0
176.308,94.074,-58.137,-0.598,5.041,0.696,4.993,0.531,2.201,1.341,0.42,0.0,-0.274,0,0.491,0.0,-0.29,1,0
176.358,94.303,-58.25,-0.572,5.123,0.675,5.079,0.512,1.327,-1.086,0.376,0.0,-0.306,0,0.42,0.0,-0.274,1,0
176.458,94.763,-58.46,-0.523,5.066,0.647,5.025,0.509,2.345,-1.2,0.644,0.0,-0.279,0,0.669,0.0,-0.292,1,0
176.508,94.998,-58.556,-0.497,5.023,0.638,4.983,0.487,1.91,0.206,0.76,0.0,-0.265,0,0.644,0.0,-0.279,1,0
176.558,95.236,-58.647,-0.472,5.047,0.607,5.01,0.461,2.407,2.224,0.647,0.0,-0.301,0,0.76,0.0,-0.265,1,0
176.608,95.475,-58.734,-0.448,5.173,0.606,5.137,0.472,2.612,-1.304,0.38,0.0,-0.288,0,0.647,0.0,-0.301,1,0
176.708,95.968,-58.891,-0.399,5.219,0.627,5.181,0.499,2.864,1.516,0.757,0.0,-0.273,0,0.38,0.0,-0.288,1,0
176.758,96.218,-58.961,-0.375,5.135,0.581,5.102,0.438,2.296,1.714,0.85,0.0,-0.245,0,0.438,0.0,-0.259,1,0
176.808,96.468,-59.027,-0.352,5.234,0.578,5.203,0.465,1.841,0.707,0.45,0.0,-0.231,0,0.85,0.0,-0.245,1,0
176.858,96.722,-59.09,-0.331,5.281,0.559,5.251,0.394,1.234,-1.165,0.523,0.0,-0.22,0,0.45,0.0,-0.231,1,0
176.958,97.231,-59.203,-0.29,5.193,0.48,5.171,0.352,1.467,-0.888,0.753,0.0,-0.221,0,0.523,0.0,-0.22,1,0
177.008,97.485,-59.253,-0.27,5.166,0.461,5.146,0.447,1.707,-0.005,0.788,0.0,-0.198,0,0.769,0.0,-0.21,1,0
177.058,97.739,-59.298,-0.251,5.174,0.449,5.155,0.334,1.587,0.822,0.735,0.0,-0.187,0,0.788,0.0,-0.198,1,0
177.108,97.996,-59.34,-0.232,5.223,0.429,5.205,0.415,1.631,1.498,0.637,0.0,-0.182,0,0.735,0.0,-0.187,1,0
177.158,98.256,-59.378,-0.214,5.305,0.419,5.288,0.306,1.691,1.947,0.522,0.0,-0.172,0,0.637,0.0,-0.182,1,0
177.208,98.522,-59.414,-0.196,5.409,0.407,5.394,0.392,1.591,1.872,0.402,0.0,-0.161,0,0.522,0.0,-0.172,1,0
177.258,98.794,-59.446,-0.18,5.509,0.396,5.495,0.289,1.396,1.526,0.393,0.0,-0.152,0,0.402,0.0,-0.161,1,0
177.358,99.35,-59.502,-0.148,5.642,0.355,5.631,0.259,1.349,0.939,0.31,0.0,-0.143,0,0.393,0.0,-0.152,1,0
177.408,99.632,-59.526,-0.133,5.668,0.33,5.658,0.34,1.162,-0.074,0.322,0.0,-0.125,0,0.311,0.0,-0.134,1,0
177.458,99.914,-59.546,-0.119,5.668,0.311,5.659,0.227,1.019,-0.472,0.352,0.0,-0.115,0,0.322,0.0,-0.125,1,0
177.508,100.196,-59.564,-0.106,5.647,0.285,5.64,0.308,0.945,-0.688,1.0,0.0,-0.106,0,0.352,0.0,-0.115,1,0
177.608,100.756,-59.592,-0.082,5.577,0.242,5.572,0.272,0.836,-0.802,1.0,0.0,-0.094,0,1.0,0.0,-0.106,1,0
177.658,101.034,-59.603,-0.072,5.564,0.221,5.56,0.15,0.686,0.849,1.0,0.0,-0.078,0,1.0,0.0,-0.085,1,0
177.708,101.313,-59.612,-0.062,5.608,0.2,5.605,0.229,0.67,1.144,1.0,0.0,-0.069,0,1.0,0.0,-0.078,1,0
177.758,101.596,-59.619,-0.054,5.667,0.189,5.664,0.111,0.465,-0.093,1.0,0.0,-0.056,0,1.0,0.0,-0.069,0,0
177.858,102.163,-59.631,-0.04,5.691,0.145,5.689,0.081,0.302,0.55,1.0,0.0,-0.049,0,1.0,0.0,-0.056,0,0
177.908,102.473,-59.635,-0.034,6.472,0.143,6.471,0.112,0.672,15.614,1.0,0.0,-0.039,0,1.0,0.0,-0.049,2,0
177.958,102.817,-59.639,-0.029,7.095,0.134,7.094,0.113,0.62,10.669,1.0,0.0,-0.034,0,1.0,0.0,-0.039,2,0
178.008,103.189,-59.643,-0.023,7.629,0.123,7.628,0.11,0.573,9.424,1.0,0.0,-0.029,0,1.0,0.0,-0.034,2,0
178.108,104.003,-59.647,-0.013,8.53,0.095,8.529,0.095,0.546,8.569,1.0,0.0,-0.021,0,1.0,0.0,-0.029,2,0
178.158,104.442,-59.648,-0.009,8.929,0.081,8.929,0.086,0.339,1.873,1.0,0.0,-0.017,0,1.0,0.0,-0.021,2,0
178.208,104.889,-59.648,-0.005,9.023,0.063,9.023,0.075,0.262,-3.406,1.0,0.0,-0.013,0,1.0,0.0,-0.017,0,0
178.308,105.787,-59.645,0.001,9.252,0.037,9.252,0.052,0.3,9.125,1.0,0.0,-0.008,0,1.0,0.0,-0.01,3,0
178.358,106.264,-59.642,0.004,9.708,0.029,9.708,0.043,0.243,7.888,1.0,0.0,-0.005,0,1.0,0.0,-0.008,3,0
178.458,107.278,-59.634,0.007,10.455,0.015,10.455,0.026,0.13,6.485,1.0,0.0,-0.002,0,1.0,0.0,-0.004,3,0
178.508,107.811,-59.63,0.008,10.779,0.01,10.779,0.02,0.067,6.108,1.0,0.0,-0.001,0,1.0,0.0,-0.002,3,0
178.558,108.359,-59.625,0.009,11.085,0.005,11.085,0.013,0.047,5.856,1.0,0.0,0.0,0,1.0,0.0,-0.001,3,0
178.658,109.499,-59.614,0.01,11.662,-0.001,11.662,0.003,-0.004,5.688,1.0,0.0,0.001,0,1.0,0.0,0.0,3,0
178.708,110.091,-59.609,0.01,11.941,-0.003,11.941,0.0,-0.054,5.505,1.0,0.0,0.002,0,1.0,0.0,0.002,3,0
178.758,110.696,-59.603,0.01,12.216,-0.004,12.216,-0.003,-0.083,5.458,0.0,0.0,0.002,0,1.0,0.0,0.002,3,0
178.858,111.947,-59.592,0.009,12.744,-0.005,12.744,-0.008,-0.082,3.372,0.0,0.0,0.002,0,0.0,0.0,0.002,3,0
178.908,112.59,-59.586,0.009,12.912,-0.004,12.912,-0.008,-0.079,0.965,0.0,0.0,0.001,0,0.0,0.0,0.002,3,0
179.008,113.883,-59.576,0.008,12.926,-0.002,12.926,-0.007,-0.062,-1.689,0.0,0.0,0.001,0,0.0,0.0,0.001,3,0
179.058,114.527,-59.571,0.008,12.841,-0.001,12.841,-0.006,-0.052,-2.281,0.0,0.0,0.001,0,0.0,0.0,0.001,3,0
179.158,115.797,-59.562,0.007,12.596,0.0,12.596,-0.004,-0.042,-2.63,0.0,0.0,0.0,0,0.0,0.0,0.001,3,0
179.208,116.422,-59.557,0.007,12.454,0.001,12.454,-0.003,-0.025,-2.938,0.0,0.0,0.0,0,0.0,0.0,0.0,3,0
179.258,117.04,-59.553,0.007,12.308,0.001,12.308,-0.002,-0.017,-2.981,0.0,0.0,0.0,0,0.0,0.0,0.0,3,0
179.308,117.651,-59.549,0.007,12.159,0.001,12.159,-0.001,-0.012,-3.02,0.0,0.0,-0.0,0,0.0,0.0,0.0,3,0
179.408,118.85,-59.541,0.007,11.861,0.001,11.861,-0.004,-0.006,-3.003,0.0,0.0,-0.0,0,0.0,0.0,-0.0,3,0
179.458,119.438,-59.537,0.007,11.711,0.0,11.711,0.005,0.001,-2.803,0.0,0.0,-0.0,0,0.0,0.0,-0.0,3,0
179.558,120.593,-59.529,0.007,11.419,0.0,11.419,0.0,0.004,-2.746,0.0,0.0,-0.0,0,0.0,0.0,-0.0,3,0
179.608,121.16,-59.525,0.007,11.282,0.0,11.282,0.0,0.003,-2.989,0.0,0.0,0.001,0,0.0,0.0,-0.0,3,0
179.708,122.272,-59.517,0.007,10.998,-0.002,10.998,-0.002,-0.042,-2.936,0.0,0.0,0.002,0,0.0,0.0,0.001,3,0
179.758,122.818,-59.514,0.007,10.851,-0.003,10.851,-0.003,-0.091,-2.641,0.0,0.0,0.002,0,0.0,0.0,0.002,3,0
179.858,123.888,-59.508,0.006,10.575,-0.005,10.575,-0.007,-0.076,-2.88,0.0,0.0,0.003,0,0.0,0.0,0.002,3,0
179.908,124.417,-59.505,0.006,10.583,-0.007,10.583,-0.009,-0.1,-0.075,0.0,0.0,0.003,0,0.0,0.0,0.003,0,0
179.958,124.946,-59.502,0.005,10.579,-0.007,10.579,-0.01,-0.113,-8.411,0.0,0.0,0.003,0,0.0,0.0,0.003,0,0
180.058,125.959,-59.498,0.004,9.75,-0.007,9.75,-0.01,-0.108,-6.117,0.0,0.0,0.003,0,0.0,0.0,0.003,2,0
180.108,126.436,-59.497,0.004,9.444,-0.007,9.444,-0.011,-0.084,-5.899,0.0,0.0,0.003,0,0.0,0.0,0.003,2,0
180.208,127.349,-59.495,0.003,8.908,-0.007,8.908,-0.01,-0.064,-5.003,0.0,0.0,0.002,0,0.0,0.0,0.003,2,0
180.258,127.787,-59.494,0.002,8.658,-0.006,8.658,-0.009,-0.062,-4.278,0.0,0.0,0.002,0,0.0,0.0,0.002,2,0
180.358,128.629,-59.493,0.001,8.216,-0.005,8.216,-0.007,-0.041,-3.966,0.0,0.0,0.002,0,0.0,0.0,0.002,2,0
180.408,129.034,-59.493,0.001,8.018,-0.004,8.018,-0.006,-0.029,-4.276,0.0,0.0,0.001,0,0.0,0.0,0.002,2,0
180.508,129.813,-59.492,0.001,7.616,-0.003,7.616,-0.004,-0.017,-4.074,0.0,0.0,0.001,0,0.0,0.0,0.001,2,0
180.558,130.188,-59.492,0.0,7.412,-0.003,7.412,-0.003,-0.018,-3.597,0.0,0.0,0.001,0,0.0,0.0,0.001,2,0
180.608,130.553,-59.492,0.0,7.233,-0.003,7.233,-0.003,-0.007,-3.909,0.0,0.0,0.001,0,0.0,0.0,0.001,2,0
180.708,131.259,-59.492,-0.0,7.004,-0.002,7.004,-0.002,-0.01,-0.661,0.0,1.0,0.0,0,0.0,0.0,0.001,2,0
180.758,131.609,-59.492,-0.0,6.964,-0.001,6.964,-0.001,0.005,-8.203,0.0,1.0,0.0,0,0.0,1.0,0.0,0,0
180.808,131.948,-59.492,-0.0,6.554,-0.0,6.554,-0.0,0.002,-10.553,0.0,1.0,0.0,0,0.0,1.0,0.0,1,0
180.908,132.537,-59.492,-0.0,5.079,-0.0,5.079,-0.0,0.001,-18.945,0.0,1.0,0.0,0,0.0,1.0,0.0,1,0
180.958,132.749,-59.493,-0.0,3.764,-0.0,3.764,-0.0,0.0,-26.318,0.0,1.0,0.0,0,0.0,1.0,0.0,1,0
181.058,132.978,-59.493,-0.0,1.146,-0.0,1.146,-0.0,0.002,-22.722,0.0,1.0,0.0,0,0.0,1.0,0.0,1,0
181.108,132.998,-59.493,-0.0,0.01,0.0,0.01,0.0,-0.002,-0.369,0.0,1.0,0.0,0,0.0,1.0,0.0,1,1
181.208,133.0,-59.493,-0.0,0.011,-0.0,-0.011,-0.0,0.0,0.012,0.0,1.0,0.0,0,0.0,1.0,0.0,1,1
181.258,133.001,-59.493,-0.0,0.011,-0.0,-0.011,-0.0,0.0,0.034,0.0,1.0,0.0,0,0.0,1.0,0.0,1,1
181.358,133.002,-59.493,-0.0,0.007,-0.0,-0.007,-0.0,0.0,0.038,0.0,1.0,0.0,0,0.0,1.0,0.0,1,1
181.408,133.003,-59.493,-0.0,0.005,-0.0,-0.005,-0.0,0.0,0.027,0.0,1.0,0.0,0,0.0,1.0,0.0,1,1
181.458,133.003,-59.493,-0.0,0.004,-0.0,-0.004,-0.0,0.0,0.021,0.0,1.0,0.0,0,0.0,1.0,0.0,1,1
181.508,133.004,-59.493,-0.0,0.003,-0.0,-0.003,-0.0,0.0,0.016,0.0,1.0,0.0,0,0.0,1.0,0.0,1,1
181.608,133.004,-59.493,-0.0,0.002,-0.0,-0.002,-0.0,0.0,0.009,0.0,1.0,0.0,0,0.0,1.0,0.0,1,1
181.658,133.004,-59.493,-0.0,0.001,-0.0,-0.001,-0.0,0.0,0.006,0.0,1.0,0.0,0,0.0,1.0,0.0,1,1
181.758,133.004,-59.493,-0.0,0.001,-0.0,-0.001,-0.0,0.0,0.003,0.0,1.0,0.0,0,0.0,1.0,0.0,1,1
181.858,133.004,-59.493,-0.0,0.0,-0.0,-0.0,-0.0,0.0,0.002,0.0,1.0,0.0,0,0.0,1.0,0.0,1,1
181.908,133.004,-59.493,-0.0,0.0,-0.0,-0.0,-0.0,0.0,0.005,0.0,1.0,0.0,0,0.0,1.0,0.0,1,1
182.008,133.004,-59.493,-0.0,0.0,-0.0,0.0,-0.0,0.0,0.0,0.0,1.0,0.0,0,0.0,1.0,0.0,1,1
183.058,133.004,-59.493,-0.0,0.0,-0.0,0.0,-0.0,0.0,0.0,0.0,1.0,0.0,0,0.0,1.0,0.0,1,1
184.058,133.004,-59.493,-0.0,0.0,-0.0,0.0,-0.0,0.0,0.0,0.0,1.0,0.0,0,0.0,1.0,0.0,1,1
185.108,133.004,-59.493,-0.0,0.0,-0.0,0.0,-0.0,0.0,0.0,0.0,1.0,0.0,0,0.0,1.0,0.0,1,1
186.108,133.004,-59.493,-0.0,0.0,-0.0,0.0,-0.0,0.0,0.0,0.0,1.0,0.0,0,0.0,1.0,0.0,1,1
187.158,133.004,-59.493,-0.0,0.0,-0.0,0.0,-0.0,0.0,0.0,0.0,1.0,0.0,0,0.0,1.0,0.0,1,1
188.158,133.004,-59.493,-0.0,0.0,-0.0,0.0,-0.0,0.0,0.0,0.0,1.0,0.0,0,0.0,1.0,0.0,1,1
189.158,133.004,-59.493,-0.0,0.0,-0.0,0.0,-0.0,0.0,0.0,0.0,1.0,0.0,0,0.0,1.0,0.0,1,1
190.158,133.004,-59.493,-0.0,0.0,-0.0,0.0,-0.0,0.0,0.0,0.0,1.0,0.0,0,0.0,1.0,0.0,1,1
191.158,133.004,-59.493,-0.0,0.0,-0.0,0.0,-0.0,0.0,0.0,0.0,1.0,0.0,0,0.0,1.0,0.0,1,1
192.158,133.004,-59.493,-0.0,0.0,-0.0,0.0,-0.0,0.0,0.0,0.0,1.0,0.0,0,0.0,1.0,0.0,1,1
193.158,133.004,-59.493,-0.0,0.0,-0.0,0.0,-0.0,0.0,0.0,0.0,1.0,0.0,0,0.0,1.0,0.0,1,1
194.208,133.004,-59.493,-0.0,0.0,-0.0,0.0,-0.0,0.0,0.0,0.0,1.0,0.0,0,0.0,1.0,0.0,1,1
195.258,133.004,-59.493,-0.0,0.0,-0.0,0.0,-0.0,0.0,0.0,0.0,1.0,0.0,0,0.0,1.0,0.0,1,1
196.308,133.004,-59.493,-0.0,0.0,-0.0,0.0,-0.0,0.0,0.0,0.0,1.0,0.0,0,0.0,1.0,0.0,1,1
197.358,133.004,-59.493,-0.0,0.0,-0.0,0.0,-0.0,0.0,0.0,0.0,1.0,0.0,0,0.0,1.0,0.0,1,1
198.358,133.004,-59.493,-0.0,0.0,-0.0,0.0,-0.0,0.0,0.0,0.0,1.0,0.0,0,0.0,1.0,0.0,1,1
199.358,133.004,-59.493,-0.0,0.0,-0.0,0.0,-0.0,0.0,0.0,0.0,1.0,0.0,0,0.0,1.0,0.0,1,1
200.408,133.004,-59.493,-0.0,0.0,-0.0,0.0,-0.0,0.0,0.0,0.0,1.0,0.0,0,0.0,1.0,0.0,1,1
201.458,133.004,-59.493,-0.0,0.0,-0.0,0.0,-0.0,0.0,0.0,0.0,1.0,0.0,0,0.0,1.0,0.0,1,1
202.458,133.004,-59.493,-0.0,0.0,-0.0,0.0,-0.0,0.0,0.0,0.0,1.0,0.0,0,0.0,1.0,0.0,1,1
203.508,133.004,-59.493,-0.0,0.0,-0.0,0.0,-0.0,0.0,0.0,0.0,1.0,0.0,0,0.0,1.0,0.0,1,1
204.558,133.004,-59.493,-0.0,0.0,-0.0,0.0,-0.0,0.0,0.0,0.0,1.0,0.0,0,0.0,1.0,0.0,1,1
205.558,133.004,-59.493,-0.0,0.0,-0.0,0.0,-0.0,0.0,0.0,0.0,1.0,0.0,0,0.0,1.0,0.0,1,1
206.558,133.004,-59.493,-0.0,0.0,-0.0,0.0,-0.0,0.0,0.0,0.0,1.0,0.0,0,0.0,1.0,0.0,1,1
207.608,133.004,-59.493,-0.0,0.0,-0.0,0.0,-0.0,0.0,0.0,0.0,1.0,0.0,0,0.0,1.0,0.0,1,1
208.608,133.004,-59.493,-0.0,0.0,-0.0,0.0,-0.0,0.0,0.0,0.0,1.0,0.0,0,0.0,1.0,0.0,1,1
209.658,133.004,-59.493,-0.0,0.0,-0.0,0.0,-0.0,0.0,0.0,0.0,1.0,0.0,0,0.0,1.0,0.0,1,1
210.658,133.004,-59.493,-0.0,0.0,-0.0,0.0,-0.0,0.0,0.0,0.0,1.0,0.0,0,0.0,1.0,0.0,1,1
211.708,133.004,-59.493,-0.0,0.0,-0.0,0.0,-0.0,0.0,0.0,0.0,1.0,0.0,0,0.0,1.0,0.0,1,1
212.708,133.004,-59.493,-0.0,0.0,-0.0,0.0,-0.0,0.0,0.0,0.0,1.0,0.0,0,0.0,1.0,0.0,1,1
213.708,133.004,-59.493,-0.0,0.0,-0.0,0.0,-0.0,0.0,0.0,0.0,1.0,0.0,0,0.0,1.0,0.0,1,1
214.708,133.004,-59.493,-0.0,0.0,-0.0,0.0,-0.0,0.0,0.0,0.0,1.0,0.0,0,0.0,1.0,0.0,1,1
215.758,133.004,-59.493,-0.0,0.0,-0.0,0.0,-0.0,0.0,0.0,0.0,1.0,0.0,0,0.0,1.0,0.0,1,1
215.908,133.004,-59.493,-0.0,0.0,-0.0,0.0,-0.0,0.0,0.0,1.0,0.0,0.0,0,0.0,1.0,0.0,1,1
215.958,133.004,-59.493,-0.0,0.0,-0.0,0.0,-0.0,0.0,-0.002,1.0,0.0,0.0,0,1.0,0.0,0.0,1,1
216.058,133.005,-59.493,-0.0,0.0,-0.0,-0.0,-0.0,0.0,-0.284,1.0,0.0,0.0,0,1.0,0.0,0.0,1,1
216.108,133.006,-59.493,-0.0,0.014,0.0,-0.014,0.0,-0.0,1.916,1.0,0.0,0.0,0,1.0,0.0,0.0,1,1
216.208,133.01,-59.493,-0.0,0.037,0.0,0.037,0.0,-0.0,3.41,1.0,0.0,0.0,0,1.0,0.0,0.0,1,1
216.258,133.015,-59.493,-0.0,0.208,-0.0,0.208,0.0,0.037,2.89,1.0,0.0,0.0,0,1.0,0.0,0.0,1,0
216.358,133.054,-59.492,-0.0,0.573,0.0,0.573,-0.008,0.007,5.783,1.0,0.0,0.0,0,1.0,0.0,0.0,1,0
216.408,133.092,-59.492,0.0,0.862,0.001,0.862,0.017,-0.05,5.292,1.0,0.0,0.0,0,1.0,0.0,0.0,1,0
216.458,133.143,-59.493,0.0,1.127,-0.002,1.127,-0.003,0.033,5.812,1.0,0.0,0.0,0,1.0,0.0,0.0,1,0
216.558,133.289,-59.493,0.0,1.716,-0.0,1.716,-0.001,-0.019,6.088,1.0,0.0,0.001,0,1.0,0.0,0.001,1,0
216.608,133.384,-59.493,0.0,2.021,-0.001,2.021,-0.01,-0.01,7.779,1.0,0.0,0.001,0,1.0,0.0,0.001,1,0
216.708,133.629,-59.493,0.0,2.796,-0.001,2.796,-0.005,-0.004,7.718,1.0,0.0,0.0,0,1.0,0.0,0.001,1,0
216.758,133.782,-59.493,0.0,3.212,-0.001,3.212,-0.001,0.002,7.723,1.0,0.0,0.0,0,1.0,0.0,0.0,1,0
216.808,133.954,-59.493,-0.0,3.598,-0.001,3.598,-0.0,0.002,7.41,1.0,0.0,0.0,0,1.0,0.0,0.0,1,0
216.908,134.355,-59.493,-0.0,4.332,-0.0,4.332,-0.0,-0.001,7.19,0.943,0.0,0.0,0,1.0,0.0,0.0,1,0
216.958,134.582,-59.493,-0.0,4.692,-0.0,4.692,-0.0,-0.001,7.025,0.683,0.0,0.0,0,0.943,0.0,0.0,1,0
217.058,135.089,-59.493,-0.0,5.362,-0.0,5.362,-0.0,0.001,1.69,0.26,0.0,0.0,0,0.438,0.0,0.0,1,0
217.108,135.362,-59.493,-0.0,5.447,-0.0,5.447,-0.0,0.001,1.69,0.26,0.0,0.0,0,0.438,0.0,0.0,1,0
217.158,135.631,-59.493,-0.0,5.375,-0.0,5.375,-0.0,0.0,-1.421,0.974,0.0,0.0,0,0.63,0.0,0.0,1,0
217.208,135.897,-59.493,-0.0,5.304,-0.0,5.304,-0.0,-0.0,-1.122,1.0,0.0,-0.0,0,0.974,0.0,0.0,1,0
217.308,136.421,-59.493,-0.0,5.245,-0.0,5.245,-0.0,0.002,-0.055,0.944,0.0,-0.0,0,1.0,0.0,-0.0,1,0
217.358,136.685,-59.493,-0.0,5.296,0.0,5.296,0.0,0.001,2.784,0.806,0.0,-0.0,0,0.944,0.0,-0.0,1,0
217.408,136.954,-59.493,-0.0,5.435,0.0,5.435,0.0,0.0,-0.55,0.537,0.0,-0.0,0,0.806,0.0,-0.0,0,0
217.508,137.494,-59.493,-0.0,5.406,0.0,5.406,0.0,0.001,-0.037,0.819,0.0,-0.0,0,0.537,0.0,-0.0,0,0
217.558,137.776,-59.493,-0.0,5.928,0.0,5.928,0.0,0.001,12.796,0.0,0.0,-0.0,0,0.819,0.0,-0.0,2,0
217.658,138.438,-59.493,-0.0,7.053,0.0,7.053,0.0,0.001,9.708,0.0,0.0,-0.0,0,0.0,0.0,-0.0,2,0
217.708,138.801,-59.493,-0.0,7.341,0.0,7.341,0.0,0.001,0.581,0.0,0.0,-0.0,0,0.0,0.0,-0.0,2,0
217.758,139.169,-59.493,-0.0,7.37,0.0,7.37,0.0,0.001,-1.421,0.0,0.0,-0.0,0,0.0,0.0,-0.0,2,0
217.808,139.535,-59.493,-0.0,7.299,0.0,7.299,0.0,0.002,-2.143,0.0,0.0,-0.0,0,0.0,0.0,-0.0,2,0
217.908,140.252,-59.494,-0.0,7.075,0.0,7.075,0.0,0.001,-2.897,0.0,0.0,-0.0,0,0.0,0.0,-0.0,2,0
217.958,140.601,-59.494,-0.0,6.93,0.0,6.93,0.0,0.002,-2.79,0.0,0.0,-0.0,0,0.0,0.0,-0.0,2,0
218.058,141.277,-59.494,-0.0,6.629,0.0,6.629,0.0,0.001,-3.232,0.0,0.0,-0.0,0,0.0,0.0,-0.0,2,0
218.108,141.605,-59.494,-0.0,6.539,0.0,6.539,0.0,0.001,-0.065,0.0,0.0,-0.0,0,0.0,0.0,-0.0,0,0
218.208,142.257,-59.494,0.0,6.448,0.0,6.448,0.0,0.002,-1.736,0.0,0.0,-0.0,0,0.0,0.0,-0.0,0,0
218.258,142.565,-59.494,0.0,6.002,0.0,6.002,0.0,0.001,-6.139,0.0,0.0,-0.001,0,0.0,0.0,-0.0,1,0
218.358,143.13,-59.493,0.0,5.396,0.001,5.396,0.001,0.031,-5.979,0.0,0.0,-0.001,0,0.0,0.0,-0.001,1,0
218.408,143.393,-59.493,0.0,5.189,0.002,5.189,0.002,0.01,-4.241,0.0,0.0,-0.001,0,0.0,0.0,-0.001,1,0
218.508,143.886,-59.493,0.0,4.663,0.003,4.663,0.002,0.018,-6.281,0.018,0.0,-0.019,0,0.0,0.0,-0.001,1,0
218.558,144.111,-59.491,0.001,4.396,0.031,4.396,0.025,0.265,-4.208,0.682,0.0,-0.02,0,0.494,0.0,-0.02,1,0
218.608,144.324,-59.489,0.003,4.185,0.038,4.185,0.03,0.163,-2.364,0.821,0.0,-0.019,0,0.682,0.0,-0.02,1,0
218.708,144.733,-59.484,0.006,4.07,0.04,4.069,0.028,0.12,0.045,0.837,0.0,-0.018,0,0.821,0.0,-0.019,1,0
218.758,144.939,-59.481,0.007,4.176,0.039,4.176,0.03,1.324,3.138,0.53,0.0,-0.053,0,0.71,0.0,-0.053,1,0
218.808,145.153,-59.475,0.01,4.334,0.093,4.333,0.072,0.694,3.064,0.395,0.0,-0.052,0,0.53,0.0,-0.053,1,0
218.908,145.603,-59.458,0.018,4.599,0.114,4.597,0.086,0.492,2.204,0.414,0.0,-0.047,0,0.395,0.0,-0.052,1,0
218.958,145.835,-59.448,0.023,4.662,0.113,4.661,0.084,0.303,0.769,0.509,0.0,-0.044,0,0.414,0.0,-0.047,1,0
219.058,146.305,-59.425,0.031,4.743,0.104,4.742,0.077,1.969,1.12,0.59,0.0,-0.09,0,0.578,0.0,-0.091,1,0
219.108,146.544,-59.409,0.036,4.802,0.175,4.799,0.136,1.174,1.654,0.559,0.0,-0.088,0,0.59,0.0,-0.09,1,0
219.158,146.786,-59.39,0.044,4.887,0.197,4.883,0.154,0.891,1.869,0.485,0.0,-0.084,0,0.559,0.0,-0.088,1,0
219.258,147.283,-59.345,0.059,5.07,0.2,5.066,0.153,0.521,0.765,0.401,0.0,-0.133,0,0.427,0.0,-0.079,1,0
219.308,147.537,-59.32,0.067,5.109,0.187,5.106,0.191,1.823,-1.998,0.483,0.0,-0.131,0,0.401,0.0,-0.133,1,0
219.408,148.035,-59.258,0.086,4.952,0.262,4.945,0.187,1.745,3.047,0.849,0.0,-0.122,0,0.832,0.0,-0.127,1,0
219.458,148.285,-59.222,0.097,5.109,0.293,5.101,0.233,0.494,-1.537,0.347,0.0,-0.178,0,0.849,0.0,-0.122,1,0
219.508,148.535,-59.183,0.108,5.034,0.262,5.027,0.205,3.062,1.458,0.862,0.0,-0.174,0,0.347,0.0,-0.178,1,0
219.608,149.039,-59.088,0.135,5.246,0.385,5.231,0.329,0.906,-2.625,0.359,0.0,-0.16,0,0.528,0.0,-0.168,1,0
219.658,149.292,-59.034,0.149,5.118,0.359,5.106,0.251,1.723,2.93,0.949,0.0,-0.152,0,0.359,0.0,-0.16,1,0
219.758,149.799,-58.916,0.176,5.136,0.336,5.125,0.227,3.264,2.302,0.98,0.0,-0.207,0,0.326,0.0,-0.211,1,0
219.808,150.052,-58.849,0.191,5.263,0.421,5.247,0.322,2.145,-0.531,0.408,0.0,-0.2,0,0.98,0.0,-0.207,1,0
219.908,150.553,-58.701,0.227,5.181,0.415,5.165,0.414,1.476,-1.451,0.855,0.0,-0.181,0,0.408,0.0,-0.2,1,0
219.958,150.798,-58.622,0.244,5.124,0.401,5.109,0.297,1.324,-0.711,0.901,0.0,-0.243,0,0.855,0.0,-0.181,1,0
220.058,151.279,-58.454,0.279,5.097,0.446,5.078,0.332,2.632,1.289,0.856,0.0,-0.227,0,0.896,0.0,-0.235,1,0
220.108,151.518,-58.359,0.299,5.175,0.474,5.153,0.447,2.369,1.804,0.677,0.0,-0.216,0,0.856,0.0,-0.227,1,0
220.208,152.0,-58.152,0.34,5.259,0.462,5.239,0.45,3.366,-0.782,0.809,0.0,-0.269,0,0.565,0.0,-0.278,0,0
220.258,152.237,-58.04,0.361,5.238,0.521,5.212,0.4,4.88,12.718,0.845,0.0,-0.259,0,0.809,0.0,-0.269,2,0
220.358,152.762,-57.761,0.414,6.505,0.659,6.471,0.57,4.07,8.989,0.0,0.0,-0.229,0,0.0,0.0,-0.244,2,0
220.408,153.057,-57.591,0.443,6.974,0.663,6.943,0.583,3.501,4.748,0.0,0.0,-0.288,0,0.0,0.0,-0.229,2,0
220.508,153.665,-57.211,0.501,7.194,0.645,7.165,0.658,4.104,-1.917,0.0,0.0,-0.263,0,0.0,0.0,-0.276,2,0
220.608,154.243,-56.801,0.564,7.021,0.59,6.997,0.667,5.428,-3.395,0.0,0.0,-0.308,0,0.0,0.0,-0.322,2,0
220.708,154.773,-56.368,0.631,6.741,0.634,6.711,0.722,4.47,-3.321,0.0,0.0,-0.294,0,0.0,0.0,-0.308,2,0
220.758,155.019,-56.145,0.664,6.596,0.623,6.566,0.618,3.418,-3.326,0.0,0.0,-0.334,0,0.0,0.0,-0.278,2,0
220.858,155.474,-55.689,0.729,6.383,0.654,6.349,0.626,4.571,-0.791,0.0,0.0,-0.305,0,0.0,0.0,-0.319,0,0
220.958,155.884,-55.211,0.795,6.088,0.653,6.053,0.616,3.678,-6.163,0.0,0.0,-0.341,0,0.0,0.0,-0.305,0,0
221.058,156.227,-54.754,0.855,5.492,0.617,5.457,0.537,3.353,-5.54,0.0,0.0,-0.327,0,0.0,0.0,-0.341,1,0
221.108,156.378,-54.533,0.884,5.279,0.594,5.245,0.616,2.422,-4.707,0.0,0.0,-0.299,0,0.0,0.0,-0.313,1,0
221.208,156.64,-54.106,0.937,4.744,0.589,4.707,0.498,3.466,-6.778,0.485,0.0,-0.331,0,0.019,0.0,-0.344,1,0
221.308,156.84,-53.714,0.987,4.207,0.648,4.157,0.483,1.481,-2.787,0.878,0.0,-0.303,0,0.773,0.0,-0.317,1,0
221.408,157.006,-53.34,1.032,4.073,0.605,4.028,0.433,1.297,-0.393,0.879,0.0,-0.327,0,0.878,0.0,-0.303,1,0
221.508,157.158,-52.948,1.079,4.351,0.653,4.302,0.477,2.175,3.218,0.579,0.0,-0.301,0,0.768,0.0,-0.315,1,0
221.608,157.306,-52.518,1.126,4.666,0.633,4.623,0.468,1.855,2.43,0.31,0.0,-0.272,0,0.387,0.0,-0.286,1,0
221.708,157.444,-52.066,1.172,4.756,0.638,4.713,0.479,2.799,-0.017,0.465,0.0,-0.285,0,0.351,0.0,-0.299,1,0
221.808,157.563,-51.603,1.219,4.827,0.607,4.789,0.455,1.79,0.735,0.618,0.0,-0.255,0,0.594,0.0,-0.27,1,0
221.858,157.617,-51.366,1.241,4.911,0.584,4.876,0.439,1.649,1.808,0.484,0.0,-0.226,0,0.575,0.0,-0.24,1,0
221.958,157.718,-50.874,1.283,5.103,0.535,5.075,0.404,1.569,1.667,0.409,0.0,-0.213,0,0.484,0.0,-0.226,1,0
222.008,157.765,-50.624,1.303,5.061,0.48,5.039,0.427,1.453,-0.072,0.681,0.0,-0.198,0,0.378,0.0,-0.2,1,0
222.108,157.847,-50.128,1.338,5.043,0.442,5.024,0.351,1.477,1.305,0.71,0.0,-0.177,0,0.619,0.0,-0.187,1,0
222.208,157.917,-49.625,1.371,5.019,0.385,5.004,0.367,1.699,3.844,0.915,0.0,-0.161,0,0.504,0.0,-0.167,1,0
222.308,157.976,-49.11,1.402,5.227,0.378,5.213,0.309,0.621,-0.796,0.591,0.0,-0.143,0,0.235,0.0,-0.152,1,0
222.408,158.024,-48.595,1.431,5.138,0.323,5.128,0.286,0.637,-0.293,0.806,0.0,-0.125,0,0.721,0.0,-0.134,1,0
222.508,158.061,-48.084,1.457,5.133,0.283,5.126,0.26,0.687,1.354,0.99,0.0,-0.108,0,1.0,0.0,-0.117,1,0
222.608,158.09,-47.562,1.48,5.322,0.258,5.315,0.225,1.252,2.309,0.708,0.0,-0.092,0,0.99,0.0,-0.108,1,0
222.708,158.111,-47.03,1.5,5.325,0.216,5.32,0.188,0.878,-0.168,1.0,0.0,-0.076,0,0.708,0.0,-0.092,0,0
222.808,158.127,-46.435,1.518,6.55,0.215,6.546,0.184,1.142,13.396,1.0,0.0,-0.062,0,1.0,0.0,-0.076,2,0
222.858,158.134,-46.089,1.527,7.115,0.193,7.113,0.17,0.826,9.82,1.0,0.0,-0.048,0,1.0,0.0,-0.055,2,0
222.958,158.145,-45.324,1.543,8.049,0.153,8.047,0.146,0.769,8.136,1.0,0.0,-0.035,0,1.0,0.0,-0.042,2,0
223.058,158.151,-44.475,1.556,8.841,0.113,8.84,0.119,0.638,7.389,1.0,0.0,-0.025,0,1.0,0.0,-0.029,2,0
223.158,158.151,-43.566,1.566,9.065,0.07,9.065,0.09,0.388,-2.913,1.0,0.0,-0.019,0,1.0,0.0,-0.025,0,0
223.258,158.147,-42.642,1.573,9.547,0.042,9.547,0.063,0.415,6.433,1.0,0.0,-0.012,0,1.0,0.0,-0.015,0,0
223.308,158.144,-42.151,1.576,9.981,0.033,9.981,0.052,0.245,7.244,0.153,0.0,-0.006,0,0.257,0.0,-0.008,3,0
223.408,158.134,-41.115,1.58,10.585,0.016,10.585,0.029,0.078,2.141,0.0,0.0,-0.001,0,0.0,0.0,-0.003,3,0
223.508,158.123,-40.048,1.582,10.701,0.003,10.701,0.011,-0.04,-1.057,0.0,0.0,0.002,0,0.0,0.0,0.001,3,0
223.608,158.111,-38.986,1.582,10.565,-0.004,10.565,-0.001,-0.043,-1.666,0.027,0.0,0.002,0,0.0,0.0,0.002,3,0
223.658,158.106,-38.461,1.582,10.455,-0.005,10.455,-0.004,-0.107,-2.139,0.0,0.0,0.003,0,0.0,0.0,0.003,3,0
223.758,158.095,-37.428,1.581,10.257,-0.007,10.257,-0.009,-0.088,-1.83,0.0,1.0,0.0,0,0.0,0.0,0.003,3,0
223.858,158.085,-36.41,1.581,10.08,0.001,10.08,-0.002,0.003,-2.658,0.0,1.0,0.0,0,0.0,1.0,0.0,0,0
223.908,158.081,-35.924,1.581,9.503,0.001,9.503,-0.001,-0.01,-11.052,0.0,1.0,0.0,0,0.0,1.0,0.0,2,0
224.008,158.072,-35.034,1.58,8.497,0.001,8.497,-0.0,-0.007,-8.687,0.0,1.0,0.0,0,0.0,1.0,0.0,2,0
224.108,158.064,-34.231,1.58,7.693,0.0,7.693,-0.0,-0.003,-7.835,0.0,1.0,0.0,0,0.0,1.0,0.0,2,0
224.208,158.057,-33.502,1.58,7.018,0.0,7.018,-0.0,-0.002,-5.672,0.0,1.0,0.0,0,0.0,1.0,0.0,2,0
224.308,158.051,-32.883,1.58,5.136,0.0,5.136,0.0,-0.001,-26.914,0.0,1.0,0.0,0,0.0,1.0,0.0,0,0
224.408,158.047,-32.516,1.58,2.513,0.0,2.513,0.0,-0.0,-26.295,0.0,1.0,0.0,0,0.0,1.0,0.0,1,0
224.458,158.047,-32.431,1.58,1.21,0.0,1.21,0.0,-0.0,-24.001,0.0,1.0,0.0,0,0.0,1.0,0.0,1,0
224.558,158.046,-32.409,1.58,0.009,-0.0,-0.009,0.0,0.0,-0.061,0.0,1.0,0.0,0,0.0,1.0,0.0,1,1
224.658,158.046,-32.406,1.58,0.012,-0.0,-0.012,0.0,-0.0,0.014,0.0,1.0,0.0,0,0.0,1.0,0.0,1,1
224.758,158.046,-32.404,1.58,0.008,-0.0,-0.008,-0.0,0.0,0.04,0.0,1.0,0.0,0,0.0,1.0,0.0,1,1
224.858,158.046,-32.403,1.58,0.004,-0.0,-0.004,-0.0,0.0,0.029,0.0,1.0,0.0,0,0.0,1.0,0.0,1,1
224.958,158.046,-32.403,1.58,0.002,0.0,-0.002,-0.0,-0.0,0.013,0.0,1.0,0.0,0,0.0,1.0,0.0,1,1
225.058,158.046,-32.402,1.58,0.001,0.0,-0.001,-0.0,-0.0,0.01,0.0,1.0,0.0,0,0.0,1.0,0.0,1,1
225.158,158.046,-32.402,1.58,0.001,0.0,-0.001,-0.0,0.0,0.005,0.0,1.0,0.0,0,0.0,1.0,0.0,1,1
225.258,158.046,-32.402,1.58,0.0,0.0,-0.0,-0.0,0.0,0.003,0.0,1.0,0.0,0,0.0,1.0,0.0,1,1
225.308,158.046,-32.402,1.58,0.0,-0.0,0.0,-0.0,0.0,-0.0,0.0,1.0,0.0,0,0.0,1.0,0.0,1,1
226.308,158.046,-32.402,1.58,0.0,-0.0,0.0,-0.0,0.0,-0.0,0.0,1.0,0.0,0,0.0,1.0,0.0,1,1
227.358,158.046,-32.402,1.58,0.0,-0.0,0.0,-0.0,0.0,-0.0,0.0,1.0,0.0,0,0.0,1.0,0.0,1,1
227.858,158.046,-32.402,1.58,0.0,-0.0,0.0,-0.0,-0.0,-0.003,1.0,0.0,0.009,0,1.0,0.0,-0.016,1,1
227.958,158.046,-32.402,1.58,0.0,0.0,-0.0,0.0,0.001,-0.281,1.0,0.0,0.009,0,1.0,0.0,0.009,1,1
228.058,158.046,-32.398,1.58,0.082,-0.0,0.082,-0.0,-0.007,1.156,1.0,0.0,0.009,0,1.0,0.0,0.009,1,1
228.158,158.046,-32.386,1.58,0.188,-0.002,0.188,0.016,-0.002,4.912,1.0,0.0,0.009,0,1.0,0.0,0.009,1,0
228.258,158.046,-32.34,1.58,0.643,-0.003,0.643,-0.001,-0.022,4.167,1.0,0.0,0.008,0,1.0,0.0,0.008,1,0
228.358,158.046,-32.251,1.58,1.094,-0.006,1.094,0.017,-0.031,4.854,1.0,0.0,0.008,0,1.0,0.0,0.008,1,0
228.458,158.045,-32.111,1.58,1.647,-0.007,1.647,-0.004,-0.051,6.911,1.0,0.0,0.009,0,1.0,0.0,0.009,1,0
228.558,158.044,-31.904,1.579,2.438,-0.011,2.438,-0.013,-0.052,6.776,0.993,0.0,0.008,0,1.0,0.0,0.008,1,0
228.658,158.043,-31.622,1.579,3.157,-0.014,3.157,-0.011,-0.058,7.863,0.58,0.0,0.008,0,0.938,0.0,0.008,1,0
228.758,158.042,-31.264,1.577,3.883,-0.015,3.883,-0.011,-0.049,4.409,0.119,0.0,0.007,0,0.264,0.0,0.007,1,0
228.858,158.041,-30.855,1.576,4.191,-0.015,4.191,-0.011,-0.032,-0.111,0.294,0.0,0.006,0,0.141,0.0,0.007,1,0
228.908,158.04,-30.645,1.576,4.185,-0.015,4.185,-0.011,-0.028,-0.776,0.439,0.0,0.006,0,0.294,0.0,0.006,1,0
229.058,158.04,-30.026,1.574,4.127,-0.013,4.127,-0.005,-0.019,0.632,0.382,0.0,0.005,0,0.472,0.0,0.005,1,0
229.158,158.039,-29.611,1.574,4.191,-0.011,4.191,-0.004,-0.021,0.232,0.226,0.0,0.005,0,0.283,0.0,0.005,1,0
229.258,158.04,-29.191,1.573,4.186,-0.01,4.186,-0.003,-0.018,-0.788,0.261,0.0,0.004,0,0.225,0.0,0.004,1,0
229.358,158.04,-28.777,1.572,4.099,-0.009,4.099,-0.001,-0.01,-0.868,0.33,0.0,0.004,0,0.304,0.0,0.004,1,0
229.458,158.04,-28.372,1.572,4.022,-0.008,4.022,0.0,-0.011,-0.497,0.323,0.0,0.003,0,0.334,0.0,0.003,1,0
229.558,158.041,-27.973,1.571,3.977,-0.006,3.977,0.001,-0.005,-0.4,0.301,0.0,0.003,0,0.309,0.0,0.003,1,0
229.658,158.041,-27.577,1.571,3.935,-0.005,3.935,0.002,-0.01,-0.439,0.302,0.0,0.002,0,0.301,0.0,0.003,1,0
229.708,158.041,-27.381,1.57,3.911,-0.005,3.911,-0.01,-0.01,-0.468,0.0,1.0,0.0,0,0.31,0.0,0.002,1,0
229.808,158.042,-26.994,1.57,3.818,-0.001,3.818,-0.008,0.064,-1.4,0.0,1.0,0.0,0,0.0,1.0,0.0,1,0
229.908,158.042,-26.632,1.57,3.419,0.0,3.419,-0.01,0.006,-4.692,0.0,1.0,0.0,0,0.0,1.0,0.0,1,0
230.008,158.042,-26.321,1.57,2.863,0.0,2.863,-0.012,0.001,-5.59,0.0,1.0,0.0,0,0.0,1.0,0.0,1,0
230.108,158.043,-26.066,1.57,2.286,0.0,2.286,0.0,-0.085,-23.433,0.0,1.0,0.0,0,0.0,1.0,0.0,1,0
230.208,158.043,-25.969,1.572,0.015,-0.002,0.015,0.0,0.025,-0.353,0.0,1.0,0.0,0,0.0,1.0,0.0,1,1
230.308,158.043,-25.968,1.572,0.006,-0.0,-0.006,0.0,0.002,-0.006,0.0,1.0,0.0,0,0.0,1.0,0.0,1,1
230.408,158.043,-25.967,1.572,0.006,0.0,-0.006,0.0,-0.0,0.022,0.0,1.0,0.0,0,0.0,1.0,0.0,1,1
230.508,158.043,-25.966,1.572,0.003,0.0,-0.003,0.0,-0.0,0.017,0.0,1.0,0.0,0,0.0,1.0,0.0,1,1
230.608,158.043,-25.966,1.572,0.002,0.0,-0.002,0.0,-0.0,0.01,0.0,1.0,0.0,0,0.0,1.0,0.0,1,1
230.708,158.043,-25.966,1.572,0.001,0.0,-0.001,0.0,-0.0,0.006,0.0,1.0,0.0,0,0.0,1.0,0.0,1,1
230.858,158.043,-25.965,1.572,0.0,0.0,-0.0,-0.0,-0.0,0.003,0.0,1.0,0.0,0,0.0,1.0,0.0,1,1
230.958,158.043,-25.965,1.572,0.0,0.0,-0.0,-0.0,-0.0,0.004,0.0,1.0,0.0,0,0.0,1.0,0.0,1,1
231.058,158.043,-25.965,1.572,0.0,-0.0,0.0,-0.0,0.0,-0.0,0.0,1.0,0.0,0,0.0,1.0,0.0,1,1
232.058,158.043,-25.965,1.572,0.0,-0.0,0.0,-0.0,0.0,-0.0,0.0,1.0,0.0,0,0.0,1.0,0.0,1,1
233.058,158.043,-25.965,1.572,0.0,-0.0,0.0,-0.0,0.0,-0.0,0.0,1.0,0.0,0,0.0,1.0,0.0,1,1
234.108,158.043,-25.965,1.572,0.0,-0.0,0.0,-0.0,0.0,-0.0,0.0,1.0,0.0,0,0.0,1.0,0.0,1,1
235.108,158.043,-25.965,1.572,0.0,-0.0,0.0,-0.0,0.0,-0.0,0.0,1.0,0.0,0,0.0,1.0,0.0,1,1
236.158,158.043,-25.965,1.572,0.0,-0.0,0.0,-0.0,0.0,-0.0,0.0,1.0,0.0,0,0.0,1.0,0.0,1,1
237.158,158.043,-25.965,1.572,0.0,-0.0,0.0,-0.0,0.0,-0.0,0.0,1.0,0.0,0,0.0,1.0,0.0,1,1
238.158,158.043,-25.965,1.572,0.0,-0.0,0.0,-0.0,0.0,-0.0,0.0,1.0,0.0,0,0.0,1.0,0.0,1,1
239.158,158.043,-25.965,1.572,0.0,-0.0,0.0,-0.0,0.0,-0.0,0.0,1.0,0.0,0,0.0,1.0,0.0,1,1
240.158,158.043,-25.965,1.572,0.0,-0.0,0.0,-0.0,0.0,-0.0,0.0,1.0,0.0,0,0.0,1.0,0.0,1,1
241.208,158.043,-25.965,1.572,0.0,-0.0,0.0,-0.0,0.0,-0.0,0.0,1.0,0.0,0,0.0,1.0,0.0,1,1
242.258,158.043,-25.965,1.572,0.0,-0.0,0.0,-0.0,0.0,-0.0,0.0,1.0,0.0,0,0.0,1.0,0.0,1,1
243.358,158.043,-25.965,1.572,0.0,-0.0,0.0,-0.0,0.0,-0.0,0.0,1.0,0.0,0,0.0,1.0,0.0,1,1
244.408,158.043,-25.965,1.572,0.0,-0.0,0.0,-0.0,0.0,-0.0,0.0,1.0,0.0,0,0.0,1.0,0.0,1,1
245.408,158.043,-25.965,1.572,0.0,-0.0,0.0,-0.0,0.0,-0.0,0.0,1.0,0.0,0,0.0,1.0,0.0,1,1
246.258,158.043,-25.965,1.572,0.0,-0.0,0.0,-0.0,0.0,-0.0,1.0,0.0,0.004,0,0.0,1.0,0.0,1,1
246.358,158.043,-25.965,1.572,0.0,0.0,-0.0,0.0,0.0,-0.0,1.0,0.0,0.004,0,1.0,0.0,0.004,1,1
246.458,158.043,-25.962,1.572,0.081,-0.0,0.081,-0.0,-0.004,1.917,1.0,0.0,0.004,0,1.0,0.0,0.004,1,1
246.558,158.043,-25.946,1.572,0.332,-0.001,0.332,0.001,0.0,3.519,1.0,0.0,0.004,0,1.0,0.0,0.004,1,0
246.658,158.043,-25.895,1.572,0.67,-0.003,0.67,0.01,0.024,3.859,1.0,0.0,0.003,0,1.0,0.0,0.003,1,0
246.758,158.043,-25.802,1.572,1.119,-0.002,1.119,0.001,-0.012,5.262,1.0,0.0,0.003,0,1.0,0.0,0.003,1,0
246.858,158.043,-25.66,1.572,1.702,-0.004,1.702,-0.006,-0.015,5.548,1.0,0.0,0.004,0,1.0,0.0,0.004,1,0
246.958,158.044,-25.457,1.572,2.305,-0.004,2.305,-0.012,-0.024,7.299,1.0,0.0,0.003,0,1.0,0.0,0.004,1,0
247.058,158.044,-25.185,1.572,3.1,-0.005,3.1,-0.004,-0.023,8.279,0.529,0.0,0.003,0,0.969,0.0,0.003,1,0
247.158,158.044,-24.83,1.571,3.866,-0.006,3.866,-0.004,-0.019,4.503,0.099,0.0,0.003,0,0.252,0.0,0.003,1,0
247.258,158.045,-24.422,1.571,4.176,-0.006,4.176,-0.004,-0.012,-0.159,0.311,0.0,0.003,0,0.144,0.0,0.003,1,0
247.358,158.045,-24.007,1.57,4.13,-0.005,4.13,-0.004,0.004,-0.471,0.52,0.0,0.002,0,0.461,0.0,0.002,1,0
247.458,158.046,-23.597,1.57,4.121,-0.004,4.121,-0.003,-0.005,0.301,0.377,0.0,0.002,0,0.52,0.0,0.002,1,0
247.558,158.047,-23.181,1.57,4.2,-0.004,4.2,-0.003,0.005,0.243,0.212,0.0,0.001,0,0.276,0.0,0.001,1,0
247.658,158.048,-22.76,1.569,4.195,-0.003,4.195,-0.002,-0.003,-0.87,0.26,0.0,0.001,0,0.223,0.0,0.001,1,0
247.758,158.048,-22.346,1.569,4.104,-0.002,4.104,-0.002,-0.004,-0.906,0.332,0.0,0.001,0,0.313,0.0,0.001,1,0
247.858,158.049,-21.94,1.569,4.027,-0.002,4.027,-0.001,0.001,-0.501,0.318,0.0,0.001,0,0.34,0.0,0.001,1,0
247.958,158.05,-21.54,1.569,3.985,-0.001,3.985,-0.001,-0.001,-0.433,0.293,0.0,0.001,0,0.309,0.0,0.001,1,0
248.058,158.051,-21.144,1.569,3.942,-0.001,3.942,-0.001,0.006,-0.53,0.305,0.0,0.0,0,0.303,0.0,0.0,1,0
248.158,158.052,-20.753,1.569,3.893,-0.001,3.893,-0.0,0.0,-0.472,0.326,0.0,0.0,0,0.325,0.0,0.0,1,0
248.258,158.052,-20.366,1.569,3.853,-0.0,3.853,-0.0,-0.0,-0.321,0.332,0.0,-0.0,0,0.339,0.0,0.0,1,0
248.358,158.053,-19.982,1.569,3.827,-0.0,3.827,-0.0,0.002,-0.228,0.331,0.0,-0.0,0,0.339,0.0,-0.0,1,0
248.458,158.054,-19.601,1.569,3.808,0.0,3.808,0.0,0.001,-0.139,0.339,0.0,-0.0,0,0.331,0.0,-0.0,1,0
248.508,158.054,-19.41,1.569,3.799,0.0,3.799,0.0,0.0,-0.107,0.344,0.0,-0.0,0,0.334,0.0,-0.0,1,0
248.608,158.055,-19.031,1.569,3.786,0.0,3.786,0.0,0.002,-0.061,0.349,0.0,-0.0,0,0.339,0.0,-0.0,1,0
248.708,158.056,-18.653,1.569,3.777,0.0,3.777,0.0,0.001,-0.016,0.35,0.0,-0.0,0,0.342,0.0,-0.0,1,0
248.808,158.056,-18.275,1.569,3.773,0.0,3.773,0.0,0.001,0.009,0.35,0.0,-0.0,0,0.343,0.0,-0.0,1,0
248.908,158.057,-17.898,1.569,3.771,0.0,3.771,0.0,0.002,0.021,0.351,0.0,-0.0,0,0.343,0.0,-0.0,1,0
249.008,158.058,-17.521,1.569,3.77,0.0,3.77,0.0,0.001,0.031,0.352,0.0,-0.0,0,0.344,0.0,-0.0,1,0
249.108,158.058,-17.144,1.569,3.77,0.0,3.77,0.0,0.003,0.04,0.352,0.0,-0.0,0,0.345,0.0,-0.0,1,0
249.208,158.059,-16.767,1.569,3.771,0.001,3.771,0.0,0.001,0.044,0.352,0.0,-0.0,0,0.344,0.0,-0.0,1,0
249.308,158.059,-16.39,1.569,3.772,0.001,3.772,0.0,0.001,-0.024,0.352,0.0,-0.0,0,0.352,0.0,-0.0,1,0
249.408,158.06,-16.012,1.569,3.773,0.001,3.773,0.0,0.002,-0.024,0.344,0.0,-0.0,0,0.352,0.0,-0.0,1,0
249.458,158.06,-15.824,1.569,3.775,0.001,3.775,0.0,0.001,-0.025,0.344,0.0,-0.0,0,0.352,0.0,-0.0,1,0
249.608,158.061,-15.257,1.569,3.774,0.0,3.774,0.0,0.001,-0.026,0.344,0.0,-0.0,0,0.352,0.0,-0.0,1,0
249.708,158.062,-14.88,1.569,3.775,0.001,3.775,0.0,0.002,-0.027,0.344,0.0,-0.0,0,0.352,0.0,-0.0,1,0
249.808,158.062,-14.502,1.569,3.776,0.0,3.776,0.0,0.001,-0.029,0.344,0.0,-0.0,0,0.352,0.0,-0.0,1,0
249.908,158.063,-14.125,1.569,3.776,0.0,3.776,0.0,0.001,-0.03,0.351,0.0,-0.0,0,0.352,0.0,-0.0,1,0
250.008,158.063,-13.747,1.569,3.776,0.0,3.776,0.0,0.001,-0.031,0.344,0.0,-0.0,0,0.351,0.0,-0.0,1,0
250.108,158.064,-13.369,1.569,3.777,0.0,3.777,0.0,0.001,-0.032,0.344,0.0,-0.0,0,0.351,0.0,-0.0,1,0
250.208,158.064,-12.991,1.569,3.777,0.0,3.777,0.0,0.0,-0.033,0.344,0.0,-0.0,0,0.351,0.0,-0.0,1,0
250.308,158.065,-12.614,1.569,3.777,0.0,3.777,0.0,0.001,0.035,0.351,0.0,-0.0,0,0.344,0.0,-0.0,1,0
250.408,158.065,-12.236,1.569,3.777,0.0,3.777,0.0,0.001,0.035,0.351,0.0,-0.0,0,0.344,0.0,-0.0,1,0
250.508,158.066,-11.858,1.569,3.777,0.0,3.777,0.0,0.0,0.034,0.351,0.0,-0.0,0,0.344,0.0,-0.0,1,0
250.608,158.066,-11.48,1.569,3.777,0.0,3.777,0.0,0.001,0.034,0.351,0.0,-0.0,0,0.344,0.0,-0.0,1,0
250.708,158.067,-11.102,1.57,3.777,0.0,3.777,0.0,0.001,0.034,0.351,0.0,0.002,0,0.344,0.0,-0.0,1,0
250.858,158.068,-10.536,1.569,3.779,-0.004,3.779,-0.003,-0.031,0.034,0.351,0.0,0.002,0,0.344,0.0,0.002,1,0
250.958,158.069,-10.158,1.569,3.779,-0.004,3.779,-0.003,-0.014,0.034,0.351,0.0,0.022,0,0.344,0.0,0.002,1,0
251.058,158.073,-9.78,1.566,3.778,-0.041,3.778,-0.032,-0.169,-0.034,0.344,0.0,0.023,0,0.352,0.0,0.023,1,0
251.158,158.079,-9.403,1.563,3.779,-0.044,3.778,-0.032,-0.135,0.038,0.351,0.0,0.059,0,0.344,0.0,0.023,1,0
251.208,158.085,-9.214,1.56,3.775,-0.092,3.774,-0.071,-0.612,0.009,0.356,0.0,0.06,0,0.343,0.0,0.06,1,0
251.308,158.101,-8.837,1.552,3.775,-0.111,3.774,-0.082,-0.32,0.047,0.352,0.0,0.106,0,0.346,0.0,0.058,1,0
251.408,158.122,-8.46,1.543,3.773,-0.173,3.769,-0.13,-0.935,-0.028,0.361,0.0,0.105,0,0.342,0.0,0.106,1,0
251.508,158.154,-8.084,1.528,3.774,-0.196,3.769,-0.143,-0.594,-0.041,0.353,0.0,0.159,0,0.361,0.0,0.105,1,0
251.608,158.194,-7.708,1.512,3.771,-0.263,3.762,-0.196,-1.243,-0.084,0.367,0.0,0.155,0,0.341,0.0,0.158,1,0
251.708,158.247,-7.335,1.492,3.772,-0.287,3.761,-0.209,-0.763,0.051,0.353,0.0,0.213,0,0.353,0.0,0.151,1,0
251.808,158.31,-6.963,1.469,3.77,-0.356,3.753,-0.263,-1.533,-0.156,0.372,0.0,0.207,0,0.34,0.0,0.211,1,0
251.908,158.389,-6.595,1.441,3.771,-0.38,3.752,-0.276,-0.995,0.035,0.354,0.0,0.265,0,0.357,0.0,0.201,1,0
252.058,158.534,-6.049,1.395,3.769,-0.471,3.74,-0.346,-1.765,-0.231,0.376,0.0,0.256,0,0.338,0.0,0.262,1,0
252.158,158.652,-5.691,1.359,3.763,-0.547,3.723,-0.404,-2.986,-0.614,0.354,0.0,0.318,0,0.359,0.0,0.322,1,0
252.258,158.79,-5.342,1.318,3.772,-0.569,3.729,-0.413,-1.642,-0.091,0.365,0.0,0.302,0,0.382,0.0,0.311,1,0
252.358,158.944,-4.997,1.276,3.771,-0.633,3.718,-0.465,-2.044,-0.445,0.381,0.0,0.358,0,0.334,0.0,0.366,1,0
252.458,159.119,-4.664,1.229,3.773,-0.652,3.716,-0.473,-1.837,-0.252,0.353,0.0,0.42,0,0.381,0.0,0.358,1,0
252.558,159.316,-4.345,1.177,3.761,-0.748,3.686,-0.547,-1.851,-0.248,0.367,0.0,0.399,0,0.401,0.0,0.411,1,0
252.658,159.531,-4.037,1.123,3.786,-0.733,3.714,-0.531,-3.375,-1.095,0.321,0.0,0.461,0,0.354,0.0,0.47,1,0
252.758,159.767,-3.744,1.065,3.768,-0.82,3.678,-0.601,-1.99,-0.427,0.37,0.0,0.519,0,0.399,0.0,0.451,1,0
252.858,160.023,-3.47,1.004,3.755,-0.886,3.649,-0.651,-2.63,-0.673,0.409,0.0,0.496,0,0.363,0.0,0.509,1,0
252.958,160.299,-3.217,0.939,3.772,-0.898,3.664,-0.652,-1.954,-0.131,0.339,0.0,0.559,0,0.38,0.0,0.482,1,0
253.058,160.593,-2.981,0.874,3.773,-0.954,3.651,-0.701,-2.802,-0.921,0.4,0.0,0.533,0,0.322,0.0,0.547,1,0
253.158,160.905,-2.772,0.804,3.775,-0.964,3.649,-0.7,-2.025,-0.288,0.355,0.0,0.5,0,0.385,0.0,0.516,1,0
253.258,161.23,-2.581,0.736,3.805,-0.922,3.692,-0.666,-2.991,-1.063,0.311,0.0,0.52,0,0.333,0.0,0.535,1,0
253.358,161.568,-2.413,0.668,3.792,-0.943,3.673,-0.686,-2.416,-0.682,0.373,0.0,0.503,0,0.311,0.0,0.52,1,0
253.408,161.741,-2.336,0.634,3.791,-0.916,3.679,-0.659,-1.968,-0.356,0.351,0.0,0.471,0,0.352,0.0,0.487,1,0
253.508,162.093,-2.197,0.571,3.803,-0.864,3.703,-0.619,-1.821,-0.346,0.332,0.0,0.46,0,0.328,0.0,0.456,1,0
253.608,162.451,-2.075,0.51,3.798,-0.832,3.706,-0.6,-1.86,-0.483,0.356,0.0,0.43,0,0.323,0.0,0.445,1,0
253.708,162.815,-1.972,0.452,3.791,-0.787,3.708,-0.565,-1.652,-0.311,0.35,0.0,0.402,0,0.342,0.0,0.416,1,0
253.808,163.183,-1.885,0.397,3.792,-0.738,3.719,-0.53,-1.489,-0.236,0.342,0.0,0.37,0,0.332,0.0,0.387,1,0
253.908,163.555,-1.813,0.346,3.792,-0.684,3.73,-0.49,-1.213,-0.306,0.341,0.0,0.34,0,0.342,0.0,0.37,1,0
254.008,163.929,-1.753,0.299,3.788,-0.629,3.736,-0.451,-1.1,-0.318,0.347,0.0,0.313,0,0.341,0.0,0.34,1,0
254.108,164.304,-1.706,0.256,3.783,-0.58,3.738,-0.415,-1.032,-0.305,0.334,0.0,0.301,0,0.347,0.0,0.313,1,0
254.158,164.492,-1.686,0.235,3.784,-0.561,3.742,-0.406,-0.986,-0.266,0.335,0.0,0.28,0,0.351,0.0,0.29,1,0
254.258,164.868,-1.656,0.197,3.781,-0.521,3.745,-0.378,-1.098,-0.11,1.0,0.0,0.229,0,0.335,0.0,0.28,1,0
254.308,165.057,-1.645,0.179,3.789,-0.502,3.756,-0.36,-0.337,1.735,1.0,0.0,0.207,0,1.0,0.0,0.229,1,0
254.408,165.447,-1.624,0.147,4.07,-0.427,4.048,-0.306,-1.121,5.249,1.0,0.0,0.151,0,1.0,0.0,0.196,1,0
254.508,165.885,-1.604,0.118,4.645,-0.362,4.63,-0.265,-0.768,6.478,1.0,0.0,0.127,0,1.0,0.0,0.138,1,0
254.558,166.127,-1.594,0.105,4.971,-0.338,4.959,-0.252,-0.911,6.71,1.0,0.0,0.116,0,1.0,0.0,0.127,1,0
254.658,166.659,-1.575,0.081,5.492,-0.298,5.484,-0.241,-0.468,1.906,1.0,0.0,0.095,0,1.0,0.0,0.105,1,0
254.758,167.221,-1.561,0.059,5.842,-0.238,5.837,-0.21,-0.852,5.021,1.0,0.0,0.086,0,1.0,0.0,0.095,1,0
254.808,167.513,-1.556,0.049,5.851,-0.219,5.847,-0.197,-0.344,0.001,1.0,0.0,0.067,0,1.0,0.0,0.077,0,0
254.908,168.1,-1.55,0.032,6.038,-0.172,6.035,-0.155,-0.965,14.205,1.0,0.0,0.053,0,1.0,0.0,0.06,2,0
254.958,168.425,-1.549,0.024,6.749,-0.169,6.747,-0.152,-0.88,11.689,1.0,0.0,0.045,0,1.0,0.0,0.053,2,0
255.008,168.781,-1.549,0.017,7.334,-0.159,7.333,-0.145,-0.74,10.13,1.0,0.0,0.039,0,1.0,0.0,0.045,2,0
255.108,169.57,-1.555,0.004,8.295,-0.125,8.294,-0.123,-0.651,8.315,1.0,0.0,0.027,0,1.0,0.0,0.033,2,0
255.158,169.997,-1.56,-0.002,8.711,-0.107,8.71,-0.112,-0.441,3.665,1.0,0.0,0.022,0,1.0,0.0,0.027,2,0
255.258,170.891,-1.574,-0.012,9.042,-0.065,9.041,-0.082,-0.291,-3.41,1.0,0.0,0.012,0,1.0,0.0,0.018,0,0
255.308,171.337,-1.583,-0.015,8.871,-0.047,8.871,-0.067,-0.336,11.844,1.0,0.0,0.009,0,1.0,0.0,0.012,3,0
255.408,172.287,-1.603,-0.02,9.893,-0.027,9.892,-0.042,-0.14,7.519,1.0,0.0,0.003,0,1.0,0.0,0.005,3,0
255.508,173.316,-1.627,-0.023,10.608,-0.01,10.608,-0.02,-0.109,6.801,1.0,0.0,0.0,0,1.0,0.0,0.003,3,0
255.558,173.856,-1.64,-0.024,10.924,-0.002,10.924,-0.011,0.014,5.997,1.0,0.0,-0.003,0,1.0,0.0,-0.001,3,0
255.658,174.981,-1.666,-0.024,11.513,0.007,11.513,0.004,0.104,5.64,1.0,0.0,-0.004,0,1.0,0.0,-0.003,3,0
255.708,175.565,-1.68,-0.024,11.795,0.008,11.795,0.008,0.177,5.546,1.0,0.0,-0.004,0,1.0,0.0,-0.004,3,0
255.758,176.163,-1.694,-0.023,12.073,0.01,12.073,0.013,0.166,5.485,1.0,0.0,-0.005,0,1.0,0.0,-0.004,3,0
255.858,177.4,-1.72,-0.022,12.619,0.01,12.619,0.018,0.246,0.862,1.0,0.0,-0.005,0,1.0,0.0,-0.006,3,0
255.958,178.669,-1.746,-0.02,12.727,0.008,12.727,0.021,0.256,2.013,1.0,0.0,-0.004,0,1.0,0.0,-0.005,0,0
256.058,179.955,-1.769,-0.018,13.132,0.005,13.132,0.021,0.26,5.497,1.0,0.0,-0.005,0,1.0,0.0,-0.005,4,0
256.158,181.298,-1.791,-0.016,13.664,0.004,13.664,0.021,0.269,5.154,1.0,0.0,-0.004,0,1.0,0.0,-0.005,4,0
256.208,181.989,-1.801,-0.015,13.91,0.002,13.91,0.019,0.246,4.772,1.0,0.0,-0.004,0,1.0,0.0,-0.004,4,0
256.308,183.406,-1.821,-0.013,14.383,0.001,14.383,0.018,0.214,4.602,1.0,0.0,-0.003,0,1.0,0.0,-0.003,4,0
256.358,184.132,-1.83,-0.012,14.613,-0.001,14.613,0.016,0.221,4.558,1.0,0.0,-0.003,0,1.0,0.0,-0.003,4,0
256.458,185.618,-1.846,-0.01,15.067,-0.002,15.067,0.015,0.217,4.51,1.0,0.0,-0.002,0,1.0,0.0,-0.003,4,0
256.558,187.15,-1.861,-0.009,15.517,-0.004,15.517,0.013,0.187,4.499,1.0,0.0,-0.002,0,1.0,0.0,-0.002,4,0
256.608,187.932,-1.868,-0.008,15.742,-0.004,15.742,0.012,0.186,4.488,1.0,0.0,-0.002,0,1.0,0.0,-0.002,4,0
256.708,189.53,-1.881,-0.007,16.113,-0.005,16.113,0.011,0.18,2.935,0.962,0.0,-0.002,0,1.0,0.0,-0.002,4,0
256.758,190.336,-1.887,-0.007,16.125,-0.005,16.125,0.01,0.157,-0.259,1.0,0.0,-0.002,0,0.962,0.0,-0.002,0,0
256.858,191.956,-1.898,-0.006,16.387,-0.005,16.387,0.009,0.143,4.597,0.522,0.0,-0.001,0,1.0,0.0,-0.001,5,0
256.958,193.62,-1.907,-0.005,16.818,-0.005,16.818,0.008,0.12,2.801,0.329,0.0,-0.001,0,0.435,0.0,-0.001,5,0
257.058,195.315,-1.915,-0.004,17.043,-0.005,17.043,0.007,0.118,1.715,0.316,0.0,-0.001,0,0.329,0.0,-0.001,5,0
257.158,197.024,-1.922,-0.004,17.11,-0.004,17.11,0.006,0.108,0.413,0.332,0.0,-0.001,0,0.325,0.0,-0.001,5,0
257.258,198.735,-1.929,-0.003,17.113,-0.004,17.113,0.005,0.097,-0.054,0.321,0.0,-0.001,0,0.332,0.0,-0.001,5,0
257.308,199.59,-1.931,-0.003,17.104,-0.004,17.104,0.005,0.079,-0.275,0.292,0.0,-0.001,0,0.307,0.0,-0.001,5,0
257.408,201.298,-1.936,-0.002,17.072,-0.003,17.072,0.004,0.074,-0.364,0.272,0.0,-0.001,0,0.292,0.0,-0.001,5,0
257.458,202.151,-1.938,-0.002,17.05,-0.003,17.05,0.004,0.065,-0.512,0.267,0.0,-0.001,0,0.272,0.0,-0.001,5,0
257.558,203.853,-1.942,-0.002,16.996,-0.002,16.996,0.003,0.056,-0.602,0.267,0.0,-0.0,0,0.266,0.0,-0.0,5,0
257.608,204.702,-1.943,-0.002,16.966,-0.002,16.966,0.003,0.047,-0.624,0.271,0.0,-0.0,0,0.267,0.0,-0.0,5,0
257.708,206.395,-1.946,-0.001,16.903,-0.002,16.903,0.002,0.041,-0.628,0.282,0.0,-0.0,0,0.276,0.0,-0.0,5,0
257.808,208.082,-1.949,-0.001,16.841,-0.002,16.841,0.002,0.035,-0.591,0.299,0.0,-0.0,0,0.29,0.0,-0.0,5,0
257.908,209.763,-1.951,-0.001,16.784,-0.001,16.784,0.002,0.032,-0.561,0.308,0.0,-0.0,0,0.299,0.0,-0.0,5,0
257.958,210.601,-1.952,-0.001,16.758,-0.001,16.758,0.002,0.025,-0.486,0.327,0.0,-0.0,0,0.317,0.0,-0.0,5,0
258.058,212.275,-1.953,-0.001,16.711,-0.001,16.711,0.001,0.023,-0.444,0.336,0.0,-0.0,0,0.327,0.0,-0.0,5,0
258.108,213.11,-1.954,-0.001,16.691,-0.001,16.691,0.001,0.02,-0.354,0.354,0.0,-0.0,0,0.345,0.0,-0.0,5,0
258.208,214.777,-1.956,-0.001,16.658,-0.001,16.658,0.001,0.017,-0.263,0.37,0.0,-0.0,0,0.363,0.0,-0.0,5,0
258.308,216.441,-1.957,-0.001,16.634,-0.001,16.634,0.001,0.014,-0.22,0.378,0.0,-0.0,0,0.37,0.0,-0.0,5,0
258.358,217.273,-1.957,-0.001,16.625,-0.001,16.625,0.001,0.012,-0.139,0.39,0.0,-0.0,0,0.384,0.0,-0.0,5,0
258.458,218.934,-1.958,-0.0,16.613,-0.0,16.613,0.001,0.012,-0.102,0.399,0.0,-0.0,0,0.39,0.0,-0.0,5,0
258.558,220.595,-1.959,-0.0,16.607,-0.0,16.607,0.001,0.01,-0.039,0.403,0.0,-0.0,0,0.399,0.0,-0.0,5,0
258.608,221.426,-1.959,-0.0,16.607,-0.0,16.607,0.0,0.008,0.011,0.409,0.0,-0.0,0,0.406,0.0,-0.0,5,0
258.708,223.087,-1.96,-0.0,16.609,-0.0,16.609,0.0,0.007,0.047,0.412,0.0,-0.0,0,0.411,0.0,-0.0,5,0
258.808,224.748,-1.961,-0.0,16.614,-0.0,16.614,0.0,0.006,0.071,0.413,0.0,-0.0,0,0.413,0.0,-0.0,5,0
258.908,226.41,-1.961,-0.0,16.622,-0.0,16.622,0.0,0.005,0.079,0.413,0.0,-0.0,0,0.413,0.0,-0.0,5,0
258.958,227.241,-1.961,-0.0,16.626,-0.0,16.626,0.0,0.005,0.087,0.412,0.0,-0.0,0,0.413,0.0,-0.0,5,0
259.058,228.904,-1.962,-0.0,16.635,-0.0,16.635,0.0,0.004,0.087,0.41,0.0,-0.0,0,0.411,0.0,-0.0,5,0
259.158,230.568,-1.962,-0.0,16.643,-0.0,16.643,0.0,0.004,0.084,0.409,0.0,-0.0,0,0.41,0.0,-0.0,5,0
259.208,231.4,-1.962,-0.0,16.647,-0.0,16.647,0.0,0.003,0.077,0.407,0.0,-0.0,0,0.408,0.0,-0.0,5,0
259.308,233.065,-1.963,-0.0,16.655,-0.0,16.655,0.0,0.003,0.066,0.404,0.0,-0.0,0,0.406,0.0,-0.0,5,0
259.408,234.731,-1.963,-0.0,16.661,-0.0,16.661,0.0,0.003,0.059,0.402,0.0,-0.0,0,0.404,0.0,-0.0,5,0
259.458,235.564,-1.963,-0.0,16.664,-0.0,16.664,0.0,0.002,0.047,0.401,0.0,-0.0,0,0.402,0.0,-0.0,5,0
259.558,237.231,-1.964,-0.0,16.668,-0.0,16.668,0.0,0.002,0.034,0.399,0.0,-0.0,0,0.4,0.0,-0.0,5,0
259.658,238.898,-1.964,-0.0,16.671,-0.0,16.671,0.0,0.002,0.023,0.397,0.0,-0.0,0,0.398,0.0,-0.0,5,0
259.758,240.565,-1.964,-0.0,16.673,-0.0,16.673,0.0,0.001,0.018,0.396,0.0,-0.0,0,0.397,0.0,-0.0,5,0
259.808,241.399,-1.964,-0.0,16.674,-0.0,16.674,0.0,0.001,0.008,0.395,0.0,-0.0,0,0.396,0.0,-0.0,5,0
259.908,243.066,-1.965,-0.0,16.674,-0.0,16.674,0.0,0.001,0.001,0.394,0.0,-0.0,0,0.395,0.0,-0.0,5,0
260.008,244.733,-1.965,-0.0,16.674,-0.0,16.674,0.0,0.001,-0.004,0.394,0.0,-0.0,0,0.394,0.0,-0.0,5,0
260.108,246.401,-1.965,-0.0,16.674,-0.0,16.674,0.0,0.001,-0.006,0.394,0.0,-0.0,0,0.394,0.0,-0.0,5,0
260.158,247.235,-1.965,-0.0,16.673,-0.0,16.673,0.0,0.001,-0.009,0.393,0.0,-0.0,0,0.393,0.0,-0.0,5,0
260.258,248.902,-1.965,-0.0,16.672,-0.0,16.672,0.0,0.001,-0.011,0.393,0.0,-0.0,0,0.393,0.0,-0.0,5,0
260.408,251.403,-1.966,-0.0,16.671,-0.0,16.671,0.0,0.0,-0.011,0.394,0.0,-0.0,0,0.393,0.0,-0.0,5,0
260.508,253.07,-1.966,-0.0,16.67,-0.0,16.67,0.0,0.0,-0.011,0.394,0.0,-0.0,0,0.394,0.0,-0.0,5,0
260.558,253.903,-1.966,-0.0,16.669,0.0,16.669,0.0,0.0,-0.01,0.394,0.0,-0.0,0,0.394,0.0,-0.0,5,0
260.658,255.57,-1.966,-0.0,16.668,0.0,16.668,0.0,0.0,-0.008,0.394,0.0,-0.0,0,0.394,0.0,-0.0,5,0
260.758,257.237,-1.966,-0.0,16.667,0.0,16.667,0.0,0.0,-0.007,0.395,0.0,-0.0,0,0.395,0.0,-0.0,5,0
260.858,258.903,-1.967,-0.0,16.667,-0.0,16.667,0.0,0.0,-0.005,0.395,0.0,-0.0,0,0.395,0.0,-0.0,5,0
260.958,260.57,-1.967,-0.0,16.666,0.0,16.666,0.0,0.0,-0.004,0.395,0.0,-0.0,0,0.395,0.0,-0.0,5,0
261.008,261.403,-1.967,-0.0,16.666,-0.0,16.666,0.0,0.0,-0.003,0.395,0.0,-0.0,0,0.395,0.0,-0.0,5,0
261.108,263.07,-1.967,-0.0,16.666,0.0,16.666,0.0,0.0,-0.002,0.396,0.0,-0.0,0,0.396,0.0,-0.0,5,0
261.208,264.736,-1.967,-0.0,16.666,0.0,16.666,0.0,0.0,-0.001,0.396,0.0,-0.0,0,0.396,0.0,-0.0,5,0
261.308,266.403,-1.967,-0.0,16.666,-0.0,16.666,0.0,0.0,-0.0,0.396,0.0,-0.0,0,0.396,0.0,-0.0,5,0
261.408,268.07,-1.968,-0.0,16.666,0.0,16.666,0.0,0.0,0.001,0.396,0.0,-0.0,0,0.396,0.0,-0.0,5,0
261.458,268.903,-1.968,-0.0,16.666,0.0,16.666,0.0,0.0,0.001,0.396,0.0,-0.0,0,0.396,0.0,-0.0,5,0
261.558,270.57,-1.968,-0.0,16.666,0.0,16.666,0.0,0.0,0.001,0.396,0.0,-0.0,0,0.396,0.0,-0.0,5,0
261.658,272.236,-1.968,-0.0,16.666,0.0,16.666,0.0,0.0,0.001,0.396,0.0,-0.0,0,0.396,0.0,-0.0,5,0
261.758,273.903,-1.968,-0.0,16.666,0.0,16.666,0.0,0.0,0.001,0.396,0.0,-0.0,0,0.396,0.0,-0.0,5,0
261.808,274.736,-1.968,-0.0,16.666,0.0,16.666,0.0,0.0,0.001,0.396,0.0,-0.0,0,0.396,0.0,-0.0,5,0
261.908,276.403,-1.968,-0.0,16.666,0.0,16.666,0.0,0.0,0.001,0.396,0.0,0.0,0,0.396,0.0,-0.0,5,0
262.008,278.069,-1.969,-0.0,16.666,-0.0,16.666,-0.0,-0.002,0.001,0.396,0.0,0.0,0,0.396,0.0,0.0,5,0
262.108,279.736,-1.969,-0.0,16.667,-0.0,16.667,-0.0,-0.004,0.001,0.396,0.0,0.0,0,0.396,0.0,0.0,5,0
262.208,281.403,-1.969,-0.0,16.667,-0.0,16.667,-0.0,-0.005,0.001,0.396,0.0,0.0,0,0.396,0.0,0.0,5,0
262.308,283.069,-1.969,-0.0,16.667,-0.0,16.667,-0.0,-0.007,0.0,0.396,0.0,0.0,0,0.396,0.0,0.0,5,0
262.408,284.736,-1.97,-0.0,16.667,0.0,16.667,-0.001,-0.007,0.0,0.396,0.0,0.0,0,0.396,0.0,0.0,5,0
262.508,286.402,-1.97,-0.0,16.667,0.0,16.667,-0.0,-0.007,0.0,0.396,0.0,0.0,0,0.396,0.0,0.0,5,0
262.608,288.069,-1.971,-0.0,16.667,0.0,16.667,-0.0,-0.007,0.0,0.396,0.0,0.0,0,0.396,0.0,0.0,5,0
262.658,288.902,-1.971,-0.0,16.667,0.0,16.667,-0.0,-0.006,0.0,0.396,0.0,0.0,0,0.396,0.0,0.0,5,0
262.758,290.569,-1.972,-0.0,16.667,0.0,16.667,-0.0,-0.005,-0.0,0.396,0.0,0.0,0,0.396,0.0,0.0,5,0
262.858,292.235,-1.972,-0.0,16.667,0.0,16.667,-0.0,-0.004,-0.0,0.396,0.0,0.0,0,0.396,0.0,0.0,5,0
262.958,293.902,-1.973,-0.0,16.667,0.0,16.667,-0.0,-0.003,-0.0,0.396,0.0,0.0,0,0.396,0.0,0.0,5,0
263.058,295.569,-1.974,-0.0,16.667,0.0,16.667,-0.0,-0.002,-0.0,0.396,0.0,0.0,0,0.396,0.0,0.0,5,0
263.158,297.235,-1.974,-0.0,16.667,0.0,16.667,-0.0,-0.002,-0.205,0.0,0.0,0.0,0,0.0,0.0,0.0,5,0
263.258,298.9,-1.975,-0.0,16.616,0.0,16.616,-0.0,-0.001,-1.213,0.0,0.0,0.0,0,0.0,0.0,0.0,5,0
263.358,300.555,-1.976,-0.0,16.507,0.0,16.507,-0.0,-0.001,-0.961,0.0,0.0,0.0,0,0.0,0.0,0.0,5,0
263.458,302.204,-1.977,-0.0,16.49,0.0,16.49,-0.0,-0.001,-0.093,0.0,0.0,-0.0,0,0.0,0.0,0.0,0,0
263.558,303.827,-1.977,-0.0,16.054,0.0,16.054,-0.0,-0.0,-3.834,0.0,0.0,-0.0,0,0.0,0.0,-0.0,4,0
263.608,304.624,-1.978,-0.0,15.885,0.0,15.885,0.0,-0.0,-3.106,0.0,0.0,-0.0,0,0.0,0.0,-0.0,4,0
263.708,306.195,-1.979,-0.0,15.583,0.0,15.583,0.0,0.0,-2.922,0.0,0.0,-0.0,0,0.0,0.0,-0.0,4,0
263.808,307.738,-1.979,-0.0,15.307,-0.0,15.307,0.0,0.0,-2.719,0.0,0.0,-0.0,0,0.0,0.0,-0.0,4,0
263.858,308.5,-1.98,-0.0,15.174,-0.0,15.174,0.0,0.0,-2.616,0.0,0.0,0.0,0,0.0,0.0,-0.0,4,0
263.958,310.003,-1.98,-0.0,14.914,-0.0,14.914,-0.0,-0.001,-2.551,0.0,0.0,0.0,0,0.0,0.0,0.0,4,0
264.058,311.48,-1.981,-0.0,14.661,-0.0,14.661,-0.0,-0.002,-2.5,0.0,0.0,0.0,0,0.0,0.0,0.0,4,0
264.158,312.933,-1.982,-0.0,14.412,-0.0,14.412,-0.0,-0.002,-2.455,0.0,0.0,0.0,0,0.0,0.0,0.0,4,0
264.258,314.36,-1.983,-0.001,14.167,-0.0,14.167,-0.0,-0.002,-2.413,0.0,0.0,0.0,0,0.0,0.0,0.0,4,0
264.358,315.764,-1.983,-0.001,13.927,-0.0,13.927,-0.0,-0.002,-2.373,0.0,0.0,0.0,0,0.0,0.0,0.0,4,0
264.458,317.144,-1.984,-0.001,13.691,0.0,13.691,-0.0,-0.001,-2.333,0.0,0.0,0.0,0,0.0,0.0,0.0,4,0
264.558,318.5,-1.985,-0.001,13.458,0.0,13.458,-0.0,-0.001,-2.313,0.0,1.0,0.0,0,0.0,0.0,0.0,4,0
264.658,319.835,-1.986,-0.001,13.269,0.0,13.269,-0.0,-0.0,-1.888,0.0,1.0,0.0,0,0.0,1.0,0.0,0,0
264.758,321.144,-1.986,-0.001,12.793,0.0,12.793,0.0,-0.0,-9.124,0.0,1.0,0.0,0,0.0,1.0,0.0,3,0
264.858,322.372,-1.987,-0.001,11.897,-0.0,11.897,0.0,-0.0,-8.789,0.0,1.0,0.0,0,0.0,1.0,0.0,3,0
264.908,322.954,-1.987,-0.001,11.474,-0.0,11.474,0.0,0.0,-8.21,0.0,1.0,0.0,0,0.0,1.0,0.0,3,0
265.008,324.056,-1.988,-0.001,10.663,-0.0,10.663,0.0,0.0,-7.332,0.0,1.0,0.0,0,0.0,1.0,0.0,3,0
265.108,325.086,-1.989,-0.001,10.109,-0.0,10.109,0.0,0.0,-8.829,0.0,1.0,0.0,0,0.0,1.0,0.0,0,0
265.208,326.043,-1.989,-0.001,9.055,-0.0,9.055,0.0,3.593,-10.426,0.0,0.0,-1.0,0,1.0,0.0,-1.0,2,0
265.308,326.894,-1.964,0.017,8.178,0.381,8.169,0.369,-0.44,-5.047,0.0,0.0,0.096,0,0.0,0.0,0.037,2,0
265.408,327.684,-1.924,0.039,7.688,-0.048,7.688,0.018,-3.526,-4.855,0.0,0.0,0.193,0,0.0,0.0,0.126,2,0
265.508,328.427,-1.923,0.022,7.223,-0.346,7.215,-0.317,-4.948,-4.715,0.0,0.0,0.206,0,0.0,0.0,0.193,2,0
265.608,329.138,-1.965,-0.02,7.08,-0.529,7.06,-0.525,-5.865,-1.342,0.0,0.0,0.268,0,0.0,0.0,0.264,0,0
265.708,329.805,-2.053,-0.078,6.286,-0.648,6.252,-0.618,-5.676,-11.047,0.0,0.0,0.32,0,0.0,0.0,0.322,1,0
265.808,330.376,-2.178,-0.139,5.594,-0.7,5.55,-0.657,-4.812,-6.243,0.0,0.0,0.363,0,0.0,0.0,0.369,1,0
265.858,330.638,-2.251,-0.171,5.348,-0.646,5.309,-0.608,-3.726,-4.751,0.0,0.0,0.403,0,0.0,0.0,0.354,1,0
265.958,331.119,-2.414,-0.233,4.827,-0.723,4.773,-0.631,-3.528,-6.74,0.0,0.0,0.442,0,0.0,0.0,0.394,1,0
266.058,331.527,-2.6,-0.295,4.262,-0.821,4.182,-0.623,-2.275,-4.85,0.0,0.0,0.417,0,0.0,0.0,0.43,1,0
266.158,331.877,-2.798,-0.354,3.866,-0.784,3.786,-0.561,-1.001,-3.572,0.0,0.0,0.45,0,0.0,0.0,0.403,1,0
266.258,332.186,-2.998,-0.408,3.533,-0.762,3.45,-0.543,-1.133,-3.331,0.062,0.0,0.426,0,0.0,0.0,0.438,1,0
266.308,332.325,-3.098,-0.434,3.384,-0.732,3.304,-0.517,-0.95,-3.112,0.194,0.0,0.474,0,0.062,0.0,0.426,1,0
266.408,332.577,-3.298,-0.484,3.109,-0.71,3.027,-0.506,-1.362,-2.187,0.516,0.0,0.449,0,0.35,0.0,0.462,1,0
266.508,332.802,-3.498,-0.534,2.979,-0.673,2.902,-0.473,-0.771,-1.036,0.583,0.0,0.436,0,0.516,0.0,0.449,1,0
266.558,332.91,-3.601,-0.557,2.986,-0.667,2.911,-0.468,-0.966,0.897,0.602,0.0,0.474,0,0.611,0.0,0.424,1,0
266.658,333.124,-3.817,-0.604,3.112,-0.714,3.029,-0.509,-2.789,0.785,0.557,0.0,0.464,0,0.602,0.0,0.474,1,0
266.708,333.23,-3.935,-0.63,3.214,-0.726,3.131,-0.516,-2.043,1.827,0.487,0.0,0.439,0,0.553,0.0,0.452,1,0
266.808,333.446,-4.19,-0.682,3.436,-0.738,3.356,-0.523,-1.862,1.532,0.426,0.0,0.482,0,0.446,0.0,0.426,1,0
266.908,333.66,-4.469,-0.736,3.586,-0.799,3.496,-0.576,-2.5,0.602,0.505,0.0,0.457,0,0.427,0.0,0.47,1,0
267.008,333.862,-4.772,-0.795,3.705,-0.814,3.614,-0.585,-2.028,0.985,0.48,0.0,0.488,0,0.491,0.0,0.443,1,0
267.108,334.054,-5.095,-0.855,3.826,-0.861,3.728,-0.626,-2.636,0.632,0.46,0.0,0.459,0,0.433,0.0,0.474,1,0
267.208,334.229,-5.442,-0.918,3.948,-0.862,3.852,-0.624,-2.183,0.689,0.411,0.0,0.443,0,0.46,0.0,0.459,1,0
267.258,334.312,-5.622,-0.949,4.004,-0.849,3.913,-0.617,-1.886,0.445,0.363,0.0,0.459,0,0.388,0.0,0.427,1,0
267.308,334.392,-5.806,-0.979,4.047,-0.824,3.962,-0.596,-3.185,-0.431,0.365,0.0,0.443,0,0.363,0.0,0.459,1,0
267.408,334.534,-6.185,-1.041,4.078,-0.848,3.989,-0.62,-2.068,-0.011,0.403,0.0,0.407,0,0.414,0.0,0.425,1,0
267.458,334.598,-6.379,-1.071,4.1,-0.829,4.015,-0.607,-1.777,0.116,0.381,0.0,0.389,0,0.403,0.0,0.407,1,0
267.558,334.714,-6.774,-1.129,4.15,-0.774,4.077,-0.565,-1.595,0.022,0.342,0.0,0.357,0,0.361,0.0,0.373,1,0
267.608,334.766,-6.975,-1.157,4.166,-0.742,4.1,-0.539,-1.639,-0.09,0.345,0.0,0.343,0,0.342,0.0,0.357,1,0
267.708,334.86,-7.381,-1.208,4.179,-0.685,4.123,-0.499,-1.534,-0.254,0.36,0.0,0.319,0,0.346,0.0,0.329,1,0
267.808,334.938,-7.791,-1.256,4.177,-0.637,4.128,-0.465,-1.46,-0.312,0.36,0.0,0.306,0,0.36,0.0,0.319,1,0
267.858,334.971,-7.996,-1.279,4.179,-0.615,4.133,-0.451,-1.274,-0.192,0.356,0.0,0.281,0,0.368,0.0,0.293,1,0
267.908,335.001,-8.203,-1.301,4.179,-0.589,4.137,-0.429,-1.322,-0.124,0.357,0.0,0.27,0,0.356,0.0,0.281,1,0
268.008,335.051,-8.617,-1.342,4.182,-0.545,4.146,-0.397,-1.195,-0.185,0.353,0.0,0.24,0,0.357,0.0,0.27,1,0
268.058,335.072,-8.825,-1.361,4.184,-0.516,4.153,-0.377,-0.969,-0.195,0.343,0.0,0.23,0,0.353,0.0,0.24,1,0
268.108,335.09,-9.033,-1.379,4.181,-0.489,4.152,-0.355,-1.031,-0.157,0.355,0.0,0.22,0,0.343,0.0,0.23,1,0
268.158,335.106,-9.242,-1.396,4.18,-0.469,4.153,-0.343,-0.938,-0.226,0.705,0.0,0.211,0,0.355,0.0,0.22,1,0
268.258,335.13,-9.658,-1.429,4.189,-0.432,4.166,-0.317,-1.025,0.179,1.0,0.0,0.189,0,0.705,0.0,0.211,1,0
268.308,335.139,-9.87,-1.444,4.276,-0.402,4.257,-0.292,-1.032,3.181,0.499,0.0,0.171,0,0.678,0.0,0.18,1,0
268.408,335.152,-10.315,-1.472,4.589,-0.38,4.573,-0.281,-1.07,2.911,0.246,0.0,0.15,0,0.499,0.0,0.171,1,0
268.458,335.156,-10.548,-1.485,4.683,-0.347,4.67,-0.257,-0.666,0.176,0.182,0.0,0.133,0,0.158,0.0,0.141,1,0
268.508,335.159,-10.783,-1.497,4.695,-0.323,4.683,-0.239,-0.622,-0.889,0.317,0.0,0.126,0,0.182,0.0,0.133,1,0
268.608,335.16,-11.247,-1.52,4.597,-0.282,4.589,-0.209,-0.149,-0.611,0.503,0.0,0.099,0,0.44,0.0,0.107,1,0
268.658,335.158,-11.475,-1.529,4.567,-0.247,4.561,-0.181,-0.378,0.081,0.478,0.0,0.093,0,0.503,0.0,0.099,1,0
268.708,335.156,-11.703,-1.538,4.572,-0.227,4.567,-0.166,-0.458,0.602,0.408,0.0,0.088,0,0.478,0.0,0.093,1,0
268.758,335.152,-11.933,-1.545,4.604,-0.213,4.599,-0.157,-0.47,0.64,0.333,0.0,0.071,0,0.408,0.0,0.088,1,0
268.858,335.142,-12.396,-1.56,4.655,-0.172,4.652,-0.126,-0.211,-0.1,0.305,0.0,0.062,0,0.299,0.0,0.066,1,0
268.908,335.137,-12.629,-1.566,4.651,-0.155,4.648,-0.114,-0.256,-0.389,0.345,0.0,0.058,0,0.305,0.0,0.062,1,0
269.008,335.123,-13.092,-1.576,4.609,-0.133,4.607,-0.098,-0.265,-0.463,0.381,0.0,0.055,0,0.345,0.0,0.058,1,0
269.058,335.115,-13.321,-1.581,4.595,-0.125,4.593,-0.093,0.159,-0.083,0.393,0.0,0.037,0,0.401,0.0,0.04,1,0
269.108,335.108,-13.551,-1.585,4.59,-0.099,4.589,-0.072,-0.064,0.075,0.375,0.0,0.034,0,0.393,0.0,0.037,1,0
269.158,335.1,-13.78,-1.588,4.594,-0.088,4.593,-0.064,-0.113,0.069,0.355,0.0,0.032,0,0.375,0.0,0.034,1,0
269.208,335.092,-14.01,-1.591,4.598,-0.079,4.597,-0.058,-0.143,0.013,0.35,0.0,0.02,0,0.355,0.0,0.032,1,0
269.308,335.075,-14.469,-1.596,4.593,-0.053,4.593,-0.038,0.024,-0.148,0.364,0.0,0.016,0,0.352,0.0,0.018,1,0
269.358,335.067,-14.699,-1.597,4.586,-0.044,4.586,-0.032,-0.025,-0.174,0.372,0.0,0.015,0,0.364,0.0,0.016,1,0
269.408,335.059,-14.928,-1.599,4.577,-0.039,4.577,-0.028,-0.054,-0.1,0.379,0.0,0.006,0,0.372,0.0,0.015,1,0
269.458,335.05,-15.156,-1.6,4.572,-0.035,4.572,-0.026,0.233,-0.062,0.375,0.0,0.005,0,0.379,0.0,0.006,1,0
269.508,335.043,-15.384,-1.601,4.569,-0.02,4.569,-0.014,0.069,0.005,0.373,0.0,0.004,0,0.375,0.0,0.005,1,0
269.608,335.027,-15.841,-1.602,4.569,-0.011,4.569,-0.008,0.025,-0.012,0.366,0.0,0.004,0,0.373,0.0,0.004,1,0
269.658,335.02,-16.069,-1.602,4.569,-0.009,4.569,-0.007,-0.01,-0.049,0.366,0.0,-0.003,0,0.368,0.0,0.004,1,0
269.708,335.012,-16.298,-1.603,4.566,-0.008,4.566,-0.006,0.229,-0.035,0.372,0.0,-0.004,0,0.366,0.0,-0.003,1,0
269.758,335.005,-16.526,-1.603,4.564,0.003,4.564,0.003,0.095,-0.059,0.371,0.0,-0.004,0,0.372,0.0,-0.004,1,0
269.808,334.998,-16.754,-1.602,4.561,0.007,4.561,0.006,0.058,-0.016,0.375,0.0,-0.004,0,0.371,0.0,-0.004,1,0
269.908,334.984,-17.21,-1.602,4.559,0.009,4.559,0.006,0.037,-0.027,0.372,0.0,-0.009,0,0.375,0.0,-0.004,1,0
269.958,334.978,-17.438,-1.601,4.56,0.017,4.56,0.013,0.211,0.011,0.37,0.0,-0.009,0,0.372,0.0,-0.009,1,0
270.008,334.972,-17.665,-1.601,4.559,0.019,4.559,0.014,0.074,0.013,0.373,0.0,-0.008,0,0.37,0.0,-0.009,1,0
270.058,334.966,-17.893,-1.6,4.56,0.019,4.56,0.014,0.055,-0.02,0.37,0.0,-0.008,0,0.373,0.0,-0.008,1,0
270.108,334.961,-18.121,-1.599,4.559,0.019,4.559,0.014,0.047,0.005,0.374,0.0,-0.011,0,0.37,0.0,-0.008,1,0
270.158,334.955,-18.349,-1.598,4.559,0.018,4.559,0.013,0.179,-0.024,0.371,0.0,-0.011,0,0.374,0.0,-0.011,1,0
270.258,334.945,-18.805,-1.597,4.559,0.024,4.558,0.018,0.075,-0.015,0.371,0.0,-0.01,0,0.375,0.0,-0.011,1,0
270.308,334.94,-19.033,-1.596,4.558,0.024,4.558,0.018,0.063,0.017,0.374,0.0,-0.012,0,0.371,0.0,-0.01,1,0
270.358,334.936,-19.261,-1.595,4.559,0.023,4.559,0.017,0.15,-0.012,0.371,0.0,-0.012,0,0.374,0.0,-0.012,1,0
270.408,334.932,-19.488,-1.594,4.558,0.026,4.558,0.02,0.094,0.016,0.374,0.0,-0.011,0,0.371,0.0,-0.012,1,0
270.458,334.928,-19.716,-1.593,4.559,0.026,4.559,0.02,0.072,-0.013,0.371,0.0,-0.011,0,0.374,0.0,-0.011,1,0
270.508,334.924,-19.944,-1.592,4.558,0.026,4.558,0.019,0.064,0.014,0.374,0.0,-0.012,0,0.371,0.0,-0.011,1,0
270.558,334.92,-20.172,-1.591,4.559,0.025,4.559,0.018,0.12,-0.015,0.371,0.0,-0.011,0,0.374,0.0,-0.012,1,0
270.608,334.917,-20.4,-1.59,4.558,0.026,4.558,0.02,0.081,0.014,0.374,0.0,-0.011,0,0.371,0.0,-0.011,1,0
270.708,334.911,-20.856,-1.588,4.558,0.025,4.558,0.018,0.065,-0.013,0.371,0.0,-0.01,0,0.374,0.0,-0.011,1,0
270.758,334.908,-21.084,-1.587,4.559,0.024,4.559,0.018,0.052,-0.012,0.371,0.0,-0.01,0,0.374,0.0,-0.01,1,0
270.808,334.906,-21.312,-1.587,4.559,0.023,4.559,0.017,0.092,0.015,0.374,0.0,-0.01,0,0.371,0.0,-0.01,1,0
270.858,334.903,-21.54,-1.586,4.559,0.023,4.559,0.017,0.063,-0.013,0.371,0.0,-0.009,0,0.374,0.0,-0.01,1,0
270.958,334.899,-21.996,-1.584,4.56,0.022,4.559,0.016,0.056,0.014,0.374,0.0,-0.009,0,0.371,0.0,-0.009,1,0
271.008,334.897,-22.224,-1.583,4.559,0.021,4.559,0.015,0.069,0.014,0.374,0.0,-0.009,0,0.371,0.0,-0.009,1,0
271.058,334.895,-22.452,-1.583,4.56,0.021,4.56,0.015,0.051,-0.013,0.371,0.0,-0.008,0,0.374,0.0,-0.009,1,0
271.108,334.894,-22.679,-1.582,4.559,0.02,4.559,0.015,0.046,0.015,0.374,0.0,-0.008,0,0.371,0.0,-0.008,1,0
271.158,334.892,-22.907,-1.581,4.56,0.019,4.56,0.014,0.041,-0.013,0.371,0.0,-0.007,0,0.374,0.0,-0.008,1,0
271.208,334.891,-23.135,-1.58,4.559,0.018,4.559,0.013,0.04,0.014,0.374,0.0,-0.007,0,0.371,0.0,-0.007,1,0
271.258,334.889,-23.363,-1.58,4.56,0.017,4.56,0.013,0.046,-0.014,0.371,0.0,-0.007,0,0.374,0.0,-0.007,1,0
271.308,334.888,-23.591,-1.579,4.559,0.016,4.559,0.012,0.039,0.014,0.374,0.0,-0.006,0,0.371,0.0,-0.007,1,0
271.408,334.886,-24.047,-1.578,4.559,0.015,4.559,0.011,0.035,-0.014,0.374,0.0,-0.006,0,0.374,0.0,-0.006,1,0
271.458,334.885,-24.275,-1.578,4.56,0.014,4.56,0.01,0.032,-0.014,0.371,0.0,-0.006,0,0.374,0.0,-0.006,1,0
271.558,334.884,-24.731,-1.577,4.56,0.013,4.56,0.009,0.029,0.014,0.374,0.0,-0.005,0,0.371,0.0,-0.006,1,0
271.608,334.883,-24.959,-1.576,4.559,0.012,4.559,0.009,0.027,0.014,0.374,0.0,-0.005,0,0.371,0.0,-0.005,1,0
271.658,334.882,-25.187,-1.576,4.56,0.011,4.56,0.008,0.02,-0.014,0.371,0.0,-0.004,0,0.374,0.0,-0.005,1,0
271.708,334.882,-25.415,-1.575,4.559,0.011,4.559,0.008,0.022,0.014,0.374,0.0,-0.004,0,0.371,0.0,-0.004,1,0
271.758,334.881,-25.643,-1.575,4.56,0.01,4.56,0.007,0.02,-0.014,0.371,0.0,-0.004,0,0.374,0.0,-0.004,1,0
271.808,334.881,-25.871,-1.575,4.559,0.009,4.559,0.007,0.019,0.014,0.374,0.0,-0.004,0,0.371,0.0,-0.004,1,0
271.908,334.88,-26.327,-1.574,4.559,0.008,4.559,0.006,0.012,0.014,0.374,0.0,-0.003,0,0.371,0.0,-0.003,1,0
271.958,334.88,-26.555,-1.574,4.56,0.008,4.56,0.006,0.014,-0.014,0.371,0.0,-0.003,0,0.374,0.0,-0.003,1,0
272.008,334.88,-26.783,-1.573,4.559,0.007,4.559,0.005,0.013,0.014,0.374,0.0,-0.003,0,0.371,0.0,-0.003,1,0
272.108,334.879,-27.239,-1.573,4.559,0.006,4.559,0.005,0.013,-0.014,0.374,0.0,-0.002,0,0.374,0.0,-0.003,1,0
272.158,334.879,-27.467,-1.573,4.56,0.005,4.56,0.004,0.008,-0.014,0.371,0.0,-0.002,0,0.374,0.0,-0.002,1,0
272.208,334.879,-27.695,-1.572,4.559,0.005,4.559,0.004,0.01,0.014,0.374,0.0,-0.002,0,0.371,0.0,-0.002,1,0
272.258,334.879,-27.923,-1.572,4.56,0.005,4.56,0.003,0.01,-0.014,0.371,0.0,-0.002,0,0.374,0.0,-0.002,1,0
272.358,334.878,-28.379,-1.572,4.56,0.004,4.56,0.003,0.003,0.014,0.371,0.0,-0.001,0,0.371,0.0,-0.002,1,0
272.408,334.878,-28.607,-1.572,4.559,0.004,4.559,0.003,0.005,0.014,0.374,0.0,-0.001,0,0.371,0.0,-0.001,1,0
272.458,334.878,-28.835,-1.572,4.56,0.003,4.56,0.002,0.006,-0.014,0.371,0.0,-0.001,0,0.374,0.0,-0.001,1,0
272.558,334.878,-29.291,-1.571,4.56,0.003,4.56,0.002,0.006,0.014,0.371,0.0,-0.001,0,0.371,0.0,-0.001,1,0
272.608,334.878,-29.519,-1.571,4.559,0.002,4.559,0.002,0.002,0.014,0.374,0.0,-0.001,0,0.371,0.0,-0.001,1,0
272.658,334.878,-29.747,-1.571,4.56,0.002,4.56,0.001,0.003,-0.014,0.371,0.0,-0.001,0,0.374,0.0,-0.001,1,0
272.708,334.878,-29.975,-1.571,4.559,0.002,4.559,0.001,0.003,0.014,0.374,0.0,-0.001,0,0.371,0.0,-0.001,1,0
272.808,334.878,-30.43,-1.571,4.559,0.001,4.559,0.001,-0.017,-1.066,0.0,1.0,0.0,0,0.0,1.0,0.0,1,0
272.858,334.878,-30.657,-1.571,4.506,0.0,4.506,0.0,-0.005,-3.461,0.0,1.0,0.0,0,0.0,1.0,0.0,1,0
272.908,334.878,-30.878,-1.571,4.333,0.0,4.333,0.0,-0.002,-5.203,0.0,1.0,0.0,0,0.0,1.0,0.0,1,0
272.958,334.878,-31.086,-1.571,4.073,0.0,4.073,0.0,-0.001,-6.295,0.0,1.0,0.0,0,0.0,1.0,0.0,1,0
273.008,334.878,-31.28,-1.571,3.758,0.0,3.758,0.0,-0.0,-5.963,0.0,1.0,0.0,0,0.0,1.0,0.0,1,0
273.058,334.878,-31.458,-1.571,3.46,-0.0,3.46,0.0,-0.0,-5.898,0.0,1.0,0.0,0,0.0,1.0,0.0,1,0
273.158,334.878,-31.772,-1.571,2.883,-0.0,2.883,0.0,0.0,-5.643,0.0,1.0,0.0,0,0.0,1.0,0.0,1,0
273.208,334.878,-31.907,-1.571,2.598,-0.0,2.598,0.0,0.0,-6.699,0.0,1.0,0.0,0,0.0,1.0,0.0,1,0
273.258,334.878,-32.028,-1.571,2.263,-0.0,2.263,0.0,0.0,-21.209,0.0,1.0,0.0,0,0.0,1.0,0.0,1,0
273.308,334.878,-32.11,-1.571,1.203,-0.0,1.203,0.0,0.0,-23.739,0.0,1.0,0.0,0,0.0,1.0,0.0,1,0
273.408,334.878,-32.13,-1.571,0.002,-0.0,-0.002,0.0,0.0,-0.365,0.0,1.0,0.0,0,0.0,1.0,0.0,1,1
273.458,334.878,-32.131,-1.571,0.006,-0.0,-0.006,0.0,0.0,-0.007,0.0,1.0,0.0,0,0.0,1.0,0.0,1,1
273.508,334.878,-32.132,-1.571,0.007,-0.0,-0.007,0.0,0.0,0.017,0.0,1.0,0.0,0,0.0,1.0,0.0,1,1
273.558,334.878,-32.132,-1.571,0.006,-0.0,-0.006,0.0,0.0,0.023,0.0,1.0,0.0,0,0.0,1.0,0.0,1,1
273.608,334.878,-32.133,-1.571,0.005,-0.0,-0.005,0.0,0.0,0.021,0.0,1.0,0.0,0,0.0,1.0,0.0,1,1
273.658,334.878,-32.133,-1.571,0.004,-0.0,-0.004,0.0,0.0,0.018,0.0,1.0,0.0,0,0.0,1.0,0.0,1,1
273.758,334.878,-32.133,-1.571,0.002,0.0,-0.002,0.0,-0.0,0.01,0.0,1.0,0.0,0,0.0,1.0,0.0,1,1
273.808,334.878,-32.134,-1.571,0.001,-0.0,-0.001,0.0,0.0,0.008,0.0,1.0,0.0,0,0.0,1.0,0.0,1,1
273.858,334.878,-32.134,-1.571,0.001,0.0,-0.001,-0.0,-0.0,0.006,0.0,1.0,0.0,0,0.0,1.0,0.0,1,1
273.908,334.878,-32.134,-1.571,0.001,-0.0,-0.001,-0.0,-0.0,0.004,0.0,1.0,0.0,0,0.0,1.0,0.0,1,1
274.008,334.878,-32.134,-1.571,0.0,-0.0,0.0,-0.0,0.0,0.011,0.0,1.0,0.0,0,0.0,1.0,0.0,1,1
274.058,334.878,-32.134,-1.571,0.0,-0.0,0.0,-0.0,0.0,0.0,0.0,1.0,0.0,0,0.0,1.0,0.0,1,1
275.108,334.878,-32.134,-1.571,0.0,-0.0,0.0,-0.0,0.0,0.0,0.0,1.0,0.0,0,0.0,1.0,0.0,1,1
276.158,334.878,-32.134,-1.571,0.0,-0.0,0.0,-0.0,0.0,0.0,0.0,1.0,0.0,0,0.0,1.0,0.0,1,1
276.358,334.878,-32.134,-1.571,0.0,-0.0,0.0,-0.0,0.0,-0.004,1.0,0.0,-0.0,0,1.0,0.0,-0.0,1,1
276.408,334.878,-32.134,-1.571,0.0,-0.0,-0.0,0.0,0.0,-0.001,1.0,0.0,-0.0,0,1.0,0.0,-0.0,1,1
276.508,334.878,-32.135,-1.571,0.014,-0.0,-0.014,-0.0,-0.0,-0.277,1.0,0.0,-0.0,0,1.0,0.0,-0.0,1,1
276.558,334.878,-32.138,-1.571,0.082,0.0,0.082,0.0,-0.019,0.359,1.0,0.0,-0.0,0,1.0,0.0,-0.0,1,1
276.608,334.878,-32.141,-1.571,0.1,-0.001,0.1,-0.01,0.029,3.939,1.0,0.0,-0.0,0,1.0,0.0,-0.0,1,1
276.658,334.878,-32.151,-1.571,0.297,0.0,0.297,0.018,-0.016,3.477,1.0,0.0,0.0,0,1.0,0.0,-0.0,1,0
276.758,334.878,-32.2,-1.571,0.639,0.0,0.639,0.001,0.019,3.368,1.0,0.0,0.0,0,1.0,0.0,0.0,1,0
276.808,334.878,-32.238,-1.571,0.812,-0.0,0.812,-0.008,-0.018,6.1,1.0,0.0,0.0,0,1.0,0.0,0.0,1,0
276.858,334.878,-32.289,-1.571,1.117,-0.001,1.117,0.006,0.016,6.065,1.0,0.0,0.0,0,1.0,0.0,0.0,1,0
276.958,334.878,-32.432,-1.571,1.649,-0.0,1.649,0.0,-0.001,4.564,1.0,0.0,-0.0,0,1.0,0.0,0.0,1,0
277.008,334.878,-32.524,-1.571,1.97,-0.0,1.97,-0.006,-0.007,7.892,1.0,0.0,-0.0,0,1.0,0.0,-0.0,1,0
277.058,334.878,-32.635,-1.571,2.364,-0.0,2.364,0.003,-0.001,7.804,1.0,0.0,-0.0,0,1.0,0.0,-0.0,1,0
277.158,334.878,-32.916,-1.571,3.176,0.0,3.176,0.0,0.005,8.423,1.0,0.0,-0.0,0,1.0,0.0,-0.0,1,0
277.208,334.878,-33.086,-1.571,3.565,0.0,3.565,0.0,0.0,7.447,0.839,0.0,-0.0,0,1.0,0.0,-0.0,1,0
277.258,334.878,-33.276,-1.571,3.938,0.0,3.938,0.0,0.001,6.942,0.595,0.0,-0.0,0,0.839,0.0,-0.0,1,0
277.358,334.878,-33.707,-1.571,4.575,0.0,4.575,0.0,0.0,4.0,0.274,0.0,-0.0,0,0.384,0.0,-0.0,1,0
277.408,334.878,-33.942,-1.571,4.775,0.0,4.775,0.0,-0.0,2.043,0.276,0.0,-0.0,0,0.274,0.0,-0.0,1,0
277.508,334.878,-34.428,-1.571,4.909,0.0,4.909,0.0,-0.003,0.634,0.358,0.0,0.0,0,0.276,0.0,-0.0,1,0
277.558,334.878,-34.673,-1.571,4.91,-0.0,4.91,-0.0,-0.002,0.029,0.44,0.0,0.0,0,0.358,0.0,0.0,1,0
277.608,334.878,-34.918,-1.571,4.915,-0.0,4.915,-0.0,-0.002,0.394,0.434,0.0,0.0,0,0.469,0.0,0.0,1,0
277.658,334.878,-35.164,-1.571,4.934,-0.0,4.934,-0.0,-0.002,0.544,0.363,0.0,0.0,0,0.434,0.0,0.0,1,0
277.708,334.878,-35.411,-1.571,4.961,-0.0,4.961,-0.0,-0.001,0.36,0.299,0.0,0.0,0,0.363,0.0,0.0,1,0
277.808,334.878,-35.909,-1.571,4.976,-0.0,4.976,-0.0,0.0,-0.536,0.284,0.0,0.0,0,0.271,0.0,0.0,1,0
277.858,334.877,-36.157,-1.571,4.949,-0.0,4.949,-0.0,0.001,-0.816,0.318,0.0,0.0,0,0.284,0.0,0.0,1,0
277.908,334.877,-36.403,-1.571,4.908,-0.0,4.908,-0.0,-0.0,-0.851,0.348,0.0,0.0,0,0.318,0.0,0.0,1,0
278.008,334.877,-36.889,-1.571,4.83,-0.0,4.83,-0.0,0.001,-0.713,0.36,0.0,-0.0,0,0.348,0.0,0.0,1,0
278.058,334.877,-37.129,-1.571,4.803,-0.0,4.803,0.0,0.001,-0.412,0.338,0.0,-0.0,0,0.354,0.0,-0.0,1,0
278.108,334.876,-37.369,-1.571,4.783,0.0,4.783,0.0,-0.0,-0.396,0.326,0.0,-0.0,0,0.338,0.0,-0.0,1,0
278.158,334.876,-37.607,-1.571,4.763,0.0,4.763,0.0,0.001,-0.448,0.324,0.0,-0.0,0,0.326,0.0,-0.0,1,0
278.258,334.876,-38.081,-1.571,4.715,0.0,4.715,0.0,0.0,-0.516,0.345,0.0,0.0,0,0.332,0.0,-0.0,1,0
278.308,334.876,-38.316,-1.571,4.689,0.0,4.689,0.0,-0.002,-0.468,0.355,0.0,0.0,0,0.345,0.0,0.0,1,0
278.358,334.876,-38.55,-1.571,4.666,-0.0,4.666,-0.0,-0.002,-0.383,0.36,0.0,0.0,0,0.355,0.0,0.0,1,0
278.408,334.876,-38.782,-1.571,4.647,-0.0,4.647,-0.0,-0.002,-0.296,0.36,0.0,0.0,0,0.36,0.0,0.0,1,0
278.508,334.876,-39.246,-1.571,4.62,-0.0,4.62,-0.0,-0.0,-0.235,0.356,0.0,0.0,0,0.36,0.0,0.0,1,0
278.558,334.875,-39.476,-1.571,4.61,-0.0,4.61,-0.0,0.0,-0.197,0.357,0.0,0.0,0,0.356,0.0,0.0,1,0
278.608,334.875,-39.707,-1.571,4.6,-0.0,4.6,-0.0,0.001,-0.19,0.361,0.0,-0.0,0,0.357,0.0,0.0,1,0
278.708,334.875,-40.166,-1.571,4.582,-0.0,4.582,0.001,0.001,-0.174,0.365,0.0,0.0,0,0.361,0.0,-0.0,1,0
278.758,334.875,-40.394,-1.571,4.575,0.0,4.575,-0.001,0.0,-0.121,0.37,0.0,-0.0,0,0.368,0.0,-0.0,1,0
278.808,334.874,-40.623,-1.571,4.569,-0.0,4.569,0.002,0.001,-0.089,0.371,0.0,-0.0,0,0.37,0.0,-0.0,1,0
278.858,334.874,-40.851,-1.571,4.564,0.0,4.564,-0.002,0.001,-0.06,0.371,0.0,-0.0,0,0.371,0.0,-0.0,1,0
278.958,334.874,-41.307,-1.571,4.559,0.0,4.559,-0.002,0.0,-0.04,0.371,0.0,0.0,0,0.371,0.0,-0.0,1,0
279.008,334.874,-41.535,-1.571,4.558,-0.0,4.558,0.002,-0.001,-0.026,0.371,0.0,0.0,0,0.37,0.0,0.0,1,0
279.058,334.874,-41.763,-1.571,4.556,-0.0,4.556,-0.002,-0.001,-0.023,0.371,0.0,0.0,0,0.371,0.0,0.0,1,0
279.108,334.874,-41.991,-1.571,4.555,-0.0,4.555,0.002,0.001,-0.019,0.372,0.0,0.0,0,0.371,0.0,0.0,1,0
279.208,334.874,-42.446,-1.571,4.554,-0.0,4.554,0.002,0.001,-0.005,0.373,0.0,-0.0,0,0.373,0.0,-0.0,1,0
279.258,334.873,-42.674,-1.571,4.553,0.0,4.553,-0.002,0.001,0.002,0.373,0.0,-0.0,0,0.373,0.0,-0.0,1,0
279.308,334.873,-42.902,-1.571,4.553,-0.0,4.553,0.002,0.0,0.006,0.373,0.0,-0.0,0,0.373,0.0,-0.0,1,0
279.358,334.873,-43.129,-1.571,4.554,0.0,4.554,-0.002,0.0,0.008,0.373,0.0,-0.0,0,0.373,0.0,-0.0,1,0
279.458,334.873,-43.585,-1.571,4.554,0.0,4.554,-0.002,0.002,0.007,0.373,0.0,0.0,0,0.373,0.0,-0.0,1,0
279.508,334.873,-43.813,-1.571,4.555,0.0,4.555,0.002,-0.001,0.007,0.373,0.0,0.0,0,0.373,0.0,0.0,1,0
279.558,334.873,-44.04,-1.571,4.555,0.0,4.555,-0.002,-0.002,0.007,0.373,0.0,0.0,0,0.373,0.0,0.0,1,0
279.658,334.872,-44.496,-1.571,4.556,-0.0,4.556,-0.002,-0.0,0.008,0.373,0.0,0.0,0,0.373,0.0,0.0,1,0
279.708,334.872,-44.724,-1.571,4.556,-0.0,4.556,0.002,0.001,0.008,0.373,0.0,0.007,0,0.373,0.0,-0.0,1,0
279.758,334.872,-44.952,-1.571,4.557,0.0,4.557,-0.002,-0.264,0.006,0.373,0.0,0.008,0,0.373,0.0,0.007,1,0
279.858,334.871,-45.407,-1.572,4.557,-0.015,4.557,-0.014,-0.119,0.006,0.373,0.0,0.008,0,0.373,0.0,0.008,1,0
279.908,334.869,-45.635,-1.573,4.558,-0.016,4.558,-0.011,-0.88,-0.02,0.373,0.0,0.031,0,0.373,0.0,0.03,1,0
279.958,334.866,-45.863,-1.574,4.557,-0.052,4.557,-0.044,-0.425,-0.001,0.375,0.0,0.03,0,0.373,0.0,0.031,1,0
280.008,334.862,-46.091,-1.577,4.557,-0.063,4.557,-0.047,-0.29,0.002,0.373,0.0,0.029,0,0.375,0.0,0.03,1,0
280.108,334.852,-46.547,-1.582,4.559,-0.066,4.558,-0.047,-0.218,0.015,0.371,0.0,0.065,0,0.373,0.0,0.029,1,0
280.158,334.844,-46.774,-1.586,4.557,-0.119,4.555,-0.095,-0.767,-0.021,0.379,0.0,0.063,0,0.371,0.0,0.065,1,0
280.208,334.834,-47.002,-1.591,4.557,-0.135,4.555,-0.102,-0.548,-0.008,0.375,0.0,0.106,0,0.379,0.0,0.063,1,0
280.258,334.822,-47.229,-1.596,4.557,-0.138,4.555,-0.106,-1.935,-0.139,0.374,0.0,0.106,0,0.375,0.0,0.106,1,0
280.358,334.788,-47.683,-1.611,4.554,-0.221,4.549,-0.171,-0.826,0.012,0.378,0.0,0.151,0,0.383,0.0,0.103,1,0
280.408,334.767,-47.91,-1.62,4.557,-0.224,4.551,-0.167,-2.332,-0.241,0.371,0.0,0.149,0,0.378,0.0,0.151,1,0
280.458,334.741,-48.136,-1.63,4.552,-0.294,4.543,-0.227,-1.429,-0.078,0.389,0.0,0.145,0,0.371,0.0,0.149,1,0
280.508,334.712,-48.362,-1.642,4.553,-0.313,4.543,-0.236,-1.084,-0.024,0.377,0.0,0.195,0,0.389,0.0,0.145,1,0
280.608,334.642,-48.812,-1.667,4.551,-0.385,4.535,-0.291,-2.664,-0.327,0.373,0.0,0.192,0,0.377,0.0,0.195,1,0
280.658,334.599,-49.035,-1.682,4.552,-0.402,4.534,-0.305,-1.312,-0.046,0.381,0.0,0.178,0,0.392,0.0,0.186,1,0
280.708,334.553,-49.258,-1.697,4.556,-0.4,4.538,-0.298,-1.131,0.031,0.372,0.0,0.232,0,0.381,0.0,0.178,1,0
280.808,334.45,-49.702,-1.728,4.554,-0.46,4.53,-0.347,-2.873,-0.471,0.362,0.0,0.227,0,0.372,0.0,0.232,1,0
280.858,334.39,-49.921,-1.746,4.552,-0.476,4.527,-0.359,-1.514,-0.13,0.398,0.0,0.221,0,0.398,0.0,0.221,1,0
280.908,334.327,-50.139,-1.764,4.554,-0.472,4.53,-0.352,-3.23,-0.568,0.378,0.0,0.269,0,0.386,0.0,0.276,1,0
280.958,334.257,-50.356,-1.783,4.546,-0.545,4.513,-0.413,-2.18,-0.251,0.405,0.0,0.261,0,0.378,0.0,0.269,1,0
281.008,334.181,-50.57,-1.804,4.548,-0.56,4.513,-0.421,-1.808,-0.067,0.385,0.0,0.315,0,0.405,0.0,0.261,1,0
281.058,334.101,-50.782,-1.825,4.556,-0.556,4.522,-0.416,-3.399,-0.627,0.366,0.0,0.307,0,0.385,0.0,0.315,1,0
281.158,333.92,-51.2,-1.871,4.552,-0.638,4.507,-0.481,-2.427,-0.31,0.402,0.0,0.297,0,0.366,0.0,0.307,1,0
281.208,333.822,-51.405,-1.895,4.559,-0.629,4.516,-0.469,-3.596,-0.766,0.369,0.0,0.34,0,0.381,0.0,0.349,1,0
281.258,333.717,-51.606,-1.92,4.55,-0.695,4.496,-0.525,-2.527,-0.393,0.407,0.0,0.328,0,0.369,0.0,0.34,1,0
281.308,333.606,-51.804,-1.947,4.551,-0.704,4.497,-0.528,-2.156,-0.196,0.386,0.0,0.315,0,0.407,0.0,0.328,1,0
281.408,333.37,-52.194,-1.998,4.571,-0.673,4.521,-0.499,-1.853,-0.071,0.367,0.0,0.367,0,0.386,0.0,0.315,1,0
281.458,333.243,-52.383,-2.025,4.559,-0.734,4.5,-0.553,-3.623,-0.856,0.352,0.0,0.357,0,0.367,0.0,0.367,1,0
281.508,333.11,-52.567,-2.052,4.556,-0.739,4.496,-0.554,-2.586,-0.524,0.391,0.0,0.396,0,0.352,0.0,0.357,1,0
281.558,332.973,-52.748,-2.08,4.559,-0.729,4.501,-0.544,-3.742,-0.941,0.376,0.0,0.384,0,0.391,0.0,0.396,1,0
281.608,332.829,-52.924,-2.108,4.547,-0.787,4.478,-0.592,-2.825,-0.484,0.416,0.0,0.371,0,0.376,0.0,0.384,1,0
281.658,332.679,-53.095,-2.138,4.55,-0.795,4.48,-0.598,-2.332,-0.222,0.386,0.0,0.419,0,0.416,0.0,0.371,1,0
281.708,332.525,-53.261,-2.167,4.561,-0.781,4.493,-0.581,-3.904,-0.924,0.363,0.0,0.406,0,0.386,0.0,0.419,1,0
281.758,332.364,-53.422,-2.198,4.553,-0.839,4.475,-0.632,-2.854,-0.494,0.404,0.0,0.392,0,0.363,0.0,0.406,1,0
281.808,332.198,-53.577,-2.23,4.557,-0.841,4.479,-0.63,-2.491,-0.321,0.378,0.0,0.438,0,0.404,0.0,0.392,1,0
281.858,332.027,-53.727,-2.261,4.566,-0.826,4.491,-0.617,-3.87,-1.026,0.363,0.0,0.424,0,0.378,0.0,0.438,1,0
281.908,331.851,-53.87,-2.293,4.555,-0.877,4.47,-0.658,-2.974,-0.61,0.408,0.0,0.408,0,0.363,0.0,0.424,1,0
281.958,331.669,-54.007,-2.326,4.556,-0.879,4.471,-0.659,-2.473,-0.351,0.386,0.0,0.391,0,0.408,0.0,0.408,1,0
282.058,331.295,-54.266,-2.389,4.577,-0.833,4.501,-0.62,-2.308,-0.212,0.397,0.0,0.442,0,0.386,0.0,0.391,1,0
282.108,331.101,-54.386,-2.422,4.566,-0.884,4.48,-0.663,-3.913,-1.038,0.357,0.0,0.427,0,0.397,0.0,0.442,1,0
282.158,330.903,-54.498,-2.455,4.569,-0.887,4.482,-0.666,-2.513,-0.351,0.382,0.0,0.395,0,0.41,0.0,0.411,1,0
282.208,330.701,-54.605,-2.487,4.578,-0.867,4.495,-0.646,-2.339,-0.221,0.427,0.0,0.449,0,0.382,0.0,0.395,1,0
282.258,330.496,-54.706,-2.519,4.591,-0.841,4.513,-0.626,-4.058,-1.047,0.367,0.0,0.432,0,0.427,0.0,0.449,1,0
282.308,330.288,-54.8,-2.552,4.581,-0.897,4.493,-0.674,-3.077,-0.48,0.416,0.0,0.414,0,0.367,0.0,0.432,1,0
282.358,330.076,-54.885,-2.586,4.591,-0.9,4.502,-0.677,-2.508,-0.22,0.375,0.0,0.394,0,0.416,0.0,0.414,1,0
282.408,329.861,-54.965,-2.619,4.606,-0.876,4.522,-0.653,-2.281,-0.126,0.351,0.0,0.374,0,0.375,0.0,0.394,1,0
282.458,329.643,-55.039,-2.65,4.623,-0.846,4.545,-0.63,-2.004,-0.203,0.334,0.0,0.356,0,0.351,0.0,0.374,1,0
282.508,329.423,-55.109,-2.681,4.632,-0.808,4.561,-0.599,-2.004,-0.203,0.334,0.0,0.356,0,0.351,0.0,0.374,1,0
282.558,329.201,-55.174,-2.71,4.632,-0.772,4.568,-0.573,-1.918,-0.363,0.353,0.0,0.322,0,0.334,0.0,0.356,1,0
282.608,328.978,-55.234,-2.738,4.625,-0.733,4.566,-0.543,-1.744,-0.465,0.353,0.0,0.322,0,0.338,0.0,0.338,1,0
282.658,328.754,-55.29,-2.764,4.615,-0.7,4.562,-0.52,-1.729,-0.483,0.371,0.0,0.319,0,0.353,0.0,0.322,1,0
282.708,328.53,-55.341,-2.789,4.605,-0.683,4.554,-0.507,-1.976,-0.542,0.379,0.0,0.304,0,0.371,0.0,0.319,1,0
282.758,328.305,-55.387,-2.814,4.602,-0.657,4.555,-0.489,-1.745,-0.337,0.389,0.0,0.29,0,0.379,0.0,0.304,1,0
282.808,328.079,-55.429,-2.838,4.604,-0.628,4.561,-0.466,-1.571,-0.205,0.376,0.0,0.276,0,0.389,0.0,0.29,1,0
282.858,327.852,-55.467,-2.86,4.608,-0.602,4.569,-0.447,-1.424,-0.154,0.356,0.0,0.252,0,0.366,0.0,0.264,1,0
282.908,327.624,-55.501,-2.882,4.611,-0.575,4.575,-0.426,-1.421,-0.2,0.358,0.0,0.24,0,0.356,0.0,0.252,1,0
282.958,327.396,-55.532,-2.903,4.61,-0.551,4.577,-0.41,-1.266,-0.24,0.364,0.0,0.228,0,0.358,0.0,0.24,1,0
283.008,327.168,-55.559,-2.922,4.606,-0.524,4.576,-0.388,-1.239,-0.225,0.371,0.0,0.217,0,0.364,0.0,0.228,1,0
283.058,326.939,-55.583,-2.941,4.602,-0.5,4.575,-0.371,-1.15,-0.207,0.373,0.0,0.201,0,0.371,0.0,0.217,1,0
283.108,326.71,-55.604,-2.959,4.599,-0.476,4.574,-0.352,-0.965,-0.106,0.376,0.0,0.19,0,0.373,0.0,0.201,1,0
283.158,326.481,-55.622,-2.976,4.599,-0.447,4.577,-0.331,-0.947,-0.104,1.0,0.0,0.18,0,0.376,0.0,0.19,1,0
283.208,326.252,-55.638,-2.992,4.598,-0.422,4.579,-0.312,-0.986,0.275,1.0,0.0,0.164,0,1.0,0.0,0.18,1,0
283.258,326.022,-55.652,-3.007,4.617,-0.402,4.599,-0.298,-0.824,1.822,1.0,0.0,0.149,0,1.0,0.0,0.164,1,0
283.308,325.789,-55.663,-3.021,4.711,-0.377,4.696,-0.279,-0.864,3.846,1.0,0.0,0.139,0,1.0,0.0,0.149,1,0
283.358,325.548,-55.674,-3.034,4.907,-0.354,4.894,-0.265,-1.059,5.136,1.0,0.0,0.13,0,1.0,0.0,0.139,1,0
283.408,325.295,-55.683,-3.047,5.167,-0.341,5.155,-0.259,-1.196,5.769,1.0,0.0,0.122,0,1.0,0.0,0.13,1,0
283.458,325.027,-55.69,-3.06,5.458,-0.331,5.448,-0.254,-0.509,0.291,1.0,0.0,0.086,0,1.0,0.0,0.122,1,0
283.508,324.754,-55.696,-3.072,5.475,-0.289,5.467,-0.247,-0.15,0.048,1.0,0.0,0.075,0,1.0,0.0,0.086,1,0
283.608,324.192,-55.707,-3.092,5.784,-0.212,5.78,-0.168,-0.464,6.117,1.0,0.0,0.066,0,1.0,0.0,0.075,1,0
283.658,323.902,-55.712,-3.099,5.804,-0.171,5.801,-0.145,-0.467,-0.14,1.0,0.0,0.053,0,1.0,0.0,0.059,0,0
283.708,323.612,-55.715,-3.106,5.798,-0.154,5.796,-0.135,-0.467,-0.14,1.0,0.0,0.053,0,1.0,0.0,0.059,0,0
283.758,323.317,-55.718,-3.113,6.158,-0.14,6.157,-0.123,-0.485,7.204,1.0,0.0,0.046,0,1.0,0.0,0.053,0,0
283.808,322.987,-55.72,-3.118,6.843,-0.134,6.842,-0.119,-0.698,13.688,1.0,0.0,0.036,0,1.0,0.0,0.046,2,0
283.858,322.626,-55.721,-3.124,7.42,-0.124,7.419,-0.113,-0.614,10.025,1.0,0.0,0.03,0,1.0,0.0,0.036,2,0
283.908,322.239,-55.721,-3.13,7.922,-0.112,7.921,-0.106,-0.527,8.985,1.0,0.0,0.026,0,1.0,0.0,0.03,2,0
283.958,321.829,-55.72,-3.135,8.371,-0.097,8.371,-0.096,-0.498,8.272,1.0,0.0,0.021,0,1.0,0.0,0.026,2,0
284.008,321.398,-55.718,-3.139,8.785,-0.082,8.785,-0.087,-0.409,5.117,1.0,0.0,0.017,0,1.0,0.0,0.021,2,0
284.108,320.504,-55.711,3.137,8.869,-0.048,8.869,-0.063,-0.225,-3.453,1.0,0.0,0.013,0,1.0,0.0,0.017,0,0
284.158,320.056,-55.706,3.134,9.056,-0.036,9.056,-0.053,-0.261,9.914,1.0,0.0,0.007,0,1.0,0.0,0.01,3,0
284.208,319.588,-55.701,3.132,9.552,-0.028,9.552,-0.042,-0.216,8.356,1.0,0.0,0.004,0,1.0,0.0,0.007,3,0
284.258,319.097,-55.695,3.13,9.969,-0.021,9.969,-0.033,-0.121,7.365,1.0,0.0,0.003,0,1.0,0.0,0.004,3,0
284.308,318.587,-55.688,3.129,10.338,-0.013,10.338,-0.023,-0.093,6.698,1.0,0.0,0.001,0,1.0,0.0,0.003,3,0
284.358,318.06,-55.68,3.128,10.673,-0.008,10.673,-0.016,-0.019,6.251,1.0,0.0,-0.0,0,1.0,0.0,0.001,3,0
284.458,316.959,-55.664,3.127,11.283,0.001,11.283,-0.004,-0.005,5.951,1.0,0.0,-0.002,0,1.0,0.0,-0.0,3,0
284.508,316.386,-55.656,3.127,11.57,0.004,11.57,0.001,0.059,5.62,1.0,0.0,-0.003,0,1.0,0.0,-0.002,3,0
284.558,315.8,-55.647,3.127,11.851,0.005,11.851,0.004,0.107,5.533,1.0,0.0,-0.003,0,1.0,0.0,-0.003,3,0
284.608,315.199,-55.639,3.127,12.128,0.007,12.128,0.008,0.102,5.476,1.0,0.0,-0.003,0,1.0,0.0,-0.003,3,0
284.658,314.584,-55.63,3.128,12.402,0.006,12.402,0.009,0.14,5.44,1.0,0.0,-0.003,0,1.0,0.0,-0.003,3,0
284.708,313.956,-55.622,3.128,12.674,0.006,12.674,0.011,0.122,1.117,1.0,0.0,-0.003,0,1.0,0.0,-0.003,3,0
284.758,313.321,-55.614,3.129,12.73,0.005,12.73,0.012,0.144,-1.508,1.0,0.0,-0.003,0,1.0,0.0,-0.003,0,0
284.858,312.049,-55.599,3.13,12.895,0.005,12.895,0.013,0.169,4.818,1.0,0.0,-0.003,0,1.0,0.0,-0.003,0,0
284.908,311.396,-55.592,3.131,13.189,0.004,13.189,0.013,0.168,5.419,1.0,0.0,-0.003,0,1.0,0.0,-0.003,4,0
284.958,310.728,-55.585,3.131,13.46,0.003,13.46,0.013,0.173,5.101,1.0,0.0,-0.002,0,1.0,0.0,-0.003,4,0
285.008,310.047,-55.578,3.132,13.715,0.003,13.715,0.013,0.151,4.889,1.0,0.0,-0.002,0,1.0,0.0,-0.002,4,0
285.108,308.649,-55.566,3.133,14.196,0.001,14.196,0.012,0.16,4.654,1.0,0.0,-0.002,0,1.0,0.0,-0.002,4,0
285.158,307.932,-55.56,3.134,14.429,0.0,14.429,0.012,0.16,4.654,1.0,0.0,-0.002,0,1.0,0.0,-0.002,4,0
285.208,307.204,-55.555,3.134,14.659,-0.001,14.659,0.011,0.138,4.592,1.0,0.0,-0.002,0,1.0,0.0,-0.002,4,0
285.258,306.464,-55.549,3.135,14.886,-0.001,14.886,0.01,0.14,4.525,1.0,0.0,-0.001,0,1.0,0.0,-0.002,4,0
285.308,305.713,-55.544,3.135,15.113,-0.002,15.113,0.009,0.12,4.508,1.0,0.0,-0.001,0,1.0,0.0,-0.001,4,0
285.358,304.95,-55.54,3.136,15.338,-0.002,15.338,0.008,0.121,4.497,1.0,0.0,-0.001,0,1.0,0.0,-0.001,4,0
285.408,304.177,-55.535,3.136,15.563,-0.003,15.563,0.008,0.119,4.491,1.0,0.0,-0.001,0,1.0,0.0,-0.001,4,0
285.458,303.392,-55.531,3.137,15.787,-0.003,15.787,0.007,0.117,4.487,1.0,0.0,-0.001,0,1.0,0.0,-0.001,4,0
285.558,301.79,-55.523,3.137,16.137,-0.003,16.137,0.006,0.1,2.498,0.894,0.0,-0.001,0,1.0,0.0,-0.001,4,0
285.608,300.985,-55.52,3.138,16.116,-0.003,16.116,0.006,0.098,1.43,1.0,0.0,-0.001,0,0.985,0.0,-0.001,0,0
285.658,300.178,-55.516,3.138,16.188,-0.003,16.188,0.006,0.094,4.949,1.0,0.0,-0.001,0,1.0,0.0,-0.001,5,0
285.708,299.362,-55.513,3.138,16.435,-0.003,16.435,0.006,0.092,4.509,0.537,0.0,-0.001,0,1.0,0.0,-0.001,5,0
285.758,298.533,-55.51,3.138,16.661,-0.003,16.661,0.005,0.08,3.952,0.411,0.0,-0.001,0,0.537,0.0,-0.001,5,0
285.808,297.694,-55.508,3.139,16.858,-0.003,16.858,0.005,0.08,2.755,0.301,0.0,-0.001,0,0.411,0.0,-0.001,5,0
285.858,296.846,-55.505,3.139,16.996,-0.003,16.996,0.005,0.077,1.633,0.286,0.0,-0.001,0,0.301,0.0,-0.001,5,0
285.908,295.994,-55.503,3.139,17.078,-0.003,17.078,0.004,0.075,0.803,0.299,0.0,-0.001,0,0.286,0.0,-0.001,5,0
285.958,295.139,-55.5,3.139,17.118,-0.003,17.118,0.004,0.071,0.289,0.313,0.0,-0.001,0,0.299,0.0,-0.001,5,0
286.058,293.426,-55.497,3.14,17.132,-0.003,17.132,0.004,0.064,-0.169,0.308,0.0,-0.0,0,0.315,0.0,-0.001,5,0
286.108,292.57,-55.495,3.14,17.124,-0.002,17.124,0.004,0.055,-0.277,0.295,0.0,-0.0,0,0.308,0.0,-0.0,5,0
286.158,291.715,-55.493,3.14,17.11,-0.003,17.11,0.003,0.052,-0.361,0.283,0.0,-0.0,0,0.295,0.0,-0.0,5,0
286.208,290.86,-55.492,3.14,17.092,-0.002,17.092,0.003,0.048,-0.437,0.272,0.0,-0.0,0,0.283,0.0,-0.0,5,0
286.258,290.006,-55.491,3.14,17.07,-0.002,17.07,0.003,0.045,-0.504,0.266,0.0,-0.0,0,0.272,0.0,-0.0,5,0
286.358,288.302,-55.489,3.141,17.017,-0.002,17.017,0.002,0.041,-0.561,0.263,0.0,-0.0,0,0.266,0.0,-0.0,5,0
286.408,287.452,-55.488,3.141,16.986,-0.002,16.986,0.002,0.038,-0.604,0.263,0.0,-0.0,0,0.263,0.0,-0.0,5,0
286.458,286.604,-55.487,3.141,16.955,-0.002,16.955,0.002,0.029,-0.646,0.27,0.0,-0.0,0,0.265,0.0,-0.0,5,0
286.508,285.757,-55.486,3.141,16.922,-0.001,16.922,0.002,0.027,-0.647,0.18,0.0,-0.0,0,0.27,0.0,-0.0,5,0
286.558,284.912,-55.485,3.141,16.89,-0.001,16.89,0.001,0.024,-0.725,0.252,0.0,-0.0,0,0.18,0.0,-0.0,5,0
286.608,284.069,-55.485,3.141,16.854,-0.001,16.854,0.001,0.022,-0.793,0.0,0.0,-0.0,0,0.252,0.0,-0.0,5,0
286.708,282.388,-55.484,3.141,16.768,-0.001,16.768,0.001,0.02,-0.929,0.0,0.0,-0.0,0,0.0,0.0,-0.0,5,0
286.758,281.551,-55.483,3.141,16.704,-0.001,16.704,0.001,0.016,-1.493,0.0,0.0,-0.0,0,0.0,0.0,-0.0,5,0
286.808,280.719,-55.483,3.141,16.629,-0.001,16.629,0.001,0.015,0.022,0.0,0.0,-0.0,0,0.0,0.0,-0.0,0,0
286.858,279.887,-55.482,3.141,16.63,-0.001,16.63,0.001,0.014,-0.183,0.0,0.0,-0.0,0,0.0,0.0,-0.0,0,0
286.908,279.056,-55.482,3.141,16.621,-0.0,16.621,0.001,0.011,-4.091,0.0,0.0,-0.0,0,0.0,0.0,-0.0,0,0
287.008,277.416,-55.482,3.141,16.215,-0.0,16.215,0.001,0.011,-4.026,0.0,0.0,-0.0,0,0.0,0.0,-0.0,4,0
287.058,276.611,-55.481,3.141,16.04,-0.0,16.04,0.001,0.01,-3.51,0.0,0.0,-0.0,0,0.0,0.0,-0.0,4,0
287.108,275.814,-55.481,3.141,15.88,-0.0,15.88,0.001,0.009,-2.983,0.0,0.0,-0.0,0,0.0,0.0,-0.0,4,0
287.208,274.242,-55.481,3.141,15.589,-0.0,15.589,0.0,0.008,-2.848,0.0,0.0,-0.0,0,0.0,0.0,-0.0,4,0
287.258,273.467,-55.481,3.141,15.451,-0.0,15.451,0.0,0.007,-2.693,0.0,0.0,-0.0,0,0.0,0.0,-0.0,4,0
287.308,272.699,-55.48,3.141,15.316,-0.0,15.316,0.0,0.005,-2.645,0.0,0.0,-0.0,0,0.0,0.0,-0.0,4,0
287.408,271.181,-55.48,3.141,15.053,-0.0,15.053,0.0,0.005,-2.607,0.0,0.0,-0.0,0,0.0,0.0,-0.0,4,0
287.458,270.433,-55.48,3.141,14.925,-0.0,14.925,0.0,0.004,-2.549,0.0,0.0,-0.0,0,0.0,0.0,-0.0,4,0
287.508,269.69,-55.48,3.142,14.797,-0.0,14.797,0.0,0.004,-2.524,0.0,0.0,-0.0,0,0.0,0.0,-0.0,4,0
287.558,268.954,-55.48,3.142,14.671,-0.0,14.671,0.0,0.004,-2.5,0.0,0.0,-0.0,0,0.0,0.0,-0.0,4,0
287.608,268.224,-55.48,3.142,14.546,-0.0,14.546,0.0,0.004,-2.478,0.0,0.0,-0.0,0,0.0,0.0,-0.0,4,0
287.658,267.501,-55.48,3.142,14.422,-0.0,14.422,0.0,0.004,-2.457,0.0,0.0,-0.0,0,0.0,0.0,-0.0,4,0
287.708,266.783,-55.48,3.142,14.299,-0.0,14.299,0.0,0.003,-2.436,0.0,0.0,-0.0,0,0.0,0.0,-0.0,4,0
287.808,265.367,-55.48,3.142,14.057,-0.0,14.057,0.0,0.003,-2.394,0.0,0.0,-0.0,0,0.0,0.0,-0.0,4,0
287.858,264.667,-55.48,3.142,13.937,-0.0,13.937,0.0,0.003,-2.374,0.0,0.0,-0.0,0,0.0,0.0,-0.0,4,0
287.908,263.974,-55.48,-3.142,13.818,-0.0,13.818,0.0,0.002,-2.354,0.0,0.0,-0.0,0,0.0,0.0,-0.0,4,0
287.958,263.287,-55.48,-3.142,13.701,-0.0,13.701,0.0,0.002,-2.334,0.0,0.0,-0.0,0,0.0,0.0,-0.0,4,0
288.008,262.605,-55.48,-3.142,13.584,-0.0,13.584,0.0,0.002,-2.315,0.0,0.0,-0.0,0,0.0,0.0,-0.0,4,0
288.108,261.259,-55.48,-3.142,13.353,-0.0,13.353,0.0,0.002,-2.295,0.0,0.0,-0.0,0,0.0,0.0,-0.0,4,0
288.158,260.593,-55.48,-3.142,13.333,0.0,13.333,0.0,0.002,-0.899,0.0,0.0,-0.0,0,0.0,0.0,-0.0,0,0
288.208,259.928,-55.48,-3.142,13.288,0.0,13.288,0.0,0.001,-2.065,0.0,0.0,-0.0,0,0.0,0.0,-0.0,0,0
288.308,258.614,-55.48,-3.142,12.913,0.0,12.913,0.0,0.001,-5.423,0.0,0.0,-0.0,0,0.0,0.0,-0.0,3,0
288.358,257.975,-55.48,-3.142,12.693,0.0,12.693,0.0,0.001,-3.976,0.0,0.0,-0.0,0,0.0,0.0,-0.0,3,0
288.408,257.346,-55.48,-3.142,12.494,0.0,12.494,0.0,0.001,-3.525,0.0,1.0,0.0,0,0.0,0.0,-0.0,3,0
288.508,256.117,-55.48,-3.142,12.116,-0.0,12.116,0.0,0.0,-4.049,0.0,1.0,0.0,0,0.0,1.0,0.0,3,0
288.558,255.519,-55.48,-3.142,11.87,-0.0,11.87,0.0,0.0,-4.915,0.0,1.0,0.0,0,0.0,1.0,0.0,3,0
288.608,254.935,-55.48,-3.142,11.541,-0.0,11.541,0.0,0.0,-7.249,0.0,1.0,0.0,0,0.0,1.0,0.0,3,0
288.658,254.369,-55.48,-3.142,11.179,-0.0,11.179,0.0,0.0,-5.895,0.0,1.0,0.0,0,0.0,1.0,0.0,0,0
288.708,253.819,-55.48,-3.142,10.884,-0.0,10.884,0.0,0.0,-5.708,0.0,1.0,0.0,0,0.0,1.0,0.0,0,0
288.808,252.771,-55.48,-3.142,9.995,-0.0,9.995,0.0,0.0,-11.878,0.0,1.0,0.0,0,0.0,1.0,0.0,2,0
288.858,252.29,-55.48,-3.142,9.401,-0.0,9.401,0.0,0.0,-10.858,0.0,1.0,0.0,0,0.0,1.0,0.0,2,0
288.908,251.837,-55.48,-3.142,8.858,-0.0,8.858,-0.0,0.0,-9.164,0.0,1.0,0.0,0,0.0,1.0,0.0,2,0
289.008,251.001,-55.48,-3.142,7.987,-0.0,7.987,0.0,0.0,-8.253,0.0,1.0,0.0,0,0.0,1.0,0.0,2,0
289.058,250.612,-55.481,-3.142,7.628,-0.0,7.628,0.0,0.0,-7.181,0.0,1.0,0.0,0,0.0,1.0,0.0,2,0
289.108,250.241,-55.481,-3.142,7.295,0.0,7.295,0.0,0.0,-5.562,0.0,1.0,0.0,0,0.0,1.0,0.0,0,0
289.158,249.885,-55.481,-3.142,7.017,-0.0,7.017,0.0,0.0,-14.648,0.0,1.0,0.0,0,0.0,1.0,0.0,0,0
289.258,249.277,-55.481,-3.142,4.945,-0.0,4.945,0.0,0.0,-26.789,0.0,1.0,0.0,0,0.0,1.0,0.0,1,0
289.308,249.07,-55.481,-3.142,3.638,-0.0,3.638,0.0,0.0,-26.139,0.0,1.0,0.0,0,0.0,1.0,0.0,1,0
289.358,248.929,-55.481,-3.142,2.325,-0.0,2.325,0.0,0.0,-26.005,0.0,1.0,0.0,0,0.0,1.0,0.0,1,0
289.408,248.854,-55.481,-3.142,1.025,-0.0,1.025,0.0,0.004,-20.366,0.0,1.0,0.0,0,0.0,1.0,0.0,1,0
289.508,248.836,-55.481,-3.142,0.01,-0.0,-0.01,-0.0,-0.003,-0.341,0.0,1.0,0.0,0,0.0,1.0,0.0,1,1
289.558,248.835,-55.481,-3.142,0.012,-0.0,-0.012,-0.0,0.0,0.019,0.0,1.0,0.0,0,0.0,1.0,0.0,1,1
289.608,248.834,-55.481,-3.142,0.011,-0.0,-0.011,-0.0,0.0,0.038,0.0,1.0,0.0,0,0.0,1.0,0.0,1,1
289.658,248.833,-55.481,-3.142,0.009,-0.0,-0.009,-0.0,0.0,0.04,0.0,1.0,0.0,0,0.0,1.0,0.0,1,1
289.708,248.832,-55.481,-3.142,0.007,-0.0,-0.007,-0.0,0.0,0.035,0.0,1.0,0.0,0,0.0,1.0,0.0,1,1
289.808,248.831,-55.481,-3.142,0.004,-0.0,-0.004,-0.0,0.0,0.029,0.0,1.0,0.0,0,0.0,1.0,0.0,1,1
289.858,248.831,-55.481,-3.142,0.003,-0.0,-0.003,-0.0,-0.0,0.017,0.0,1.0,0.0,0,0.0,1.0,0.0,1,1
289.908,248.831,-55.481,-3.142,0.002,-0.0,-0.002,-0.0,0.0,0.013,0.0,1.0,0.0,0,0.0,1.0,0.0,1,1
289.958,248.83,-55.481,-3.142,0.002,-0.0,-0.002,-0.0,0.0,0.009,0.0,1.0,0.0,0,0.0,1.0,0.0,1,1
290.008,248.83,-55.481,-3.142,0.001,-0.0,-0.001,-0.0,-0.0,0.007,0.0,1.0,0.0,0,0.0,1.0,0.0,1,1
290.058,248.83,-55.481,-3.142,0.001,-0.0,-0.001,-0.0,0.0,0.005,0.0,1.0,0.0,0,0.0,1.0,0.0,1,1
290.158,248.83,-55.481,-3.142,0.0,-0.0,-0.0,-0.0,0.0,0.009,0.0,1.0,0.0,0,0.0,1.0,0.0,1,1
290.208,248.83,-55.481,-3.142,0.0,-0.0,0.0,-0.0,0.0,0.0,0.0,1.0,0.0,0,0.0,1.0,0.0,1,1
291.208,248.83,-55.481,-3.142,0.0,-0.0,0.0,-0.0,0.0,0.0,0.0,1.0,0.0,0,0.0,1.0,0.0,1,1
291.608,248.83,-55.481,-3.142,0.0,-0.0,0.0,-0.0,0.0,0.0,1.0,0.0,-1.0,0,0.0,1.0,0.0,1,1
291.708,248.83,-55.481,-3.142,0.0,-0.0,-0.0,-0.0,0.0,-0.001,1.0,0.0,-0.0,0,1.0,0.0,-0.0,1,1
291.758,248.83,-55.481,-3.142,0.0,-0.0,-0.0,-0.0,-0.0,-0.278,1.0,0.0,-0.0,0,1.0,0.0,-0.0,1,1
291.858,248.826,-55.481,-3.142,0.082,0.0,0.082,0.0,0.0,-0.562,1.0,0.0,-0.0,0,1.0,0.0,-0.0,1,1
291.908,248.824,-55.481,-3.142,0.053,0.0,0.053,-0.0,0.0,2.545,1.0,0.0,-0.0,0,1.0,0.0,-0.0,1,1
292.008,248.802,-55.481,-3.142,0.466,-0.0,0.466,0.001,0.022,2.293,1.0,0.0,-0.0,0,1.0,0.0,-0.0,1,0
292.058,248.774,-55.481,-3.142,0.581,0.001,0.581,0.001,-0.007,5.317,1.0,0.0,-0.0,0,1.0,0.0,-0.0,1,0
292.108,248.736,-55.481,3.142,0.847,0.001,0.847,0.001,-0.031,5.518,1.0,0.0,-0.0,0,1.0,0.0,-0.0,1,0
292.158,248.686,-55.481,3.141,1.122,-0.0,1.122,0.006,0.002,6.863,1.0,0.0,-0.0,0,1.0,0.0,-0.0,1,0
292.258,248.539,-55.481,3.141,1.721,0.0,1.721,-0.008,0.001,5.107,1.0,0.0,-0.001,0,1.0,0.0,-0.0,1,0
292.308,248.444,-55.481,3.141,2.004,0.001,2.004,0.012,0.023,7.642,1.0,0.0,-0.001,0,1.0,0.0,-0.001,1,0
292.358,248.332,-55.481,3.141,2.386,0.001,2.386,-0.002,0.004,7.855,1.0,0.0,-0.001,0,1.0,0.0,-0.001,1,0
292.458,248.049,-55.481,3.141,3.199,0.001,3.199,0.001,-0.0,7.763,1.0,0.0,-0.0,0,1.0,0.0,-0.0,1,0
292.508,247.877,-55.481,3.141,3.587,0.001,3.587,0.001,0.002,7.432,1.0,0.0,-0.0,0,1.0,0.0,-0.0,1,0
292.608,247.478,-55.481,3.141,4.323,0.001,4.323,0.001,0.003,7.274,1.0,0.0,-0.0,0,1.0,0.0,-0.0,1,0
292.658,247.251,-55.481,3.141,4.682,0.001,4.682,0.001,0.003,7.166,1.0,0.0,-0.0,0,1.0,0.0,-0.0,1,0
292.708,247.006,-55.481,3.141,5.041,0.001,5.041,0.001,0.003,7.176,1.0,0.0,-0.0,0,1.0,0.0,-0.0,1,0
292.758,246.743,-55.481,3.141,5.399,0.001,5.399,0.001,0.002,4.877,1.0,0.0,-0.0,0,1.0,0.0,-0.0,1,0
292.808,246.464,-55.481,3.141,5.643,0.001,5.643,0.001,0.002,0.367,1.0,0.0,-0.0,0,1.0,0.0,-0.0,1,0
292.908,245.897,-55.481,3.142,5.769,0.001,5.769,0.001,0.001,2.137,1.0,0.0,-0.0,0,1.0,0.0,-0.0,1,0
292.958,245.61,-55.481,3.142,5.747,0.001,5.747,0.001,0.002,-0.432,1.0,0.0,-0.0,0,1.0,0.0,-0.0,0,0
293.008,245.323,-55.481,3.142,5.744,0.0,5.744,0.0,0.003,10.205,1.0,0.0,-0.0,0,1.0,0.0,-0.0,0,0
293.108,244.691,-55.481,-3.142,6.913,0.0,6.913,0.0,0.003,13.18,1.0,0.0,-0.0,0,1.0,0.0,-0.0,2,0
293.158,244.327,-55.481,-3.142,7.472,0.0,7.472,0.0,0.002,9.782,1.0,0.0,-0.0,0,1.0,0.0,-0.0,2,0
293.208,243.938,-55.481,-3.142,7.961,0.0,7.961,0.0,0.002,8.813,1.0,0.0,-0.0,0,1.0,0.0,-0.0,2,0
293.308,243.094,-55.481,-3.141,8.81,0.0,8.81,0.0,0.002,8.152,1.0,0.0,-0.0,0,1.0,0.0,-0.0,2,0
293.358,242.646,-55.481,-3.141,9.063,0.0,9.063,0.0,0.001,5.07,1.0,0.0,-0.0,0,1.0,0.0,-0.0,2,0
293.408,242.198,-55.481,-3.141,8.891,0.0,8.891,0.0,0.001,3.728,1.0,0.0,-0.0,0,1.0,0.0,-0.0,0,0
293.458,241.749,-55.481,-3.141,9.077,0.0,9.077,0.0,0.001,9.86,1.0,0.0,-0.0,0,1.0,0.0,-0.0,3,0
293.558,240.789,-55.481,-3.141,9.987,0.0,9.987,0.0,0.001,8.324,1.0,0.0,-0.0,0,1.0,0.0,-0.0,3,0
293.608,240.278,-55.481,-3.141,10.354,0.0,10.354,0.0,0.0,6.683,1.0,0.0,-0.0,0,1.0,0.0,-0.0,3,0
293.658,239.75,-55.481,-3.141,10.688,0.0,10.688,0.0,0.0,6.241,1.0,0.0,-0.0,0,1.0,0.0,-0.0,3,0
293.758,238.647,-55.481,-3.141,11.297,0.0,11.297,0.0,0.0,5.945,1.0,0.0,-0.0,0,1.0,0.0,-0.0,3,0
293.808,238.074,-55.482,-3.141,11.584,0.0,11.584,0.0,-0.0,5.617,1.0,0.0,0.0,0,1.0,0.0,0.0,3,0
293.858,237.486,-55.482,-3.141,11.865,0.0,11.865,0.0,-0.0,5.531,1.0,0.0,0.0,0,1.0,0.0,0.0,3,0
293.908,236.885,-55.482,-3.141,12.142,-0.0,12.142,-0.0,-0.0,5.476,1.0,0.0,0.0,0,1.0,0.0,0.0,3,0
293.958,236.269,-55.482,-3.141,12.416,-0.0,12.416,-0.0,-0.0,5.44,1.0,0.0,0.0,0,1.0,0.0,0.0,3,0
294.008,235.64,-55.482,-3.141,12.688,-0.0,12.688,-0.0,-0.0,1.114,1.0,0.0,0.0,0,1.0,0.0,0.0,3,0
294.058,235.005,-55.482,-3.141,12.743,-0.0,12.743,-0.0,-0.0,-1.5,1.0,0.0,0.0,0,1.0,0.0,0.0,0,0
294.158,233.731,-55.482,-3.141,12.909,-0.0,12.909,-0.0,-0.0,4.815,1.0,0.0,0.0,0,1.0,0.0,0.0,0,0
294.208,233.077,-55.482,-3.141,13.203,-0.0,13.203,-0.0,-0.0,5.42,1.0,0.0,0.0,0,1.0,0.0,0.0,4,0
294.258,232.408,-55.482,-3.141,13.474,0.0,13.474,-0.0,-0.0,5.102,1.0,0.0,0.0,0,1.0,0.0,0.0,4,0
294.358,231.033,-55.483,-3.141,13.973,0.0,13.973,-0.0,-0.0,4.749,1.0,0.0,0.0,0,1.0,0.0,0.0,4,0
294.408,230.327,-55.483,-3.141,14.211,0.0,14.211,-0.0,-0.0,4.655,1.0,0.0,0.0,0,1.0,0.0,0.0,4,0
294.458,229.609,-55.483,-3.141,14.443,0.0,14.443,-0.0,-0.0,4.593,1.0,0.0,0.0,0,1.0,0.0,0.0,4,0
294.558,228.14,-55.483,-3.141,14.901,0.0,14.901,-0.0,-0.0,4.525,1.0,0.0,0.0,0,1.0,0.0,0.0,4,0
294.608,227.388,-55.483,-3.141,15.127,0.0,15.127,-0.0,-0.0,4.508,1.0,0.0,0.0,0,1.0,0.0,0.0,4,0
294.658,226.625,-55.483,-3.141,15.352,0.0,15.352,-0.0,-0.0,4.497,1.0,0.0,-0.0,0,1.0,0.0,0.0,4,0
294.708,225.851,-55.483,-3.141,15.577,0.0,15.577,-0.0,-0.0,4.491,1.0,0.0,-0.0,0,1.0,0.0,-0.0,4,0
294.808,224.268,-55.484,-3.141,16.026,0.0,16.026,-0.0,-0.0,2.497,0.883,0.0,-0.0,0,1.0,0.0,-0.0,4,0
294.858,223.462,-55.484,-3.141,16.151,0.0,16.151,-0.0,-0.0,-0.409,0.975,0.0,-0.0,0,0.883,0.0,-0.0,0,0
294.958,221.849,-55.484,-3.141,16.202,0.0,16.202,0.0,0.0,1.429,1.0,0.0,-0.0,0,0.975,0.0,-0.0,0,0
295.008,221.031,-55.484,-3.141,16.449,0.0,16.449,0.0,0.0,4.946,1.0,0.0,-0.0,0,1.0,0.0,-0.0,5,0
295.058,220.202,-55.484,-3.141,16.675,0.0,16.675,0.0,-0.0,3.951,0.4,0.0,0.0,0,0.527,0.0,-0.0,5,0
295.108,219.362,-55.484,-3.141,16.872,0.0,16.872,0.0,-0.0,2.738,0.289,0.0,0.0,0,0.4,0.0,0.0,5,0
295.208,217.661,-55.484,-3.141,17.089,-0.0,17.089,-0.0,-0.0,0.758,0.29,0.0,0.0,0,0.275,0.0,0.0,5,0
295.258,216.805,-55.485,-3.141,17.127,0.0,17.127,-0.0,-0.0,0.242,0.306,0.0,0.0,0,0.29,0.0,0.0,5,0
295.308,215.949,-55.485,-3.141,17.139,-0.0,17.139,-0.0,-0.0,-0.048,0.309,0.0,0.0,0,0.306,0.0,0.0,5,0
295.408,214.236,-55.485,-3.141,17.126,-0.0,17.126,-0.0,-0.0,-0.209,0.292,0.0,0.0,0,0.309,0.0,0.0,5,0
295.458,213.38,-55.485,-3.141,17.111,-0.0,17.111,-0.0,-0.0,-0.39,0.28,0.0,0.0,0,0.292,0.0,0.0,5,0
295.508,212.525,-55.485,-3.141,17.091,-0.0,17.091,-0.0,-0.0,-0.461,0.27,0.0,0.0,0,0.28,0.0,0.0,5,0
295.608,210.819,-55.485,-3.141,17.042,0.0,17.042,-0.0,-0.0,-0.577,0.261,0.0,0.0,0,0.264,0.0,0.0,5,0
295.658,209.968,-55.485,-3.141,17.013,0.0,17.013,-0.0,-0.0,-0.616,0.262,0.0,0.0,0,0.261,0.0,0.0,5,0
295.758,208.27,-55.486,-3.141,16.95,0.0,16.95,-0.0,-0.0,-0.642,0.27,0.0,-0.0,0,0.262,0.0,0.0,5,0
295.808,207.424,-55.486,-3.141,16.918,0.0,16.918,-0.0,-0.0,-0.651,0.277,0.0,-0.0,0,0.27,0.0,-0.0,5,0
295.858,206.579,-55.486,-3.141,16.885,0.0,16.885,0.0,0.0,-0.639,0.285,0.0,-0.0,0,0.277,0.0,-0.0,5,0
295.958,204.894,-55.486,-3.141,16.822,0.0,16.822,0.0,0.0,-0.617,0.303,0.0,-0.0,0,0.285,0.0,-0.0,5,0
296.008,204.053,-55.486,-3.141,16.793,0.0,16.793,0.0,0.0,-0.587,0.312,0.0,-0.0,0,0.293,0.0,-0.0,5,0
296.058,203.215,-55.486,-3.141,16.765,-0.0,16.765,0.0,0.0,-0.512,0.0,0.0,-0.0,0,0.312,0.0,-0.0,5,0
296.158,201.541,-55.486,-3.141,16.707,-0.0,16.707,0.0,0.0,-0.663,0.0,0.0,-0.0,0,0.0,0.0,-0.0,5,0
296.208,200.707,-55.486,-3.141,16.651,-0.0,16.651,0.0,0.0,-1.39,0.0,0.0,-0.0,0,0.0,0.0,-0.0,5,0
296.258,199.877,-55.487,-3.141,16.581,-0.0,16.581,0.0,0.0,-0.508,0.0,0.0,-0.0,0,0.0,0.0,-0.0,5,0
296.308,199.049,-55.487,-3.141,16.556,-0.0,16.556,0.0,0.0,-0.213,0.0,0.0,-0.0,0,0.0,0.0,-0.0,0,0
296.408,197.396,-55.487,-3.141,16.432,-0.0,16.432,0.0,0.0,-4.316,0.0,0.0,-0.0,0,0.0,0.0,-0.0,4,0
296.458,196.582,-55.487,-3.141,16.216,-0.0,16.216,0.0,0.0,-3.661,0.0,0.0,-0.0,0,0.0,0.0,-0.0,4,0
296.508,195.777,-55.487,-3.141,16.033,-0.0,16.033,0.0,0.0,-3.281,0.0,0.0,-0.0,0,0.0,0.0,-0.0,4,0
296.608,194.192,-55.487,-3.141,15.717,-0.0,15.717,0.0,0.0,-2.881,0.0,0.0,-0.0,0,0.0,0.0,-0.0,4,0
296.658,193.41,-55.487,-3.141,15.573,-0.0,15.573,0.0,0.0,-2.776,0.0,0.0,-0.0,0,0.0,0.0,-0.0,4,0
296.708,192.636,-55.487,-3.141,15.434,-0.0,15.434,0.0,0.0,-2.703,0.0,0.0,-0.0,0,0.0,0.0,-0.0,4,0
296.808,191.107,-55.488,-3.141,15.166,-0.0,15.166,0.0,0.001,-2.609,0.0,0.0,-0.0,0,0.0,0.0,-0.0,4,0
296.858,190.353,-55.488,-3.141,15.036,-0.0,15.036,0.0,0.001,-2.576,0.0,0.0,-0.0,0,0.0,0.0,-0.0,4,0
296.958,188.863,-55.488,-3.141,14.78,0.0,14.78,0.0,0.001,-2.547,0.0,0.0,-0.0,0,0.0,0.0,-0.0,4,0
297.008,188.128,-55.488,-3.141,14.654,-0.0,14.654,0.0,0.0,-2.498,0.0,0.0,-0.0,0,0.0,0.0,0.0,4,0
297.058,187.399,-55.488,-3.141,14.529,-0.0,14.529,0.0,0.0,-2.476,0.0,0.0,0.0,0,0.0,0.0,-0.0,4,0
297.158,185.96,-55.488,-3.141,14.282,-0.0,14.282,-0.0,-0.0,-2.433,0.0,0.0,0.0,0,0.0,0.0,0.0,4,0
297.208,185.249,-55.488,-3.141,14.161,-0.0,14.161,-0.0,-0.0,-2.412,0.0,0.0,0.0,0,0.0,0.0,0.0,4,0
297.308,183.846,-55.489,-3.141,13.921,-0.0,13.921,-0.0,-0.001,-2.392,0.0,0.0,0.0,0,0.0,0.0,0.0,4,0
297.358,183.154,-55.489,-3.141,13.802,-0.0,13.802,-0.0,-0.001,-2.352,0.0,0.0,0.0,0,0.0,0.0,0.0,4,0
297.458,181.787,-55.489,-3.141,13.568,-0.0,13.568,-0.0,-0.001,-2.332,0.0,0.0,0.0,0,0.0,0.0,0.0,4,0
297.508,181.112,-55.489,-3.141,13.452,-0.0,13.452,-0.0,-0.001,-2.293,0.0,0.0,0.0,0,0.0,0.0,0.0,4,0
297.558,180.443,-55.489,-3.141,13.338,-0.0,13.338,-0.0,-0.002,-0.67,0.0,0.0,0.0,0,0.0,0.0,0.0,4,0
297.658,179.11,-55.489,-3.141,13.34,-0.0,13.34,-0.0,-0.0,-4.388,0.0,0.0,0.0,0,0.0,0.0,0.0,0,0
297.758,177.8,-55.489,-3.141,12.875,0.0,12.875,-0.0,-0.0,-4.922,0.0,0.0,-0.0,0,0.0,0.0,0.0,3,0
297.808,177.163,-55.489,-3.141,12.657,0.0,12.657,-0.0,-0.0,-4.424,0.0,1.0,0.0,0,0.0,1.0,0.0,3,0
297.858,176.537,-55.49,-3.141,12.436,0.0,12.436,0.0,-0.0,-5.571,0.0,1.0,0.0,0,0.0,1.0,0.0,3,0
297.958,175.326,-55.49,-3.141,11.825,-0.0,11.825,0.0,-0.0,-6.639,0.0,1.0,0.0,0,0.0,1.0,0.0,3,0
298.008,174.746,-55.49,-3.141,11.436,-0.0,11.436,0.0,0.0,-6.982,0.0,1.0,0.0,0,0.0,1.0,0.0,3,0
298.058,174.186,-55.49,-3.141,11.087,-0.0,11.087,0.0,0.0,-5.4,0.0,0.0,-1.0,0,0.0,1.0,0.0,0,0
298.158,173.108,-55.496,-3.138,10.469,0.159,10.468,0.149,-0.867,-10.477,0.0,0.0,0.005,0,0.0,0.0,-0.0,2,0
298.208,172.602,-55.504,-3.131,9.945,0.054,9.945,0.088,-0.635,-7.686,0.0,0.0,0.014,0,0.0,0.0,0.005,2,0
298.308,171.648,-55.515,-3.129,9.25,-0.03,9.25,-0.015,-0.474,-5.349,0.0,0.0,0.02,0,0.0,0.0,0.017,2,0
298.358,171.194,-55.518,-3.13,8.982,-0.042,8.982,-0.033,-0.507,-4.914,0.0,0.0,0.016,0,0.0,0.0,0.02,2,0
298.458,170.322,-55.521,-3.135,8.506,-0.042,8.506,-0.047,-0.314,-4.404,0.0,0.0,0.015,0,0.0,0.0,0.016,2,0
298.508,169.903,-55.522,-3.137,8.286,-0.037,8.286,-0.049,-0.305,-4.238,0.0,0.0,0.014,0,0.0,0.0,0.015,2,0
298.608,169.097,-55.52,3.141,7.869,-0.032,7.869,-0.044,-0.284,-3.999,0.0,0.0,0.009,0,0.0,0.0,0.014,2,0
298.658,168.709,-55.518,3.139,7.669,-0.03,7.669,-0.038,-0.103,-3.906,0.0,0.0,0.008,0,0.0,0.0,0.009,2,0
298.708,168.332,-55.516,3.138,7.474,-0.023,7.474,-0.033,-0.12,-3.82,0.0,0.0,0.007,0,0.0,0.0,0.008,2,0
298.758,167.964,-55.514,3.136,7.283,-0.019,7.283,-0.024,-0.115,-3.746,0.0,0.0,0.003,0,0.0,0.0,0.007,2,0
298.858,167.254,-55.508,3.134,7.022,-0.009,7.022,-0.014,0.002,-0.111,0.0,0.0,-0.002,0,0.0,0.0,0.002,0,0
298.958,166.555,-55.502,3.134,6.765,-0.0,6.765,0.016,0.089,-5.03,0.0,0.0,-0.002,0,0.0,0.0,-0.002,0,0
299.008,166.232,-55.5,3.134,6.3,0.0,6.3,0.026,0.08,-7.7,0.0,0.0,-0.004,0,0.0,0.0,-0.003,1,0
299.108,165.643,-55.496,3.135,5.641,0.007,5.641,0.005,0.04,-5.611,0.0,0.0,-0.004,0,0.0,0.0,-0.004,1,0
299.158,165.369,-55.495,3.135,5.36,0.007,5.36,0.006,0.06,-3.998,0.0,0.0,-0.005,0,0.0,0.0,-0.004,1,0
299.258,164.855,-55.492,3.136,4.954,0.008,4.954,0.007,0.035,-4.12,0.0,0.0,-0.005,0,0.0,0.0,-0.005,1,0
299.308,164.617,-55.491,3.136,4.653,0.01,4.653,0.008,0.038,-5.245,0.0,0.0,-0.005,0,0.0,0.0,-0.005,1,0
299.408,164.179,-55.49,3.137,4.166,0.01,4.166,0.007,0.026,-4.495,0.0,0.0,-0.004,0,0.0,0.0,-0.005,1,0
299.458,163.977,-55.49,3.137,3.966,0.009,3.966,0.007,0.013,-3.6,0.0,0.0,-0.004,0,0.0,0.0,-0.004,1,0
299.508,163.784,-55.489,3.138,3.786,0.009,3.786,0.007,0.011,-3.238,0.0,0.0,-0.004,0,0.0,0.0,-0.004,1,0
299.608,163.423,-55.489,3.138,3.477,0.008,3.477,0.006,0.004,-2.909,1.0,0.0,-0.003,0,1.0,0.0,-0.004,1,0
299.658,163.253,-55.489,3.139,3.332,0.007,3.332,0.005,-0.01,-1.718,1.0,0.0,-0.003,0,1.0,0.0,-0.003,1,0
299.708,163.089,-55.489,3.139,3.246,0.006,3.246,0.004,-0.001,-0.11,1.0,0.0,-0.003,0,1.0,0.0,-0.003,1,0
299.808,162.762,-55.488,3.139,3.355,0.005,3.355,0.004,0.011,4.785,1.0,0.0,-0.002,0,1.0,0.0,-0.003,1,0
299.908,162.397,-55.488,3.14,3.903,0.005,3.903,0.004,0.014,6.18,1.0,0.0,-0.002,0,1.0,0.0,-0.002,1,0
299.958,162.192,-55.488,3.14,4.23,0.005,4.23,0.004,0.016,6.768,1.0,0.0,-0.002,0,1.0,0.0,-0.002,1,0
300.058,161.73,-55.487,3.14,4.914,0.005,4.914,0.004,0.016,7.018,1.0,0.0,-0.002,0,1.0,0.0,-0.002,1,0
300.108,161.474,-55.487,3.14,5.265,0.005,5.265,0.004,0.012,5.658,1.0,0.0,-0.002,0,1.0,0.0,-0.002,1,0
300.158,161.201,-55.487,3.14,5.548,0.004,5.548,0.004,0.013,-0.041,1.0,0.0,-0.001,0,1.0,0.0,-0.002,1,0
300.258,160.645,-55.487,3.141,5.638,0.004,5.638,0.003,0.012,0.576,1.0,0.0,-0.001,0,1.0,0.0,-0.001,1,0
300.308,160.361,-55.487,3.141,5.667,0.003,5.667,0.003,0.004,0.012,1.0,0.0,-0.001,0,1.0,0.0,-0.001,0,0
300.408,159.793,-55.487,3.141,5.864,0.003,5.864,0.002,0.014,14.839,1.0,0.0,-0.001,0,1.0,0.0,-0.001,2,0
300.458,159.476,-55.487,3.141,6.606,0.003,6.606,0.002,0.013,12.139,1.0,0.0,-0.001,0,1.0,0.0,-0.001,2,0
300.558,158.749,-55.487,3.141,7.735,0.002,7.735,0.002,0.01,9.272,1.0,0.0,-0.001,0,1.0,0.0,-0.001,2,0
300.608,158.347,-55.487,3.142,8.199,0.002,8.199,0.002,0.01,8.466,1.0,0.0,-0.0,0,1.0,0.0,-0.001,2,0
300.708,157.481,-55.487,-3.141,9.018,0.001,9.018,0.001,0.005,-3.033,1.0,0.0,-0.0,0,1.0,0.0,-0.0,0,0
300.758,157.035,-55.487,-3.141,8.867,0.001,8.867,0.001,0.005,3.284,1.0,0.0,-0.0,0,1.0,0.0,-0.0,0,0
300.858,156.131,-55.488,-3.141,9.361,0.001,9.361,0.001,0.005,8.854,1.0,0.0,-0.0,0,1.0,0.0,-0.0,3,0
300.908,155.649,-55.488,-3.141,9.803,0.0,9.803,0.001,0.003,7.699,1.0,0.0,-0.0,0,1.0,0.0,-0.0,3,0
301.008,154.626,-55.488,-3.141,10.534,0.0,10.534,0.0,0.002,6.923,1.0,0.0,-0.0,0,1.0,0.0,-0.0,3,0
301.058,154.09,-55.488,-3.141,10.855,0.0,10.855,0.0,0.0,6.051,1.0,0.0,0.0,0,1.0,0.0,-0.0,3,0
301.108,153.538,-55.489,-3.141,11.157,0.0,11.157,0.0,-0.001,5.818,1.0,0.0,0.0,0,1.0,0.0,0.0,3,0
301.208,152.391,-55.489,-3.141,11.731,-0.0,11.731,-0.0,-0.002,5.562,1.0,0.0,0.0,0,1.0,0.0,0.0,3,0
301.258,151.796,-55.489,-3.141,12.009,-0.0,12.009,-0.0,-0.003,5.495,1.0,0.0,0.0,0,1.0,0.0,0.0,3,0
301.358,150.565,-55.49,-3.141,12.557,-0.0,12.557,-0.0,-0.003,3.292,1.0,0.0,0.0,0,1.0,0.0,0.0,3,0
301.408,149.931,-55.49,-3.141,12.721,-0.0,12.721,-0.0,-0.003,-1.468,1.0,0.0,0.0,0,1.0,0.0,0.0,0,0
301.508,148.663,-55.49,-3.141,12.766,-0.0,12.766,-0.0,-0.003,2.356,1.0,0.0,0.0,0,1.0,0.0,0.0,0,0
301.558,148.016,-55.491,-3.141,13.066,-0.0,13.066,-0.0,-0.003,5.588,1.0,0.0,0.0,0,1.0,0.0,0.0,4,0
301.608,147.354,-55.491,-3.141,13.345,-0.0,13.345,-0.0,-0.003,5.212,1.0,0.0,0.0,0,1.0,0.0,0.0,4,0
301.658,146.679,-55.491,-3.141,13.605,-0.0,13.605,-0.0,-0.003,4.963,1.0,0.0,0.0,0,1.0,0.0,0.0,4,0
301.758,145.291,-55.492,-3.141,14.093,-0.0,14.093,-0.0,-0.003,4.687,1.0,0.0,0.0,0,1.0,0.0,0.0,4,0
301.808,144.579,-55.492,-3.141,14.328,0.0,14.328,-0.0,-0.003,4.614,1.0,0.0,0.0,0,1.0,0.0,0.0,4,0
301.908,143.121,-55.492,-3.141,14.787,0.0,14.787,-0.0,-0.003,4.534,1.0,0.0,0.0,0,1.0,0.0,0.0,4,0
302.008,141.618,-55.493,-3.141,15.239,0.0,15.239,-0.0,-0.003,4.513,1.0,0.0,0.0,0,1.0,0.0,0.0,4,0
302.058,140.849,-55.493,-3.141,15.464,0.0,15.464,-0.0,-0.002,4.493,1.0,0.0,0.0,0,1.0,0.0,0.0,4,0
302.108,140.069,-55.493,-3.141,15.689,0.0,15.689,-0.0,-0.002,4.488,1.0,0.0,0.0,0,1.0,0.0,0.0,4,0
302.208,138.475,-55.493,-3.141,16.138,0.0,16.138,-0.0,-0.002,-0.593,0.8,0.0,0.0,0,0.967,0.0,0.0,0,0
302.308,136.865,-55.494,-3.141,16.11,0.0,16.11,-0.0,-0.002,0.028,1.0,0.0,0.0,0,0.8,0.0,0.0,0,0
302.358,136.054,-55.494,-3.141,16.328,0.0,16.328,-0.0,-0.002,4.653,0.669,0.0,0.0,0,1.0,0.0,0.0,5,0
302.458,134.396,-55.494,-3.141,16.764,0.0,16.764,-0.0,-0.002,4.056,0.0,0.0,0.0,0,0.669,0.0,0.0,5,0
302.508,133.553,-55.494,-3.141,16.911,0.0,16.911,-0.0,-0.001,1.328,0.0,0.0,0.0,0,0.0,0.0,0.0,5,0
302.608,131.856,-55.494,-3.141,16.979,0.0,16.979,-0.0,-0.001,0.035,0.0,0.0,0.0,0,0.0,0.0,0.0,5,0
302.658,131.009,-55.495,-3.141,16.943,0.0,16.943,-0.0,-0.001,-1.176,0.0,0.0,-0.0,0,0.0,0.0,-0.0,5,0
302.758,129.322,-55.495,-3.141,16.812,0.0,16.812,-0.0,-0.0,-1.071,0.0,0.0,-0.0,0,0.0,0.0,-0.0,5,0
302.858,127.646,-55.495,-3.141,16.746,0.0,16.746,0.0,-0.0,-0.26,0.0,0.0,-0.0,0,0.0,0.0,-0.0,0,0
302.908,126.809,-55.495,-3.141,16.741,0.0,16.741,0.0,0.0,-5.025,0.0,0.0,-0.0,0,0.0,0.0,-0.0,4,0
303.008,125.162,-55.496,-3.141,16.292,-0.0,16.292,0.0,-0.0,-3.474,0.0,0.0,0.0,0,0.0,0.0,0.0,4,0
303.108,123.552,-55.496,-3.141,15.96,-0.0,15.96,-0.0,-0.0,-3.173,0.0,0.0,0.0,0,0.0,0.0,0.0,4,0
303.158,122.759,-55.496,-3.141,15.811,-0.0,15.811,-0.0,-0.0,-2.851,0.0,0.0,0.0,0,0.0,0.0,0.0,4,0
303.208,121.973,-55.496,-3.141,15.668,-0.0,15.668,-0.0,-0.0,-2.764,0.0,0.0,0.0,0,0.0,0.0,0.0,4,0
303.308,120.421,-55.496,-3.141,15.395,-0.0,15.395,-0.0,-0.002,-2.656,0.0,0.0,0.0,0,0.0,0.0,0.0,4,0
303.408,118.896,-55.497,-3.141,15.131,-0.0,15.131,-0.0,-0.002,-2.588,0.0,0.0,0.0,0,0.0,0.0,0.0,4,0
303.508,117.397,-55.497,-3.141,14.874,-0.0,14.874,-0.0,-0.003,-2.561,0.0,0.0,0.0,0,0.0,0.0,0.0,4,0
303.558,116.657,-55.497,-3.141,14.747,-0.0,14.747,-0.0,-0.003,-2.513,0.0,0.0,0.0,0,0.0,0.0,0.0,4,0
303.658,115.197,-55.497,-3.141,14.497,0.0,14.497,-0.0,-0.002,-2.469,0.0,0.0,0.0,0,0.0,0.0,0.0,4,0
303.758,113.76,-55.497,-3.142,14.251,0.0,14.251,-0.0,-0.001,-2.448,0.0,0.0,-0.0,0,0.0,0.0,0.0,4,0
303.808,113.051,-55.497,-3.142,14.129,0.0,14.129,-0.0,0.0,-2.407,0.0,0.0,-0.0,0,0.0,0.0,-0.0,4,0
303.858,112.349,-55.497,-3.142,14.009,0.0,14.009,0.0,0.0,-2.386,0.0,0.0,-0.0,0,0.0,0.0,-0.0,4,0
303.958,110.961,-55.497,-3.142,13.771,0.0,13.771,0.0,-0.001,-3.012,0.0,1.0,0.0,0,0.0,1.0,0.0,4,0
304.058,109.602,-55.498,-3.141,13.431,-0.0,13.431,0.0,-0.0,-3.796,0.0,1.0,0.0,0,0.0,1.0,0.0,4,0
304.108,108.937,-55.498,-3.141,13.191,-0.0,13.191,0.0,0.0,-5.567,0.0,1.0,0.0,0,0.0,1.0,0.0,0,0
304.208,107.656,-55.498,-3.141,12.42,-0.0,12.42,0.0,0.0,-9.851,0.0,0.0,-1.0,0,0.0,1.0,0.0,3,0
304.258,107.049,-55.504,-3.137,12.006,0.163,12.005,0.159,-0.679,-5.344,0.0,0.0,0.006,0,0.0,0.0,-0.0,3,0
304.358,105.876,-55.521,-3.128,11.558,-0.013,11.558,0.036,-0.581,-3.432,0.0,0.0,0.019,0,0.0,0.0,0.015,3,0
304.458,104.738,-55.531,-3.129,11.237,-0.057,11.237,-0.042,-0.691,-3.147,0.0,0.0,0.02,0,0.0,0.0,0.024,3,0
304.558,103.63,-55.536,-3.135,10.941,-0.052,10.94,-0.069,-0.564,-2.789,0.0,0.0,0.021,0,0.0,0.0,0.02,3,0
304.608,103.088,-55.536,-3.139,10.791,-0.045,10.791,-0.07,-0.731,-2.677,0.0,0.0,0.015,0,0.0,0.0,0.021,3,0
304.708,102.021,-55.531,3.138,10.606,-0.03,10.606,-0.063,-0.548,-0.077,0.0,0.0,0.008,0,0.0,0.0,0.014,0,0
304.808,100.964,-55.522,3.132,10.374,-0.012,10.374,-0.043,-0.22,-4.575,0.0,0.0,0.006,0,0.0,0.0,0.008,0,0
304.858,100.46,-55.516,3.13,9.924,-0.007,9.924,-0.031,-0.962,-7.451,0.0,0.0,0.058,0,0.0,0.0,0.02,2,0
304.958,99.508,-55.497,3.123,9.259,-0.109,9.258,-0.121,-2.003,-5.503,0.0,0.0,0.126,0,0.0,0.0,0.068,2,0
305.058,98.612,-55.456,3.104,8.74,-0.242,8.737,-0.269,-4.899,-5.505,0.0,0.0,0.209,0,0.0,0.0,0.189,2,0
305.158,97.771,-55.373,3.065,8.238,-0.435,8.227,-0.487,-5.771,-5.508,0.0,0.0,0.289,0,0.0,0.0,0.271,2,0
305.258,96.987,-55.238,3.006,7.75,-0.596,7.727,-0.668,-6.631,-5.261,0.0,0.0,0.355,0,0.0,0.0,0.289,2,0
305.358,96.265,-55.048,2.932,7.277,-0.725,7.241,-0.804,-7.195,-5.392,0.0,0.0,0.402,0,0.0,0.0,0.355,2,0
305.408,95.928,-54.933,2.891,7.046,-0.747,7.006,-0.824,-7.444,-3.947,0.0,0.0,0.432,0,0.0,0.0,0.402,2,0
305.508,95.295,-54.659,2.803,6.855,-0.846,6.802,-0.904,-7.145,-4.094,0.0,0.0,0.496,0,0.0,0.0,0.435,0,0
305.608,94.725,-54.336,2.707,6.149,-0.933,6.078,-0.974,-7.527,-10.15,0.0,0.0,0.516,0,0.0,0.0,0.529,1,0
305.708,94.275,-53.995,2.609,5.342,-0.959,5.255,-0.963,-3.581,-8.516,0.0,0.0,0.499,0,0.0,0.0,0.516,1,0
305.758,94.081,-53.822,2.563,5.128,-0.965,5.037,-0.916,-4.298,-6.775,0.0,0.0,0.503,0,0.0,0.0,0.521,1,0
305.858,93.751,-53.474,2.479,4.569,-0.996,4.459,-0.786,-2.654,-5.374,0.0,0.0,0.51,0,0.0,0.0,0.486,1,0
305.958,93.488,-53.134,2.406,4.123,-0.975,4.005,-0.713,-1.801,-4.28,0.0,0.0,0.477,0,0.0,0.0,0.494,1,0
306.058,93.275,-52.807,2.34,3.776,-0.889,3.67,-0.629,-2.07,-4.105,0.0,0.0,0.494,0,0.0,0.0,0.509,1,0
306.108,93.183,-52.649,2.308,3.604,-0.883,3.494,-0.627,-1.411,-3.4,0.0,0.0,0.478,0,0.0,0.0,0.494,1,0
306.208,93.026,-52.344,2.249,3.319,-0.797,3.222,-0.557,-0.781,-2.982,0.252,0.0,0.448,0,0.098,0.0,0.462,1,0
306.308,92.894,-52.056,2.197,3.077,-0.698,2.997,-0.49,-0.405,-2.316,0.414,0.0,0.468,0,0.252,0.0,0.448,1,0
306.358,92.836,-51.917,2.172,2.995,-0.706,2.911,-0.5,-0.83,-0.733,0.623,0.0,0.441,0,0.523,0.0,0.455,1,0
306.458,92.732,-51.639,2.124,2.992,-0.674,2.915,-0.473,-1.039,1.207,0.604,0.0,0.415,0,0.625,0.0,0.428,1,0
306.558,92.634,-51.347,2.078,3.165,-0.663,3.094,-0.468,-1.556,1.726,0.544,0.0,0.403,0,0.604,0.0,0.415,1,0
306.608,92.586,-51.193,2.055,3.279,-0.655,3.213,-0.462,-2.143,1.656,0.441,0.0,0.399,0,0.485,0.0,0.412,1,0
306.658,92.54,-51.032,2.031,3.382,-0.683,3.313,-0.488,-1.494,1.572,0.441,0.0,0.384,0,0.441,0.0,0.399,1,0
306.758,92.454,-50.695,1.983,3.555,-0.673,3.491,-0.482,-1.303,1.161,0.451,0.0,0.356,0,0.443,0.0,0.37,1,0
306.858,92.376,-50.341,1.936,3.692,-0.646,3.635,-0.463,-1.5,1.07,0.458,0.0,0.342,0,0.451,0.0,0.356,1,0
306.958,92.308,-49.972,1.891,3.818,-0.615,3.768,-0.444,-1.455,1.032,0.439,0.0,0.317,0,0.448,0.0,0.329,1,0
307.008,92.277,-49.782,1.87,3.873,-0.596,3.827,-0.428,-1.381,0.837,0.41,0.0,0.294,0,0.415,0.0,0.305,1,0
307.108,92.224,-49.394,1.828,3.966,-0.565,3.925,-0.408,-1.1,0.617,0.399,0.0,0.264,0,0.393,0.0,0.276,1,0
307.208,92.18,-48.996,1.789,4.034,-0.519,4.001,-0.376,-1.12,0.389,0.387,0.0,0.242,0,0.384,0.0,0.253,1,0
307.308,92.146,-48.592,1.753,4.083,-0.482,4.054,-0.35,-1.081,0.263,0.379,0.0,0.211,0,0.38,0.0,0.233,1,0
307.358,92.133,-48.388,1.736,4.103,-0.466,4.076,-0.34,-0.606,0.292,0.371,0.0,0.2,0,0.379,0.0,0.211,1,0
307.458,92.113,-47.976,1.705,4.135,-0.409,4.115,-0.298,-0.821,0.445,0.662,0.0,0.17,0,1.0,0.0,0.191,1,0
307.558,92.099,-47.559,1.677,4.245,-0.362,4.229,-0.263,-0.558,1.614,0.497,0.0,0.152,0,0.662,0.0,0.17,1,0
307.658,92.091,-47.122,1.652,4.482,-0.334,4.469,-0.246,-0.864,2.32,1.0,0.0,0.145,0,0.497,0.0,0.152,1,0
307.758,92.087,-46.659,1.63,4.778,-0.255,4.771,-0.186,0.407,3.639,1.0,0.0,0.086,0,1.0,0.0,0.099,1,0
307.808,92.084,-46.413,1.622,5.028,-0.222,5.023,-0.164,-0.427,5.831,1.0,0.0,0.071,0,1.0,0.0,0.078,1,0
307.908,92.08,-45.879,1.606,5.498,-0.18,5.495,-0.193,-0.318,-0.205,1.0,0.0,0.059,0,1.0,0.0,0.065,1,0
308.008,92.08,-45.329,1.593,5.552,-0.144,5.55,-0.17,-0.296,0.716,1.0,0.0,0.046,0,1.0,0.0,0.052,1,0
308.108,92.082,-44.771,1.582,5.591,-0.111,5.59,-0.151,-0.41,4.162,1.0,0.0,0.038,0,1.0,0.0,0.042,0,0
308.208,92.088,-44.175,1.572,6.543,-0.102,6.543,-0.101,-0.488,12.18,1.0,0.0,0.027,0,1.0,0.0,0.031,2,0
308.308,92.099,-43.453,1.563,7.677,-0.084,7.676,-0.08,-0.439,10.472,1.0,0.0,0.02,0,1.0,0.0,0.027,2,0
308.358,92.107,-43.055,1.559,8.141,-0.074,8.141,-0.072,-0.379,8.471,1.0,0.0,0.014,0,1.0,0.0,0.02,2,0
308.458,92.125,-42.195,1.553,8.961,-0.049,8.961,-0.054,-0.171,1.867,0.685,0.0,0.009,0,1.0,0.0,0.011,2,0
308.558,92.146,-41.3,1.549,8.885,-0.025,8.885,-0.036,-0.057,7.898,1.0,0.0,0.003,0,1.0,0.0,0.005,0,0
308.658,92.169,-40.368,1.547,9.728,-0.009,9.728,-0.017,-0.045,7.441,0.174,0.0,-0.002,0,0.303,0.0,0.002,3,0
308.758,92.194,-39.357,1.546,10.348,0.003,10.348,-0.001,0.093,2.296,0.03,0.0,-0.002,0,0.03,0.0,-0.002,3,0
308.858,92.219,-38.312,1.546,10.478,0.012,10.478,0.013,0.211,0.305,0.0,0.0,-0.007,0,0.0,0.0,-0.005,3,0
308.958,92.243,-37.272,1.548,10.34,0.015,10.34,0.019,0.223,-1.841,0.0,0.0,-0.007,0,0.0,0.0,-0.007,3,0
309.008,92.253,-36.759,1.549,10.244,0.015,10.244,0.021,0.176,-2.373,0.0,1.0,0.0,0,0.0,0.0,-0.006,3,0
309.108,92.274,-35.745,1.551,10.091,0.002,10.091,0.011,0.007,-2.661,0.0,1.0,0.0,0,0.0,1.0,0.0,0,0
309.208,92.293,-34.761,1.551,9.445,-0.002,9.445,0.003,0.024,-11.076,0.0,1.0,0.0,0,0.0,1.0,0.0,2,0
309.308,92.311,-33.877,1.551,8.441,-0.001,8.441,0.001,0.019,-8.988,0.0,1.0,0.0,0,0.0,1.0,0.0,2,0
309.408,92.326,-33.08,1.551,7.642,-0.0,7.642,0.0,0.008,-7.358,0.0,1.0,0.0,0,0.0,1.0,0.0,2,0
309.508,92.341,-32.356,1.551,6.956,0.0,6.956,0.0,0.002,-5.919,0.0,1.0,0.0,0,0.0,1.0,0.0,2,0
309.558,92.347,-32.034,1.551,5.992,0.0,5.992,0.0,0.0,-26.316,0.0,1.0,0.0,0,0.0,1.0,0.0,0,0
309.658,92.356,-31.584,1.551,3.353,0.0,3.353,0.0,0.0,-26.208,0.0,1.0,0.0,0,0.0,1.0,0.0,1,0
309.758,92.359,-31.395,1.551,0.747,0.0,0.747,0.0,-0.0,-14.985,0.0,1.0,0.0,0,0.0,1.0,0.0,1,0
309.858,92.359,-31.386,1.551,0.011,-0.0,-0.011,-0.0,-0.0,-0.026,0.0,1.0,0.0,0,0.0,1.0,0.0,1,1
309.958,92.359,-31.383,1.551,0.011,-0.0,-0.011,-0.0,0.0,0.04,0.0,1.0,0.0,0,0.0,1.0,0.0,1,1
310.058,92.36,-31.382,1.551,0.007,0.0,-0.007,-0.0,-0.0,0.034,0.0,1.0,0.0,0,0.0,1.0,0.0,1,1
310.158,92.36,-31.381,1.551,0.004,0.0,-0.004,-0.0,-0.0,0.027,0.0,1.0,0.0,0,0.0,1.0,0.0,1,1
310.208,92.36,-31.38,1.551,0.003,0.0,-0.003,-0.0,-0.0,0.016,0.0,1.0,0.0,0,0.0,1.0,0.0,1,1
310.308,92.36,-31.38,1.551,0.002,0.0,-0.002,-0.0,-0.0,0.009,0.0,1.0,0.0,0,0.0,1.0,0.0,1,1
310.408,92.36,-31.38,1.551,0.001,0.0,-0.001,-0.0,-0.0,0.005,0.0,1.0,0.0,0,0.0,1.0,0.0,1,1
310.508,92.36,-31.38,1.551,0.0,0.0,-0.0,-0.0,-0.0,0.009,0.0,1.0,0.0,0,0.0,1.0,0.0,1,1
310.608,92.36,-31.38,1.551,0.0,-0.0,0.0,-0.0,-0.0,0.0,0.0,1.0,0.0,0,0.0,1.0,0.0,1,1
311.658,92.36,-31.38,1.551,0.0,-0.0,0.0,-0.0,-0.0,0.0,0.0,1.0,0.0,0,0.0,1.0,0.0,1,1
312.658,92.36,-31.38,1.551,0.0,-0.0,0.0,-0.0,-0.0,0.0,0.0,1.0,0.0,0,0.0,1.0,0.0,1,1
313.658,92.36,-31.38,1.551,0.0,-0.0,0.0,-0.0,-0.0,0.0,0.0,1.0,0.0,0,0.0,1.0,0.0,1,1
314.658,92.36,-31.38,1.551,0.0,-0.0,0.0,-0.0,-0.0,0.0,0.0,1.0,0.0,0,0.0,1.0,0.0,1,1
315.658,92.36,-31.38,1.551,0.0,-0.0,0.0,-0.0,-0.0,0.0,0.0,1.0,0.0,0,0.0,1.0,0.0,1,1
316.658,92.36,-31.38,1.551,0.0,-0.0,0.0,-0.0,-0.0,0.0,0.0,1.0,0.0,0,0.0,1.0,0.0,1,1
317.658,92.36,-31.38,1.551,0.0,-0.0,0.0,-0.0,-0.0,0.0,0.0,1.0,0.0,0,0.0,1.0,0.0,1,1
318.758,92.36,-31.38,1.551,0.0,-0.0,0.0,-0.0,-0.0,0.0,0.0,1.0,0.0,0,0.0,1.0,0.0,1,1
319.758,92.36,-31.38,1.551,0.0,-0.0,0.0,-0.0,-0.0,0.0,0.0,1.0,0.0,0,0.0,1.0,0.0,1,1
320.808,92.36,-31.38,1.551,0.0,-0.0,0.0,-0.0,-0.0,0.0,0.0,1.0,0.0,0,0.0,1.0,0.0,1,1
321.858,92.36,-31.38,1.551,0.0,-0.0,0.0,-0.0,-0.0,0.0,0.0,1.0,0.0,0,0.0,1.0,0.0,1,1
322.858,92.36,-31.38,1.551,0.0,-0.0,0.0,-0.0,-0.0,0.0,0.0,1.0,0.0,0,0.0,1.0,0.0,1,1
323.908,92.36,-31.38,1.551,0.0,-0.0,0.0,-0.0,-0.0,0.0,0.0,1.0,0.0,0,0.0,1.0,0.0,1,1
324.908,92.36,-31.38,1.551,0.0,-0.0,0.0,-0.0,-0.0,0.0,0.0,1.0,0.0,0,0.0,1.0,0.0,1,1
325.908,92.36,-31.38,1.551,0.0,-0.0,0.0,-0.0,-0.0,0.0,0.0,1.0,0.0,0,0.0,1.0,0.0,1,1
326.908,92.36,-31.38,1.551,0.0,-0.0,0.0,-0.0,-0.0,0.0,0.0,1.0,0.0,0,0.0,1.0,0.0,1,1
327.908,92.36,-31.38,1.551,0.0,-0.0,0.0,-0.0,-0.0,0.0,0.0,1.0,0.0,0,0.0,1.0,0.0,1,1
328.958,92.36,-31.38,1.551,0.0,-0.0,0.0,-0.0,-0.0,0.0,0.0,1.0,0.0,0,0.0,1.0,0.0,1,1
330.008,92.36,-31.38,1.551,0.0,-0.0,0.0,-0.0,-0.0,0.0,0.0,1.0,0.0,0,0.0,1.0,0.0,1,1
331.058,92.36,-31.38,1.551,0.0,-0.0,0.0,-0.0,-0.0,0.0,0.0,1.0,0.0,0,0.0,1.0,0.0,1,1
