timestamp,x,y,yaw,v_total,v_lat,v_long,w_z,a_lat,a_long,throttle_cmd,brake_cmd,steer_cmd,gear_cmd,throttle_real,brake_real,steer_real,gear_real,is_idle
160.711,244.1,1.96,-3.142,0.0,-0.0,0.0,-0.0,0.0,0.0,0.0,1.0,0.0,0,0.0,1.0,0.0,0,1
161.711,244.1,1.96,-3.142,0.0,-0.0,0.0,-0.0,0.0,0.0,0.0,1.0,0.0,0,0.0,1.0,0.0,0,1
162.761,244.1,1.96,-3.142,0.0,-0.0,0.0,-0.0,0.0,0.0,0.0,1.0,0.0,0,0.0,1.0,0.0,0,1
163.811,244.1,1.96,-3.142,0.0,-0.0,0.0,-0.0,0.0,0.0,0.0,1.0,0.0,0,0.0,1.0,0.0,0,1
164.861,244.1,1.96,-3.142,0.0,-0.0,0.0,-0.0,0.0,0.0,0.0,1.0,0.0,0,0.0,1.0,0.0,0,1
165.911,244.1,1.96,-3.142,0.0,-0.0,0.0,-0.0,0.0,0.0,0.0,1.0,0.0,0,0.0,1.0,0.0,0,1
166.911,244.1,1.96,-3.142,0.0,-0.0,0.0,-0.0,0.0,0.0,0.0,1.0,0.0,0,0.0,1.0,0.0,0,1
167.911,244.1,1.96,-3.142,0.0,-0.0,0.0,-0.0,0.0,0.0,0.0,1.0,0.0,0,0.0,1.0,0.0,0,1
168.961,244.1,1.96,-3.142,0.0,-0.0,0.0,-0.0,0.0,0.0,0.0,1.0,0.0,0,0.0,1.0,0.0,0,1
170.011,244.1,1.96,-3.142,0.0,-0.0,0.0,-0.0,0.0,0.0,0.0,1.0,0.0,0,0.0,1.0,0.0,0,1
171.061,244.1,1.96,-3.142,0.0,-0.0,0.0,-0.0,0.0,0.0,0.0,1.0,0.0,0,0.0,1.0,0.0,0,1
172.111,244.1,1.96,-3.142,0.0,-0.0,0.0,-0.0,0.0,0.0,0.0,1.0,0.0,0,0.0,1.0,0.0,0,1
173.111,244.1,1.96,-3.142,0.0,-0.0,0.0,-0.0,0.0,0.0,0.0,1.0,0.0,0,0.0,1.0,0.0,0,1
174.111,244.1,1.96,-3.142,0.0,-0.0,0.0,-0.0,0.0,0.0,0.0,1.0,0.0,0,0.0,1.0,0.0,0,1
175.161,244.1,1.96,-3.142,0.0,-0.0,0.0,-0.0,0.0,0.0,0.0,1.0,0.0,0,0.0,1.0,0.0,0,1
176.161,244.1,1.96,-3.142,0.0,-0.0,0.0,-0.0,0.0,0.0,0.0,1.0,0.0,0,0.0,1.0,0.0,0,1
177.161,244.1,1.96,-3.142,0.0,-0.0,0.0,-0.0,0.0,0.0,0.0,1.0,0.0,0,0.0,1.0,0.0,0,1
178.211,244.1,1.96,-3.142,0.0,-0.0,0.0,-0.0,0.0,0.0,0.0,1.0,0.0,0,0.0,1.0,0.0,0,1
178.611,244.1,1.96,-3.142,0.0,-0.0,0.0,-0.0,-0.0,-0.0,1.0,0.0,0.004,0,1.0,0.0,0.142,0,1
178.761,244.1,1.96,-3.142,0.0,-0.0,-0.0,-0.0,0.0,-0.0,1.0,0.0,0.004,0,1.0,0.0,0.004,0,1
179.161,244.091,1.96,-3.142,0.422,-0.001,0.422,0.0,-0.028,8.455,1.0,0.0,0.004,0,1.0,0.0,0.004,1,0
179.261,244.002,1.96,3.141,1.206,-0.003,1.206,-0.001,-0.039,6.715,1.0,0.0,0.004,0,1.0,0.0,0.004,1,0
179.361,243.841,1.961,3.141,1.939,-0.006,1.939,0.007,0.003,7.84,1.0,0.0,0.004,0,1.0,0.0,0.004,1,0
179.461,243.604,1.961,3.141,2.725,-0.006,2.725,0.0,-0.027,8.497,1.0,0.0,0.004,0,1.0,0.0,0.004,1,0
179.561,243.285,1.962,3.14,3.542,-0.007,3.542,-0.005,-0.018,7.474,1.0,0.0,0.003,0,1.0,0.0,0.003,1,0
179.661,242.889,1.964,3.14,4.281,-0.007,4.281,-0.005,-0.022,7.296,1.0,0.0,0.003,0,1.0,0.0,0.003,1,0
179.711,242.665,1.964,3.14,4.641,-0.007,4.641,-0.005,-0.023,7.169,1.0,0.0,0.003,0,1.0,0.0,0.003,1,0
179.861,241.883,1.967,3.139,5.693,-0.006,5.693,-0.005,-0.024,6.695,1.0,0.0,0.002,0,1.0,0.0,0.002,1,0
179.911,241.598,1.968,3.139,5.709,-0.005,5.709,-0.005,-0.013,1.498,1.0,0.0,0.001,0,1.0,0.0,0.002,1,0
180.011,241.022,1.97,3.138,5.796,-0.004,5.796,-0.003,-0.003,-0.092,1.0,0.0,0.001,0,1.0,0.0,0.001,0,0
180.111,240.438,1.973,3.138,6.15,-0.003,6.15,-0.002,-0.006,7.165,1.0,0.0,0.001,0,1.0,0.0,0.001,0,0
180.161,240.109,1.974,3.138,6.833,-0.002,6.833,-0.002,-0.01,11.503,1.0,0.0,0.0,0,1.0,0.0,0.001,2,0
180.261,239.362,1.977,3.138,7.908,-0.001,7.908,-0.001,-0.001,8.967,1.0,0.0,0.0,0,1.0,0.0,0.0,2,0
180.361,238.522,1.98,3.138,8.77,-0.001,8.77,-0.001,0.01,5.114,1.0,0.0,-0.0,0,1.0,0.0,-0.0,2,0
180.461,237.63,1.984,3.138,8.852,0.0,8.852,0.0,0.015,3.741,1.0,0.0,-0.0,0,1.0,0.0,-0.0,0,0
180.561,236.716,1.988,3.138,9.534,0.001,9.534,0.001,0.014,9.899,1.0,0.0,-0.001,0,1.0,0.0,-0.0,3,0
180.661,235.717,1.991,3.138,10.319,0.001,10.319,0.002,0.022,7.356,1.0,0.0,-0.001,0,1.0,0.0,-0.001,3,0
180.761,234.649,1.995,3.138,10.966,0.002,10.966,0.002,0.026,6.246,1.0,0.0,-0.001,0,1.0,0.0,-0.001,3,0
180.811,234.091,1.997,3.138,11.264,0.001,11.264,0.002,0.03,5.75,1.0,0.0,-0.001,0,1.0,0.0,-0.001,3,0
180.911,232.934,2.001,3.138,11.832,0.001,11.832,0.002,0.032,5.532,1.0,0.0,-0.001,0,1.0,0.0,-0.001,3,0
181.011,231.72,2.004,3.139,12.382,0.001,12.382,0.003,0.031,5.44,1.0,0.0,-0.001,0,1.0,0.0,-0.001,3,0
181.061,231.093,2.006,3.139,12.654,0.001,12.654,0.003,0.033,1.12,1.0,0.0,-0.001,0,1.0,0.0,-0.001,3,0
181.161,229.826,2.009,3.139,12.635,0.001,12.635,0.003,0.033,4.823,1.0,0.0,-0.001,0,1.0,0.0,-0.001,0,0
181.261,228.536,2.012,3.139,13.169,0.001,13.169,0.003,0.03,5.418,1.0,0.0,-0.001,0,1.0,0.0,-0.001,4,0
181.361,227.19,2.015,3.14,13.695,0.0,13.695,0.002,0.032,4.888,1.0,0.0,-0.0,0,1.0,0.0,-0.001,4,0
181.461,225.793,2.018,3.14,14.177,0.0,14.177,0.002,0.029,4.654,1.0,0.0,-0.0,0,1.0,0.0,-0.0,4,0
181.561,224.35,2.02,3.14,14.639,-0.0,14.639,0.002,0.025,4.551,1.0,0.0,-0.0,0,1.0,0.0,-0.0,4,0
181.661,222.861,2.023,3.14,15.093,-0.0,15.093,0.002,0.026,4.507,1.0,0.0,-0.0,0,1.0,0.0,-0.0,4,0
181.761,221.327,2.025,3.14,15.543,-0.0,15.543,0.002,0.026,4.497,1.0,0.0,-0.0,0,1.0,0.0,-0.0,4,0
181.811,220.543,2.026,3.14,15.767,-0.0,15.767,0.002,0.022,4.487,1.0,0.0,-0.0,0,1.0,0.0,-0.0,4,0
181.911,218.943,2.028,3.141,16.139,-0.001,16.139,0.001,0.022,0.238,0.943,0.0,-0.0,0,0.909,0.0,-0.0,0,0
182.011,217.329,2.029,3.141,16.138,-0.001,16.138,0.001,0.018,5.497,1.0,0.0,-0.0,0,1.0,0.0,-0.0,5,0
182.111,215.685,2.031,3.141,16.643,-0.001,16.643,0.001,0.018,4.012,0.415,0.0,-0.0,0,0.503,0.0,-0.0,5,0
182.211,214.0,2.032,3.141,16.982,-0.001,16.982,0.001,0.015,1.656,0.297,0.0,-0.0,0,0.308,0.0,-0.0,5,0
182.311,212.294,2.033,3.141,17.106,-0.001,17.106,0.001,0.014,0.33,0.322,0.0,-0.0,0,0.309,0.0,-0.0,5,0
182.411,210.583,2.034,3.141,17.125,-0.001,17.125,0.001,0.012,-0.124,0.314,0.0,-0.0,0,0.323,0.0,-0.0,5,0
182.511,208.871,2.035,3.141,17.107,-0.0,17.107,0.001,0.012,-0.235,0.287,0.0,-0.0,0,0.314,0.0,-0.0,5,0
182.611,207.163,2.036,3.141,17.07,-0.0,17.07,0.001,0.009,-0.479,0.268,0.0,-0.0,0,0.276,0.0,-0.0,5,0
182.711,205.459,2.036,3.141,17.019,-0.0,17.019,0.0,0.008,-0.54,0.264,0.0,-0.0,0,0.268,0.0,-0.0,5,0
182.761,204.609,2.037,3.141,16.99,-0.0,16.99,0.0,0.007,-0.619,0.266,0.0,-0.0,0,0.264,0.0,-0.0,5,0
182.861,202.913,2.037,3.141,16.927,-0.0,16.927,0.0,0.006,-0.64,0.276,0.0,-0.0,0,0.271,0.0,-0.0,5,0
182.961,201.224,2.038,3.141,16.864,-0.0,16.864,0.0,0.005,-0.615,0.292,0.0,-0.0,0,0.284,0.0,-0.0,5,0
183.061,199.541,2.038,3.141,16.803,-0.0,16.803,0.0,0.004,-0.557,0.31,0.0,-0.0,0,0.3,0.0,-0.0,5,0
183.161,197.864,2.039,3.141,16.75,-0.0,16.75,0.0,0.004,-0.52,0.319,0.0,-0.0,0,0.31,0.0,-0.0,5,0
183.261,196.191,2.039,3.141,16.704,-0.0,16.704,0.0,0.003,-0.434,0.339,0.0,-0.0,0,0.329,0.0,-0.0,5,0
183.361,194.523,2.039,3.141,16.667,-0.0,16.667,0.0,0.002,-0.342,0.357,0.0,-0.0,0,0.348,0.0,-0.0,5,0
183.411,193.69,2.04,3.141,16.653,-0.0,16.653,0.0,0.002,-0.251,0.373,0.0,-0.0,0,0.365,0.0,-0.0,5,0
183.511,192.026,2.04,3.141,16.63,-0.0,16.63,0.0,0.002,-0.166,0.386,0.0,-0.0,0,0.38,0.0,-0.0,5,0
183.611,190.364,2.04,3.141,16.615,-0.0,16.615,0.0,0.001,-0.091,0.397,0.0,-0.0,0,0.392,0.0,-0.0,5,0
183.711,188.703,2.04,3.141,16.608,-0.0,16.608,0.0,0.001,-0.029,0.404,0.0,-0.0,0,0.401,0.0,-0.0,5,0
183.811,187.042,2.041,3.141,16.606,-0.0,16.606,0.0,0.001,0.019,0.41,0.0,-0.0,0,0.407,0.0,-0.0,5,0
183.911,185.381,2.041,3.141,16.609,-0.0,16.609,0.0,0.001,0.038,0.411,0.0,-0.0,0,0.41,0.0,-0.0,5,0
184.011,183.72,2.041,3.141,16.615,-0.0,16.615,0.0,0.001,0.066,0.413,0.0,-0.0,0,0.412,0.0,-0.0,5,0
184.111,182.058,2.041,3.141,16.623,-0.0,16.623,0.0,0.001,0.082,0.413,0.0,-0.0,0,0.413,0.0,-0.0,5,0
184.211,180.396,2.042,3.141,16.631,-0.0,16.631,0.0,0.001,0.088,0.079,0.0,-0.0,0,0.413,0.0,-0.0,5,0
184.311,178.734,2.042,3.141,16.6,-0.0,16.6,0.0,0.0,-0.516,0.316,0.0,-0.0,0,0.3,0.0,-0.0,5,0
184.411,177.077,2.042,3.141,16.543,-0.0,16.543,0.0,0.0,-0.648,0.085,0.0,-0.0,0,0.0,0.0,-0.0,5,0
184.511,175.428,2.042,3.141,16.432,-0.0,16.432,0.0,0.0,-1.177,0.0,0.0,-0.0,0,0.098,0.0,-0.0,5,0
184.611,173.79,2.042,3.141,16.366,-0.0,16.366,0.0,0.0,0.021,0.0,0.0,-0.0,0,0.0,0.0,-0.0,0,0
184.661,172.972,2.042,3.141,16.357,-0.0,16.357,0.0,0.0,-4.567,0.0,1.0,0.0,0,0.0,1.0,0.0,0,0
184.761,171.363,2.043,3.141,15.831,-0.0,15.831,0.0,0.0,-6.918,0.0,1.0,0.0,0,0.0,1.0,0.0,4,0
184.861,169.82,2.043,3.141,15.093,-0.0,15.093,0.0,0.0,-7.849,0.0,1.0,0.0,0,0.0,1.0,0.0,4,0
184.961,168.355,2.043,3.141,14.312,-0.0,14.312,0.0,0.0,-6.43,0.0,1.0,0.0,0,0.0,1.0,0.0,4,0
185.061,166.959,2.043,3.141,13.688,-0.0,13.688,0.0,0.0,-7.912,0.0,1.0,0.0,0,0.0,1.0,0.0,0,0
185.161,165.636,2.043,3.141,12.8,-0.0,12.8,0.0,0.0,-9.175,0.0,1.0,0.0,0,0.0,1.0,0.0,3,0
185.261,164.407,2.043,3.141,11.905,-0.0,11.905,0.0,0.0,-8.423,1.0,0.0,0.0,0,0.0,1.0,0.0,3,0
185.361,163.261,2.044,3.141,11.133,-0.0,11.133,-0.0,0.0,-3.695,1.0,0.0,0.0,0,1.0,0.0,0.0,3,0
185.461,162.164,2.044,3.141,10.899,-0.0,10.899,-0.0,0.0,0.652,1.0,0.0,0.0,0,1.0,0.0,0.0,3,0
185.561,161.068,2.044,3.141,11.027,-0.0,11.027,-0.0,-0.0,3.344,1.0,0.0,0.0,0,1.0,0.0,0.0,3,0
185.661,159.945,2.044,3.141,11.398,0.0,11.398,-0.0,-0.0,4.826,1.0,0.0,-0.0,0,1.0,0.0,0.0,3,0
185.761,158.777,2.044,3.141,11.886,0.0,11.886,-0.0,-0.0,5.128,1.0,0.0,-0.0,0,1.0,0.0,-0.0,3,0
185.861,157.56,2.044,3.141,12.401,0.0,12.401,-0.0,0.0,5.249,1.0,0.0,-0.0,0,1.0,0.0,-0.0,3,0
185.961,156.292,2.044,3.141,12.824,0.0,12.824,0.0,0.0,-1.409,1.0,0.0,-0.0,0,0.885,0.0,-0.0,0,0
186.061,155.014,2.044,3.141,12.868,0.0,12.868,0.0,0.0,5.921,1.0,0.0,-0.0,0,1.0,0.0,-0.0,4,0
186.161,153.694,2.045,3.141,13.441,0.0,13.441,0.0,0.0,4.895,0.411,0.0,-0.0,0,0.581,0.0,-0.0,4,0
186.311,151.628,2.045,3.141,13.96,0.0,13.96,0.0,0.0,1.984,0.22,0.0,-0.0,0,0.158,0.0,-0.0,4,0
186.411,150.23,2.045,3.141,13.998,0.0,13.998,0.0,0.0,-0.351,0.307,0.0,-0.0,0,0.226,0.0,-0.0,4,0
186.511,148.833,2.045,3.141,13.954,0.0,13.954,0.0,0.0,-0.54,0.326,0.0,-0.0,0,0.322,0.0,-0.0,4,0
186.611,147.441,2.045,3.141,13.901,0.0,13.901,0.0,0.0,-0.499,0.304,0.0,-0.0,0,0.321,0.0,-0.0,4,0
186.711,146.054,2.045,3.141,13.85,0.0,13.85,0.0,0.0,-0.56,0.366,0.0,-0.0,0,0.293,0.0,-0.0,4,0
186.811,144.672,2.046,3.141,13.796,-0.0,13.796,0.0,-0.0,-0.457,0.31,0.0,0.0,0,0.315,0.0,0.0,4,0
186.911,143.295,2.046,3.141,13.749,-0.0,13.749,0.0,-0.0,-0.376,0.36,0.0,0.0,0,0.46,0.0,0.0,4,0
187.011,141.922,2.046,3.141,13.72,-0.0,13.72,0.0,-0.0,-0.229,0.576,0.0,0.0,0,0.353,0.0,0.0,4,0
187.111,140.551,2.046,3.141,13.705,-0.0,13.705,0.0,-0.0,0.182,0.404,0.0,0.0,0,0.417,0.0,0.0,4,0
187.211,139.179,2.046,3.141,13.724,-0.0,13.724,0.0,0.0,0.261,0.467,0.0,0.0,0,0.689,0.0,-0.0,4,0
187.311,137.805,2.046,3.141,13.77,0.0,13.77,0.0,0.0,0.528,0.782,0.0,-0.0,0,0.455,0.0,-0.0,4,0
187.461,135.732,2.047,3.141,13.88,0.0,13.88,-0.0,0.0,0.98,0.484,0.0,-0.0,0,0.517,0.0,-0.0,4,0
187.561,134.338,2.047,3.141,13.973,0.0,13.973,-0.0,0.0,0.921,0.545,0.0,-0.0,0,0.873,0.0,-0.0,4,0
187.661,132.934,2.047,3.141,14.094,0.0,14.094,-0.0,0.0,1.127,0.588,0.0,-0.0,0,0.523,0.0,-0.0,4,0
187.761,131.518,2.047,3.141,14.231,0.0,14.231,-0.0,0.0,1.515,0.545,0.0,0.0,0,0.588,0.0,-0.0,4,0
187.811,130.804,2.047,3.141,14.3,-0.0,14.3,0.0,0.0,0.95,0.0,0.0,0.0,0,0.0,0.0,-0.0,4,0
187.961,128.655,2.047,3.141,14.281,0.0,14.281,-0.0,0.0,-1.108,0.0,0.0,-0.0,0,0.0,0.0,-0.0,4,0
188.061,127.237,2.047,3.141,14.103,-0.0,14.103,0.0,-0.0,-2.107,0.0,0.0,0.0,0,0.0,0.0,0.0,4,0
188.161,125.838,2.048,3.141,13.887,-0.0,13.887,-0.0,0.0,-2.258,0.0,0.0,0.0,0,0.0,0.0,0.0,4,0
188.261,124.462,2.048,3.141,13.66,-0.0,13.66,-0.0,0.0,-2.287,0.0,0.0,0.0,0,0.0,0.0,0.0,4,0
188.411,122.441,2.048,3.141,13.317,0.0,13.317,0.0,0.0,-2.271,0.0,0.0,0.0,0,0.0,0.0,0.0,4,0
188.511,121.111,2.048,3.141,13.321,0.0,13.321,0.0,-0.0,0.743,0.0,0.0,0.0,0,0.0,0.0,0.0,0,0
188.611,119.803,2.048,3.141,12.856,-0.0,12.856,0.0,-0.0,-4.907,0.0,0.0,0.0,0,0.0,0.0,0.0,3,0
188.711,118.541,2.048,3.141,12.448,-0.0,12.448,0.0,0.0,-3.614,0.0,0.0,0.0,0,0.0,0.0,0.0,3,0
188.811,117.315,2.048,3.141,12.109,-0.0,12.109,0.0,-0.0,-3.16,0.0,0.0,0.0,0,0.0,0.0,0.0,3,0
188.911,116.122,2.049,3.141,11.797,0.0,11.797,-0.0,-0.0,-2.957,0.0,0.0,0.0,0,0.0,0.0,0.0,3,0
189.011,114.959,2.049,3.141,11.496,-0.0,11.496,-0.0,0.0,-3.067,0.0,0.0,0.0,0,0.0,0.0,0.0,3,0
189.111,113.826,2.049,3.141,11.205,0.0,11.205,-0.0,-0.0,-2.993,0.0,0.0,0.0,0,0.0,0.0,0.0,3,0
189.261,112.18,2.049,3.141,10.774,0.0,10.774,-0.0,-0.0,-2.928,0.0,0.0,0.0,0,0.0,0.0,0.0,3,0
189.361,111.115,2.049,3.141,10.591,-0.0,10.591,-0.0,0.0,-0.877,0.0,1.0,0.0,0,0.0,1.0,0.0,0,0
189.461,110.066,2.049,3.141,10.226,0.0,10.226,0.0,0.0,-11.345,0.0,1.0,0.0,0,0.0,1.0,0.0,2,0
189.611,108.666,2.049,3.141,8.642,-0.0,8.642,0.0,0.0,-9.297,0.0,1.0,0.0,0,0.0,1.0,0.0,2,0
189.711,107.849,2.049,3.141,7.841,-0.0,7.841,0.0,0.0,-7.395,0.0,1.0,0.0,0,0.0,1.0,0.0,2,0
189.811,107.103,2.05,3.141,7.194,-0.0,7.194,0.0,0.0,-5.528,0.0,1.0,0.0,0,0.0,1.0,0.0,0,0
189.911,106.45,2.05,3.141,5.536,-0.0,5.536,0.0,0.0,-27.035,0.0,1.0,0.0,0,0.0,1.0,0.0,1,0
190.011,106.044,2.05,3.141,2.908,-0.0,2.908,0.0,0.0,-26.377,0.0,1.0,0.0,0,0.0,1.0,0.0,1,0
190.111,105.899,2.05,3.141,0.321,-0.0,0.321,0.0,0.0,-6.546,0.0,1.0,0.0,0,0.0,1.0,0.0,1,0
190.211,105.896,2.05,3.141,0.012,-0.0,-0.012,-0.0,-0.0,-0.001,0.0,1.0,0.0,0,0.0,1.0,0.0,1,1
190.311,105.894,2.05,3.141,0.01,-0.0,-0.01,-0.0,0.002,0.041,1.0,0.0,-0.0,0,1.0,0.0,1.0,1,1
190.461,105.89,2.05,3.141,0.036,-0.0,0.036,-0.0,-0.0,0.848,1.0,0.0,-0.0,0,1.0,0.0,-0.0,1,1
190.561,105.877,2.05,3.141,0.259,-0.001,0.259,0.008,0.025,5.356,1.0,0.0,-0.0,0,1.0,0.0,-0.0,1,0
190.661,105.823,2.05,-3.141,0.737,0.0,0.737,0.013,-0.005,4.931,1.0,0.0,0.0,0,1.0,0.0,-0.0,1,0
190.811,105.65,2.05,-3.141,1.511,-0.0,1.511,0.002,0.0,5.53,1.0,0.0,0.0,0,1.0,0.0,0.0,1,0
190.911,105.454,2.05,-3.141,2.217,-0.001,2.217,0.003,0.003,5.33,1.0,0.0,0.0,0,1.0,0.0,0.0,1,0
191.011,105.193,2.049,-3.141,2.946,-0.001,2.946,-0.0,-0.002,8.427,1.0,0.0,0.0,0,1.0,0.0,0.0,1,0
191.111,104.852,2.049,-3.141,3.756,-0.001,3.756,-0.001,-0.003,7.771,1.0,0.0,0.0,0,1.0,0.0,0.0,1,0
191.211,104.435,2.049,-3.141,4.494,-0.001,4.494,-0.001,-0.002,6.968,0.636,0.0,0.0,0,0.892,0.0,0.0,1,0
191.311,103.949,2.049,-3.141,5.147,-0.001,5.147,-0.001,-0.002,4.292,0.265,0.0,0.0,0,0.409,0.0,0.0,1,0
191.411,103.419,2.049,-3.141,5.271,-0.001,5.271,-0.0,-0.001,-1.932,0.879,0.0,0.0,0,0.256,0.0,0.0,1,0
191.561,102.654,2.049,-3.141,5.002,-0.0,5.002,-0.0,-0.001,-1.495,1.0,0.0,0.0,0,0.961,0.0,0.0,1,0
191.661,102.129,2.049,-3.141,5.374,-0.0,5.374,-0.0,-0.001,0.449,0.445,0.0,0.0,0,0.207,0.0,0.0,1,0
191.761,101.589,2.049,-3.141,5.445,-0.0,5.445,-0.0,0.178,0.496,0.443,0.0,-0.005,0,0.55,0.0,-0.005,1,0
191.911,100.765,2.047,-3.14,5.523,0.012,5.523,0.011,0.094,0.284,0.363,0.0,-0.005,0,0.446,0.0,-0.005,1,0
192.011,100.212,2.043,-3.138,5.528,0.057,5.528,0.049,1.107,-0.249,0.325,0.0,-0.038,0,0.372,0.0,-0.036,1,0
192.111,99.662,2.032,-3.132,5.481,0.081,5.481,0.073,0.608,-0.701,0.344,0.0,-0.037,0,0.361,0.0,-0.038,1,0
192.211,99.118,2.017,-3.124,5.402,0.08,5.401,0.072,0.434,-0.942,0.385,0.0,-0.087,0,0.386,0.0,-0.035,1,0
192.311,98.584,1.991,-3.112,5.306,0.174,5.304,0.155,0.799,-0.768,0.479,0.0,-0.083,0,0.44,0.0,-0.086,1,0
192.411,98.059,1.955,-3.096,5.228,0.183,5.225,0.163,2.19,-0.716,0.507,0.0,-0.144,0,0.472,0.0,-0.145,1,0
192.511,97.542,1.902,-3.075,5.162,0.29,5.154,0.256,1.141,-0.254,0.538,0.0,-0.134,0,0.506,0.0,-0.14,1,0
192.611,97.032,1.834,-3.049,5.136,0.295,5.128,0.259,0.772,0.124,0.525,0.0,-0.196,0,0.498,0.0,-0.127,1,0
192.711,96.525,1.751,-3.023,5.128,0.364,5.115,0.314,1.829,0.093,0.533,0.0,-0.186,0,0.473,0.0,-0.192,1,0
192.861,95.772,1.587,-2.973,5.16,0.373,5.147,0.324,1.164,0.352,0.439,0.0,-0.242,0,0.472,0.0,-0.178,1,0
192.961,95.273,1.455,-2.939,5.172,0.43,5.154,0.374,3.181,-0.514,0.454,0.0,-0.228,0,0.472,0.0,-0.235,1,0
193.061,94.781,1.298,-2.898,5.176,0.463,5.155,0.402,2.411,-0.287,0.438,0.0,-0.206,0,0.495,0.0,-0.217,1,0
193.161,94.294,1.121,-2.858,5.206,0.438,5.188,0.397,1.266,0.525,0.377,0.0,-0.271,0,0.438,0.0,-0.206,1,0
193.261,93.807,0.912,-2.811,5.347,0.558,5.317,0.536,2.535,-0.381,0.311,0.0,-0.248,0,0.377,0.0,-0.271,1,0
193.361,93.332,0.682,-2.764,5.213,0.512,5.188,0.504,1.784,-1.75,0.44,0.0,-0.319,0,0.311,0.0,-0.248,1,0
193.461,92.887,0.435,-2.715,5.037,0.581,5.003,0.56,4.098,3.96,0.673,0.0,-0.285,0,0.649,0.0,-0.298,1,0
193.561,92.445,0.152,-2.663,5.352,0.657,5.312,0.538,1.396,-0.55,0.103,0.0,-0.34,0,0.0,0.0,-0.271,1,0
193.661,92.012,-0.155,-2.61,5.248,0.661,5.207,0.578,4.237,-2.29,0.489,0.0,-0.315,0,0.103,0.0,-0.34,1,0
193.711,91.808,-0.315,-2.581,5.162,0.624,5.124,0.561,3.281,-2.144,0.553,0.0,-0.301,0,0.489,0.0,-0.315,1,0
193.811,91.421,-0.644,-2.525,5.138,0.64,5.098,0.55,3.162,3.323,0.307,0.0,-0.353,0,0.616,0.0,-0.285,1,0
193.911,91.042,-1.007,-2.47,5.215,0.678,5.171,0.616,3.751,-0.103,0.547,0.0,-0.326,0,0.0,0.0,-0.341,1,0
194.011,90.693,-1.387,-2.409,5.087,0.652,5.045,0.594,1.926,-3.337,0.718,0.0,-0.293,0,0.547,0.0,-0.326,1,0
194.061,90.53,-1.578,-2.38,5.06,0.644,5.019,0.559,2.202,-0.995,0.513,0.0,-0.359,0,0.718,0.0,-0.293,1,0
194.161,90.22,-1.981,-2.326,5.06,0.721,5.009,0.536,3.649,1.01,0.417,0.0,-0.333,0,0.562,0.0,-0.347,1,0
194.211,90.077,-2.191,-2.296,5.139,0.751,5.084,0.589,1.762,-2.326,0.341,0.0,-0.316,0,0.417,0.0,-0.333,1,0
194.311,89.805,-2.621,-2.238,5.141,0.718,5.091,0.581,3.068,-1.889,0.262,0.0,-0.348,0,0.715,0.0,-0.363,1,0
194.411,89.561,-3.067,-2.179,5.09,0.727,5.037,0.64,3.023,-0.125,0.642,0.0,-0.333,0,0.262,0.0,-0.348,1,0
194.461,89.448,-3.295,-2.15,5.129,0.736,5.076,0.591,1.598,-1.733,0.444,0.0,-0.301,0,0.474,0.0,-0.317,1,0
194.561,89.239,-3.758,-2.096,5.143,0.682,5.098,0.53,2.322,-1.485,0.333,0.0,-0.313,0,0.693,0.0,-0.326,1,0
194.661,89.055,-4.233,-2.04,5.131,0.68,5.086,0.563,2.336,0.544,0.435,0.0,-0.309,0,0.65,0.0,-0.298,1,0
194.711,88.971,-4.478,-2.013,5.175,0.656,5.133,0.539,2.079,-2.041,0.405,0.0,-0.293,0,0.435,0.0,-0.309,1,0
194.811,88.821,-4.963,-1.96,5.071,0.611,5.034,0.518,2.934,3.568,0.612,0.0,-0.263,0,0.718,0.0,-0.278,1,0
194.911,88.691,-5.468,-1.911,5.195,0.582,5.162,0.42,1.588,-1.656,0.065,0.0,-0.27,0,0.612,0.0,-0.263,1,0
194.961,88.634,-5.719,-1.887,5.128,0.556,5.098,0.52,1.771,-1.638,0.659,0.0,-0.242,0,0.615,0.0,-0.256,1,0
195.061,88.536,-6.215,-1.842,5.129,0.528,5.102,0.442,2.229,1.187,0.729,0.0,-0.228,0,0.659,0.0,-0.242,1,0
195.111,88.493,-6.475,-1.821,5.271,0.53,5.244,0.395,1.304,0.29,0.175,0.0,-0.202,0,0.416,0.0,-0.215,1,0
195.211,88.418,-6.998,-1.781,5.233,0.45,5.214,0.326,1.094,-1.614,0.566,0.0,-0.182,0,0.375,0.0,-0.19,1,0
195.261,88.386,-7.255,-1.763,5.158,0.409,5.142,0.407,1.232,-1.462,0.654,0.0,-0.17,0,0.566,0.0,-0.182,1,0
195.361,88.333,-7.761,-1.73,5.037,0.358,5.024,0.367,1.142,-0.618,1.0,0.0,-0.151,0,0.697,0.0,-0.161,1,0
195.411,88.311,-8.01,-1.715,5.01,0.342,4.999,0.244,2.01,8.502,1.0,0.0,-0.14,0,1.0,0.0,-0.151,1,0
195.511,88.275,-8.549,-1.686,5.524,0.333,5.514,0.331,1.066,1.178,0.687,0.0,-0.119,0,0.083,0.0,-0.131,1,0
195.561,88.26,-8.827,-1.673,5.586,0.313,5.578,0.219,0.922,1.385,0.693,0.0,-0.11,0,0.687,0.0,-0.119,1,0
195.661,88.236,-9.393,-1.648,5.747,0.269,5.741,0.187,0.994,1.723,0.631,0.0,-0.102,0,0.693,0.0,-0.11,1,0
195.711,88.227,-9.683,-1.637,5.833,0.247,5.828,0.265,0.656,-0.251,0.419,0.0,-0.083,0,0.376,0.0,-0.091,0,0
195.811,88.215,-10.265,-1.617,5.82,0.199,5.817,0.231,0.645,-0.065,0.6,0.0,-0.076,0,0.419,0.0,-0.083,0,0
195.861,88.212,-10.573,-1.609,6.413,0.208,6.41,0.162,0.981,8.705,0.0,0.0,-0.06,0,0.577,0.0,-0.07,2,0
195.961,88.21,-11.26,-1.593,7.079,0.18,7.076,0.114,0.708,4.551,0.0,0.0,-0.054,0,0.0,0.0,-0.06,2,0
196.011,88.212,-11.615,-1.585,7.12,0.151,7.118,0.189,0.558,-0.407,0.0,0.0,-0.038,0,0.0,0.0,-0.049,2,0
196.111,88.218,-12.323,-1.572,7.036,0.104,7.035,0.158,0.36,-1.856,0.0,0.0,-0.029,0,0.0,0.0,-0.034,2,0
196.161,88.223,-12.672,-1.567,6.944,0.09,6.943,0.051,0.322,-2.313,0.0,0.0,-0.021,0,0.0,0.0,-0.029,2,0
196.261,88.234,-13.352,-1.559,6.699,0.058,6.699,0.019,0.141,-2.811,0.0,0.0,-0.015,0,0.0,0.0,-0.017,2,0
196.311,88.241,-13.682,-1.556,6.559,0.043,6.559,0.1,0.148,-2.926,0.0,0.0,-0.008,0,0.0,0.0,-0.015,2,0
196.411,88.255,-14.324,-1.552,6.376,0.024,6.376,0.075,-0.025,-0.736,0.0,0.0,-0.005,0,0.0,0.0,-0.008,2,0
196.461,88.262,-14.643,-1.551,6.373,0.022,6.373,-0.027,-0.009,-5.466,0.0,0.0,-0.001,0,0.0,0.0,-0.005,0,0
196.561,88.275,-15.25,-1.55,5.756,0.009,5.756,-0.038,-0.119,-6.888,0.0,0.0,0.001,0,0.0,0.0,-0.001,1,0
196.611,88.281,-15.528,-1.55,5.462,0.001,5.462,0.049,-0.033,-5.192,0.197,0.0,0.004,0,0.23,0.0,0.001,1,0
196.661,88.286,-15.793,-1.55,5.202,0.002,5.202,-0.049,-0.111,-3.823,0.482,0.0,0.004,0,0.197,0.0,0.004,1,0
196.761,88.296,-16.291,-1.551,4.801,-0.006,4.801,-0.007,-0.086,-2.114,0.856,0.0,0.004,0,0.721,0.0,0.004,1,0
196.811,88.3,-16.527,-1.551,4.696,-0.009,4.696,-0.008,-0.033,0.641,0.64,0.0,0.006,0,0.856,0.0,0.004,1,0
196.911,88.308,-17.003,-1.552,4.839,-0.013,4.839,-0.01,-0.071,2.314,0.0,0.0,0.006,0,0.553,0.0,0.006,1,0
196.961,88.312,-17.249,-1.553,4.955,-0.014,4.955,-0.011,-0.053,1.552,0.137,0.0,0.005,0,0.0,0.0,0.006,1,0
197.061,88.32,-17.751,-1.554,5.017,-0.013,5.017,-0.008,-0.023,-1.593,0.392,0.0,0.007,0,0.179,0.0,0.005,1,0
197.111,88.323,-17.999,-1.554,4.938,-0.012,4.938,-0.01,-0.104,-1.217,0.607,0.0,0.006,0,0.392,0.0,0.007,1,0
197.211,88.33,-18.487,-1.555,4.859,-0.015,4.859,-0.011,-0.06,-0.355,0.603,0.0,0.006,0,0.607,0.0,0.006,1,0
197.261,88.333,-18.731,-1.556,4.901,-0.015,4.901,-0.011,-0.043,1.577,0.51,0.0,0.007,0,0.614,0.0,0.006,1,0
197.311,88.336,-18.979,-1.556,4.98,-0.014,4.98,-0.011,-0.098,1.743,0.414,0.0,0.007,0,0.51,0.0,0.007,1,0
197.411,88.341,-19.486,-1.557,5.112,-0.016,5.111,-0.004,-0.039,-2.546,0.426,0.0,0.006,0,0.359,0.0,0.006,1,0
197.461,88.344,-19.737,-1.558,4.984,-0.014,4.984,-0.015,-0.064,1.442,0.87,0.0,0.006,0,0.426,0.0,0.006,1,0
197.561,88.349,-20.239,-1.559,5.027,-0.014,5.027,-0.011,-0.07,2.076,0.71,0.0,0.006,0,0.473,0.0,0.006,1,0
197.611,88.351,-20.494,-1.56,5.131,-0.015,5.131,-0.013,-0.009,-2.277,0.406,0.0,0.005,0,0.71,0.0,0.006,1,0
197.711,88.355,-21.0,-1.561,5.131,-0.013,5.131,-0.009,-0.048,0.792,0.437,0.0,0.006,0,0.923,0.0,0.006,1,0
197.761,88.357,-21.259,-1.561,5.17,-0.013,5.17,-0.01,-0.055,-1.427,0.562,0.0,0.005,0,0.437,0.0,0.006,1,0
197.811,88.358,-21.516,-1.562,5.099,-0.013,5.099,-0.011,-0.022,-0.987,0.843,0.0,0.005,0,0.562,0.0,0.005,1,0
197.911,88.361,-22.02,-1.563,5.01,-0.012,5.01,-0.01,-0.037,0.308,0.907,0.0,0.005,0,0.865,0.0,0.005,1,0
197.961,88.363,-22.271,-1.563,5.025,-0.011,5.025,-0.01,-0.056,0.913,0.82,0.0,0.005,0,0.907,0.0,0.005,1,0
198.061,88.365,-22.78,-1.564,5.19,-0.01,5.19,-0.009,-0.049,2.622,0.545,0.0,0.004,0,0.755,0.0,0.004,1,0
198.111,88.366,-23.044,-1.565,5.321,-0.011,5.321,-0.009,-0.026,0.332,0.432,0.0,0.004,0,0.545,0.0,0.004,1,0
198.211,88.368,-23.578,-1.566,5.332,-0.01,5.332,-0.008,-0.041,7.39,0.689,0.0,0.004,0,0.637,0.0,0.004,0,0
198.261,88.369,-23.85,-1.566,5.701,-0.009,5.701,-0.008,-0.058,12.911,0.0,0.0,0.003,0,0.689,0.0,0.004,2,0
198.361,88.371,-24.489,-1.567,6.807,-0.01,6.807,-0.008,-0.05,4.65,0.0,0.0,0.003,0,0.0,0.0,0.003,2,0
198.411,88.372,-24.838,-1.567,7.04,-0.009,7.04,-0.009,-0.025,-0.925,0.0,0.0,0.003,0,0.0,0.0,0.003,2,0
198.511,88.373,-25.535,-1.568,6.92,-0.007,6.92,-0.007,-0.024,-2.116,0.0,0.0,0.002,0,0.0,0.0,0.002,2,0
198.561,88.374,-25.877,-1.568,6.814,-0.006,6.814,-0.006,-0.033,-2.294,0.0,0.0,0.002,0,0.0,0.0,0.002,2,0
198.661,88.375,-26.545,-1.569,6.559,-0.005,6.559,-0.005,-0.019,-2.8,0.0,0.0,0.002,0,0.0,0.0,0.002,2,0
198.711,88.375,-26.868,-1.569,6.424,-0.005,6.424,-0.005,-0.016,-1.251,0.0,0.0,0.001,0,0.0,0.0,0.002,2,0
198.761,88.376,-27.186,-1.569,6.362,-0.004,6.362,-0.004,-0.021,-0.098,0.0,0.0,0.001,0,0.0,0.0,0.001,0,0
198.861,88.376,-27.819,-1.57,6.175,-0.003,6.175,-0.003,-0.012,-7.021,0.0,0.0,0.001,0,0.0,0.0,0.001,1,0
198.911,88.376,-28.116,-1.57,5.824,-0.003,5.824,-0.003,-0.003,-6.367,0.0,0.0,0.001,0,0.0,0.0,0.001,1,0
199.011,88.376,-28.665,-1.57,5.271,-0.002,5.271,-0.002,-0.002,-4.394,0.018,0.0,0.001,0,0.0,0.0,0.001,1,0
199.061,88.376,-28.922,-1.57,5.051,-0.002,5.051,-0.002,-0.004,-5.313,0.178,0.0,0.001,0,0.018,0.0,0.001,1,0
199.161,88.376,-29.397,-1.57,4.508,-0.002,4.508,-0.001,-0.002,-3.72,0.8,0.0,0.001,0,0.506,0.0,0.001,1,0
199.211,88.376,-29.617,-1.57,4.322,-0.001,4.322,-0.001,-0.002,-1.404,0.849,0.0,0.0,0,0.8,0.0,0.001,1,0
199.311,88.376,-30.045,-1.571,4.311,-0.001,4.311,-0.001,-0.002,2.767,0.568,0.0,0.0,0,0.771,0.0,0.0,1,0
199.361,88.376,-30.265,-1.571,4.449,-0.001,4.449,-0.001,-0.002,3.077,0.39,0.0,0.0,0,0.568,0.0,0.0,1,0
199.411,88.376,-30.493,-1.571,4.603,-0.001,4.603,-0.001,-0.002,2.311,0.306,0.0,0.0,0,0.39,0.0,0.0,1,0
199.511,88.376,-30.965,-1.571,4.777,-0.001,4.777,-0.001,0.011,-0.783,0.0,1.0,0.0,0,0.0,1.0,0.0,1,0
199.561,88.376,-31.204,-1.571,4.738,-0.0,4.738,-0.0,0.003,-3.382,0.0,1.0,0.0,0,0.0,1.0,0.0,1,0
199.661,88.376,-31.656,-1.571,4.308,-0.0,4.308,-0.0,0.0,-6.351,0.0,1.0,0.0,0,0.0,1.0,0.0,1,0
199.761,88.376,-32.051,-1.571,3.665,0.0,3.665,0.0,0.0,-6.51,0.0,1.0,0.0,0,0.0,1.0,0.0,1,0
199.811,88.376,-32.224,-1.571,3.341,0.0,3.341,0.0,0.0,-5.773,0.0,1.0,0.0,0,0.0,1.0,0.0,1,0
199.911,88.376,-32.526,-1.571,2.771,0.0,2.771,0.0,-0.0,-5.335,0.0,1.0,0.0,0,0.0,1.0,0.0,1,0
199.961,88.376,-32.656,-1.571,2.504,0.0,2.504,0.0,0.0,-9.469,0.0,1.0,0.0,0,0.0,1.0,0.0,1,0
200.061,88.376,-32.838,-1.571,0.902,-0.0,0.902,-0.0,-0.0,-22.588,0.0,1.0,0.0,0,0.0,1.0,0.0,1,0
200.111,88.376,-32.85,-1.571,0.007,-0.0,0.007,0.0,0.0,-0.207,0.0,1.0,0.0,0,0.0,1.0,0.0,1,1
200.211,88.376,-32.85,-1.571,0.006,0.0,-0.006,0.0,-0.0,0.001,0.0,1.0,0.0,0,0.0,1.0,0.0,1,1
200.311,88.376,-32.851,-1.571,0.005,0.0,-0.005,0.0,-0.0,0.019,0.0,1.0,0.0,0,0.0,1.0,0.0,1,1
200.361,88.376,-32.852,-1.571,0.004,0.0,-0.004,0.0,0.0,0.02,0.0,1.0,0.0,0,0.0,1.0,0.0,1,1
200.461,88.376,-32.852,-1.571,0.002,0.0,-0.002,0.0,0.0,0.017,0.0,1.0,0.0,0,0.0,1.0,0.0,1,1
200.511,88.376,-32.853,-1.571,0.002,-0.0,-0.002,0.0,-0.0,0.01,0.0,1.0,0.0,0,0.0,1.0,0.0,1,1
200.611,88.376,-32.853,-1.571,0.001,-0.0,-0.001,-0.0,0.0,0.005,0.0,1.0,0.0,0,0.0,1.0,0.0,1,1
200.711,88.376,-32.853,-1.571,0.001,-0.0,-0.001,-0.0,0.0,0.01,0.0,1.0,0.0,0,0.0,1.0,0.0,1,1
200.811,88.376,-32.853,-1.571,0.0,-0.0,0.0,-0.0,0.0,0.0,0.0,1.0,0.0,0,0.0,1.0,0.0,1,1
201.861,88.376,-32.853,-1.571,0.0,-0.0,0.0,-0.0,0.0,0.0,0.0,1.0,0.0,0,0.0,1.0,0.0,1,1
202.861,88.376,-32.853,-1.571,0.0,-0.0,0.0,-0.0,0.0,0.0,0.0,1.0,0.0,0,0.0,1.0,0.0,1,1
203.911,88.376,-32.853,-1.571,0.0,-0.0,0.0,-0.0,0.0,0.0,0.0,1.0,0.0,0,0.0,1.0,0.0,1,1
204.911,88.376,-32.853,-1.571,0.0,-0.0,0.0,-0.0,0.0,0.0,0.0,1.0,0.0,0,0.0,1.0,0.0,1,1
205.961,88.376,-32.853,-1.571,0.0,-0.0,0.0,-0.0,0.0,0.0,0.0,1.0,0.0,0,0.0,1.0,0.0,1,1
207.011,88.376,-32.853,-1.571,0.0,-0.0,0.0,-0.0,0.0,0.0,0.0,1.0,0.0,0,0.0,1.0,0.0,1,1
208.011,88.376,-32.853,-1.571,0.0,-0.0,0.0,-0.0,0.0,0.0,0.0,1.0,0.0,0,0.0,1.0,0.0,1,1
209.061,88.376,-32.853,-1.571,0.0,-0.0,0.0,-0.0,0.0,0.0,0.0,1.0,0.0,0,0.0,1.0,0.0,1,1
210.061,88.376,-32.853,-1.571,0.0,-0.0,0.0,-0.0,0.0,0.0,0.0,1.0,0.0,0,0.0,1.0,0.0,1,1
211.111,88.376,-32.853,-1.571,0.0,-0.0,0.0,-0.0,0.0,0.0,0.0,1.0,0.0,0,0.0,1.0,0.0,1,1
212.161,88.376,-32.853,-1.571,0.0,-0.0,0.0,-0.0,0.0,0.0,0.0,1.0,0.0,0,0.0,1.0,0.0,1,1
213.261,88.376,-32.853,-1.571,0.0,-0.0,0.0,-0.0,0.0,0.0,0.0,1.0,0.0,0,0.0,1.0,0.0,1,1
214.311,88.376,-32.853,-1.571,0.0,-0.0,0.0,-0.0,0.0,0.0,0.0,1.0,0.0,0,0.0,1.0,0.0,1,1
215.161,88.376,-32.853,-1.571,0.0,-0.0,0.0,-0.0,0.0,0.0,1.0,0.0,0.0,0,0.0,1.0,0.0,1,1
215.261,88.376,-32.853,-1.571,0.0,-0.0,-0.0,0.0,0.0,-0.001,1.0,0.0,0.0,0,1.0,0.0,0.0,1,1
215.361,88.376,-32.855,-1.571,0.014,0.0,-0.014,0.0,-0.0,1.914,1.0,0.0,0.0,0,1.0,0.0,0.0,1,1
215.461,88.376,-32.86,-1.571,0.179,-0.0,0.179,-0.0,-0.0,1.94,1.0,0.0,0.0,0,1.0,0.0,0.0,1,0
215.511,88.376,-32.872,-1.571,0.267,-0.0,0.267,0.013,-0.037,2.543,1.0,0.0,0.0,0,1.0,0.0,0.0,1,0
215.611,88.376,-32.917,-1.571,0.636,-0.001,0.636,-0.002,0.038,3.964,1.0,0.0,0.0,0,1.0,0.0,0.0,1,0
215.661,88.376,-32.954,-1.571,0.834,0.001,0.834,0.006,-0.036,5.416,1.0,0.0,-0.0,0,1.0,0.0,0.0,1,0
215.761,88.376,-33.069,-1.571,1.439,-0.0,1.439,-0.009,0.005,5.782,1.0,0.0,-0.0,0,1.0,0.0,-0.0,1,0
215.811,88.376,-33.15,-1.571,1.728,0.0,1.728,-0.008,0.017,6.254,1.0,0.0,-0.0,0,1.0,0.0,-0.0,1,0
215.911,88.376,-33.357,-1.571,2.352,0.0,2.352,0.003,0.001,7.021,1.0,0.0,-0.0,0,1.0,0.0,-0.0,1,0
215.961,88.376,-33.485,-1.571,2.703,0.0,2.703,-0.0,-0.005,8.44,1.0,0.0,-0.0,0,1.0,0.0,-0.0,1,0
216.061,88.376,-33.802,-1.571,3.537,0.0,3.537,0.0,0.001,7.698,1.0,0.0,-0.0,0,1.0,0.0,-0.0,1,0
216.111,88.376,-33.991,-1.571,3.922,0.0,3.922,0.0,0.001,7.429,1.0,0.0,-0.0,0,1.0,0.0,-0.0,1,0
216.211,88.376,-34.424,-1.571,4.658,0.0,4.658,0.0,0.0,7.119,0.7,0.0,-0.0,0,0.957,0.0,-0.0,1,0
216.311,88.376,-34.928,-1.571,5.339,0.0,5.339,0.0,0.001,1.707,0.266,0.0,-0.0,0,0.452,0.0,-0.0,1,0
216.361,88.376,-35.199,-1.571,5.425,0.0,5.425,0.0,0.001,-1.373,0.647,0.0,-0.0,0,0.266,0.0,-0.0,1,0
216.461,88.376,-35.733,-1.571,5.289,0.0,5.289,0.0,0.001,-1.062,1.0,0.0,-0.0,0,0.985,0.0,-0.0,1,0
216.511,88.376,-35.995,-1.571,5.236,0.0,5.236,0.0,0.001,0.028,1.0,0.0,-0.0,0,1.0,0.0,-0.0,1,0
216.611,88.376,-36.519,-1.571,5.293,0.0,5.293,0.0,0.001,2.877,0.802,0.0,-0.0,0,0.943,0.0,-0.0,1,0
216.661,88.376,-36.788,-1.571,5.436,0.0,5.436,0.0,0.001,-0.56,0.529,0.0,-0.0,0,0.802,0.0,-0.0,0,0
216.761,88.376,-37.329,-1.571,5.407,0.0,5.407,0.0,0.001,10.469,0.82,0.0,-0.0,0,0.868,0.0,-0.0,0,0
216.811,88.376,-37.611,-1.571,5.93,0.0,5.93,0.0,0.001,12.835,0.0,0.0,-0.0,0,0.82,0.0,-0.0,2,0
216.911,88.376,-38.273,-1.571,7.059,0.0,7.059,0.0,0.002,5.785,0.0,0.0,-0.0,0,0.0,0.0,-0.0,2,0
217.011,88.376,-39.004,-1.571,7.366,0.0,7.366,0.0,0.001,-1.379,0.0,0.0,-0.0,0,0.0,0.0,-0.0,2,0
217.061,88.376,-39.37,-1.571,7.297,0.0,7.297,0.0,0.001,-2.106,0.0,0.0,-0.0,0,0.0,0.0,-0.0,2,0
217.161,88.376,-40.087,-1.571,7.076,0.0,7.076,0.0,0.001,-2.877,0.0,0.0,-0.0,0,0.0,0.0,-0.0,2,0
217.211,88.376,-40.436,-1.571,6.932,0.0,6.932,0.0,0.002,-2.778,0.0,0.0,-0.0,0,0.0,0.0,-0.0,2,0
217.311,88.376,-41.112,-1.571,6.633,0.0,6.633,0.0,0.001,-1.808,0.0,0.0,-0.0,0,0.0,0.0,-0.0,2,0
217.361,88.376,-41.44,-1.571,6.542,0.0,6.542,0.0,0.001,-0.065,0.0,0.0,-0.0,0,0.0,0.0,-0.0,0,0
217.461,88.376,-42.093,-1.571,6.452,0.0,6.452,0.0,0.0,-8.928,0.0,0.0,-0.0,0,0.0,0.0,-0.0,1,0
217.511,88.377,-42.401,-1.571,6.006,0.0,6.006,0.0,0.0,-6.14,0.0,0.0,-0.0,0,0.0,0.0,-0.0,1,0
217.611,88.377,-42.967,-1.571,5.4,0.0,5.4,0.0,0.0,-4.129,0.0,0.0,-0.0,0,0.0,0.0,-0.0,1,0
217.711,88.377,-43.483,-1.571,4.981,0.0,4.981,0.0,0.0,-4.244,0.0,0.0,-0.0,0,0.0,0.0,-0.0,1,0
217.761,88.377,-43.723,-1.571,4.667,0.0,4.667,0.0,-0.0,-5.356,0.491,0.0,-0.0,0,0.014,0.0,-0.0,1,0
217.861,88.377,-44.161,-1.571,4.188,0.0,4.188,0.0,0.004,-2.388,0.819,0.0,-0.0,0,0.678,0.0,-0.0,1,0
217.911,88.377,-44.367,-1.571,4.069,0.001,4.069,0.0,0.003,0.024,0.837,0.0,-0.0,0,0.819,0.0,-0.0,1,0
218.011,88.377,-44.777,-1.571,4.178,0.001,4.178,-0.0,0.505,3.169,0.524,0.0,-0.015,0,0.711,0.0,-0.014,1,0
218.061,88.378,-44.991,-1.57,4.336,0.023,4.336,0.019,0.234,3.055,0.391,0.0,-0.015,0,0.524,0.0,-0.015,1,0
218.161,88.382,-45.441,-1.568,4.598,0.032,4.598,0.024,0.112,1.232,0.417,0.0,-0.013,0,0.357,0.0,-0.014,1,0
218.261,88.387,-45.908,-1.565,4.698,0.031,4.697,0.023,0.089,0.764,0.514,0.0,-0.012,0,0.417,0.0,-0.013,1,0
218.311,88.39,-46.144,-1.564,4.74,0.03,4.74,0.022,1.268,1.257,0.591,0.0,-0.045,0,0.581,0.0,-0.044,1,0
218.411,88.402,-46.625,-1.558,4.891,0.096,4.89,0.076,0.669,1.73,0.549,0.0,-0.044,0,0.591,0.0,-0.045,1,0
218.461,88.411,-46.873,-1.554,4.986,0.101,4.985,0.078,0.38,1.68,0.425,0.0,-0.039,0,0.478,0.0,-0.042,1,0
218.561,88.431,-47.379,-1.546,5.072,0.092,5.071,0.132,1.566,-1.009,0.582,0.0,-0.082,0,0.406,0.0,-0.083,1,0
218.611,88.443,-47.629,-1.542,5.024,0.147,5.022,0.126,1.095,-0.067,0.739,0.0,-0.081,0,0.582,0.0,-0.082,1,0
218.711,88.478,-48.132,-1.527,5.041,0.178,5.038,0.096,0.694,1.212,0.657,0.0,-0.073,0,0.681,0.0,-0.077,1,0
218.811,88.521,-48.644,-1.513,5.211,0.174,5.209,0.114,0.719,2.146,0.553,0.0,-0.123,0,0.657,0.0,-0.073,1,0
218.861,88.547,-48.905,-1.505,5.229,0.228,5.224,0.177,1.287,-1.449,0.569,0.0,-0.119,0,0.4,0.0,-0.122,1,0
218.911,88.577,-49.162,-1.495,5.16,0.241,5.154,0.204,1.07,-1.271,0.798,0.0,-0.114,0,0.569,0.0,-0.119,1,0
219.011,88.644,-49.667,-1.474,5.059,0.238,5.053,0.207,2.411,-0.311,0.867,0.0,-0.165,0,0.85,0.0,-0.168,1,0
219.111,88.727,-50.166,-1.449,5.098,0.327,5.087,0.281,1.955,0.815,0.725,0.0,-0.152,0,0.867,0.0,-0.165,1,0
219.161,88.776,-50.42,-1.435,5.2,0.339,5.188,0.286,1.32,0.698,0.564,0.0,-0.144,0,0.725,0.0,-0.152,1,0
219.261,88.885,-50.933,-1.407,5.243,0.316,5.234,0.27,3.202,3.712,0.736,0.0,-0.195,0,0.662,0.0,-0.2,0,0
219.311,88.947,-51.189,-1.392,5.44,0.393,5.426,0.33,3.79,13.754,0.23,0.0,-0.188,0,0.736,0.0,-0.195,2,0
219.411,89.114,-51.785,-1.352,6.644,0.493,6.626,0.42,2.471,3.856,0.0,0.0,-0.234,0,0.0,0.0,-0.178,2,0
219.461,89.214,-52.11,-1.331,6.847,0.472,6.83,0.449,3.757,-0.78,0.0,0.0,-0.225,0,0.0,0.0,-0.234,2,0
219.561,89.436,-52.753,-1.284,6.756,0.5,6.738,0.536,2.866,-2.097,0.0,0.0,-0.203,0,0.0,0.0,-0.215,2,0
219.611,89.557,-53.065,-1.26,6.664,0.484,6.647,0.441,2.476,-2.432,0.0,0.0,-0.262,0,0.0,0.0,-0.203,2,0
219.711,89.813,-53.664,-1.212,6.411,0.507,6.391,0.466,4.219,-3.223,0.0,0.0,-0.252,0,0.0,0.0,-0.262,2,0
219.761,89.95,-53.949,-1.186,6.271,0.51,6.25,0.566,3.24,-1.657,0.0,0.0,-0.229,0,0.0,0.0,-0.242,2,0
219.861,90.241,-54.496,-1.135,6.198,0.503,6.177,0.542,2.879,-0.397,0.0,0.0,-0.289,0,0.0,0.0,-0.229,0,0
219.911,90.396,-54.76,-1.109,5.975,0.571,5.947,0.499,3.105,-7.054,0.0,0.0,-0.267,0,0.0,0.0,-0.278,1,0
220.011,90.703,-55.229,-1.057,5.379,0.542,5.351,0.444,2.048,-5.543,0.105,0.0,-0.254,0,0.0,0.0,-0.267,1,0
220.061,90.855,-55.443,-1.033,5.18,0.496,5.156,0.509,3.108,-4.959,0.216,0.0,-0.302,0,0.173,0.0,-0.313,1,0
220.111,91.007,-55.645,-1.01,4.951,0.536,4.922,0.485,3.084,-5.892,0.475,0.0,-0.291,0,0.216,0.0,-0.302,1,0
220.211,91.309,-55.999,-0.962,4.507,0.57,4.471,0.455,1.987,-1.514,0.82,0.0,-0.334,0,0.811,0.0,-0.277,1,0
220.261,91.459,-56.163,-0.941,4.446,0.573,4.408,0.433,3.767,0.168,0.731,0.0,-0.323,0,0.82,0.0,-0.334,1,0
220.361,91.78,-56.479,-0.892,4.608,0.684,4.557,0.512,2.833,2.093,0.591,0.0,-0.31,0,0.731,0.0,-0.323,1,0
220.411,91.954,-56.637,-0.866,4.753,0.684,4.704,0.511,2.102,2.006,0.294,0.0,-0.279,0,0.39,0.0,-0.295,1,0
220.461,92.135,-56.797,-0.841,4.868,0.669,4.822,0.499,1.831,0.888,0.304,0.0,-0.264,0,0.294,0.0,-0.279,1,0
220.561,92.512,-57.112,-0.794,4.944,0.636,4.903,0.458,3.479,-0.9,0.497,0.0,-0.311,0,0.404,0.0,-0.322,1,0
220.611,92.707,-57.261,-0.769,4.925,0.69,4.876,0.516,2.545,-0.196,0.616,0.0,-0.297,0,0.497,0.0,-0.311,1,0
220.711,93.113,-57.543,-0.717,4.979,0.647,4.936,0.513,2.357,1.301,0.525,0.0,-0.267,0,0.59,0.0,-0.282,1,0
220.761,93.323,-57.681,-0.692,5.06,0.639,5.019,0.496,1.595,0.211,0.422,0.0,-0.323,0,0.525,0.0,-0.267,1,0
220.861,93.756,-57.947,-0.643,5.084,0.671,5.04,0.532,2.656,-0.482,0.595,0.0,-0.298,0,0.541,0.0,-0.311,1,0
220.911,93.978,-58.069,-0.617,5.079,0.67,5.035,0.538,2.229,-1.096,0.637,0.0,-0.283,0,0.595,0.0,-0.298,1,0
221.011,94.436,-58.3,-0.565,5.242,0.646,5.202,0.525,3.004,-1.799,0.173,0.0,-0.302,0,0.755,0.0,-0.316,1,0
221.061,94.671,-58.407,-0.539,5.174,0.665,5.131,0.475,1.935,-1.501,0.74,0.0,-0.288,0,0.173,0.0,-0.302,1,0
221.111,94.907,-58.509,-0.512,5.113,0.626,5.075,0.572,1.962,-1.421,0.793,0.0,-0.273,0,0.74,0.0,-0.288,1,0
221.211,95.378,-58.695,-0.462,5.172,0.598,5.137,0.497,4.564,4.731,0.465,0.0,-0.296,0,0.855,0.0,-0.311,1,0
221.261,95.632,-58.781,-0.435,5.437,0.679,5.394,0.606,2.171,-0.929,0.0,0.0,-0.28,0,0.465,0.0,-0.296,1,0
221.361,96.148,-58.938,-0.381,5.381,0.603,5.347,0.571,1.941,-1.284,0.567,0.0,-0.247,0,0.562,0.0,-0.264,1,0
221.411,96.405,-59.009,-0.356,5.329,0.569,5.299,0.446,1.656,-1.454,0.663,0.0,-0.233,0,0.567,0.0,-0.247,1,0
221.511,96.916,-59.133,-0.31,5.223,0.497,5.199,0.388,1.581,-0.561,0.75,0.0,-0.219,0,0.739,0.0,-0.218,1,0
221.611,97.426,-59.238,-0.269,5.215,0.463,5.194,0.352,2.018,0.027,0.735,0.0,-0.206,0,0.75,0.0,-0.219,1,0
221.661,97.683,-59.284,-0.249,5.263,0.446,5.244,0.433,1.728,1.292,0.59,0.0,-0.183,0,0.683,0.0,-0.195,1,0
221.761,98.212,-59.367,-0.212,5.423,0.415,5.407,0.401,1.564,1.629,0.496,0.0,-0.179,0,0.59,0.0,-0.183,1,0
221.811,98.483,-59.403,-0.195,5.502,0.408,5.487,0.299,1.461,1.138,0.35,0.0,-0.158,0,0.4,0.0,-0.168,1,0
221.861,98.758,-59.436,-0.178,5.564,0.385,5.551,0.38,1.388,0.609,0.387,0.0,-0.148,0,0.35,0.0,-0.158,1,0
221.961,99.315,-59.492,-0.147,5.614,0.339,5.603,0.349,1.24,-0.108,0.37,0.0,-0.131,0,0.353,0.0,-0.141,1,0
222.011,99.594,-59.516,-0.133,5.612,0.323,5.603,0.236,1.07,-0.392,0.385,0.0,-0.123,0,0.37,0.0,-0.131,1,0
222.111,100.152,-59.554,-0.106,5.572,0.28,5.565,0.201,0.88,-0.672,1.0,0.0,-0.105,0,0.412,0.0,-0.113,1,0
222.211,100.704,-59.583,-0.083,5.513,0.241,5.508,0.166,0.863,-0.603,1.0,0.0,-0.092,0,1.0,0.0,-0.105,1,0
222.261,100.98,-59.594,-0.073,5.513,0.215,5.509,0.244,0.735,1.285,1.0,0.0,-0.077,0,1.0,0.0,-0.085,1,0
222.361,101.537,-59.611,-0.055,5.596,0.181,5.593,0.213,0.512,-0.028,1.0,0.0,-0.062,0,1.0,0.0,-0.069,0,0
222.411,101.816,-59.617,-0.048,5.595,0.167,5.593,0.099,0.756,7.428,1.0,0.0,-0.057,0,1.0,0.0,-0.062,0,0
222.511,102.423,-59.626,-0.032,6.658,0.158,6.656,0.146,0.537,11.627,1.0,0.0,-0.037,0,1.0,0.0,-0.043,2,0
222.561,102.775,-59.629,-0.026,7.24,0.137,7.238,0.126,0.54,10.076,1.0,0.0,-0.031,0,1.0,0.0,-0.037,2,0
222.661,103.554,-59.634,-0.015,8.195,0.102,8.194,0.099,0.458,8.28,1.0,0.0,-0.022,0,1.0,0.0,-0.026,2,0
222.761,104.419,-59.635,-0.006,8.998,0.071,8.998,0.077,0.425,7.786,1.0,0.0,-0.017,0,1.0,0.0,-0.022,2,0
222.811,104.87,-59.634,-0.003,9.091,0.054,9.091,0.065,0.215,-3.378,1.0,0.0,-0.01,0,1.0,0.0,-0.014,0,0
222.911,105.775,-59.63,0.002,9.318,0.03,9.318,0.044,0.241,9.057,1.0,0.0,-0.006,0,1.0,0.0,-0.008,3,0
223.011,106.756,-59.624,0.006,10.163,0.018,10.163,0.028,0.192,7.844,1.0,0.0,-0.003,0,1.0,0.0,-0.006,3,0
223.061,107.275,-59.62,0.007,10.514,0.012,10.514,0.021,0.095,6.467,1.0,0.0,-0.001,0,1.0,0.0,-0.003,3,0
223.161,108.361,-59.611,0.008,11.142,0.003,11.142,0.009,0.025,5.849,1.0,0.0,0.001,0,1.0,0.0,-0.0,3,0
223.261,109.507,-59.602,0.009,11.719,-0.002,11.719,0.001,-0.025,5.576,1.0,0.0,0.002,0,1.0,0.0,0.001,3,0
223.361,110.71,-59.591,0.009,12.273,-0.004,12.273,-0.004,-0.082,5.458,1.0,0.0,0.002,0,1.0,0.0,0.002,3,0
223.411,111.331,-59.586,0.008,12.546,-0.005,12.546,-0.006,-0.077,3.295,0.0,0.0,0.002,0,1.0,0.0,0.002,3,0
223.511,112.597,-59.577,0.008,12.637,-0.004,12.637,-0.008,-0.086,2.359,0.0,0.0,0.002,0,0.0,0.0,0.002,0,0
223.611,113.875,-59.568,0.007,12.958,-0.002,12.958,-0.008,-0.085,4.054,0.0,0.0,0.001,0,0.0,0.0,0.002,4,0
223.661,114.526,-59.563,0.007,13.04,-0.001,13.04,-0.007,-0.064,0.048,0.0,0.0,0.001,0,0.0,0.0,0.001,4,0
223.761,115.829,-59.555,0.006,13.002,0.0,13.002,-0.004,-0.04,-1.45,0.0,0.0,0.0,0,0.0,0.0,0.001,4,0
223.861,117.12,-59.548,0.006,12.848,0.001,12.848,-0.002,-0.031,-1.625,0.0,0.0,0.0,0,0.0,0.0,0.0,4,0
223.911,117.761,-59.544,0.006,12.817,0.001,12.817,-0.002,-0.016,-0.149,0.0,0.0,-0.0,0,0.0,0.0,0.0,0,0
224.011,119.04,-59.537,0.005,12.684,0.001,12.684,-0.0,-0.005,-4.688,0.0,0.0,-0.0,0,0.0,0.0,-0.0,3,0
224.111,120.282,-59.53,0.005,12.239,0.001,12.239,0.0,0.001,-3.502,0.0,0.0,-0.0,0,0.0,0.0,-0.0,3,0
224.161,120.888,-59.527,0.005,12.064,0.0,12.064,0.0,0.002,-3.544,0.0,0.0,-0.0,0,0.0,0.0,-0.0,3,0
224.261,122.075,-59.52,0.006,11.733,0.0,11.733,0.0,0.004,-3.088,0.0,0.0,-0.0,0,0.0,0.0,-0.0,3,0
224.311,122.657,-59.517,0.006,11.57,0.0,11.57,0.0,0.004,-2.887,0.0,0.0,0.001,0,0.0,0.0,-0.0,3,0
224.411,123.798,-59.51,0.006,11.271,-0.002,11.271,-0.001,-0.08,-2.77,0.0,0.0,0.002,0,0.0,0.0,0.002,3,0
224.511,124.909,-59.505,0.005,10.983,-0.005,10.983,-0.006,-0.069,-2.994,0.0,0.0,0.003,0,0.0,0.0,0.002,3,0
224.561,125.455,-59.503,0.005,10.849,-0.006,10.849,-0.008,-0.087,-2.919,0.0,0.0,0.003,0,0.0,0.0,0.003,3,0
224.661,126.524,-59.498,0.004,10.572,-0.006,10.572,-0.01,-0.109,-2.62,0.0,0.0,0.003,0,0.0,0.0,0.003,3,0
224.711,127.053,-59.497,0.003,10.574,-0.006,10.574,-0.01,-0.108,-0.074,0.0,0.0,0.003,0,0.0,0.0,0.003,0,0
224.811,128.099,-59.494,0.002,10.153,-0.005,10.153,-0.01,-0.086,-8.216,0.0,0.0,0.002,0,0.0,0.0,0.002,2,0
224.911,129.07,-59.493,0.001,9.404,-0.004,9.404,-0.009,-0.06,-5.23,0.0,0.0,0.002,0,0.0,0.0,0.002,2,0
224.961,129.532,-59.493,0.001,9.143,-0.004,9.143,-0.007,-0.043,-5.303,0.0,0.0,0.001,0,0.0,0.0,0.002,2,0
225.061,130.418,-59.492,0.001,8.654,-0.003,8.654,-0.005,-0.025,-4.718,0.0,0.0,0.001,0,0.0,0.0,0.001,2,0
225.111,130.844,-59.492,0.0,8.418,-0.003,8.418,-0.004,-0.023,-4.086,0.0,0.0,0.001,0,0.0,0.0,0.001,2,0
225.211,131.663,-59.492,-0.0,7.994,-0.002,7.994,-0.003,-0.01,-3.844,0.0,0.0,0.0,0,0.0,0.0,0.001,2,0
225.311,132.441,-59.492,-0.0,7.594,-0.001,7.594,-0.002,-0.002,-3.667,0.0,1.0,0.0,0,0.0,0.0,0.0,2,0
225.411,133.179,-59.493,-0.0,7.197,-0.0,7.197,-0.001,0.001,-3.438,0.0,1.0,0.0,0,0.0,1.0,0.0,2,0
225.511,133.879,-59.493,-0.0,6.813,-0.0,6.813,-0.0,0.0,-4.244,0.0,1.0,0.0,0,0.0,1.0,0.0,0,0
225.561,134.198,-59.493,-0.0,5.891,-0.0,5.891,-0.0,0.0,-26.291,0.0,1.0,0.0,0,0.0,1.0,0.0,1,0
225.661,134.638,-59.493,-0.0,3.253,-0.0,3.253,-0.0,0.0,-26.187,0.0,1.0,0.0,0,0.0,1.0,0.0,1,0
225.761,134.816,-59.493,-0.0,0.652,-0.0,0.652,-0.0,0.001,-13.089,0.0,1.0,0.0,0,0.0,1.0,0.0,1,0
225.811,134.821,-59.493,-0.0,0.003,0.0,-0.003,0.0,-0.001,-0.158,0.0,1.0,0.0,0,0.0,1.0,0.0,1,1
225.911,134.823,-59.493,-0.0,0.012,-0.0,-0.012,-0.0,0.0,0.026,0.0,1.0,0.0,0,0.0,1.0,0.0,1,1
225.961,134.824,-59.493,-0.0,0.01,-0.0,-0.01,-0.0,0.0,0.039,0.0,1.0,0.0,0,0.0,1.0,0.0,1,1
226.061,134.826,-59.493,-0.0,0.007,-0.0,-0.007,-0.0,0.0,0.032,0.0,1.0,0.0,0,0.0,1.0,0.0,1,1
226.161,134.827,-59.493,-0.0,0.004,-0.0,-0.004,-0.0,0.0,0.02,0.0,1.0,0.0,0,0.0,1.0,0.0,1,1
226.261,134.827,-59.493,-0.0,0.002,-0.0,-0.002,-0.0,0.0,0.015,0.0,1.0,0.0,0,0.0,1.0,0.0,1,1
226.361,134.828,-59.493,-0.0,0.001,-0.0,-0.001,-0.0,0.0,0.008,0.0,1.0,0.0,0,0.0,1.0,0.0,1,1
226.411,134.828,-59.493,-0.0,0.001,-0.0,-0.001,-0.0,-0.0,0.004,0.0,1.0,0.0,0,0.0,1.0,0.0,1,1
226.511,134.828,-59.493,-0.0,0.0,-0.0,-0.0,-0.0,0.0,0.002,0.0,1.0,0.0,0,0.0,1.0,0.0,1,1
226.661,134.828,-59.493,-0.0,0.0,-0.0,0.0,-0.0,0.0,0.004,0.0,1.0,0.0,0,0.0,1.0,0.0,1,1
226.761,134.828,-59.493,-0.0,0.0,-0.0,0.0,-0.0,0.0,0.0,0.0,1.0,0.0,0,0.0,1.0,0.0,1,1
227.861,134.828,-59.493,-0.0,0.0,-0.0,0.0,-0.0,0.0,0.0,0.0,1.0,0.0,0,0.0,1.0,0.0,1,1
228.861,134.828,-59.493,-0.0,0.0,-0.0,0.0,-0.0,0.0,0.0,0.0,1.0,0.0,0,0.0,1.0,0.0,1,1
229.861,134.828,-59.493,-0.0,0.0,-0.0,0.0,-0.0,0.0,0.0,0.0,1.0,0.0,0,0.0,1.0,0.0,1,1
230.911,134.828,-59.493,-0.0,0.0,-0.0,0.0,-0.0,0.0,0.0,0.0,1.0,0.0,0,0.0,1.0,0.0,1,1
231.911,134.828,-59.493,-0.0,0.0,-0.0,0.0,-0.0,0.0,0.0,0.0,1.0,0.0,0,0.0,1.0,0.0,1,1
232.911,134.828,-59.493,-0.0,0.0,-0.0,0.0,-0.0,0.0,0.0,0.0,1.0,0.0,0,0.0,1.0,0.0,1,1
233.911,134.828,-59.493,-0.0,0.0,-0.0,0.0,-0.0,0.0,0.0,0.0,1.0,0.0,0,0.0,1.0,0.0,1,1
234.911,134.828,-59.493,-0.0,0.0,-0.0,0.0,-0.0,0.0,0.0,0.0,1.0,0.0,0,0.0,1.0,0.0,1,1
235.961,134.828,-59.493,-0.0,0.0,-0.0,0.0,-0.0,0.0,0.0,0.0,1.0,0.0,0,0.0,1.0,0.0,1,1
236.961,134.828,-59.493,-0.0,0.0,-0.0,0.0,-0.0,0.0,0.0,0.0,1.0,0.0,0,0.0,1.0,0.0,1,1
237.961,134.828,-59.493,-0.0,0.0,-0.0,0.0,-0.0,0.0,0.0,0.0,1.0,0.0,0,0.0,1.0,0.0,1,1
238.961,134.828,-59.493,-0.0,0.0,-0.0,0.0,-0.0,0.0,0.0,0.0,1.0,0.0,0,0.0,1.0,0.0,1,1
239.961,134.828,-59.493,-0.0,0.0,-0.0,0.0,-0.0,0.0,0.0,0.0,1.0,0.0,0,0.0,1.0,0.0,1,1
240.961,134.828,-59.493,-0.0,0.0,-0.0,0.0,-0.0,0.0,0.0,0.0,1.0,0.0,0,0.0,1.0,0.0,1,1
242.061,134.828,-59.493,-0.0,0.0,-0.0,0.0,-0.0,0.0,0.0,0.0,1.0,0.0,0,0.0,1.0,0.0,1,1
243.161,134.828,-59.493,-0.0,0.0,-0.0,0.0,-0.0,0.0,0.0,0.0,1.0,0.0,0,0.0,1.0,0.0,1,1
244.161,134.828,-59.493,-0.0,0.0,-0.0,0.0,-0.0,0.0,0.0,0.0,1.0,0.0,0,0.0,1.0,0.0,1,1
245.261,134.828,-59.493,-0.0,0.0,-0.0,0.0,-0.0,0.0,0.0,0.0,1.0,0.0,0,0.0,1.0,0.0,1,1
246.361,134.828,-59.493,-0.0,0.0,-0.0,0.0,-0.0,0.0,0.0,0.0,1.0,0.0,0,0.0,1.0,0.0,1,1
247.411,134.828,-59.493,-0.0,0.0,-0.0,0.0,-0.0,0.0,0.0,0.0,1.0,0.0,0,0.0,1.0,0.0,1,1
248.411,134.828,-59.493,-0.0,0.0,-0.0,0.0,-0.0,0.0,0.0,0.0,1.0,0.0,0,0.0,1.0,0.0,1,1
249.411,134.828,-59.493,-0.0,0.0,-0.0,0.0,-0.0,0.0,0.0,0.0,1.0,0.0,0,0.0,1.0,0.0,1,1
250.411,134.828,-59.493,-0.0,0.0,-0.0,0.0,-0.0,0.0,0.0,0.0,1.0,0.0,0,0.0,1.0,0.0,1,1
251.461,134.828,-59.493,-0.0,0.0,-0.0,0.0,-0.0,0.0,0.0,0.0,1.0,0.0,0,0.0,1.0,0.0,1,1
252.461,134.828,-59.493,-0.0,0.0,-0.0,0.0,-0.0,0.0,0.0,0.0,1.0,0.0,0,0.0,1.0,0.0,1,1
253.461,134.828,-59.493,-0.0,0.0,-0.0,0.0,-0.0,0.0,0.0,0.0,1.0,0.0,0,0.0,1.0,0.0,1,1
254.461,134.828,-59.493,-0.0,0.0,-0.0,0.0,-0.0,0.0,0.0,0.0,1.0,0.0,0,0.0,1.0,0.0,1,1
255.461,134.828,-59.493,-0.0,0.0,-0.0,0.0,-0.0,0.0,0.0,0.0,1.0,0.0,0,0.0,1.0,0.0,1,1
256.461,134.828,-59.493,-0.0,0.0,-0.0,0.0,-0.0,0.0,0.0,0.0,1.0,0.0,0,0.0,1.0,0.0,1,1
257.461,134.828,-59.493,-0.0,0.0,-0.0,0.0,-0.0,0.0,0.0,0.0,1.0,0.0,0,0.0,1.0,0.0,1,1
258.561,134.828,-59.493,-0.0,0.0,-0.0,0.0,-0.0,0.0,0.0,0.0,1.0,0.0,0,0.0,1.0,0.0,1,1
259.661,134.828,-59.493,-0.0,0.0,-0.0,0.0,-0.0,0.0,0.0,0.0,1.0,0.0,0,0.0,1.0,0.0,1,1
260.611,134.828,-59.493,-0.0,0.0,-0.0,0.0,-0.0,-0.0,-0.002,1.0,0.0,-0.0,0,1.0,0.0,0.0,1,1
260.711,134.828,-59.493,-0.0,0.0,-0.0,-0.0,-0.0,-0.0,-0.285,1.0,0.0,-0.0,0,1.0,0.0,-0.0,1,1
260.811,134.832,-59.493,-0.0,0.081,0.0,0.081,0.0,0.0,1.138,1.0,0.0,-0.0,0,1.0,0.0,-0.0,1,1
260.861,134.835,-59.493,-0.0,0.138,0.0,0.138,0.0,0.0,0.785,1.0,0.0,-0.0,0,1.0,0.0,-0.0,1,0
260.961,134.862,-59.493,-0.0,0.44,0.001,0.44,-0.011,0.005,3.408,1.0,0.0,-0.0,0,1.0,0.0,-0.0,1,0
261.061,134.928,-59.493,-0.001,0.871,-0.001,0.871,-0.01,-0.062,5.195,1.0,0.0,-0.0,0,1.0,0.0,-0.0,1,0
261.111,134.978,-59.493,-0.0,1.084,0.001,1.084,0.006,0.002,5.397,1.0,0.0,-0.0,0,1.0,0.0,-0.0,1,0
261.211,135.117,-59.493,-0.0,1.679,0.0,1.679,-0.004,0.017,7.072,1.0,0.0,0.0,0,1.0,0.0,0.0,1,0
261.311,135.326,-59.493,0.0,2.402,0.0,2.402,-0.002,-0.008,7.577,1.0,0.0,0.001,0,1.0,0.0,0.0,1,0
261.411,135.609,-59.493,0.001,3.196,-0.001,3.196,-0.001,-0.01,7.726,1.0,0.0,0.001,0,1.0,0.0,0.001,1,0
261.511,135.971,-59.493,0.0,3.953,-0.001,3.953,-0.001,-0.007,7.409,1.0,0.0,0.001,0,1.0,0.0,0.001,1,0
261.561,136.18,-59.493,0.0,4.316,-0.001,4.316,-0.001,-0.005,7.189,0.955,0.0,0.001,0,1.0,0.0,0.001,1,0
261.661,136.651,-59.493,0.0,5.028,-0.001,5.028,-0.001,-0.005,6.46,0.446,0.0,0.0,0,0.695,0.0,0.001,1,0
261.761,137.184,-59.493,0.0,5.438,-0.001,5.438,-0.001,-0.003,1.755,0.63,0.0,0.0,0,0.446,0.0,0.0,1,0
261.811,137.453,-59.493,0.0,5.368,-0.001,5.368,-0.001,-0.0,-1.383,0.977,0.0,0.0,0,0.63,0.0,0.0,1,0
261.911,137.981,-59.493,0.0,5.245,-0.001,5.245,-0.001,-0.001,-0.019,1.0,0.0,0.0,0,1.0,0.0,0.0,1,0
262.011,138.506,-59.493,0.0,5.297,-0.001,5.297,-0.001,-0.001,1.063,0.802,0.0,0.0,0,1.0,0.0,0.0,1,0
262.061,138.775,-59.493,0.0,5.438,-0.0,5.438,-0.0,-0.001,-0.553,0.532,0.0,0.0,0,0.802,0.0,0.0,0,0
262.161,139.316,-59.493,-0.0,5.408,-0.0,5.408,-0.0,0.001,10.443,0.817,0.0,0.0,0,0.864,0.0,0.0,0,0
262.261,139.915,-59.493,-0.0,6.57,-0.0,6.57,-0.0,-0.0,9.698,0.0,0.0,0.0,0,0.0,0.0,0.0,2,0
262.361,140.622,-59.493,-0.0,7.342,-0.0,7.342,-0.0,-0.0,0.45,0.0,0.0,-0.0,0,0.0,0.0,0.0,2,0
262.411,140.991,-59.493,-0.0,7.365,-0.0,7.365,-0.0,0.001,-1.405,0.0,0.0,-0.0,0,0.0,0.0,-0.0,2,0
262.511,141.717,-59.493,-0.0,7.188,0.0,7.188,0.0,0.001,-2.329,0.0,0.0,-0.0,0,0.0,0.0,-0.0,2,0
262.611,142.422,-59.493,-0.0,6.928,0.0,6.928,0.0,0.001,-2.784,0.0,0.0,-0.0,0,0.0,0.0,-0.0,2,0
262.661,142.763,-59.493,-0.0,6.788,0.0,6.788,0.0,0.001,-3.227,0.0,0.0,-0.001,0,0.0,0.0,-0.0,2,0
262.761,143.425,-59.493,-0.0,6.536,0.002,6.536,0.002,0.027,-0.065,0.0,0.0,-0.001,0,0.0,0.0,-0.001,0,0
262.861,144.078,-59.493,0.0,6.447,0.003,6.447,0.003,0.616,-8.94,0.0,0.0,-0.021,0,0.0,0.0,-0.02,1,0
262.961,144.675,-59.489,0.003,5.693,0.041,5.692,0.037,0.193,-5.978,0.0,0.0,-0.021,0,0.0,0.0,-0.021,1,0
263.011,144.95,-59.486,0.005,5.394,0.04,5.394,0.036,0.272,-5.456,0.0,0.0,-0.056,0,0.0,0.0,-0.021,1,0
263.111,145.46,-59.477,0.01,4.869,0.086,4.869,0.074,0.866,-5.827,0.186,0.0,-0.056,0,0.0,0.0,-0.057,1,0
263.211,145.916,-59.46,0.018,4.35,0.115,4.348,0.088,0.319,-3.089,0.668,0.0,-0.099,0,0.534,0.0,-0.054,1,0
263.311,146.336,-59.437,0.029,4.142,0.178,4.138,0.135,1.776,-1.153,0.681,0.0,-0.095,0,0.668,0.0,-0.099,1,0
263.411,146.756,-59.404,0.043,4.296,0.201,4.292,0.148,0.743,2.127,0.549,0.0,-0.091,0,0.681,0.0,-0.095,1,0
263.461,146.974,-59.384,0.05,4.419,0.199,4.414,0.146,0.538,1.978,0.392,0.0,-0.082,0,0.437,0.0,-0.086,1,0
263.561,147.425,-59.34,0.064,4.586,0.186,4.582,0.137,0.477,1.312,0.498,0.0,-0.132,0,0.392,0.0,-0.082,1,0
263.611,147.654,-59.312,0.073,4.624,0.261,4.617,0.2,1.407,0.825,0.578,0.0,-0.128,0,0.498,0.0,-0.132,1,0
263.711,148.117,-59.246,0.095,4.736,0.285,4.727,0.216,0.919,1.701,0.548,0.0,-0.115,0,0.586,0.0,-0.122,1,0
263.811,148.594,-59.169,0.115,4.919,0.272,4.912,0.204,2.86,1.301,0.437,0.0,-0.168,0,0.485,0.0,-0.172,1,0
263.911,149.084,-59.072,0.142,5.058,0.376,5.044,0.293,1.246,-0.003,0.447,0.0,-0.153,0,0.449,0.0,-0.162,1,0
263.961,149.332,-59.017,0.157,5.063,0.364,5.05,0.343,1.178,-0.301,0.578,0.0,-0.145,0,0.447,0.0,-0.153,1,0
264.061,149.821,-58.899,0.185,5.074,0.337,5.063,0.276,2.799,-0.427,0.59,0.0,-0.198,0,0.64,0.0,-0.204,1,0
264.161,150.308,-58.761,0.216,5.117,0.426,5.099,0.37,1.793,1.584,0.544,0.0,-0.182,0,0.68,0.0,-0.191,1,0
264.261,150.799,-58.604,0.249,5.223,0.413,5.206,0.342,1.232,-0.027,0.557,0.0,-0.236,0,0.432,0.0,-0.173,1,0
264.361,151.288,-58.43,0.281,5.18,0.454,5.16,0.409,2.917,-1.213,0.595,0.0,-0.23,0,0.557,0.0,-0.236,1,0
264.411,151.526,-58.336,0.3,5.108,0.464,5.087,0.329,1.754,-0.948,0.861,0.0,-0.213,0,0.741,0.0,-0.222,1,0
264.511,151.992,-58.137,0.338,5.068,0.447,5.048,0.327,3.412,0.447,0.811,0.0,-0.268,0,0.853,0.0,-0.276,1,0
264.611,152.452,-57.912,0.38,5.191,0.548,5.162,0.41,2.563,2.03,0.598,0.0,-0.246,0,0.725,0.0,-0.257,1,0
264.711,152.914,-57.658,0.426,5.286,0.531,5.26,0.4,1.761,-0.213,0.736,0.0,-0.295,0,0.459,0.0,-0.233,0,0
264.811,153.38,-57.374,0.472,5.912,0.647,5.877,0.533,4.989,10.664,0.0,0.0,-0.274,0,0.709,0.0,-0.285,2,0
264.911,153.914,-57.002,0.532,6.879,0.725,6.84,0.622,3.315,1.929,0.0,0.0,-0.316,0,0.0,0.0,-0.258,2,0
265.011,154.464,-56.576,0.595,6.94,0.693,6.905,0.619,4.094,-2.103,0.0,0.0,-0.287,0,0.0,0.0,-0.302,2,0
265.111,154.977,-56.126,0.661,6.758,0.639,6.728,0.615,3.334,-2.722,0.0,0.0,-0.328,0,0.0,0.0,-0.271,2,0
265.211,155.445,-55.66,0.726,6.489,0.641,6.457,0.619,4.083,-3.405,0.0,0.0,-0.3,0,0.0,0.0,-0.314,2,0
265.311,155.86,-55.184,0.791,6.273,0.635,6.241,0.6,3.591,-0.541,0.0,0.0,-0.34,0,0.0,0.0,-0.283,0,0
265.411,156.237,-54.689,0.854,6.048,0.672,6.011,0.622,3.262,-7.506,0.0,0.0,-0.311,0,0.0,0.0,-0.325,1,0
265.511,156.547,-54.214,0.915,5.462,0.615,5.427,0.529,1.953,-4.397,0.0,0.0,-0.341,0,0.0,0.0,-0.295,1,0
265.611,156.808,-53.762,0.97,5.027,0.588,4.993,0.495,3.381,-7.434,0.246,0.0,-0.315,0,0.006,0.0,-0.328,1,0
265.711,157.01,-53.343,1.022,4.413,0.63,4.368,0.485,1.527,-3.598,0.903,0.0,-0.325,0,0.769,0.0,-0.301,1,0
265.811,157.17,-52.95,1.068,4.194,0.64,4.144,0.468,1.93,1.341,0.841,0.0,-0.298,0,0.919,0.0,-0.312,1,0
265.961,157.384,-52.326,1.137,4.645,0.629,4.602,0.463,1.957,3.609,0.377,0.0,-0.31,0,0.612,0.0,-0.284,1,0
266.061,157.514,-51.866,1.187,4.848,0.66,4.803,0.497,2.222,1.053,0.425,0.0,-0.265,0,0.258,0.0,-0.296,1,0
266.161,157.629,-51.393,1.234,4.876,0.604,4.839,0.452,1.52,0.385,0.595,0.0,-0.235,0,0.542,0.0,-0.249,1,0
266.261,157.729,-50.913,1.276,4.968,0.547,4.938,0.411,1.511,1.518,0.494,0.0,-0.209,0,0.571,0.0,-0.221,1,0
266.361,157.818,-50.415,1.315,5.135,0.498,5.11,0.363,0.802,-2.314,0.38,0.0,-0.194,0,0.418,0.0,-0.206,1,0
266.461,157.894,-49.916,1.351,5.045,0.438,5.026,0.387,1.297,0.504,0.613,0.0,-0.173,0,0.849,0.0,-0.183,1,0
266.561,157.958,-49.415,1.383,5.029,0.387,5.014,0.25,1.586,2.806,0.806,0.0,-0.157,0,0.596,0.0,-0.166,1,0
266.711,158.033,-48.65,1.428,5.101,0.319,5.091,0.274,0.491,-0.927,0.722,0.0,-0.138,0,0.354,0.0,-0.147,1,0
266.811,158.07,-48.146,1.454,5.049,0.276,5.041,0.245,0.59,-0.104,1.0,0.0,-0.113,0,0.804,0.0,-0.13,1,0
266.911,158.098,-47.638,1.478,5.172,0.25,5.165,0.213,1.047,1.573,0.849,0.0,-0.095,0,1.0,0.0,-0.103,1,0
267.061,158.127,-46.851,1.507,5.287,0.209,5.283,0.178,0.879,0.646,1.0,0.0,-0.082,0,0.856,0.0,-0.088,0,0
267.161,158.141,-46.234,1.525,6.736,0.198,6.733,0.17,0.763,12.689,1.0,0.0,-0.058,0,1.0,0.0,-0.065,2,0
267.261,158.152,-45.501,1.54,7.751,0.159,7.749,0.147,0.736,8.581,1.0,0.0,-0.038,0,1.0,0.0,-0.044,2,0
267.361,158.158,-44.679,1.553,8.58,0.12,8.579,0.122,0.664,7.574,1.0,0.0,-0.026,0,1.0,0.0,-0.032,2,0
267.461,158.16,-43.783,1.564,9.201,0.081,9.201,0.095,0.339,-3.374,1.0,0.0,-0.017,0,1.0,0.0,-0.021,0,0
267.561,158.157,-42.873,1.572,9.217,0.046,9.216,0.069,0.375,9.634,1.0,0.0,-0.01,0,1.0,0.0,-0.013,3,0
267.661,158.149,-41.899,1.577,10.108,0.028,10.108,0.044,0.19,6.976,0.601,0.0,-0.004,0,0.771,0.0,-0.006,3,0
267.761,158.139,-40.852,1.581,10.73,0.011,10.73,0.023,0.048,3.919,0.0,0.0,-0.0,0,0.455,0.0,-0.001,3,0
267.911,158.122,-39.207,1.582,11.07,-0.002,11.07,0.002,-0.0,0.558,0.225,0.0,0.002,0,0.195,0.0,0.0,3,0
268.011,158.11,-38.103,1.582,11.011,-0.005,11.011,-0.01,-0.12,-1.544,0.082,0.0,0.003,0,0.029,0.0,0.003,3,0
268.111,158.099,-37.012,1.581,10.832,-0.007,10.832,-0.01,-0.144,-1.853,0.0,0.0,0.004,0,0.138,0.0,0.004,3,0
268.211,158.09,-35.94,1.58,10.629,-0.007,10.629,-0.012,0.043,-2.684,0.0,1.0,0.0,0,0.0,1.0,0.0,3,0
268.361,158.077,-34.384,1.579,10.099,0.002,10.099,-0.002,-0.016,-4.247,0.0,1.0,0.0,0,0.0,1.0,0.0,0,0
268.461,158.069,-33.422,1.579,9.132,0.001,9.132,-0.0,-0.011,-10.645,0.0,1.0,0.0,0,0.0,1.0,0.0,2,0
268.561,158.062,-32.566,1.579,8.186,0.0,8.186,-0.0,-0.004,-8.315,0.0,1.0,0.0,0,0.0,1.0,0.0,2,0
268.661,158.056,-31.791,1.579,7.411,0.0,7.411,-0.0,-0.001,-7.624,0.0,1.0,0.0,0,0.0,1.0,0.0,2,0
268.811,158.048,-30.825,1.579,4.961,-0.0,4.961,-0.0,-0.0,-26.783,0.0,1.0,0.0,0,0.0,1.0,0.0,0,0
268.911,158.045,-30.476,1.579,2.341,-0.0,2.341,0.0,0.0,-26.009,0.0,1.0,0.0,0,0.0,1.0,0.0,1,0
269.011,158.045,-30.382,1.579,0.008,-0.0,0.008,0.0,0.0,-0.354,0.0,1.0,0.0,0,0.0,1.0,0.0,1,1
269.161,158.045,-30.379,1.579,0.011,-0.0,-0.011,0.0,0.0,0.019,0.0,1.0,0.0,0,0.0,1.0,0.0,1,1
269.261,158.045,-30.377,1.579,0.007,-0.0,-0.007,-0.0,0.0,0.035,0.0,1.0,0.0,0,0.0,1.0,0.0,1,1
269.361,158.045,-30.376,1.579,0.004,-0.0,-0.004,-0.0,0.0,0.022,0.0,1.0,0.0,0,0.0,1.0,0.0,1,1
269.511,158.045,-30.375,1.579,0.002,-0.0,-0.002,-0.0,0.0,0.009,0.0,1.0,0.0,0,0.0,1.0,0.0,1,1
269.611,158.045,-30.375,1.579,0.001,-0.0,-0.001,-0.0,0.0,0.005,0.0,1.0,0.0,0,0.0,1.0,0.0,1,1
269.711,158.045,-30.375,1.579,0.0,-0.0,-0.0,-0.0,0.0,0.009,0.0,1.0,0.0,0,0.0,1.0,0.0,1,1
269.861,158.045,-30.375,1.579,0.0,-0.0,0.0,-0.0,0.0,-0.0,0.0,1.0,0.0,0,0.0,1.0,0.0,1,1
270.911,158.045,-30.375,1.579,0.0,-0.0,0.0,-0.0,0.0,-0.0,0.0,1.0,0.0,0,0.0,1.0,0.0,1,1
271.961,158.045,-30.375,1.579,0.0,-0.0,0.0,-0.0,0.0,-0.0,0.0,1.0,0.0,0,0.0,1.0,0.0,1,1
273.011,158.045,-30.375,1.579,0.0,-0.0,0.0,-0.0,0.0,-0.0,0.0,1.0,0.0,0,0.0,1.0,0.0,1,1
273.561,158.045,-30.375,1.579,0.0,-0.0,0.0,-0.0,0.0,-0.003,1.0,0.0,0.008,0,1.0,0.0,0.001,1,1
273.711,158.045,-30.374,1.579,0.014,0.0,-0.014,0.0,-0.01,1.915,1.0,0.0,0.008,0,1.0,0.0,0.008,1,1
273.811,158.045,-30.367,1.579,0.133,-0.001,0.133,0.012,0.003,1.302,1.0,0.0,0.008,0,1.0,0.0,0.008,1,0
273.911,158.044,-30.345,1.578,0.392,-0.003,0.392,0.013,0.015,4.645,1.0,0.0,0.008,0,1.0,0.0,0.008,1,0
274.061,158.044,-30.226,1.578,1.105,-0.004,1.104,0.004,-0.004,4.437,1.0,0.0,0.008,0,1.0,0.0,0.008,1,0
274.161,158.044,-30.085,1.578,1.737,-0.007,1.737,-0.008,-0.034,7.371,1.0,0.0,0.008,0,1.0,0.0,0.008,1,0
274.261,158.043,-29.872,1.577,2.418,-0.01,2.418,-0.006,-0.045,6.554,1.0,0.0,0.007,0,1.0,0.0,0.007,1,0
274.411,158.042,-29.422,1.576,3.553,-0.013,3.553,-0.01,-0.051,7.997,0.249,0.0,0.006,0,0.982,0.0,0.007,1,0
274.511,158.041,-29.031,1.575,4.123,-0.014,4.123,-0.01,-0.033,1.643,0.12,0.0,0.006,0,0.082,0.0,0.006,1,0
274.661,158.041,-28.405,1.574,4.142,-0.012,4.142,-0.008,-0.023,-0.96,0.519,0.0,0.005,0,0.289,0.0,0.006,1,0
274.761,158.041,-27.994,1.573,4.116,-0.011,4.116,-0.003,-0.011,0.702,0.39,0.0,0.004,0,0.488,0.0,0.005,1,0
274.911,158.041,-27.369,1.572,4.204,-0.009,4.204,-0.011,-0.016,0.305,0.216,0.0,0.003,0,0.281,0.0,0.004,1,0
275.011,158.042,-26.952,1.571,4.147,-0.007,4.147,-0.01,-0.01,-0.987,0.305,0.0,0.003,0,0.257,0.0,0.003,1,0
275.111,158.042,-26.543,1.571,4.052,-0.006,4.052,-0.01,0.083,-1.706,0.0,1.0,0.0,0,0.0,1.0,0.0,1,0
275.211,158.042,-26.149,1.571,3.791,-0.0,3.791,-0.007,0.008,-4.893,0.0,1.0,0.0,0,0.0,1.0,0.0,1,0
275.361,158.042,-25.645,1.571,2.975,-0.0,2.975,0.012,0.001,-5.717,0.0,1.0,0.0,0,0.0,1.0,0.0,1,0
275.461,158.042,-25.378,1.571,2.424,-0.0,2.424,0.014,-0.01,-16.241,0.0,1.0,0.0,0,0.0,1.0,0.0,1,0
275.561,158.042,-25.236,1.569,0.337,0.006,0.337,-0.007,-0.115,-6.717,0.0,1.0,0.0,0,0.0,1.0,0.0,1,0
275.661,158.042,-25.235,1.569,0.005,0.0,-0.005,0.0,-0.003,-0.025,0.0,1.0,0.0,0,0.0,1.0,0.0,1,1
275.811,158.042,-25.233,1.569,0.005,-0.0,-0.005,0.0,-0.0,0.021,0.0,1.0,0.0,0,0.0,1.0,0.0,1,1
275.911,158.042,-25.232,1.569,0.003,-0.0,-0.003,0.0,0.0,0.015,0.0,1.0,0.0,0,0.0,1.0,0.0,1,1
276.061,158.042,-25.232,1.569,0.001,-0.0,-0.001,0.0,0.0,0.008,0.0,1.0,0.0,0,0.0,1.0,0.0,1,1
276.161,158.042,-25.232,1.569,0.001,-0.0,-0.001,-0.0,0.0,0.003,0.0,1.0,0.0,0,0.0,1.0,0.0,1,1
276.311,158.042,-25.231,1.569,0.0,-0.0,-0.0,-0.0,0.0,0.002,0.0,1.0,0.0,0,0.0,1.0,0.0,1,1
276.411,158.042,-25.231,1.569,0.0,-0.0,0.0,-0.0,-0.0,0.0,0.0,1.0,0.0,0,0.0,1.0,0.0,1,1
277.511,158.042,-25.231,1.569,0.0,-0.0,0.0,-0.0,-0.0,0.0,0.0,1.0,0.0,0,0.0,1.0,0.0,1,1
278.511,158.042,-25.231,1.569,0.0,-0.0,0.0,-0.0,-0.0,0.0,0.0,1.0,0.0,0,0.0,1.0,0.0,1,1
279.561,158.042,-25.231,1.569,0.0,-0.0,0.0,-0.0,-0.0,0.0,0.0,1.0,0.0,0,0.0,1.0,0.0,1,1
280.611,158.042,-25.231,1.569,0.0,-0.0,0.0,-0.0,-0.0,0.0,0.0,1.0,0.0,0,0.0,1.0,0.0,1,1
281.611,158.042,-25.231,1.569,0.0,-0.0,0.0,-0.0,-0.0,0.0,0.0,1.0,0.0,0,0.0,1.0,0.0,1,1
282.711,158.042,-25.231,1.569,0.0,-0.0,0.0,-0.0,-0.0,0.0,0.0,1.0,0.0,0,0.0,1.0,0.0,1,1
283.761,158.042,-25.231,1.569,0.0,-0.0,0.0,-0.0,-0.0,0.0,0.0,1.0,0.0,0,0.0,1.0,0.0,1,1
284.811,158.042,-25.231,1.569,0.0,-0.0,0.0,-0.0,-0.0,0.0,0.0,1.0,0.0,0,0.0,1.0,0.0,1,1
285.861,158.042,-25.231,1.569,0.0,-0.0,0.0,-0.0,-0.0,0.0,0.0,1.0,0.0,0,0.0,1.0,0.0,1,1
286.911,158.042,-25.231,1.569,0.0,-0.0,0.0,-0.0,-0.0,0.0,0.0,1.0,0.0,0,0.0,1.0,0.0,1,1
287.961,158.042,-25.231,1.569,0.0,-0.0,0.0,-0.0,-0.0,0.0,0.0,1.0,0.0,0,0.0,1.0,0.0,1,1
289.011,158.042,-25.231,1.569,0.0,-0.0,0.0,-0.0,-0.0,0.0,0.0,1.0,0.0,0,0.0,1.0,0.0,1,1
290.061,158.042,-25.231,1.569,0.0,-0.0,0.0,-0.0,-0.0,0.0,0.0,1.0,0.0,0,0.0,1.0,0.0,1,1
290.961,158.042,-25.231,1.569,0.0,-0.0,-0.0,0.0,0.0,-0.0,1.0,0.0,0.001,0,1.0,0.0,0.001,1,1
291.111,158.042,-25.228,1.569,0.081,-0.0,0.081,-0.0,-0.001,1.917,1.0,0.0,0.001,0,1.0,0.0,0.001,1,1
291.211,158.042,-25.221,1.569,0.187,-0.0,0.187,-0.005,0.001,3.874,1.0,0.0,0.001,0,1.0,0.0,0.001,1,0
291.311,158.042,-25.179,1.57,0.625,-0.0,0.625,0.003,-0.025,3.608,1.0,0.0,0.002,0,1.0,0.0,0.002,1,0
291.411,158.042,-25.088,1.569,1.13,-0.002,1.13,-0.014,0.01,7.242,1.0,0.0,0.002,0,1.0,0.0,0.002,1,0
291.511,158.042,-24.938,1.57,1.731,-0.002,1.731,-0.001,-0.012,5.677,1.0,0.0,0.002,0,1.0,0.0,0.002,1,0
291.661,158.043,-24.596,1.57,2.768,-0.003,2.768,-0.002,-0.013,6.507,0.969,0.0,0.002,0,1.0,0.0,0.002,1,0
291.761,158.044,-24.276,1.569,3.56,-0.003,3.56,-0.003,0.002,6.858,0.248,0.0,0.001,0,0.549,0.0,0.001,1,0
291.911,158.045,-23.676,1.569,4.207,-0.003,4.207,-0.002,-0.005,1.64,0.119,0.0,0.001,0,0.086,0.0,0.001,1,0
292.011,158.046,-23.259,1.569,4.145,-0.002,4.145,-0.001,-0.004,-0.62,0.516,0.0,0.001,0,0.446,0.0,0.001,1,0
292.161,158.048,-22.641,1.569,4.153,-0.001,4.153,-0.005,0.002,0.645,0.382,0.0,0.001,0,0.483,0.0,0.001,1,0
292.261,158.049,-22.223,1.569,4.2,-0.001,4.2,-0.005,-0.003,-0.344,0.223,0.0,0.0,0,0.223,0.0,0.0,1,0
292.361,158.05,-21.805,1.569,4.143,-0.0,4.143,-0.005,0.002,-0.954,0.305,0.0,0.0,0,0.261,0.0,0.0,1,0
292.461,158.051,-21.397,1.569,4.052,0.0,4.052,-0.005,-0.001,-0.67,0.336,0.0,-0.0,0,0.332,0.0,0.0,1,0
292.561,158.051,-20.995,1.569,3.994,0.0,3.994,-0.005,0.001,-0.393,0.31,0.0,-0.0,0,0.324,0.0,-0.0,1,0
292.711,158.053,-20.401,1.569,3.933,0.0,3.933,0.006,0.003,-0.468,0.31,0.0,-0.0,0,0.302,0.0,-0.0,1,0
292.811,158.053,-20.01,1.569,3.886,0.0,3.886,0.007,0.005,-0.422,0.33,0.0,-0.0,0,0.321,0.0,-0.0,1,0
292.961,158.055,-19.432,1.569,3.834,0.001,3.834,-0.006,0.003,-0.281,0.337,0.0,-0.0,0,0.335,0.0,-0.0,1,0
293.061,158.055,-19.049,1.569,3.813,0.001,3.813,-0.006,0.003,-0.162,0.337,0.0,-0.0,0,0.336,0.0,-0.0,1,0
293.161,158.056,-18.669,1.569,3.798,0.001,3.798,-0.006,-0.0,-0.131,0.341,0.0,-0.0,0,0.339,0.0,-0.0,1,0
293.311,158.057,-18.101,1.569,3.781,0.001,3.781,0.007,-0.0,-0.09,0.346,0.0,-0.0,0,0.344,0.0,-0.0,1,0
293.411,158.058,-17.723,1.569,3.775,0.001,3.775,0.007,0.004,-0.032,0.347,0.0,-0.0,0,0.347,0.0,-0.0,1,0
293.561,158.059,-17.157,1.569,3.772,0.001,3.772,-0.006,0.003,-0.015,0.347,0.0,-0.0,0,0.347,0.0,-0.0,1,0
293.661,158.059,-16.78,1.569,3.771,0.001,3.771,-0.006,-0.001,-0.002,0.348,0.0,-0.0,0,0.348,0.0,-0.0,1,0
293.761,158.06,-16.403,1.569,3.771,0.001,3.771,-0.006,-0.001,0.006,0.349,0.0,-0.0,0,0.349,0.0,-0.0,1,0
293.911,158.061,-15.837,1.569,3.772,0.0,3.772,0.007,-0.0,0.009,0.348,0.0,-0.0,0,0.349,0.0,-0.0,1,0
294.011,158.061,-15.46,1.569,3.773,0.0,3.773,0.007,0.003,0.01,0.348,0.0,-0.0,0,0.348,0.0,-0.0,1,0
294.111,158.062,-15.082,1.569,3.774,0.0,3.774,0.007,0.003,0.009,0.348,0.0,-0.0,0,0.348,0.0,-0.0,1,0
294.261,158.062,-14.516,1.569,3.775,0.001,3.775,-0.006,0.003,0.008,0.348,0.0,-0.0,0,0.348,0.0,-0.0,1,0
294.361,158.063,-14.138,1.569,3.776,0.001,3.776,-0.006,-0.001,0.006,0.348,0.0,-0.0,0,0.348,0.0,-0.0,1,0
294.461,158.063,-13.761,1.569,3.777,0.001,3.777,-0.006,-0.001,0.004,0.348,0.0,-0.0,0,0.348,0.0,-0.0,1,0
294.611,158.064,-13.194,1.569,3.777,0.0,3.777,0.007,-0.001,0.003,0.348,0.0,-0.0,0,0.348,0.0,-0.0,1,0
294.711,158.065,-12.817,1.57,3.778,0.0,3.778,0.007,0.002,0.002,0.348,0.0,-0.0,0,0.348,0.0,-0.0,1,0
294.811,158.065,-12.439,1.57,3.778,0.0,3.778,0.007,0.003,0.001,0.348,0.0,-0.0,0,0.348,0.0,-0.0,1,0
294.911,158.066,-12.061,1.57,3.778,0.0,3.778,0.007,0.003,0.001,0.348,0.0,-0.0,0,0.348,0.0,-0.0,1,0
295.061,158.066,-11.494,1.57,3.778,0.0,3.778,-0.007,0.002,0.0,0.348,0.0,-0.0,0,0.348,0.0,-0.0,1,0
295.161,158.067,-11.117,1.57,3.778,0.0,3.778,-0.007,-0.001,0.0,0.348,0.0,0.002,0,0.348,0.0,-0.0,1,0
295.261,158.067,-10.739,1.569,3.778,-0.003,3.778,-0.009,-0.032,0.0,0.348,0.0,0.002,0,0.348,0.0,0.002,1,0
295.411,158.069,-10.172,1.569,3.778,-0.005,3.778,0.004,-0.008,-0.001,0.348,0.0,0.023,0,0.348,0.0,0.002,1,0
295.511,158.071,-9.794,1.568,3.777,-0.034,3.777,-0.02,-0.287,-0.01,0.349,0.0,0.024,0,0.348,0.0,0.024,1,0
295.661,158.083,-9.228,1.561,3.775,-0.095,3.774,-0.08,-1.229,-0.068,0.354,0.0,0.061,0,0.349,0.0,0.061,1,0
295.761,158.098,-8.851,1.553,3.776,-0.114,3.774,-0.091,-0.307,0.031,0.35,0.0,0.107,0,0.349,0.0,0.059,1,0
295.861,158.12,-8.474,1.543,3.774,-0.176,3.769,-0.139,-0.899,-0.036,0.36,0.0,0.106,0,0.344,0.0,0.107,1,0
295.961,158.151,-8.098,1.529,3.774,-0.198,3.769,-0.152,-0.503,0.047,0.352,0.0,0.159,0,0.351,0.0,0.103,1,0
296.061,158.191,-7.723,1.513,3.771,-0.265,3.762,-0.205,-1.19,-0.074,0.367,0.0,0.156,0,0.342,0.0,0.158,1,0
296.211,158.273,-7.163,1.482,3.778,-0.286,3.768,-0.2,-0.716,0.062,0.339,0.0,0.211,0,0.352,0.0,0.151,1,0
296.311,158.345,-6.793,1.456,3.771,-0.379,3.752,-0.273,-1.089,-0.107,0.354,0.0,0.201,0,0.374,0.0,0.207,1,0
296.461,158.478,-6.243,1.412,3.769,-0.447,3.742,-0.337,-1.686,-0.186,0.379,0.0,0.256,0,0.336,0.0,0.261,1,0
296.561,158.587,-5.883,1.378,3.771,-0.469,3.742,-0.348,-2.917,-0.566,0.357,0.0,0.317,0,0.355,0.0,0.321,1,0
296.711,158.786,-5.355,1.318,3.773,-0.565,3.731,-0.405,-1.557,-0.031,0.37,0.0,0.301,0,0.378,0.0,0.31,1,0
296.811,158.94,-5.011,1.276,3.773,-0.629,3.72,-0.457,-2.117,-0.509,0.376,0.0,0.357,0,0.339,0.0,0.364,1,0
296.961,159.21,-4.516,1.204,3.757,-0.721,3.687,-0.536,-3.336,-1.024,0.346,0.0,0.419,0,0.376,0.0,0.426,1,0
297.061,159.417,-4.203,1.15,3.769,-0.739,3.696,-0.543,-1.921,-0.267,0.354,0.0,0.468,0,0.407,0.0,0.409,1,0
297.161,159.642,-3.9,1.095,3.771,-0.797,3.686,-0.591,-3.442,-1.127,0.398,0.0,0.449,0,0.354,0.0,0.468,1,0
297.261,159.887,-3.616,1.036,3.772,-0.809,3.684,-0.594,-3.697,-1.204,0.366,0.0,0.507,0,0.362,0.0,0.517,1,0
297.411,160.294,-3.228,0.94,3.774,-0.893,3.667,-0.642,-2.291,-0.222,0.383,0.0,0.48,0,0.403,0.0,0.494,1,0
297.511,160.588,-2.992,0.874,3.775,-0.95,3.653,-0.692,-3.903,-1.361,0.395,0.0,0.531,0,0.333,0.0,0.558,1,0
297.611,160.899,-2.783,0.804,3.777,-0.96,3.653,-0.691,-2.093,-0.35,0.345,0.0,0.498,0,0.387,0.0,0.514,1,0
297.711,161.224,-2.591,0.737,3.807,-0.917,3.695,-0.656,-3.084,-1.16,0.304,0.0,0.518,0,0.335,0.0,0.533,1,0
297.811,161.562,-2.422,0.668,3.793,-0.938,3.675,-0.676,-1.982,-0.616,0.346,0.0,0.485,0,0.379,0.0,0.501,1,0
297.911,161.909,-2.274,0.603,3.799,-0.89,3.693,-0.637,-1.746,-0.423,0.323,0.0,0.454,0,0.357,0.0,0.469,1,0
298.061,162.445,-2.083,0.511,3.795,-0.83,3.703,-0.608,-1.792,-0.42,0.361,0.0,0.429,0,0.319,0.0,0.444,1,0
298.161,162.808,-1.98,0.452,3.789,-0.785,3.707,-0.574,-1.584,-0.262,0.353,0.0,0.401,0,0.337,0.0,0.414,1,0
298.261,163.176,-1.892,0.398,3.79,-0.736,3.718,-0.538,-1.446,-0.211,0.346,0.0,0.37,0,0.329,0.0,0.386,1,0
298.361,163.547,-1.82,0.347,3.79,-0.683,3.728,-0.499,-1.252,-0.187,0.345,0.0,0.339,0,0.326,0.0,0.354,1,0
298.461,163.921,-1.76,0.3,3.787,-0.628,3.734,-0.46,-1.157,-0.183,0.348,0.0,0.312,0,0.329,0.0,0.326,1,0
298.561,164.296,-1.712,0.257,3.781,-0.579,3.737,-0.425,-1.095,-0.152,0.352,0.0,0.289,0,0.334,0.0,0.3,1,0
298.661,164.671,-1.675,0.217,3.778,-0.536,3.74,-0.394,-1.048,-0.116,1.0,0.0,0.269,0,0.337,0.0,0.279,1,0
298.761,165.048,-1.65,0.179,3.788,-0.501,3.755,-0.368,-0.333,1.688,1.0,0.0,0.207,0,1.0,0.0,0.229,1,0
298.861,165.438,-1.629,0.147,4.069,-0.427,4.046,-0.306,-1.125,5.287,1.0,0.0,0.152,0,1.0,0.0,0.196,1,0
298.961,165.876,-1.609,0.119,4.646,-0.363,4.631,-0.266,-0.779,6.49,1.0,0.0,0.127,0,1.0,0.0,0.139,1,0
299.061,166.377,-1.588,0.093,5.31,-0.32,5.301,-0.245,-0.904,3.633,1.0,0.0,0.105,0,1.0,0.0,0.117,1,0
299.161,166.927,-1.57,0.071,5.592,-0.262,5.586,-0.186,-0.845,4.893,1.0,0.0,0.087,0,1.0,0.0,0.096,1,0
299.261,167.505,-1.559,0.049,5.849,-0.22,5.845,-0.197,-0.794,0.175,1.0,0.0,0.077,0,1.0,0.0,0.087,1,0
299.311,167.797,-1.555,0.04,5.85,-0.185,5.847,-0.17,-0.736,3.697,1.0,0.0,0.06,0,1.0,0.0,0.067,0,0
299.411,168.416,-1.552,0.025,6.748,-0.17,6.746,-0.152,-0.885,11.705,1.0,0.0,0.046,0,1.0,0.0,0.053,2,0
299.511,169.155,-1.554,0.01,7.842,-0.143,7.841,-0.135,-0.706,9.061,1.0,0.0,0.034,0,1.0,0.0,0.039,2,0
299.611,169.989,-1.563,-0.002,8.712,-0.108,8.712,-0.112,-0.445,3.669,1.0,0.0,0.022,0,1.0,0.0,0.027,2,0
299.711,170.882,-1.576,-0.011,9.043,-0.065,9.043,-0.082,-0.293,-3.41,1.0,0.0,0.013,0,1.0,0.0,0.018,0,0
299.811,171.792,-1.594,-0.018,9.465,-0.036,9.465,-0.054,-0.281,8.581,1.0,0.0,0.005,0,1.0,0.0,0.009,3,0
299.911,172.785,-1.616,-0.022,10.27,-0.017,10.27,-0.03,-0.111,6.802,1.0,0.0,0.0,0,1.0,0.0,0.003,3,0
300.011,173.848,-1.641,-0.024,10.926,-0.002,10.926,-0.011,0.012,5.998,1.0,0.0,-0.003,0,1.0,0.0,-0.001,3,0
300.111,174.973,-1.668,-0.024,11.515,0.007,11.515,0.003,0.102,5.783,1.0,0.0,-0.003,0,1.0,0.0,-0.003,3,0
300.161,175.557,-1.681,-0.024,11.797,0.008,11.797,0.008,0.175,5.546,1.0,0.0,-0.004,0,1.0,0.0,-0.004,3,0
300.261,176.767,-1.708,-0.023,12.349,0.01,12.349,0.015,0.222,5.445,1.0,0.0,-0.006,0,1.0,0.0,-0.005,3,0
300.361,178.027,-1.734,-0.021,12.664,0.01,12.664,0.02,0.223,1.291,1.0,0.0,-0.005,0,1.0,0.0,-0.005,0,0
300.461,179.297,-1.759,-0.019,12.83,0.007,12.83,0.021,0.237,6.079,1.0,0.0,-0.005,0,1.0,0.0,-0.004,4,0
300.561,180.613,-1.781,-0.017,13.409,0.005,13.409,0.02,0.268,5.154,1.0,0.0,-0.004,0,1.0,0.0,-0.005,4,0
300.661,181.982,-1.802,-0.015,13.913,0.002,13.913,0.019,0.245,4.772,1.0,0.0,-0.004,0,1.0,0.0,-0.004,4,0
300.761,183.4,-1.821,-0.013,14.385,0.001,14.385,0.018,0.213,4.603,1.0,0.0,-0.003,0,1.0,0.0,-0.003,4,0
300.861,184.863,-1.839,-0.011,14.843,-0.002,14.843,0.015,0.219,4.529,1.0,0.0,-0.003,0,1.0,0.0,-0.003,4,0
300.961,186.372,-1.855,-0.01,15.295,-0.003,15.295,0.014,0.186,4.499,1.0,0.0,-0.002,0,1.0,0.0,-0.002,4,0
301.061,187.926,-1.869,-0.008,15.744,-0.004,15.744,0.012,0.185,4.488,1.0,0.0,-0.002,0,1.0,0.0,-0.002,4,0
301.161,189.525,-1.882,-0.007,16.115,-0.005,16.115,0.011,0.157,0.241,0.961,0.0,-0.002,0,0.926,0.0,-0.002,0,0
301.261,191.136,-1.893,-0.006,16.115,-0.005,16.115,0.009,0.146,5.497,1.0,0.0,-0.001,0,1.0,0.0,-0.001,5,0
301.361,192.777,-1.903,-0.005,16.619,-0.005,16.619,0.008,0.138,4.011,0.433,0.0,-0.001,0,0.52,0.0,-0.001,5,0
301.461,194.46,-1.912,-0.005,16.96,-0.005,16.96,0.007,0.118,1.71,0.314,0.0,-0.001,0,0.327,0.0,-0.001,5,0
301.561,196.164,-1.919,-0.004,17.091,-0.005,17.091,0.006,0.108,0.406,0.333,0.0,-0.001,0,0.324,0.0,-0.001,5,0
301.661,197.874,-1.926,-0.003,17.117,-0.004,17.117,0.006,0.097,-0.06,0.321,0.0,-0.001,0,0.331,0.0,-0.001,5,0
301.761,199.585,-1.931,-0.003,17.105,-0.004,17.105,0.005,0.079,-0.279,0.291,0.0,-0.001,0,0.306,0.0,-0.001,5,0
301.861,201.294,-1.936,-0.002,17.072,-0.003,17.072,0.004,0.069,-0.447,0.271,0.0,-0.001,0,0.279,0.0,-0.001,5,0
301.961,202.998,-1.94,-0.002,17.024,-0.003,17.024,0.003,0.06,-0.567,0.266,0.0,-0.0,0,0.267,0.0,-0.001,5,0
302.061,204.697,-1.944,-0.002,16.966,-0.002,16.966,0.003,0.047,-0.625,0.271,0.0,-0.0,0,0.267,0.0,-0.0,5,0
302.161,206.39,-1.946,-0.001,16.903,-0.002,16.903,0.002,0.044,-0.633,0.283,0.0,-0.0,0,0.271,0.0,-0.0,5,0
302.211,207.235,-1.948,-0.001,16.871,-0.002,16.871,0.002,0.037,-0.614,0.29,0.0,-0.0,0,0.283,0.0,-0.0,5,0
302.311,208.918,-1.95,-0.001,16.811,-0.001,16.811,0.002,0.032,-0.561,0.308,0.0,-0.0,0,0.299,0.0,-0.0,5,0
302.411,210.596,-1.952,-0.001,16.757,-0.001,16.757,0.001,0.025,-0.486,0.327,0.0,-0.0,0,0.317,0.0,-0.0,5,0
302.511,212.269,-1.954,-0.001,16.71,-0.001,16.71,0.001,0.021,-0.399,0.345,0.0,-0.0,0,0.336,0.0,-0.0,5,0
302.611,213.938,-1.955,-0.001,16.673,-0.001,16.673,0.001,0.018,-0.307,0.363,0.0,-0.0,0,0.354,0.0,-0.0,5,0
302.761,216.436,-1.957,-0.001,16.633,-0.001,16.633,0.001,0.014,-0.219,0.378,0.0,-0.0,0,0.371,0.0,-0.0,5,0
302.861,218.098,-1.958,-0.001,16.618,-0.0,16.618,0.001,0.013,-0.138,0.395,0.0,-0.0,0,0.384,0.0,-0.0,5,0
302.961,219.76,-1.959,-0.0,16.609,-0.0,16.609,0.001,0.011,-0.068,0.403,0.0,-0.0,0,0.395,0.0,-0.0,5,0
303.061,221.421,-1.959,-0.0,16.607,-0.0,16.607,0.001,0.009,-0.012,0.406,0.0,-0.0,0,0.403,0.0,-0.0,5,0
303.111,222.251,-1.96,-0.0,16.607,-0.0,16.607,0.0,0.008,0.031,0.411,0.0,-0.0,0,0.409,0.0,-0.0,5,0
303.211,223.912,-1.96,-0.0,16.611,-0.0,16.611,0.0,0.007,0.061,0.413,0.0,-0.0,0,0.412,0.0,-0.0,5,0
303.311,225.573,-1.961,-0.0,16.618,-0.0,16.618,0.0,0.005,0.079,0.413,0.0,-0.0,0,0.413,0.0,-0.0,5,0
303.411,227.236,-1.961,-0.0,16.626,-0.0,16.626,0.0,0.005,0.087,0.412,0.0,-0.0,0,0.413,0.0,-0.0,5,0
303.511,228.899,-1.962,-0.0,16.635,-0.0,16.635,0.0,0.004,0.087,0.41,0.0,-0.0,0,0.411,0.0,-0.0,5,0
303.611,230.563,-1.962,-0.0,16.643,-0.0,16.643,0.0,0.003,0.081,0.408,0.0,-0.0,0,0.409,0.0,-0.0,5,0
303.711,232.227,-1.963,-0.0,16.651,-0.0,16.651,0.0,0.003,0.071,0.406,0.0,-0.0,0,0.407,0.0,-0.0,5,0
303.811,233.893,-1.963,-0.0,16.658,-0.0,16.658,0.0,0.003,0.059,0.403,0.0,-0.0,0,0.404,0.0,-0.0,5,0
303.911,235.559,-1.963,-0.0,16.664,-0.0,16.664,0.0,0.002,0.047,0.401,0.0,-0.0,0,0.402,0.0,-0.0,5,0
304.011,237.226,-1.964,-0.0,16.668,-0.0,16.668,0.0,0.002,0.034,0.399,0.0,-0.0,0,0.4,0.0,-0.0,5,0
304.111,238.893,-1.964,-0.0,16.671,-0.0,16.671,0.0,0.002,0.023,0.397,0.0,-0.0,0,0.398,0.0,-0.0,5,0
304.211,240.56,-1.964,-0.0,16.673,-0.0,16.673,0.0,0.001,0.013,0.396,0.0,-0.0,0,0.396,0.0,-0.0,5,0
304.311,242.227,-1.964,-0.0,16.674,-0.0,16.674,0.0,0.001,0.004,0.395,0.0,-0.0,0,0.395,0.0,-0.0,5,0
304.411,243.895,-1.965,-0.0,16.674,-0.0,16.674,0.0,0.001,-0.002,0.394,0.0,-0.0,0,0.394,0.0,-0.0,5,0
304.511,245.562,-1.965,-0.0,16.674,-0.0,16.674,0.0,0.001,-0.006,0.394,0.0,-0.0,0,0.394,0.0,-0.0,5,0
304.611,247.229,-1.965,-0.0,16.673,-0.0,16.673,0.0,0.001,-0.009,0.393,0.0,-0.0,0,0.393,0.0,-0.0,5,0
304.711,248.897,-1.965,-0.0,16.672,-0.0,16.672,0.0,0.001,-0.011,0.393,0.0,-0.0,0,0.393,0.0,-0.0,5,0
304.811,250.564,-1.966,-0.0,16.671,0.0,16.671,0.0,0.0,-0.011,0.394,0.0,-0.0,0,0.393,0.0,-0.0,5,0
304.911,252.231,-1.966,-0.0,16.67,0.0,16.67,0.0,0.0,-0.011,0.394,0.0,-0.0,0,0.394,0.0,-0.0,5,0
305.011,253.898,-1.966,-0.0,16.669,0.0,16.669,0.0,0.0,-0.01,0.394,0.0,-0.0,0,0.394,0.0,-0.0,5,0
305.111,255.565,-1.966,-0.0,16.668,0.0,16.668,0.0,0.0,-0.008,0.394,0.0,-0.0,0,0.394,0.0,-0.0,5,0
305.211,257.232,-1.966,-0.0,16.667,0.0,16.667,0.0,0.0,-0.007,0.395,0.0,-0.0,0,0.395,0.0,-0.0,5,0
305.311,258.898,-1.967,-0.0,16.667,-0.0,16.667,0.0,0.0,-0.005,0.395,0.0,-0.0,0,0.395,0.0,-0.0,5,0
305.411,260.565,-1.967,-0.0,16.666,0.0,16.666,0.0,0.0,-0.004,0.395,0.0,-0.0,0,0.395,0.0,-0.0,5,0
305.511,262.231,-1.967,-0.0,16.666,0.0,16.666,0.0,0.0,-0.002,0.396,0.0,-0.0,0,0.395,0.0,-0.0,5,0
305.661,264.731,-1.967,-0.0,16.666,0.0,16.666,0.0,0.0,-0.001,0.396,0.0,-0.0,0,0.396,0.0,-0.0,5,0
305.761,266.398,-1.967,-0.0,16.666,-0.0,16.666,0.0,0.0,0.0,0.396,0.0,-0.0,0,0.396,0.0,-0.0,5,0
305.861,268.065,-1.968,-0.0,16.666,0.0,16.666,0.0,0.0,0.001,0.396,0.0,-0.0,0,0.396,0.0,-0.0,5,0
305.961,269.731,-1.968,-0.0,16.666,-0.0,16.666,0.0,0.0,0.001,0.396,0.0,-0.0,0,0.396,0.0,-0.0,5,0
306.061,271.398,-1.968,-0.0,16.666,0.0,16.666,0.0,0.0,0.001,0.396,0.0,-0.0,0,0.396,0.0,-0.0,5,0
306.161,273.064,-1.968,-0.0,16.666,0.0,16.666,0.0,0.0,0.001,0.396,0.0,-0.0,0,0.396,0.0,-0.0,5,0
306.261,274.731,-1.968,-0.0,16.666,0.0,16.666,0.0,0.0,0.001,0.396,0.0,-0.0,0,0.396,0.0,-0.0,5,0
306.361,276.398,-1.968,-0.0,16.666,0.0,16.666,0.0,0.0,0.001,0.396,0.0,0.0,0,0.396,0.0,-0.0,5,0
306.511,278.897,-1.969,-0.0,16.667,-0.0,16.667,-0.0,-0.002,0.001,0.396,0.0,0.0,0,0.396,0.0,0.0,5,0
306.611,280.564,-1.969,-0.0,16.667,-0.0,16.667,-0.0,-0.005,0.001,0.396,0.0,0.0,0,0.396,0.0,0.0,5,0
306.711,282.231,-1.969,-0.0,16.667,-0.0,16.667,-0.0,-0.007,0.001,0.396,0.0,0.0,0,0.396,0.0,0.0,5,0
306.811,283.897,-1.97,-0.0,16.667,0.0,16.667,-0.001,-0.008,0.0,0.396,0.0,0.0,0,0.396,0.0,0.0,5,0
306.961,286.397,-1.97,-0.0,16.667,0.0,16.667,-0.0,-0.007,0.0,0.396,0.0,0.0,0,0.396,0.0,0.0,5,0
307.061,288.064,-1.971,-0.0,16.667,0.0,16.667,-0.0,-0.007,0.0,0.396,0.0,0.0,0,0.396,0.0,0.0,5,0
307.161,289.73,-1.971,-0.0,16.667,0.0,16.667,-0.0,-0.005,-0.0,0.396,0.0,0.0,0,0.396,0.0,0.0,5,0
307.261,291.397,-1.972,-0.0,16.667,0.0,16.667,-0.0,-0.004,-0.0,0.396,0.0,0.0,0,0.396,0.0,0.0,5,0
307.361,293.064,-1.973,-0.0,16.667,0.0,16.667,-0.0,-0.003,-0.0,0.396,0.0,0.0,0,0.396,0.0,0.0,5,0
307.461,294.73,-1.973,-0.0,16.667,0.0,16.667,-0.0,-0.002,-0.0,0.396,0.0,0.0,0,0.396,0.0,0.0,5,0
307.561,296.397,-1.974,-0.0,16.667,0.0,16.667,-0.0,-0.002,-0.0,0.0,0.0,0.0,0,0.396,0.0,0.0,5,0
307.661,298.063,-1.975,-0.0,16.656,0.0,16.656,-0.0,-0.001,-0.814,0.0,0.0,0.0,0,0.0,0.0,0.0,5,0
307.811,300.55,-1.976,-0.0,16.507,0.0,16.507,-0.0,-0.001,-0.961,0.0,0.0,0.0,0,0.0,0.0,0.0,5,0
307.911,302.199,-1.977,-0.0,16.49,0.0,16.49,-0.0,-0.001,-0.093,0.0,0.0,-0.0,0,0.0,0.0,0.0,0,0
308.011,303.822,-1.977,-0.0,16.054,0.0,16.054,-0.0,-0.0,-3.39,0.0,0.0,-0.0,0,0.0,0.0,-0.0,4,0
308.111,305.408,-1.978,-0.0,15.729,0.0,15.729,0.0,0.0,-2.922,0.0,0.0,-0.0,0,0.0,0.0,-0.0,4,0
308.211,306.965,-1.979,-0.0,15.443,-0.0,15.443,0.0,0.0,-2.719,0.0,0.0,-0.0,0,0.0,0.0,-0.0,4,0
308.311,308.495,-1.98,-0.0,15.174,-0.0,15.174,0.0,0.0,-2.616,0.0,0.0,0.0,0,0.0,0.0,-0.0,4,0
308.411,309.998,-1.98,-0.0,14.914,-0.0,14.914,-0.0,-0.001,-2.551,0.0,0.0,0.0,0,0.0,0.0,0.0,4,0
308.561,312.204,-1.982,-0.0,14.536,-0.0,14.536,-0.0,-0.002,-2.5,0.0,0.0,0.0,0,0.0,0.0,0.0,4,0
308.661,313.644,-1.982,-0.001,14.289,-0.0,14.289,-0.0,-0.003,-2.434,0.0,0.0,0.0,0,0.0,0.0,0.0,4,0
308.761,315.06,-1.983,-0.001,14.047,-0.0,14.047,-0.0,-0.002,-2.393,0.0,0.0,0.0,0,0.0,0.0,0.0,4,0
308.861,316.452,-1.984,-0.001,13.808,0.0,13.808,-0.0,-0.002,-2.353,0.0,0.0,0.0,0,0.0,0.0,0.0,4,0
309.011,318.495,-1.985,-0.001,13.458,0.0,13.458,-0.0,-0.0,-2.294,0.0,1.0,0.0,0,0.0,0.0,-0.0,4,0
309.161,320.491,-1.986,-0.001,13.174,0.0,13.174,-0.0,-0.0,-7.633,0.0,1.0,0.0,0,0.0,1.0,0.0,0,0
309.311,322.367,-1.987,-0.001,11.897,-0.0,11.897,0.0,-0.0,-8.789,0.0,1.0,0.0,0,0.0,1.0,0.0,3,0
309.411,323.51,-1.988,-0.001,11.064,-0.0,11.064,0.0,0.0,-8.013,0.0,1.0,0.0,0,0.0,1.0,0.0,3,0
309.561,325.081,-1.989,-0.001,10.109,-0.0,10.109,0.0,0.0,-8.829,1.0,0.0,-1.0,0,0.0,1.0,0.0,0,0
309.661,326.038,-1.984,0.003,9.09,0.159,9.089,0.144,-0.964,-7.704,0.0,0.0,0.011,0,0.0,0.0,-0.0,2,0
309.811,327.322,-1.97,0.009,8.181,-0.068,8.181,-0.052,-2.872,-4.6,0.0,0.0,0.097,0,0.0,0.0,0.089,2,0
309.961,328.495,-2.002,-0.019,7.508,-0.294,7.503,-0.299,-2.759,-4.469,0.0,0.0,0.214,0,0.0,0.0,0.156,2,0
310.111,329.57,-2.106,-0.077,7.063,-0.444,7.049,-0.464,-6.007,-1.263,0.0,0.0,0.278,0,0.0,0.0,0.277,0,0
310.261,330.552,-2.306,-0.163,6.075,-0.667,6.038,-0.646,-3.867,-8.094,0.0,0.0,0.388,0,0.0,0.0,0.333,1,0
310.411,331.332,-2.573,-0.257,5.13,-0.714,5.08,-0.631,-2.793,-5.327,0.0,0.0,0.434,0,0.0,0.0,0.382,1,0
310.511,331.765,-2.779,-0.322,4.552,-0.83,4.476,-0.651,-2.471,-5.25,0.0,0.0,0.463,0,0.0,0.0,0.415,1,0
310.661,332.296,-3.111,-0.416,3.91,-0.841,3.819,-0.606,-2.008,-4.286,0.0,0.0,0.483,0,0.0,0.0,0.45,1,0
310.761,332.591,-3.336,-0.474,3.574,-0.824,3.478,-0.588,-1.26,-3.402,0.024,0.0,0.457,0,0.0,0.0,0.471,1,0
310.911,332.963,-3.67,-0.555,3.157,-0.704,3.078,-0.496,-2.1,-2.9,0.439,0.0,0.479,0,0.307,0.0,0.491,1,0
311.011,333.173,-3.89,-0.606,2.984,-0.711,2.899,-0.502,-1.341,-0.578,0.614,0.0,0.453,0,0.59,0.0,0.466,1,0
311.161,333.466,-4.233,-0.679,3.097,-0.69,3.019,-0.485,-2.707,1.115,0.524,0.0,0.485,0,0.578,0.0,0.496,1,0
311.311,333.75,-4.627,-0.76,3.399,-0.781,3.308,-0.555,-1.851,1.76,0.468,0.0,0.458,0,0.522,0.0,0.472,1,0
311.411,333.939,-4.922,-0.816,3.586,-0.776,3.501,-0.55,-3.253,0.255,0.44,0.0,0.478,0,0.426,0.0,0.491,1,0
311.561,334.197,-5.406,-0.906,3.753,-0.838,3.659,-0.605,-2.149,0.78,0.494,0.0,0.447,0,0.502,0.0,0.463,1,0
311.661,334.356,-5.753,-0.965,3.896,-0.811,3.811,-0.586,-1.816,0.83,0.38,0.0,0.45,0,0.416,0.0,0.417,1,0
311.761,334.502,-6.12,-1.023,3.987,-0.831,3.9,-0.61,-2.184,0.093,0.416,0.0,0.418,0,0.372,0.0,0.434,1,0
311.861,334.629,-6.5,-1.083,4.047,-0.806,3.965,-0.589,-1.743,0.249,0.391,0.0,0.384,0,0.409,0.0,0.4,1,0
312.011,334.79,-7.09,-1.166,4.131,-0.727,4.066,-0.528,-1.58,0.153,0.356,0.0,0.353,0,0.376,0.0,0.368,1,0
312.111,334.88,-7.495,-1.217,4.157,-0.675,4.102,-0.491,-1.471,-0.093,0.352,0.0,0.33,0,0.356,0.0,0.339,1,0
312.161,334.919,-7.698,-1.241,4.163,-0.657,4.111,-0.482,-1.378,-0.184,0.364,0.0,0.303,0,0.363,0.0,0.316,1,0
312.311,335.015,-8.315,-1.308,4.174,-0.583,4.133,-0.424,-1.262,-0.136,0.357,0.0,0.279,0,0.368,0.0,0.29,1,0
312.361,335.041,-8.522,-1.329,4.179,-0.562,4.141,-0.412,-0.988,-0.098,0.349,0.0,0.249,0,0.358,0.0,0.261,1,0
312.511,335.1,-9.146,-1.385,4.181,-0.483,4.153,-0.351,-0.993,-0.186,0.701,0.0,0.228,0,0.351,0.0,0.238,1,0
312.611,335.128,-9.565,-1.419,4.246,-0.435,4.224,-0.316,-0.739,0.922,0.437,0.0,0.197,0,0.475,0.0,0.207,1,0
312.711,335.147,-9.995,-1.449,4.332,-0.396,4.314,-0.289,-0.873,0.584,1.0,0.0,0.179,0,0.339,0.0,0.187,1,0
312.761,335.154,-10.212,-1.463,4.364,-0.38,4.347,-0.28,-0.514,1.234,0.536,0.0,0.149,0,0.541,0.0,0.158,1,0
312.861,335.163,-10.655,-1.488,4.506,-0.33,4.494,-0.243,-0.759,1.376,0.358,0.0,0.134,0,0.439,0.0,0.141,1,0
312.961,335.166,-11.113,-1.511,4.624,-0.301,4.614,-0.223,-0.703,0.284,0.323,0.0,0.107,0,0.316,0.0,0.127,1,0
313.011,335.165,-11.345,-1.522,4.64,-0.286,4.632,-0.212,-0.182,-0.04,0.36,0.0,0.1,0,0.323,0.0,0.107,1,0
313.111,335.16,-11.808,-1.54,4.63,-0.229,4.624,-0.169,-0.438,-0.108,0.389,0.0,0.094,0,0.389,0.0,0.094,1,0
313.161,335.156,-12.04,-1.548,4.625,-0.214,4.62,-0.158,-0.448,0.023,0.394,0.0,0.071,0,0.405,0.0,0.089,1,0
313.261,335.145,-12.502,-1.562,4.637,-0.17,4.633,-0.125,-0.206,0.118,0.35,0.0,0.061,0,0.375,0.0,0.065,1,0
313.311,335.138,-12.734,-1.568,4.643,-0.154,4.64,-0.112,-0.262,0.014,0.345,0.0,0.058,0,0.35,0.0,0.061,1,0
313.411,335.124,-13.198,-1.578,4.637,-0.133,4.635,-0.098,0.141,-0.182,0.36,0.0,0.039,0,0.347,0.0,0.043,1,0
313.461,335.116,-13.43,-1.583,4.628,-0.106,4.627,-0.078,-0.067,-0.221,0.367,0.0,0.036,0,0.36,0.0,0.039,1,0
313.561,335.101,-13.891,-1.589,4.609,-0.085,4.609,-0.063,-0.125,-0.158,0.374,0.0,0.034,0,0.367,0.0,0.036,1,0
313.611,335.092,-14.121,-1.592,4.603,-0.079,4.603,-0.058,-0.16,-0.06,0.368,0.0,0.02,0,0.37,0.0,0.032,1,0
313.661,335.083,-14.351,-1.595,4.601,-0.074,4.6,-0.055,0.228,-0.065,0.361,0.0,0.018,0,0.368,0.0,0.02,1,0
313.761,335.066,-14.81,-1.599,4.594,-0.044,4.594,-0.032,-0.024,-0.11,0.361,0.0,0.015,0,0.362,0.0,0.016,1,0
313.811,335.058,-15.04,-1.6,4.588,-0.038,4.588,-0.027,-0.052,-0.097,0.368,0.0,0.006,0,0.361,0.0,0.015,1,0
313.861,335.049,-15.269,-1.602,4.584,-0.035,4.584,-0.026,0.248,-0.112,0.368,0.0,0.004,0,0.368,0.0,0.006,1,0
313.961,335.033,-15.726,-1.603,4.575,-0.013,4.575,-0.009,0.031,-0.071,0.37,0.0,0.003,0,0.373,0.0,0.004,1,0
314.061,335.018,-16.183,-1.604,4.57,-0.008,4.57,-0.006,0.005,-0.027,0.372,0.0,-0.004,0,0.37,0.0,0.003,1,0
314.111,335.01,-16.411,-1.603,4.567,0.004,4.567,0.004,0.099,-0.018,0.371,0.0,-0.004,0,0.368,0.0,-0.004,1,0
314.211,334.996,-16.868,-1.603,4.564,0.009,4.564,0.007,0.059,-0.046,0.368,0.0,-0.004,0,0.371,0.0,-0.004,1,0
314.261,334.989,-17.096,-1.603,4.563,0.009,4.563,0.007,0.028,-0.042,0.37,0.0,-0.009,0,0.372,0.0,-0.004,1,0
314.361,334.976,-17.552,-1.602,4.561,0.017,4.561,0.013,0.214,-0.009,0.374,0.0,-0.009,0,0.37,0.0,-0.009,1,0
314.411,334.97,-17.78,-1.601,4.559,0.019,4.559,0.015,0.075,0.005,0.374,0.0,-0.008,0,0.371,0.0,-0.009,1,0
314.461,334.964,-18.008,-1.6,4.56,0.02,4.56,0.015,0.056,-0.019,0.37,0.0,-0.012,0,0.374,0.0,-0.008,1,0
314.561,334.953,-18.464,-1.599,4.559,0.025,4.559,0.019,0.103,-0.019,0.371,0.0,-0.011,0,0.373,0.0,-0.011,1,0
314.611,334.948,-18.691,-1.598,4.558,0.025,4.558,0.019,0.08,0.009,0.374,0.0,-0.011,0,0.371,0.0,-0.011,1,0
314.711,334.939,-19.147,-1.596,4.558,0.024,4.558,0.018,0.154,0.011,0.374,0.0,-0.012,0,0.371,0.0,-0.013,1,0
314.761,334.934,-19.375,-1.595,4.559,0.027,4.558,0.021,0.093,-0.015,0.371,0.0,-0.012,0,0.374,0.0,-0.012,1,0
314.861,334.927,-19.831,-1.593,4.559,0.027,4.559,0.02,0.063,-0.012,0.371,0.0,-0.011,0,0.374,0.0,-0.011,1,0
314.961,334.919,-20.287,-1.591,4.559,0.024,4.559,0.018,0.118,-0.014,0.371,0.0,-0.011,0,0.374,0.0,-0.012,1,0
315.011,334.916,-20.514,-1.59,4.558,0.026,4.558,0.019,0.08,0.015,0.374,0.0,-0.011,0,0.371,0.0,-0.011,1,0
315.111,334.91,-20.97,-1.588,4.558,0.025,4.558,0.018,0.059,0.015,0.374,0.0,-0.011,0,0.371,0.0,-0.01,1,0
315.211,334.905,-21.426,-1.586,4.558,0.024,4.558,0.018,0.093,-0.013,0.371,0.0,-0.01,0,0.374,0.0,-0.011,1,0
315.261,334.903,-21.654,-1.585,4.559,0.023,4.559,0.017,0.056,-0.013,0.371,0.0,-0.009,0,0.374,0.0,-0.01,1,0
315.361,334.898,-22.11,-1.584,4.559,0.021,4.559,0.016,0.052,0.015,0.374,0.0,-0.009,0,0.371,0.0,-0.009,1,0
315.411,334.896,-22.338,-1.583,4.559,0.02,4.559,0.015,0.068,0.015,0.374,0.0,-0.009,0,0.371,0.0,-0.009,1,0
315.511,334.893,-22.794,-1.582,4.559,0.019,4.559,0.014,0.05,-0.013,0.374,0.0,-0.008,0,0.374,0.0,-0.009,1,0
315.561,334.892,-23.022,-1.581,4.56,0.019,4.56,0.014,0.041,-0.013,0.371,0.0,-0.008,0,0.374,0.0,-0.008,1,0
315.661,334.889,-23.478,-1.58,4.56,0.017,4.56,0.013,0.04,-0.014,0.371,0.0,-0.007,0,0.374,0.0,-0.007,1,0
315.711,334.888,-23.706,-1.579,4.559,0.016,4.559,0.012,0.037,0.014,0.374,0.0,-0.006,0,0.371,0.0,-0.007,1,0
315.811,334.886,-24.162,-1.578,4.559,0.015,4.559,0.011,0.035,0.014,0.374,0.0,-0.006,0,0.371,0.0,-0.006,1,0
315.911,334.884,-24.617,-1.577,4.559,0.013,4.559,0.01,0.028,0.014,0.374,0.0,-0.005,0,0.371,0.0,-0.005,1,0
315.961,334.883,-24.845,-1.576,4.56,0.013,4.56,0.009,0.027,-0.014,0.371,0.0,-0.005,0,0.374,0.0,-0.005,1,0
316.011,334.883,-25.073,-1.576,4.559,0.012,4.559,0.009,0.026,0.014,0.374,0.0,-0.004,0,0.371,0.0,-0.005,1,0
316.111,334.882,-25.529,-1.575,4.559,0.01,4.559,0.008,0.021,0.014,0.374,0.0,-0.004,0,0.371,0.0,-0.004,1,0
316.161,334.881,-25.757,-1.575,4.56,0.01,4.56,0.007,0.02,-0.014,0.371,0.0,-0.004,0,0.374,0.0,-0.004,1,0
316.261,334.88,-26.213,-1.574,4.56,0.009,4.56,0.006,0.012,-0.014,0.371,0.0,-0.003,0,0.374,0.0,-0.003,1,0
316.361,334.88,-26.669,-1.574,4.56,0.007,4.56,0.005,0.015,0.014,0.374,0.0,-0.003,0,0.371,0.0,-0.003,1,0
316.411,334.879,-26.897,-1.573,4.559,0.007,4.559,0.005,0.014,0.014,0.374,0.0,-0.003,0,0.371,0.0,-0.003,1,0
316.511,334.879,-27.353,-1.573,4.559,0.006,4.559,0.005,0.013,-0.014,0.371,0.0,-0.002,0,0.374,0.0,-0.003,1,0
316.561,334.879,-27.581,-1.573,4.56,0.005,4.56,0.004,0.008,-0.014,0.371,0.0,-0.002,0,0.374,0.0,-0.002,1,0
316.661,334.878,-28.037,-1.572,4.56,0.005,4.56,0.003,0.01,-0.014,0.371,0.0,-0.002,0,0.374,0.0,-0.002,1,0
316.711,334.878,-28.265,-1.572,4.559,0.004,4.559,0.003,0.002,0.014,0.374,0.0,-0.001,0,0.371,0.0,-0.002,1,0
316.811,334.878,-28.721,-1.572,4.559,0.003,4.559,0.003,0.005,0.014,0.374,0.0,-0.001,0,0.371,0.0,-0.001,1,0
316.861,334.878,-28.949,-1.572,4.56,0.003,4.56,0.002,0.005,-0.014,0.371,0.0,-0.001,0,0.374,0.0,-0.001,1,0
316.961,334.878,-29.405,-1.571,4.56,0.002,4.56,0.002,0.002,-0.014,0.371,0.0,-0.001,0,0.374,0.0,-0.001,1,0
317.011,334.878,-29.633,-1.571,4.559,0.002,4.559,0.002,0.003,0.014,0.374,0.0,-0.001,0,0.371,0.0,-0.001,1,0
317.111,334.878,-30.089,-1.571,4.559,0.002,4.559,0.001,0.003,0.014,0.374,0.0,-0.0,0,0.371,0.0,-0.001,1,0
317.211,334.878,-30.545,-1.571,4.559,0.001,4.559,0.001,-0.003,-0.014,0.0,1.0,0.0,0,0.374,0.0,-0.0,1,0
317.261,334.878,-30.772,-1.571,4.506,0.0,4.506,0.0,-0.004,-3.461,0.0,1.0,0.0,0,0.0,1.0,0.0,1,0
317.361,334.878,-31.201,-1.571,4.073,0.0,4.073,0.0,-0.001,-6.295,0.0,1.0,0.0,0,0.0,1.0,0.0,1,0
317.411,334.878,-31.394,-1.571,3.758,0.0,3.758,0.0,-0.0,-5.963,0.0,1.0,0.0,0,0.0,1.0,0.0,1,0
317.511,334.878,-31.736,-1.571,3.165,-0.0,3.165,0.0,0.0,-5.643,0.0,1.0,0.0,0,0.0,1.0,0.0,1,0
317.561,334.878,-31.886,-1.571,2.883,-0.0,2.883,0.0,0.0,-5.689,0.0,1.0,0.0,0,0.0,1.0,0.0,1,0
317.661,334.878,-32.142,-1.571,2.263,-0.0,2.263,0.0,0.0,-21.209,0.0,1.0,0.0,0,0.0,1.0,0.0,1,0
317.761,334.878,-32.245,-1.571,0.016,-0.0,0.016,0.0,0.0,-23.739,0.0,1.0,0.0,0,0.0,1.0,0.0,1,1
317.811,334.878,-32.245,-1.571,0.002,-0.0,-0.002,0.0,0.0,-0.077,0.0,1.0,0.0,0,0.0,1.0,0.0,1,1
317.911,334.878,-32.246,-1.571,0.007,-0.0,-0.007,0.0,0.0,-0.007,0.0,1.0,0.0,0,0.0,1.0,0.0,1,1
317.961,334.878,-32.246,-1.571,0.006,-0.0,-0.006,0.0,0.0,0.023,0.0,1.0,0.0,0,0.0,1.0,0.0,1,1
318.061,334.878,-32.247,-1.571,0.004,-0.0,-0.004,0.0,-0.0,0.018,0.0,1.0,0.0,0,0.0,1.0,0.0,1,1
318.161,334.878,-32.248,-1.571,0.002,-0.0,-0.002,0.0,0.0,0.014,0.0,1.0,0.0,0,0.0,1.0,0.0,1,1
318.211,334.878,-32.248,-1.571,0.001,-0.0,-0.001,0.0,0.0,0.008,0.0,1.0,0.0,0,0.0,1.0,0.0,1,1
318.311,334.878,-32.248,-1.571,0.001,-0.0,-0.001,-0.0,0.0,0.004,0.0,1.0,0.0,0,0.0,1.0,0.0,1,1
318.411,334.878,-32.248,-1.571,0.0,-0.0,0.0,-0.0,0.0,0.0,0.0,1.0,0.0,0,0.0,1.0,0.0,1,1
319.411,334.878,-32.248,-1.571,0.0,-0.0,0.0,-0.0,0.0,0.0,0.0,1.0,0.0,0,0.0,1.0,0.0,1,1
320.461,334.878,-32.248,-1.571,0.0,-0.0,0.0,-0.0,0.0,0.0,0.0,1.0,0.0,0,0.0,1.0,0.0,1,1
320.911,334.878,-32.248,-1.571,0.0,-0.0,0.0,-0.0,0.0,0.0,1.0,0.0,-0.0,0,0.0,1.0,0.0,1,1
321.011,334.878,-32.248,-1.571,0.0,-0.0,-0.0,0.0,0.0,-0.001,1.0,0.0,-0.0,0,1.0,0.0,-0.0,1,1
321.111,334.878,-32.25,-1.571,0.014,-0.0,-0.014,-0.0,0.0,1.913,1.0,0.0,-0.0,0,1.0,0.0,-0.0,1,1
321.161,334.878,-32.252,-1.571,0.082,0.0,0.082,0.0,0.0,0.509,1.0,0.0,-0.0,0,1.0,0.0,-0.0,1,1
321.261,334.878,-32.264,-1.571,0.206,-0.0,0.206,0.009,0.002,3.357,1.0,0.0,-0.0,0,1.0,0.0,-0.0,1,0
321.361,334.878,-32.306,-1.571,0.638,-0.001,0.638,-0.004,-0.027,5.269,1.0,0.0,-0.0,0,1.0,0.0,-0.0,1,0
321.411,334.878,-32.344,-1.571,0.874,0.002,0.874,-0.007,-0.036,5.757,1.0,0.0,-0.0,0,1.0,0.0,-0.0,1,0
321.461,334.878,-32.396,-1.572,1.161,0.0,1.161,-0.014,-0.006,5.145,1.0,0.0,-0.001,0,1.0,0.0,-0.0,1,0
321.561,334.878,-32.54,-1.572,1.726,0.001,1.726,-0.001,-0.005,6.265,1.0,0.0,-0.001,0,1.0,0.0,-0.001,1,0
321.661,334.878,-32.747,-1.572,2.379,0.001,2.379,-0.008,-0.004,6.798,1.0,0.0,-0.001,0,1.0,0.0,-0.001,1,0
321.711,334.878,-32.878,-1.572,2.779,0.001,2.779,0.003,0.011,8.283,1.0,0.0,-0.001,0,1.0,0.0,-0.001,1,0
321.811,334.878,-33.201,-1.572,3.58,0.001,3.58,0.001,0.008,7.419,0.832,0.0,-0.001,0,1.0,0.0,-0.001,1,0
321.861,334.878,-33.392,-1.572,3.951,0.001,3.951,0.001,0.007,6.916,0.587,0.0,-0.001,0,0.832,0.0,-0.001,1,0
321.961,334.877,-33.824,-1.572,4.585,0.002,4.585,0.001,0.007,3.937,0.27,0.0,-0.001,0,0.377,0.0,-0.001,1,0
322.061,334.877,-34.301,-1.571,4.881,0.002,4.881,0.001,0.006,1.978,0.36,0.0,-0.001,0,0.27,0.0,-0.001,1,0
322.111,334.877,-34.546,-1.571,4.91,0.001,4.91,0.001,0.001,0.004,0.442,0.0,-0.0,0,0.36,0.0,-0.001,1,0
322.211,334.877,-35.036,-1.571,4.914,0.001,4.914,0.001,0.002,0.399,0.433,0.0,-0.0,0,0.469,0.0,-0.0,1,0
322.261,334.877,-35.282,-1.571,4.934,0.001,4.934,0.001,-0.002,0.547,0.361,0.0,-0.0,0,0.433,0.0,-0.0,1,0
322.361,334.877,-35.778,-1.571,4.979,0.001,4.979,0.0,-0.0,-0.088,0.271,0.0,-0.0,0,0.297,0.0,-0.0,1,0
322.461,334.877,-36.274,-1.571,4.947,0.0,4.947,0.0,-0.003,-0.823,0.318,0.0,-0.0,0,0.284,0.0,-0.0,1,0
322.511,334.877,-36.52,-1.571,4.906,0.0,4.906,0.0,-0.002,-0.852,0.349,0.0,0.0,0,0.318,0.0,-0.0,1,0
322.611,334.877,-37.006,-1.571,4.828,0.0,4.828,0.0,-0.001,-0.524,0.354,0.0,0.0,0,0.36,0.0,0.0,1,0
322.661,334.877,-37.246,-1.571,4.802,-0.0,4.802,-0.0,-0.003,-0.407,0.338,0.0,0.0,0,0.354,0.0,0.0,1,0
322.761,334.877,-37.724,-1.571,4.762,-0.0,4.762,-0.0,-0.0,-0.448,0.324,0.0,0.0,0,0.326,0.0,0.0,1,0
322.861,334.876,-38.198,-1.571,4.714,-0.0,4.714,-0.0,-0.0,-0.515,0.345,0.0,0.0,0,0.332,0.0,0.0,1,0
322.911,334.876,-38.433,-1.571,4.688,-0.0,4.688,-0.0,0.001,-0.466,0.355,0.0,0.0,0,0.345,0.0,0.0,1,0
323.011,334.876,-38.899,-1.571,4.646,-0.0,4.646,-0.0,0.001,-0.293,0.36,0.0,-0.0,0,0.36,0.0,-0.0,1,0
323.061,334.875,-39.131,-1.571,4.631,0.0,4.631,0.0,0.001,-0.233,0.357,0.0,-0.0,0,0.36,0.0,-0.0,1,0
323.161,334.875,-39.593,-1.571,4.61,0.0,4.61,0.0,-0.0,-0.196,0.357,0.0,0.0,0,0.356,0.0,-0.0,1,0
323.261,334.875,-40.053,-1.571,4.59,-0.0,4.59,0.0,-0.001,-0.19,0.365,0.0,0.0,0,0.357,0.0,0.0,1,0
323.311,334.875,-40.282,-1.571,4.582,-0.0,4.582,-0.001,-0.001,-0.146,0.368,0.0,0.0,0,0.365,0.0,0.0,1,0
323.411,334.875,-40.74,-1.571,4.568,-0.0,4.568,-0.002,0.0,-0.089,0.371,0.0,-0.0,0,0.37,0.0,0.0,1,0
323.461,334.874,-40.968,-1.571,4.564,-0.0,4.564,0.002,0.001,-0.061,0.371,0.0,0.0,0,0.371,0.0,-0.0,1,0
323.561,334.874,-41.424,-1.571,4.559,-0.0,4.559,0.002,0.001,-0.03,0.371,0.0,-0.0,0,0.371,0.0,-0.0,1,0
323.661,334.874,-41.88,-1.571,4.556,-0.0,4.556,0.002,-0.0,-0.025,0.371,0.0,-0.0,0,0.371,0.0,-0.0,1,0
323.711,334.874,-42.108,-1.571,4.555,0.0,4.555,-0.002,0.0,-0.018,0.372,0.0,-0.0,0,0.372,0.0,-0.0,1,0
323.811,334.874,-42.563,-1.571,4.554,0.0,4.554,-0.002,0.001,-0.012,0.373,0.0,-0.0,0,0.372,0.0,-0.0,1,0
323.861,334.874,-42.791,-1.571,4.553,0.0,4.553,0.002,-0.001,0.002,0.373,0.0,0.0,0,0.373,0.0,0.0,1,0
323.961,334.873,-43.246,-1.571,4.554,-0.0,4.554,0.002,-0.002,0.006,0.373,0.0,0.0,0,0.373,0.0,0.0,1,0
324.011,334.873,-43.474,-1.571,4.554,-0.0,4.554,-0.002,-0.0,0.008,0.373,0.0,0.0,0,0.373,0.0,0.0,1,0
324.111,334.873,-43.929,-1.571,4.555,-0.0,4.555,-0.002,-0.001,0.007,0.373,0.0,-0.0,0,0.373,0.0,0.0,1,0
324.211,334.872,-44.385,-1.571,4.556,0.0,4.556,-0.002,0.001,0.007,0.373,0.0,-0.0,0,0.373,0.0,-0.0,1,0
324.261,334.872,-44.613,-1.571,4.556,-0.0,4.556,0.002,0.002,0.008,0.373,0.0,0.007,0,0.373,0.0,-0.0,1,0
324.361,334.871,-45.068,-1.572,4.557,-0.011,4.557,-0.007,-0.117,0.006,0.373,0.0,0.007,0,0.373,0.0,0.007,1,0
324.461,334.869,-45.524,-1.573,4.557,-0.016,4.557,-0.01,-0.079,0.008,0.373,0.0,0.007,0,0.373,0.0,0.007,1,0
324.511,334.868,-45.752,-1.573,4.558,-0.016,4.558,-0.014,-0.889,-0.017,0.373,0.0,0.031,0,0.373,0.0,0.03,1,0
324.561,334.865,-45.98,-1.575,4.557,-0.053,4.557,-0.04,-0.427,-0.007,0.375,0.0,0.031,0,0.373,0.0,0.031,1,0
324.661,334.856,-46.435,-1.58,4.558,-0.066,4.557,-0.049,-1.446,-0.073,0.373,0.0,0.065,0,0.374,0.0,0.065,1,0
324.711,334.848,-46.663,-1.584,4.556,-0.12,4.554,-0.096,-0.773,-0.015,0.379,0.0,0.064,0,0.373,0.0,0.065,1,0
324.811,334.827,-47.118,-1.594,4.557,-0.139,4.555,-0.107,-1.908,-0.132,0.373,0.0,0.105,0,0.375,0.0,0.106,1,0
324.911,334.793,-47.572,-1.61,4.554,-0.22,4.549,-0.17,-1.099,-0.057,0.382,0.0,0.102,0,0.373,0.0,0.105,1,0
324.961,334.773,-47.799,-1.618,4.557,-0.223,4.552,-0.165,-0.649,0.021,0.371,0.0,0.147,0,0.378,0.0,0.098,1,0
325.061,334.724,-48.252,-1.636,4.555,-0.287,4.546,-0.217,-1.393,-0.128,0.386,0.0,0.141,0,0.369,0.0,0.145,1,0
325.111,334.694,-48.478,-1.647,4.554,-0.305,4.543,-0.233,-1.064,-0.03,0.382,0.0,0.193,0,0.386,0.0,0.141,1,0
325.211,334.622,-48.927,-1.672,4.549,-0.379,4.533,-0.29,-1.715,-0.131,0.397,0.0,0.184,0,0.373,0.0,0.19,1,0
325.261,334.578,-49.15,-1.687,4.55,-0.398,4.533,-0.3,-1.345,-0.02,0.381,0.0,0.238,0,0.397,0.0,0.184,1,0
325.361,334.479,-49.594,-1.719,4.549,-0.469,4.525,-0.355,-1.989,-0.192,0.398,0.0,0.225,0,0.37,0.0,0.233,1,0
325.411,334.421,-49.814,-1.737,4.551,-0.486,4.525,-0.367,-1.548,-0.078,0.381,0.0,0.279,0,0.398,0.0,0.225,1,0
325.511,334.29,-50.249,-1.775,4.548,-0.554,4.515,-0.419,-2.172,-0.262,0.401,0.0,0.263,0,0.372,0.0,0.272,1,0
325.611,334.136,-50.677,-1.817,4.557,-0.562,4.523,-0.42,-1.802,-0.096,0.384,0.0,0.253,0,0.401,0.0,0.263,1,0
325.661,334.054,-50.889,-1.838,4.567,-0.545,4.534,-0.404,-3.343,-0.672,0.357,0.0,0.3,0,0.368,0.0,0.308,1,0
325.711,333.964,-51.099,-1.86,4.557,-0.613,4.515,-0.463,-2.307,-0.403,0.401,0.0,0.29,0,0.357,0.0,0.3,1,0
325.811,333.769,-51.51,-1.906,4.557,-0.616,4.515,-0.461,-3.538,-0.787,0.377,0.0,0.335,0,0.39,0.0,0.344,1,0
325.861,333.663,-51.71,-1.931,4.545,-0.682,4.494,-0.514,-2.586,-0.375,0.413,0.0,0.324,0,0.377,0.0,0.335,1,0
325.961,333.433,-52.102,-1.983,4.558,-0.684,4.506,-0.51,-3.74,-0.795,0.365,0.0,0.365,0,0.386,0.0,0.376,1,0
326.011,333.308,-52.292,-2.01,4.551,-0.749,4.488,-0.566,-2.672,-0.411,0.403,0.0,0.353,0,0.365,0.0,0.365,1,0
326.111,333.042,-52.66,-2.066,4.563,-0.745,4.502,-0.557,-3.761,-0.921,0.365,0.0,0.39,0,0.38,0.0,0.402,1,0
326.161,332.9,-52.838,-2.096,4.552,-0.802,4.481,-0.603,-2.833,-0.523,0.409,0.0,0.376,0,0.365,0.0,0.39,1,0
326.261,332.598,-53.178,-2.156,4.562,-0.792,4.493,-0.589,-2.332,-0.284,0.386,0.0,0.361,0,0.409,0.0,0.376,1,0
326.311,332.441,-53.343,-2.184,4.575,-0.77,4.51,-0.572,-3.715,-0.973,0.348,0.0,0.397,0,0.367,0.0,0.41,1,0
326.361,332.278,-53.502,-2.214,4.562,-0.821,4.488,-0.616,-2.831,-0.634,0.405,0.0,0.383,0,0.348,0.0,0.397,1,0
326.461,331.937,-53.803,-2.276,4.562,-0.807,4.49,-0.601,-3.915,-1.067,0.377,0.0,0.417,0,0.39,0.0,0.431,1,0
326.511,331.759,-53.944,-2.307,4.548,-0.862,4.466,-0.649,-2.89,-0.539,0.417,0.0,0.402,0,0.377,0.0,0.417,1,0
326.611,331.39,-54.208,-2.371,4.563,-0.848,4.484,-0.633,-4.026,-1.048,0.36,0.0,0.437,0,0.384,0.0,0.452,1,0
326.661,331.198,-54.33,-2.405,4.554,-0.902,4.464,-0.677,-3.091,-0.617,0.438,0.0,0.421,0,0.36,0.0,0.437,1,0
326.711,331.002,-54.445,-2.438,4.557,-0.905,4.466,-0.68,-2.568,-0.3,0.392,0.0,0.403,0,0.438,0.0,0.421,1,0
326.761,330.802,-54.553,-2.472,4.57,-0.885,4.483,-0.659,-2.394,-0.111,0.365,0.0,0.458,0,0.392,0.0,0.403,1,0
326.861,330.392,-54.753,-2.537,4.576,-0.914,4.484,-0.687,-3.057,-0.734,0.469,0.0,0.421,0,0.337,0.0,0.44,1,0
326.911,330.181,-54.84,-2.572,4.573,-0.914,4.481,-0.687,-2.49,-0.368,0.41,0.0,0.4,0,0.469,0.0,0.421,1,0
326.961,329.968,-54.922,-2.605,4.582,-0.889,4.495,-0.662,-2.307,-0.023,0.384,0.0,0.38,0,0.41,0.0,0.4,1,0
327.061,329.533,-55.07,-2.668,4.626,-0.821,4.552,-0.608,-1.965,-0.157,0.326,0.0,0.344,0,0.34,0.0,0.361,1,0
327.111,329.312,-55.137,-2.698,4.636,-0.785,4.569,-0.583,-1.777,-0.365,0.334,0.0,0.327,0,0.326,0.0,0.344,1,0
327.211,328.866,-55.257,-2.753,4.624,-0.711,4.569,-0.528,-1.743,-0.502,0.376,0.0,0.309,0,0.334,0.0,0.327,1,0
327.261,328.642,-55.311,-2.778,4.613,-0.676,4.563,-0.501,-1.98,-0.521,0.386,0.0,0.295,0,0.376,0.0,0.309,1,0
327.311,328.417,-55.359,-2.803,4.603,-0.662,4.555,-0.494,-1.65,-0.3,0.391,0.0,0.281,0,0.386,0.0,0.295,1,0
327.411,327.965,-55.443,-2.85,4.604,-0.611,4.564,-0.454,-1.59,-0.154,0.377,0.0,0.268,0,0.391,0.0,0.281,1,0
327.461,327.738,-55.48,-2.872,4.609,-0.584,4.572,-0.433,-1.486,-0.145,0.355,0.0,0.245,0,0.362,0.0,0.257,1,0
327.511,327.51,-55.512,-2.893,4.612,-0.562,4.578,-0.418,-1.305,-0.199,0.356,0.0,0.232,0,0.355,0.0,0.245,1,0
327.561,327.281,-55.541,-2.913,4.611,-0.535,4.58,-0.396,-1.265,-0.227,0.364,0.0,0.221,0,0.356,0.0,0.232,1,0
327.661,326.824,-55.59,-2.95,4.602,-0.485,4.576,-0.359,-1.01,-0.155,0.377,0.0,0.195,0,0.371,0.0,0.206,1,0
327.711,326.595,-55.61,-2.968,4.6,-0.457,4.577,-0.339,-0.973,-0.133,0.372,0.0,0.185,0,0.377,0.0,0.195,1,0
327.811,326.136,-55.642,-2.999,4.599,-0.41,4.581,-0.304,-0.912,-0.095,1.0,0.0,0.167,0,0.372,0.0,0.175,1,0
327.861,325.907,-55.654,-3.014,4.599,-0.388,4.582,-0.287,-0.94,0.268,1.0,0.0,0.144,0,1.0,0.0,0.167,1,0
327.961,325.444,-55.673,-3.04,4.71,-0.336,4.698,-0.248,-0.488,1.846,1.0,0.0,0.125,0,1.0,0.0,0.144,1,0
328.011,325.203,-55.68,-3.052,4.904,-0.319,4.893,-0.238,-0.968,5.129,1.0,0.0,0.117,0,1.0,0.0,0.125,1,0
328.111,324.682,-55.691,-3.075,5.454,-0.299,5.446,-0.229,-1.093,5.776,1.0,0.0,0.072,0,1.0,0.0,0.117,1,0
328.161,324.409,-55.696,-3.086,5.469,-0.226,5.465,-0.192,-0.27,-0.0,1.0,0.0,0.064,0,1.0,0.0,0.072,1,0
328.211,324.135,-55.701,-3.094,5.47,-0.194,5.467,-0.142,-0.629,11.33,1.0,0.0,0.056,0,1.0,0.0,0.064,1,0
328.311,323.537,-55.708,-3.108,6.105,-0.15,6.103,-0.128,-0.42,-0.045,1.0,0.0,0.044,0,1.0,0.0,0.05,0,0
328.361,323.232,-55.711,-3.114,6.104,-0.134,6.102,-0.119,-0.2,0.483,1.0,0.0,0.039,0,1.0,0.0,0.044,0,0
328.461,322.597,-55.714,-3.124,6.854,-0.112,6.853,-0.102,-0.582,11.831,1.0,0.0,0.029,0,1.0,0.0,0.035,2,0
328.511,322.236,-55.714,-3.129,7.446,-0.105,7.445,-0.097,-0.496,10.254,1.0,0.0,0.025,0,1.0,0.0,0.029,2,0
328.611,321.435,-55.711,-3.138,8.417,-0.081,8.416,-0.082,-0.432,8.389,1.0,0.0,0.017,0,1.0,0.0,0.022,2,0
328.711,320.547,-55.705,3.138,9.23,-0.056,9.23,-0.063,-0.347,7.884,1.0,0.0,0.014,0,1.0,0.0,0.017,2,0
328.761,320.09,-55.7,3.135,9.083,-0.041,9.083,-0.053,-0.198,3.191,1.0,0.0,0.008,0,1.0,0.0,0.01,0,0
328.861,319.164,-55.69,3.131,9.577,-0.022,9.577,-0.034,-0.207,6.674,1.0,0.0,0.005,0,1.0,0.0,0.008,0,0
328.911,318.672,-55.683,3.129,10.022,-0.014,10.022,-0.025,-0.111,7.741,1.0,0.0,0.002,0,1.0,0.0,0.003,3,0
328.961,318.159,-55.676,3.128,10.409,-0.009,10.409,-0.018,-0.08,6.958,1.0,0.0,0.0,0,1.0,0.0,0.002,3,0
329.061,317.08,-55.661,3.127,11.078,-0.001,11.078,-0.007,-0.008,6.429,1.0,0.0,-0.0,0,1.0,0.0,0.0,3,0
329.111,316.517,-55.653,3.127,11.382,0.001,11.382,-0.003,0.06,5.837,1.0,0.0,-0.003,0,1.0,0.0,-0.002,3,0
329.211,315.347,-55.637,3.127,11.958,0.006,11.958,0.006,0.101,5.679,1.0,0.0,-0.003,0,1.0,0.0,-0.003,3,0
329.261,314.741,-55.629,3.128,12.236,0.007,12.236,0.009,0.136,5.506,1.0,0.0,-0.003,0,1.0,0.0,-0.003,3,0
329.361,313.488,-55.613,3.129,12.669,0.006,12.669,0.012,0.123,3.154,1.0,0.0,-0.003,0,1.0,0.0,-0.003,3,0
329.411,312.854,-55.605,3.129,12.731,0.005,12.731,0.013,0.158,-1.53,1.0,0.0,-0.003,0,1.0,0.0,-0.003,0,0
329.511,311.575,-55.591,3.131,13.019,0.004,13.019,0.013,0.154,7.288,1.0,0.0,-0.003,0,1.0,0.0,-0.003,4,0
329.561,310.916,-55.584,3.131,13.303,0.003,13.303,0.013,0.146,5.285,1.0,0.0,-0.002,0,1.0,0.0,-0.003,4,0
329.611,310.242,-55.578,3.132,13.567,0.002,13.567,0.012,0.155,5.012,1.0,0.0,-0.002,0,1.0,0.0,-0.002,4,0
329.711,308.858,-55.565,3.133,14.059,0.001,14.059,0.012,0.136,4.709,1.0,0.0,-0.002,0,1.0,0.0,-0.002,4,0
329.811,307.426,-55.554,3.134,14.526,-0.001,14.526,0.01,0.141,4.628,1.0,0.0,-0.002,0,1.0,0.0,-0.002,4,0
329.861,306.693,-55.549,3.135,14.755,-0.001,14.755,0.01,0.14,4.54,1.0,0.0,-0.002,0,1.0,0.0,-0.002,4,0
329.961,305.193,-55.54,3.136,15.208,-0.002,15.208,0.009,0.121,4.517,1.0,0.0,-0.001,0,1.0,0.0,-0.002,4,0
330.011,304.426,-55.535,3.136,15.433,-0.002,15.433,0.008,0.12,4.494,1.0,0.0,-0.001,0,1.0,0.0,-0.001,4,0
330.111,302.857,-55.527,3.137,15.882,-0.003,15.882,0.007,0.103,4.489,1.0,0.0,-0.001,0,1.0,0.0,-0.001,4,0
330.161,302.057,-55.523,3.137,16.107,-0.003,16.107,0.006,0.102,0.579,0.823,0.0,-0.001,0,0.989,0.0,-0.001,4,0
330.261,300.444,-55.516,3.138,16.12,-0.003,16.12,0.006,0.1,-0.315,1.0,0.0,-0.001,0,0.823,0.0,-0.001,0,0
330.311,299.635,-55.513,3.138,16.294,-0.003,16.294,0.006,0.082,4.783,0.777,0.0,-0.001,0,1.0,0.0,-0.001,5,0
330.361,298.813,-55.51,3.138,16.533,-0.003,16.533,0.005,0.081,4.178,0.48,0.0,-0.001,0,0.777,0.0,-0.001,5,0
330.461,297.137,-55.505,3.139,16.905,-0.003,16.905,0.005,0.077,2.116,0.323,0.0,-0.001,0,0.375,0.0,-0.001,5,0
330.511,296.289,-55.503,3.139,17.011,-0.003,17.011,0.004,0.074,1.216,0.324,0.0,-0.001,0,0.323,0.0,-0.001,5,0
330.611,294.582,-55.499,3.14,17.102,-0.003,17.102,0.004,0.061,0.239,0.334,0.0,-0.001,0,0.332,0.0,-0.001,5,0
330.661,293.727,-55.497,3.14,17.114,-0.003,17.114,0.004,0.059,0.02,0.326,0.0,-0.0,0,0.334,0.0,-0.001,5,0
330.761,292.016,-55.494,3.14,17.109,-0.002,17.109,0.003,0.052,-0.232,0.298,0.0,-0.0,0,0.312,0.0,-0.0,5,0
330.811,291.161,-55.492,3.14,17.097,-0.002,17.097,0.003,0.049,-0.327,0.284,0.0,-0.0,0,0.298,0.0,-0.0,5,0
330.911,289.453,-55.49,3.14,17.06,-0.002,17.06,0.002,0.038,-0.485,0.269,0.0,-0.0,0,0.275,0.0,-0.0,5,0
330.961,288.601,-55.489,3.141,17.036,-0.002,17.036,0.002,0.036,-0.544,0.266,0.0,-0.0,0,0.269,0.0,-0.0,5,0
331.061,286.901,-55.487,3.141,16.979,-0.002,16.979,0.002,0.033,-0.588,0.269,0.0,-0.0,0,0.266,0.0,-0.0,5,0
331.111,286.053,-55.486,3.141,16.948,-0.001,16.948,0.002,0.028,-0.63,0.274,0.0,-0.0,0,0.269,0.0,-0.0,5,0
331.161,285.207,-55.485,3.141,16.917,-0.001,16.917,0.001,0.026,-0.631,0.28,0.0,-0.0,0,0.274,0.0,-0.0,5,0
331.261,283.518,-55.484,3.141,16.854,-0.001,16.854,0.001,0.02,-0.601,0.295,0.0,-0.0,0,0.287,0.0,-0.0,5,0
331.311,282.677,-55.484,3.141,16.824,-0.001,16.824,0.001,0.019,-0.574,0.304,0.0,-0.0,0,0.295,0.0,-0.0,5,0
331.411,280.997,-55.483,3.141,16.768,-0.001,16.768,0.001,0.016,-0.503,0.236,0.0,-0.0,0,0.313,0.0,-0.0,5,0
331.461,280.16,-55.482,3.141,16.743,-0.001,16.743,0.001,0.015,-0.542,0.303,0.0,-0.0,0,0.236,0.0,-0.0,5,0
331.561,278.488,-55.482,3.141,16.687,-0.0,16.687,0.001,0.012,-0.516,0.0,0.0,-0.0,0,0.321,0.0,-0.0,5,0
331.611,277.655,-55.482,3.141,16.661,-0.0,16.661,0.001,0.011,-0.649,0.076,0.0,-0.0,0,0.0,0.0,-0.0,5,0
331.711,275.993,-55.481,3.141,16.577,-0.0,16.577,0.001,0.01,-1.278,0.0,0.0,-0.0,0,0.0,0.0,-0.0,5,0
331.761,275.166,-55.481,3.141,16.513,-0.0,16.513,0.001,0.008,-0.881,0.0,0.0,-0.0,0,0.0,0.0,-0.0,5,0
331.861,273.518,-55.481,3.141,16.468,-0.0,16.468,0.0,0.007,-1.542,0.0,0.0,-0.0,0,0.0,0.0,-0.0,0,0
331.911,272.696,-55.48,3.141,16.39,-0.0,16.39,0.0,0.006,-4.26,0.0,0.0,-0.0,0,0.0,0.0,-0.0,4,0
332.011,271.08,-55.48,3.141,15.991,-0.0,15.991,0.0,0.006,-3.73,0.0,0.0,-0.0,0,0.0,0.0,-0.0,4,0
332.061,270.286,-55.48,3.142,15.825,-0.0,15.825,0.0,0.005,-3.058,0.0,0.0,-0.0,0,0.0,0.0,-0.0,4,0
332.161,268.72,-55.48,3.142,15.528,-0.0,15.528,0.0,0.004,-2.89,0.0,0.0,-0.0,0,0.0,0.0,-0.0,4,0
332.211,267.948,-55.48,3.142,15.389,-0.0,15.389,0.0,0.003,-2.701,0.0,0.0,-0.0,0,0.0,0.0,-0.0,4,0
332.261,267.183,-55.48,3.142,15.254,-0.0,15.254,0.0,0.004,-2.646,0.0,0.0,-0.0,0,0.0,0.0,-0.0,4,0
332.361,265.672,-55.48,3.142,14.991,-0.0,14.991,0.0,0.003,-2.57,0.0,0.0,-0.0,0,0.0,0.0,-0.0,4,0
332.411,264.926,-55.48,3.142,14.863,-0.0,14.863,0.0,0.003,-2.541,0.0,0.0,-0.0,0,0.0,0.0,-0.0,4,0
332.511,263.454,-55.48,-3.142,14.61,-0.0,14.61,0.0,0.002,-2.491,0.0,0.0,-0.0,0,0.0,0.0,-0.0,4,0
332.561,262.727,-55.48,-3.142,14.485,-0.0,14.485,0.0,0.002,-2.469,0.0,0.0,-0.0,0,0.0,0.0,-0.0,4,0
332.661,261.292,-55.48,-3.142,14.24,-0.0,14.24,0.0,0.002,-2.426,0.0,0.0,-0.0,0,0.0,0.0,-0.0,4,0
332.711,260.584,-55.48,-3.142,14.118,-0.0,14.118,0.0,0.002,-2.405,0.0,0.0,-0.0,0,0.0,0.0,-0.0,4,0
332.811,259.185,-55.48,-3.142,13.879,-0.0,13.879,0.0,0.001,-2.364,0.0,0.0,-0.0,0,0.0,0.0,-0.0,4,0
332.911,257.81,-55.48,-3.142,13.643,0.0,13.643,0.0,0.001,-2.325,0.0,0.0,-0.0,0,0.0,0.0,-0.0,4,0
332.961,257.131,-55.48,-3.142,13.527,-0.0,13.527,0.0,0.001,-2.305,0.0,0.0,-0.0,0,0.0,0.0,-0.0,4,0
333.061,255.791,-55.48,-3.142,13.344,-0.0,13.344,0.0,0.001,-0.787,0.0,0.0,-0.0,0,0.0,0.0,-0.0,0,0
333.161,254.458,-55.48,-3.142,13.345,-0.0,13.345,0.0,0.001,0.807,0.0,0.0,-0.0,0,0.0,0.0,-0.0,0,0
333.211,253.801,-55.48,-3.142,13.023,-0.0,13.023,0.0,0.001,-4.664,0.0,1.0,0.0,0,0.0,0.0,-0.0,3,0
333.311,252.525,-55.48,-3.142,12.553,-0.0,12.553,0.0,0.0,-5.656,0.0,1.0,0.0,0,0.0,1.0,0.0,3,0
333.361,251.906,-55.48,-3.142,12.27,-0.0,12.27,0.0,0.0,-6.847,0.0,1.0,0.0,0,0.0,1.0,0.0,3,0
333.461,250.719,-55.481,-3.142,11.54,-0.0,11.54,0.0,0.0,-7.039,0.0,1.0,0.0,0,0.0,1.0,0.0,3,0
333.561,249.604,-55.481,-3.142,10.852,-0.0,10.852,0.0,0.0,-6.732,0.0,1.0,0.0,0,0.0,1.0,0.0,0,0
333.611,249.068,-55.481,-3.142,10.657,-0.0,10.657,-0.0,0.0,-14.262,0.0,1.0,0.0,0,0.0,1.0,0.0,2,0
333.711,248.079,-55.481,-3.141,9.358,-0.0,9.358,0.0,0.0,-10.762,0.0,1.0,0.0,0,0.0,1.0,0.0,2,0
333.811,247.201,-55.481,-3.141,8.392,-0.0,8.392,-0.0,-0.0,-8.567,0.0,1.0,0.0,0,0.0,1.0,0.0,2,0
333.861,246.794,-55.481,-3.141,7.974,-0.0,7.974,0.0,0.0,-7.262,0.0,1.0,0.0,0,0.0,1.0,0.0,2,0
333.961,246.035,-55.481,-3.141,7.293,-0.0,7.293,0.0,0.0,-5.57,0.0,1.0,0.0,0,0.0,1.0,0.0,0,0
334.061,245.346,-55.481,-3.141,6.206,-0.0,6.206,0.0,0.0,-16.18,0.0,1.0,0.0,0,0.0,1.0,0.0,0,0
334.111,245.077,-55.481,-3.141,4.868,-0.0,4.868,0.0,0.0,-26.126,0.0,1.0,0.0,0,0.0,1.0,0.0,1,0
334.211,244.737,-55.481,-3.141,2.25,-0.0,2.25,0.0,0.0,-26.246,0.0,1.0,0.0,0,0.0,1.0,0.0,1,0
334.261,244.665,-55.481,-3.141,0.951,-0.0,0.951,0.0,0.001,-19.012,0.0,1.0,0.0,0,0.0,1.0,0.0,1,0
334.361,244.651,-55.481,-3.141,0.011,-0.0,-0.011,-0.0,-0.0,-0.038,0.0,1.0,0.0,0,0.0,1.0,0.0,1,1
334.411,244.65,-55.481,-3.141,0.012,-0.0,-0.012,-0.0,0.0,0.022,0.0,1.0,0.0,0,0.0,1.0,0.0,1,1
334.511,244.648,-55.481,-3.141,0.009,-0.0,-0.009,-0.0,0.0,0.04,0.0,1.0,0.0,0,0.0,1.0,0.0,1,1
334.611,244.646,-55.481,-3.141,0.006,-0.0,-0.006,-0.0,0.0,0.028,0.0,1.0,0.0,0,0.0,1.0,0.0,1,1
334.711,244.646,-55.481,-3.141,0.003,-0.0,-0.003,-0.0,0.0,0.016,0.0,1.0,0.0,0,0.0,1.0,0.0,1,1
334.761,244.645,-55.481,-3.141,0.002,-0.0,-0.002,-0.0,0.0,0.012,0.0,1.0,0.0,0,0.0,1.0,0.0,1,1
334.861,244.645,-55.481,-3.141,0.001,-0.0,-0.001,-0.0,0.0,0.007,0.0,1.0,0.0,0,0.0,1.0,0.0,1,1
334.961,244.645,-55.481,-3.141,0.001,-0.0,-0.001,-0.0,0.0,0.003,0.0,1.0,0.0,0,0.0,1.0,0.0,1,1
335.061,244.645,-55.481,-3.141,0.0,-0.0,-0.0,-0.0,0.0,0.007,0.0,1.0,0.0,0,0.0,1.0,0.0,1,1
335.161,244.645,-55.481,-3.141,0.0,-0.0,0.0,-0.0,0.0,0.0,0.0,1.0,0.0,0,0.0,1.0,0.0,1,1
336.211,244.645,-55.481,-3.141,0.0,-0.0,0.0,-0.0,0.0,0.0,0.0,1.0,0.0,0,0.0,1.0,0.0,1,1
337.211,244.645,-55.481,-3.141,0.0,-0.0,0.0,-0.0,0.0,0.0,0.0,1.0,0.0,0,0.0,1.0,0.0,1,1
337.661,244.645,-55.481,-3.141,0.0,-0.0,0.0,-0.0,-0.0,-0.003,0.907,0.0,-0.0,0,1.0,0.0,-0.0,1,1
337.761,244.645,-55.481,-3.141,0.0,0.0,-0.0,-0.0,-0.0,-0.281,1.0,0.0,-0.0,0,1.0,0.0,-0.0,1,1
337.861,244.641,-55.481,-3.141,0.082,0.0,0.082,0.0,-0.0,1.995,1.0,0.0,-0.0,0,1.0,0.0,-0.0,1,1
337.961,244.626,-55.481,-3.142,0.28,0.0,0.28,0.008,0.008,1.975,1.0,0.0,-0.0,0,1.0,0.0,-0.0,1,0
338.061,244.578,-55.481,-3.142,0.65,0.0,0.65,0.004,-0.003,3.481,1.0,0.0,-0.0,0,1.0,0.0,-0.0,1,0
338.111,244.54,-55.481,3.142,0.829,-0.0,0.829,-0.015,0.019,5.157,1.0,0.0,-0.0,0,1.0,0.0,-0.0,1,0
338.211,244.429,-55.481,3.141,1.319,0.0,1.319,0.007,-0.026,4.642,1.0,0.0,-0.001,0,1.0,0.0,-0.0,1,0
338.261,244.35,-55.481,3.141,1.736,0.0,1.736,0.003,0.003,7.091,1.0,0.0,-0.001,0,1.0,0.0,-0.001,1,0
338.361,244.137,-55.481,3.141,2.428,0.001,2.428,0.001,0.011,6.225,1.0,0.0,-0.001,0,1.0,0.0,-0.001,1,0
338.461,243.857,-55.481,3.141,3.135,0.001,3.135,0.001,0.006,8.1,1.0,0.0,-0.001,0,1.0,0.0,-0.001,1,0
338.561,243.499,-55.481,3.141,3.921,0.002,3.921,0.001,0.006,7.62,1.0,0.0,-0.001,0,1.0,0.0,-0.001,1,0
338.611,243.292,-55.481,3.141,4.29,0.002,4.29,0.001,0.006,7.261,1.0,0.0,-0.001,0,1.0,0.0,-0.001,1,0
338.711,242.823,-55.481,3.141,5.013,0.002,5.013,0.001,0.005,7.199,1.0,0.0,-0.001,0,1.0,0.0,-0.001,1,0
338.811,242.284,-55.481,3.141,5.602,0.001,5.602,0.001,0.003,4.584,1.0,0.0,-0.0,0,1.0,0.0,-0.001,1,0
338.861,242.005,-55.481,3.141,5.622,0.001,5.622,0.001,0.002,2.16,1.0,0.0,-0.0,0,1.0,0.0,-0.0,1,0
338.961,241.436,-55.481,3.141,5.709,0.001,5.709,0.001,0.001,-0.066,1.0,0.0,-0.0,0,1.0,0.0,-0.0,0,0
339.011,241.151,-55.481,3.141,5.705,0.001,5.705,0.001,0.005,10.238,1.0,0.0,-0.0,0,1.0,0.0,-0.0,0,0
339.111,240.523,-55.481,3.142,6.878,0.001,6.878,0.001,0.004,11.216,1.0,0.0,-0.0,0,1.0,0.0,-0.0,2,0
339.211,239.773,-55.481,-3.142,7.929,0.001,7.929,0.001,0.004,9.798,1.0,0.0,-0.0,0,1.0,0.0,-0.0,2,0
339.261,239.363,-55.481,-3.142,8.37,0.001,8.37,0.001,0.003,8.156,1.0,0.0,-0.0,0,1.0,0.0,-0.0,2,0
339.361,238.486,-55.481,-3.141,9.031,0.0,9.031,0.0,0.002,-3.46,1.0,0.0,-0.0,0,1.0,0.0,-0.0,0,0
339.461,237.593,-55.481,-3.141,9.045,0.0,9.045,0.0,0.002,3.735,1.0,0.0,-0.0,0,1.0,0.0,-0.0,0,0
339.511,237.125,-55.481,-3.141,9.538,0.0,9.538,0.0,0.001,8.316,1.0,0.0,-0.0,0,1.0,0.0,-0.0,3,0
339.611,236.126,-55.481,-3.141,10.32,0.0,10.32,0.0,0.001,6.678,1.0,0.0,-0.0,0,1.0,0.0,-0.0,3,0
339.711,235.058,-55.481,-3.141,10.966,0.0,10.966,0.0,0.0,5.941,1.0,0.0,0.0,0,1.0,0.0,-0.0,3,0
339.761,234.5,-55.482,-3.141,11.263,0.0,11.263,0.0,0.0,5.745,1.0,0.0,0.0,0,1.0,0.0,0.0,3,0
339.861,233.343,-55.482,-3.141,11.831,-0.0,11.831,-0.0,-0.0,5.53,1.0,0.0,0.0,0,1.0,0.0,0.0,3,0
339.911,232.743,-55.482,-3.141,12.107,-0.0,12.107,-0.0,-0.0,5.474,1.0,0.0,0.0,0,1.0,0.0,0.0,3,0
340.011,231.502,-55.482,-3.141,12.653,-0.0,12.653,-0.0,-0.001,1.12,1.0,0.0,0.0,0,1.0,0.0,0.0,3,0
340.111,230.236,-55.482,-3.141,12.633,-0.0,12.633,-0.0,-0.001,-1.519,1.0,0.0,0.0,0,1.0,0.0,0.0,0,0
340.161,229.598,-55.482,-3.141,12.874,-0.0,12.874,-0.0,-0.001,5.866,1.0,0.0,0.0,0,1.0,0.0,0.0,4,0
340.261,228.279,-55.483,-3.141,13.439,-0.0,13.439,-0.0,-0.001,5.417,1.0,0.0,0.0,0,1.0,0.0,0.0,4,0
340.311,227.599,-55.483,-3.141,13.693,-0.0,13.693,-0.0,-0.001,4.888,1.0,0.0,0.0,0,1.0,0.0,0.0,4,0
340.411,226.203,-55.483,-3.141,14.175,-0.0,14.175,-0.0,-0.001,4.654,1.0,0.0,0.0,0,1.0,0.0,0.0,4,0
340.511,224.76,-55.483,-3.141,14.637,0.0,14.637,-0.0,-0.001,4.592,1.0,0.0,0.0,0,1.0,0.0,0.0,4,0
340.561,224.021,-55.483,-3.141,14.865,0.0,14.865,-0.0,-0.001,4.524,1.0,0.0,0.0,0,1.0,0.0,0.0,4,0
340.661,222.51,-55.484,-3.141,15.317,0.0,15.317,-0.0,-0.001,4.497,1.0,0.0,0.0,0,1.0,0.0,0.0,4,0
340.711,221.737,-55.484,-3.141,15.541,0.0,15.541,-0.0,-0.001,4.49,1.0,0.0,0.0,0,1.0,0.0,0.0,4,0
340.811,220.158,-55.484,-3.141,15.99,0.0,15.99,-0.0,-0.001,2.937,0.91,0.0,0.0,0,1.0,0.0,0.0,4,0
340.911,218.546,-55.484,-3.141,16.149,0.0,16.149,-0.0,-0.0,0.238,0.944,0.0,0.0,0,0.91,0.0,0.0,0,0
340.961,217.739,-55.484,-3.141,16.136,0.0,16.136,-0.0,-0.0,5.497,1.0,0.0,-0.0,0,1.0,0.0,-0.0,5,0
341.061,216.096,-55.485,-3.141,16.641,0.0,16.641,-0.0,-0.0,4.012,0.417,0.0,-0.0,0,0.504,0.0,-0.0,5,0
341.161,214.411,-55.485,-3.141,16.98,0.0,16.98,0.0,0.0,2.774,0.309,0.0,-0.0,0,0.417,0.0,-0.0,5,0
341.211,213.559,-55.485,-3.141,17.063,0.0,17.063,0.0,-0.0,0.839,0.31,0.0,0.0,0,0.298,0.0,-0.0,5,0
341.311,211.849,-55.485,-3.141,17.122,-0.0,17.122,0.0,-0.0,0.047,0.323,0.0,0.0,0,0.323,0.0,0.0,5,0
341.411,210.138,-55.485,-3.141,17.118,-0.0,17.118,-0.0,-0.0,-0.12,0.301,0.0,0.0,0,0.323,0.0,0.0,5,0
341.461,209.282,-55.485,-3.141,17.107,-0.0,17.107,-0.0,-0.0,-0.323,0.287,0.0,0.0,0,0.301,0.0,0.0,5,0
341.561,207.574,-55.486,-3.141,17.071,-0.0,17.071,-0.0,-0.0,-0.404,0.268,0.0,0.0,0,0.287,0.0,0.0,5,0
341.661,205.87,-55.486,-3.141,17.02,0.0,17.02,-0.0,-0.0,-0.539,0.265,0.0,0.0,0,0.268,0.0,0.0,5,0
341.711,205.02,-55.486,-3.141,16.99,0.0,16.99,-0.0,-0.0,-0.618,0.266,0.0,-0.0,0,0.264,0.0,0.0,5,0
341.811,203.324,-55.486,-3.141,16.928,0.0,16.928,-0.0,-0.0,-0.64,0.276,0.0,-0.0,0,0.271,0.0,-0.0,5,0
341.911,201.635,-55.486,-3.141,16.864,0.0,16.864,0.0,-0.0,-0.632,0.0,0.0,-0.0,0,0.276,0.0,-0.0,5,0
341.961,200.793,-55.486,-3.141,16.824,0.0,16.824,0.0,0.0,-1.202,0.0,0.0,-0.0,0,0.0,0.0,-0.0,5,0
342.061,199.117,-55.487,-3.141,16.692,0.0,16.692,0.0,0.0,-0.525,0.0,0.0,-0.0,0,0.0,0.0,-0.0,5,0
342.161,197.451,-55.487,-3.141,16.655,-0.0,16.655,0.0,0.0,-2.3,0.0,0.0,-0.0,0,0.0,0.0,-0.0,0,0
342.211,196.62,-55.487,-3.141,16.54,-0.0,16.54,0.0,0.0,-4.361,0.0,0.0,-0.0,0,0.0,0.0,-0.0,4,0
342.311,194.99,-55.487,-3.141,16.137,-0.0,16.137,0.0,0.0,-3.311,0.0,0.0,-0.0,0,0.0,0.0,-0.0,4,0
342.411,193.395,-55.487,-3.141,15.818,-0.0,15.818,0.0,0.0,-2.903,0.0,0.0,-0.0,0,0.0,0.0,-0.0,4,0
342.511,191.829,-55.488,-3.141,15.533,-0.0,15.533,0.0,0.001,-2.796,0.0,0.0,-0.0,0,0.0,0.0,-0.0,4,0
342.561,191.056,-55.488,-3.141,15.397,-0.0,15.397,0.0,0.001,-2.668,0.0,0.0,-0.0,0,0.0,0.0,-0.0,4,0
342.661,189.531,-55.488,-3.141,15.133,-0.0,15.133,0.0,0.001,-2.593,0.0,0.0,-0.0,0,0.0,0.0,-0.0,4,0
342.761,188.032,-55.488,-3.141,14.875,-0.0,14.875,0.0,0.0,-2.538,0.0,0.0,0.0,0,0.0,0.0,-0.0,4,0
342.861,186.559,-55.488,-3.141,14.622,-0.0,14.622,0.0,0.0,-2.514,0.0,0.0,0.0,0,0.0,0.0,0.0,4,0
342.911,185.831,-55.488,-3.141,14.498,-0.0,14.498,-0.0,-0.001,-2.47,0.0,0.0,0.0,0,0.0,0.0,0.0,4,0
343.011,184.395,-55.489,-3.141,14.252,-0.0,14.252,-0.0,-0.002,-2.427,0.0,0.0,0.0,0,0.0,0.0,0.0,4,0
343.111,182.983,-55.489,-3.141,14.01,-0.0,14.01,-0.0,-0.002,-2.387,0.0,0.0,0.0,0,0.0,0.0,0.0,4,0
343.161,182.286,-55.489,-3.141,13.891,-0.0,13.891,-0.0,-0.002,-2.366,0.0,0.0,0.0,0,0.0,0.0,0.0,4,0
343.261,180.91,-55.489,-3.141,13.655,-0.0,13.655,-0.0,-0.001,-2.327,0.0,0.0,0.0,0,0.0,0.0,0.0,4,0
343.361,179.557,-55.489,-3.141,13.423,0.0,13.423,-0.0,-0.0,-2.288,0.0,0.0,-0.0,0,0.0,0.0,-0.0,4,0
343.411,178.89,-55.489,-3.141,13.309,0.0,13.309,-0.0,0.0,0.516,0.0,0.0,-0.0,0,0.0,0.0,-0.0,0,0
343.511,177.558,-55.489,-3.141,13.285,0.0,13.285,0.0,0.001,-4.323,0.0,1.0,0.0,0,0.0,0.0,-0.0,0,0
343.611,176.254,-55.49,-3.141,12.793,0.0,12.793,0.0,-0.0,-6.134,0.0,1.0,0.0,0,0.0,1.0,0.0,3,0
343.711,175.01,-55.49,-3.141,12.13,-0.0,12.13,0.0,0.0,-7.13,0.0,1.0,0.0,0,0.0,1.0,0.0,3,0
343.761,174.416,-55.49,-3.141,11.731,-0.0,11.731,0.0,0.0,-8.0,0.0,1.0,0.0,0,0.0,1.0,0.0,3,0
343.861,173.286,-55.49,-3.141,11.031,-0.0,11.031,0.0,0.0,-7.494,0.0,1.0,0.0,0,0.0,1.0,0.0,0,0
343.961,172.219,-55.49,-3.141,10.287,-0.0,10.287,0.0,0.0,-12.787,0.0,1.0,0.0,0,0.0,1.0,0.0,2,0
344.061,171.26,-55.49,-3.141,9.088,-0.0,9.088,0.0,0.0,-11.187,0.0,1.0,0.0,0,0.0,1.0,0.0,2,0
344.111,170.821,-55.49,-3.141,8.58,-0.0,8.58,-0.0,0.0,-7.977,0.0,1.0,0.0,0,0.0,1.0,0.0,2,0
344.211,170.008,-55.49,-3.141,7.771,-0.0,7.771,0.0,3.228,-6.451,0.0,0.0,-0.0,0,1.0,0.0,-1.0,2,0
344.311,169.26,-55.501,-3.134,7.355,0.06,7.355,0.071,-0.882,-1.885,0.0,0.0,0.004,0,0.0,0.0,-0.0,0,0
344.361,168.891,-55.506,-3.132,7.355,0.015,7.355,0.026,-0.491,-12.769,0.0,0.0,0.014,0,0.0,0.0,0.01,1,0
344.461,168.224,-55.511,-3.132,6.224,-0.023,6.224,-0.021,-0.294,-7.244,0.0,0.0,0.014,0,0.0,0.0,0.016,1,0
344.561,167.642,-55.513,-3.134,5.521,-0.032,5.521,-0.068,-0.139,-6.336,0.0,0.0,0.014,0,0.0,0.0,0.014,1,0
344.661,167.12,-55.513,-3.137,5.025,-0.026,5.025,-0.08,-0.053,-3.582,0.0,0.0,0.012,0,0.0,0.0,0.014,1,0
344.761,166.646,-55.512,-3.139,4.498,-0.023,4.498,-0.018,-0.04,-5.148,0.0,0.0,0.01,0,0.0,0.0,0.01,1,0
344.811,166.428,-55.511,-3.14,4.274,-0.022,4.274,-0.016,-0.035,-4.027,0.0,0.0,0.007,0,0.0,0.0,0.01,1,0
344.911,166.022,-55.51,-3.141,3.889,-0.016,3.889,-0.013,0.008,-3.278,0.0,0.0,0.006,0,0.0,0.0,0.006,1,0
345.011,165.651,-55.509,3.141,3.573,-0.012,3.573,-0.015,-0.001,-3.042,0.0,0.0,0.006,0,0.0,0.0,0.006,1,0
345.111,165.309,-55.507,3.14,3.287,-0.01,3.287,-0.014,-0.006,-2.808,0.0,0.0,0.004,0,0.0,0.0,0.006,1,0
345.161,165.148,-55.507,3.14,3.152,-0.007,3.152,0.002,0.014,-2.603,0.0,0.0,0.003,0,0.0,0.0,0.003,1,0
345.261,164.847,-55.506,3.139,2.897,-0.005,2.897,0.003,0.002,-2.398,0.0,0.0,0.003,0,0.0,0.0,0.003,1,0
345.361,164.571,-55.504,3.139,2.662,-0.004,2.662,0.004,-0.0,-2.206,1.0,0.0,0.003,0,0.0,0.0,0.003,1,0
345.461,164.317,-55.503,3.139,2.414,-0.004,2.414,0.01,0.089,-1.835,1.0,0.0,-0.002,0,1.0,0.0,-0.002,1,0
345.561,164.084,-55.503,3.139,2.299,0.002,2.299,0.014,0.023,-0.459,1.0,0.0,-0.002,0,1.0,0.0,-0.002,1,0
345.611,163.967,-55.503,3.139,2.375,0.003,2.375,-0.01,0.006,3.687,1.0,0.0,-0.002,0,1.0,0.0,-0.002,1,0
345.711,163.706,-55.502,3.139,2.837,0.003,2.837,-0.006,0.008,7.449,1.0,0.0,-0.002,0,1.0,0.0,-0.002,1,0
345.811,163.38,-55.502,3.139,3.601,0.003,3.601,0.002,0.01,7.485,1.0,0.0,-0.001,0,1.0,0.0,-0.002,1,0
345.911,162.978,-55.501,3.14,4.341,0.003,4.341,0.002,0.011,7.313,1.0,0.0,-0.001,0,1.0,0.0,-0.001,1,0
345.961,162.75,-55.501,3.14,4.703,0.003,4.703,0.002,0.011,7.19,1.0,0.0,-0.001,0,1.0,0.0,-0.001,1,0
346.061,162.24,-55.5,3.14,5.422,0.003,5.422,0.002,0.006,3.43,1.0,0.0,-0.001,0,1.0,0.0,-0.001,1,0
346.161,161.681,-55.5,3.14,5.625,0.003,5.625,0.002,0.005,2.376,1.0,0.0,-0.001,0,1.0,0.0,-0.001,1,0
346.261,161.111,-55.499,3.14,5.722,0.002,5.722,0.002,0.004,-0.063,1.0,0.0,-0.001,0,1.0,0.0,-0.001,0,0
346.361,160.529,-55.499,3.141,6.237,0.002,6.237,0.002,0.012,13.383,1.0,0.0,-0.001,0,1.0,0.0,-0.001,2,0
346.411,160.195,-55.499,3.141,6.906,0.002,6.906,0.002,0.01,11.333,1.0,0.0,-0.001,0,1.0,0.0,-0.001,2,0
346.511,159.443,-55.498,3.141,7.967,0.002,7.967,0.002,0.009,8.888,1.0,0.0,-0.0,0,1.0,0.0,-0.0,2,0
346.611,158.597,-55.498,3.141,8.821,0.001,8.821,0.001,0.006,0.08,1.0,0.0,-0.0,0,1.0,0.0,-0.0,2,0
346.711,157.707,-55.497,3.141,8.993,0.001,8.993,0.001,0.007,2.613,1.0,0.0,-0.0,0,1.0,0.0,-0.0,0,0
346.761,157.26,-55.497,3.141,9.123,0.001,9.123,0.001,0.007,9.47,1.0,0.0,-0.0,0,1.0,0.0,-0.0,3,0
346.861,156.296,-55.497,3.141,10.003,0.001,10.003,0.001,0.006,7.208,1.0,0.0,-0.0,0,1.0,0.0,-0.0,3,0
346.961,155.257,-55.497,3.141,10.693,0.0,10.693,0.001,0.005,6.178,1.0,0.0,-0.0,0,1.0,0.0,-0.0,3,0
347.061,154.154,-55.496,3.141,11.297,0.0,11.297,0.001,0.004,5.719,1.0,0.0,-0.0,0,1.0,0.0,-0.0,3,0
347.161,152.993,-55.496,3.141,11.863,0.0,11.863,0.0,0.004,5.518,1.0,0.0,-0.0,0,1.0,0.0,-0.0,3,0
347.261,151.776,-55.496,3.141,12.412,0.0,12.412,0.0,0.004,5.466,1.0,0.0,-0.0,0,1.0,0.0,-0.0,3,0
347.361,150.512,-55.496,3.141,12.74,0.0,12.74,0.0,0.003,1.114,1.0,0.0,-0.0,0,1.0,0.0,-0.0,3,0
347.411,149.878,-55.496,3.141,12.664,0.0,12.664,0.0,0.003,4.814,1.0,0.0,-0.0,0,1.0,0.0,-0.0,0,0
347.511,148.585,-55.495,3.141,13.198,0.0,13.198,0.0,0.003,5.418,1.0,0.0,-0.0,0,1.0,0.0,-0.0,4,0
347.611,147.235,-55.495,3.142,13.724,0.0,13.724,0.0,0.003,4.889,1.0,0.0,-0.0,0,1.0,0.0,-0.0,4,0
347.711,145.836,-55.495,3.142,14.206,0.0,14.206,0.0,0.003,4.654,1.0,0.0,-0.0,0,1.0,0.0,-0.0,4,0
347.811,144.39,-55.495,3.142,14.669,0.0,14.669,0.0,0.003,4.551,1.0,0.0,-0.0,0,1.0,0.0,-0.0,4,0
347.911,142.898,-55.495,3.142,15.122,-0.0,15.122,0.0,0.002,4.525,1.0,0.0,-0.0,0,1.0,0.0,-0.0,4,0
348.011,141.361,-55.495,-3.142,15.573,-0.0,15.573,0.0,0.003,4.497,1.0,0.0,-0.0,0,1.0,0.0,-0.0,4,0
348.111,139.779,-55.495,-3.142,16.021,-0.0,16.021,0.0,0.002,4.487,1.0,0.0,-0.0,0,1.0,0.0,-0.0,4,0
348.211,138.167,-55.495,-3.142,16.126,-0.0,16.126,0.0,0.002,1.429,1.0,0.0,-0.0,0,0.978,0.0,-0.0,0,0
348.311,136.543,-55.495,-3.142,16.445,-0.0,16.445,0.0,0.002,4.947,1.0,0.0,-0.0,0,1.0,0.0,-0.0,5,0
348.411,134.874,-55.495,-3.142,16.868,-0.0,16.868,0.0,0.002,3.951,0.403,0.0,-0.0,0,0.53,0.0,-0.0,5,0
348.461,134.026,-55.495,-3.142,17.005,-0.0,17.005,0.0,0.002,1.61,0.279,0.0,-0.0,0,0.293,0.0,-0.0,5,0
348.561,132.318,-55.495,-3.142,17.124,-0.0,17.124,0.0,0.001,0.257,0.0,0.0,-0.0,0,0.293,0.0,-0.0,5,0
348.661,130.605,-55.496,-3.142,17.125,-0.0,17.125,0.0,0.001,-0.881,0.0,0.0,-0.0,0,0.0,0.0,-0.0,5,0
348.761,128.898,-55.496,-3.142,17.017,-0.0,17.017,0.0,0.001,-1.502,0.0,0.0,-0.0,0,0.0,0.0,-0.0,5,0
348.861,127.206,-55.496,-3.142,16.861,-0.0,16.861,0.0,0.0,-0.36,0.0,0.0,0.0,0,0.0,0.0,0.0,5,0
348.961,125.521,-55.496,-3.142,16.838,-0.0,16.838,0.0,0.0,-3.377,0.0,0.0,0.0,0,0.0,0.0,0.0,0,0
349.061,123.857,-55.496,-3.142,16.457,-0.0,16.457,-0.0,0.0,-3.682,0.0,0.0,0.0,0,0.0,0.0,0.0,4,0
349.161,122.231,-55.496,-3.142,16.107,-0.0,16.107,-0.0,-0.0,-3.072,0.0,0.0,-0.0,0,0.0,0.0,0.0,4,0
349.261,120.637,-55.496,-3.142,15.808,0.0,15.808,-0.0,0.0,-2.917,0.0,0.0,-0.0,0,0.0,0.0,-0.0,4,0
349.361,119.072,-55.497,-3.142,15.53,0.0,15.53,0.0,0.001,-2.741,0.0,0.0,-0.0,0,0.0,0.0,-0.0,4,0
349.461,117.534,-55.497,-3.141,15.263,0.0,15.263,0.0,0.001,-2.614,0.0,0.0,-0.0,0,0.0,0.0,-0.0,4,0
349.511,116.774,-55.497,-3.141,15.133,0.0,15.133,0.0,0.001,-2.585,0.0,0.0,-0.0,0,0.0,0.0,-0.0,4,0
349.611,115.275,-55.497,-3.141,14.875,-0.0,14.875,0.0,0.001,-2.535,0.0,0.0,-0.0,0,0.0,0.0,-0.0,4,0
349.711,113.802,-55.497,-3.141,14.623,-0.0,14.623,0.0,0.001,-2.491,0.0,0.0,-0.0,0,0.0,0.0,-0.0,4,0
349.861,111.638,-55.497,-3.141,14.253,-0.0,14.253,0.0,0.001,-2.448,0.0,0.0,-0.0,0,0.0,0.0,-0.0,4,0
349.961,110.227,-55.498,-3.141,13.978,-0.0,13.978,0.0,0.0,-3.066,0.0,1.0,0.0,0,0.0,1.0,0.0,4,0
350.061,108.855,-55.498,-3.141,13.483,-0.0,13.483,0.0,0.0,-5.382,0.0,1.0,0.0,0,0.0,1.0,0.0,4,0
350.161,107.539,-55.498,-3.141,12.845,-0.0,12.845,0.0,0.0,-9.329,0.0,0.0,0.0,0,0.0,1.0,0.0,3,0
350.261,106.306,-55.498,-3.141,11.982,-0.0,11.982,-0.0,-0.004,-7.93,0.0,0.0,0.0,0,0.0,0.0,0.0,3,0
350.361,105.134,-55.498,-3.141,11.536,-0.0,11.536,-0.0,-0.001,-3.67,0.0,0.0,0.0,0,0.0,0.0,0.0,3,0
350.461,103.998,-55.498,-3.141,11.212,-0.0,11.212,-0.0,-0.0,-3.197,0.0,0.0,0.0,0,0.0,0.0,0.0,3,0
350.561,102.893,-55.499,-3.141,10.919,-0.0,10.919,-0.0,-0.0,-3.032,0.0,0.0,-0.003,0,0.0,0.0,0.0,3,0
350.611,102.351,-55.499,-3.141,10.783,0.005,10.783,0.005,0.108,-2.924,0.0,0.0,-0.026,0,0.0,0.0,-0.003,3,0
350.761,100.753,-55.508,-3.136,10.614,0.062,10.614,0.075,0.971,-0.092,0.0,0.0,-0.072,0,0.0,0.0,-0.028,0,0
350.861,99.73,-55.534,-3.12,9.845,0.157,9.844,0.197,2.248,-7.137,0.0,0.0,-0.123,0,0.0,0.0,-0.073,2,0
350.961,98.786,-55.584,-3.097,9.186,0.246,9.183,0.29,3.417,-5.457,0.0,0.0,-0.179,0,0.0,0.0,-0.125,2,0
351.061,97.901,-55.668,-3.061,8.663,0.353,8.655,0.421,4.259,-5.0,0.0,0.0,-0.23,0,0.0,0.0,-0.178,2,0
351.161,97.071,-55.794,-3.013,8.184,0.449,8.172,0.543,4.827,-4.827,0.0,0.0,-0.216,0,0.0,0.0,-0.225,2,0
351.311,95.927,-56.06,-2.927,7.532,0.513,7.515,0.609,5.493,-4.841,0.0,0.0,-0.251,0,0.0,0.0,-0.262,2,0
351.411,95.232,-56.284,-2.866,7.138,0.507,7.12,0.593,3.983,-4.211,0.0,0.0,-0.271,0,0.0,0.0,-0.239,2,0
351.511,94.584,-56.544,-2.804,6.953,0.578,6.928,0.628,4.192,-0.601,0.0,0.0,-0.241,0,0.0,0.0,-0.257,0,0
351.611,93.974,-56.836,-2.744,6.403,0.55,6.379,0.55,3.167,-11.181,0.0,0.0,-0.275,0,0.0,0.0,-0.241,1,0
351.711,93.457,-57.128,-2.69,5.681,0.588,5.651,0.532,3.527,-6.484,0.0,0.0,-0.262,0,0.0,0.0,-0.275,1,0
351.811,92.999,-57.417,-2.642,5.173,0.505,5.149,0.473,2.787,-4.517,0.0,0.0,-0.288,0,0.0,0.0,-0.298,1,0
351.911,92.6,-57.704,-2.595,4.644,0.57,4.609,0.457,1.679,-5.463,0.48,0.0,-0.263,0,0.0,0.0,-0.276,1,0
352.011,92.264,-57.981,-2.553,4.183,0.503,4.153,0.389,0.51,-4.143,0.772,0.0,-0.304,0,0.48,0.0,-0.263,1,0
352.111,91.965,-58.255,-2.511,4.035,0.584,3.992,0.43,1.727,1.648,0.739,0.0,-0.279,0,0.853,0.0,-0.292,1,0
352.211,91.67,-58.549,-2.469,4.294,0.582,4.254,0.422,1.662,3.152,0.401,0.0,-0.253,0,0.567,0.0,-0.266,1,0
352.311,91.363,-58.874,-2.428,4.588,0.557,4.554,0.409,1.556,2.337,0.39,0.0,-0.297,0,0.401,0.0,-0.253,1,0
352.411,91.062,-59.227,-2.381,4.678,0.633,4.635,0.477,2.375,0.369,0.608,0.0,-0.27,0,0.39,0.0,-0.297,1,0
352.461,90.916,-59.411,-2.358,4.719,0.622,4.678,0.466,1.808,1.216,0.621,0.0,-0.256,0,0.608,0.0,-0.27,1,0
352.561,90.627,-59.795,-2.313,4.891,0.584,4.856,0.438,3.805,1.222,0.473,0.0,-0.299,0,0.556,0.0,-0.311,1,0
352.661,90.35,-60.208,-2.264,5.065,0.671,5.02,0.516,2.326,1.125,0.431,0.0,-0.27,0,0.468,0.0,-0.286,1,0
352.761,90.084,-60.644,-2.214,5.068,0.596,5.033,0.526,1.977,0.074,0.769,0.0,-0.304,0,0.427,0.0,-0.255,1,0
352.861,89.838,-61.084,-2.167,5.051,0.611,5.014,0.495,3.021,-1.063,0.77,0.0,-0.279,0,0.769,0.0,-0.304,1,0
352.961,89.614,-61.547,-2.117,5.192,0.624,5.155,0.486,2.036,0.746,0.496,0.0,-0.265,0,0.77,0.0,-0.279,1,0
353.011,89.507,-61.782,-2.093,5.125,0.576,5.093,0.477,1.449,-1.301,0.843,0.0,-0.28,0,0.551,0.0,-0.251,1,0
353.111,89.312,-62.248,-2.047,5.096,0.563,5.065,0.475,3.768,6.738,0.743,0.0,-0.256,0,0.891,0.0,-0.268,1,0
353.211,89.129,-62.758,-1.998,5.494,0.577,5.464,0.488,2.811,-0.172,0.418,0.0,-0.26,0,0.0,0.0,-0.274,1,0
353.311,88.966,-63.282,-1.948,5.499,0.562,5.47,0.489,2.283,-0.331,0.468,0.0,-0.246,0,0.418,0.0,-0.26,1,0
353.361,88.892,-63.546,-1.924,5.491,0.538,5.465,0.476,1.916,-0.333,0.499,0.0,-0.218,0,0.487,0.0,-0.232,1,0
353.461,88.76,-64.078,-1.88,5.481,0.483,5.459,0.429,1.86,-0.27,0.497,0.0,-0.223,0,0.499,0.0,-0.218,1,0
353.511,88.702,-64.345,-1.858,5.476,0.475,5.456,0.42,1.931,-0.193,0.494,0.0,-0.199,0,0.493,0.0,-0.211,1,0
353.611,88.599,-64.883,-1.818,5.478,0.438,5.461,0.387,1.897,-0.143,0.476,0.0,-0.185,0,0.485,0.0,-0.197,1,0
353.661,88.555,-65.153,-1.799,5.479,0.428,5.463,0.38,1.614,-0.09,0.474,0.0,-0.174,0,0.476,0.0,-0.185,1,0
353.761,88.478,-65.695,-1.763,5.483,0.389,5.47,0.345,1.356,-0.095,0.464,0.0,-0.157,0,0.467,0.0,-0.163,1,0
353.861,88.416,-66.24,-1.731,5.482,0.35,5.471,0.311,1.224,-0.15,0.466,0.0,-0.138,0,0.463,0.0,-0.147,1,0
353.961,88.368,-66.785,-1.702,5.474,0.311,5.465,0.276,1.047,-0.172,0.472,0.0,-0.12,0,0.468,0.0,-0.129,1,0
354.011,88.348,-67.058,-1.689,5.469,0.291,5.461,0.257,0.989,-0.176,0.996,0.0,-0.112,0,0.472,0.0,-0.12,1,0
354.111,88.315,-67.603,-1.665,5.462,0.256,5.456,0.225,0.893,0.442,1.0,0.0,-0.095,0,0.653,0.0,-0.105,1,0
354.211,88.292,-68.152,-1.644,5.537,0.225,5.532,0.196,0.786,0.976,1.0,0.0,-0.073,0,1.0,0.0,-0.095,1,0
354.261,88.283,-68.432,-1.635,5.629,0.202,5.626,0.177,0.451,-0.33,1.0,0.0,-0.066,0,1.0,0.0,-0.073,0,0
354.311,88.274,-68.712,-1.627,5.614,0.179,5.611,0.157,0.453,-0.048,1.0,0.0,-0.059,0,1.0,0.0,-0.066,0,0
354.411,88.262,-69.292,-1.612,6.29,0.161,6.288,0.139,0.839,12.995,1.0,0.0,-0.047,0,1.0,0.0,-0.053,2,0
354.511,88.252,-69.993,-1.599,7.494,0.144,7.492,0.13,0.752,11.051,1.0,0.0,-0.041,0,1.0,0.0,-0.047,2,0
354.561,88.249,-70.383,-1.593,7.978,0.13,7.977,0.123,0.632,8.748,1.0,0.0,-0.03,0,1.0,0.0,-0.035,2,0
354.661,88.245,-71.229,-1.582,8.822,0.097,8.822,0.101,0.497,5.051,1.0,0.0,-0.02,0,1.0,0.0,-0.025,2,0
354.761,88.247,-72.126,-1.573,8.903,0.058,8.903,0.076,0.291,-3.437,1.0,0.0,-0.013,0,1.0,0.0,-0.02,0,0
354.811,88.249,-72.575,-1.57,9.09,0.045,9.089,0.064,0.396,9.846,1.0,0.0,-0.009,0,1.0,0.0,-0.013,3,0
354.911,88.256,-73.537,-1.565,9.998,0.028,9.998,0.043,0.228,7.338,1.0,0.0,-0.004,0,1.0,0.0,-0.007,3,0
355.011,88.265,-74.577,-1.561,10.699,0.012,10.699,0.024,0.133,6.681,1.0,0.0,-0.001,0,1.0,0.0,-0.004,3,0
355.061,88.271,-75.121,-1.56,11.011,0.007,11.011,0.017,0.027,5.944,1.0,0.0,0.0,0,1.0,0.0,-0.001,3,0
355.161,88.284,-76.255,-1.559,11.595,-0.001,11.595,0.004,-0.01,5.561,0.321,0.0,0.002,0,0.965,0.0,0.001,3,0
355.211,88.29,-76.843,-1.559,11.873,-0.003,11.873,0.0,-0.07,5.038,0.453,0.0,0.002,0,0.321,0.0,0.002,3,0
355.311,88.303,-78.056,-1.56,12.303,-0.005,12.303,-0.006,-0.12,2.033,0.023,0.0,0.003,0,0.0,0.0,0.003,3,0
355.411,88.315,-79.294,-1.561,12.411,-0.006,12.411,-0.01,-0.113,0.142,0.0,0.0,0.003,0,0.023,0.0,0.003,3,0
355.461,88.321,-79.913,-1.561,12.356,-0.006,12.356,-0.012,-0.127,-1.897,0.0,0.0,0.003,0,0.0,0.0,0.003,3,0
355.561,88.332,-81.136,-1.562,12.144,-0.005,12.144,-0.013,-0.126,-2.646,0.0,0.0,0.003,0,0.0,0.0,0.003,3,0
355.661,88.34,-82.335,-1.564,11.879,-0.004,11.879,-0.016,-0.138,-2.645,0.0,0.0,0.003,0,0.0,0.0,0.003,3,0
355.711,88.344,-82.925,-1.564,11.734,-0.004,11.734,-0.009,-0.111,-2.705,0.0,0.0,0.002,0,0.0,0.0,0.002,3,0
355.811,88.351,-84.082,-1.565,11.449,-0.003,11.449,-0.01,-0.096,-2.724,0.0,0.0,0.002,0,0.0,0.0,0.002,3,0
355.861,88.354,-84.65,-1.566,11.313,-0.003,11.313,-0.009,-0.078,-2.979,0.0,0.0,0.002,0,0.0,0.0,0.002,3,0
355.961,88.359,-85.766,-1.566,11.029,-0.002,11.029,-0.007,-0.064,-2.937,0.0,1.0,0.0,0,0.0,0.0,0.001,3,0
356.061,88.363,-86.852,-1.567,10.724,0.001,10.724,-0.003,-0.014,-3.417,0.0,1.0,0.0,0,0.0,1.0,0.0,3,0
356.161,88.367,-87.904,-1.567,10.338,0.001,10.338,-0.001,-0.014,-4.301,0.0,1.0,0.0,0,0.0,1.0,0.0,0,0
356.211,88.369,-88.41,-1.567,9.89,0.001,9.89,-0.0,-0.009,-11.843,0.0,1.0,0.0,0,0.0,1.0,0.0,2,0
356.311,88.372,-89.333,-1.567,8.756,0.0,8.756,-0.0,-0.003,-8.598,0.0,1.0,0.0,0,0.0,1.0,0.0,2,0
356.411,88.375,-90.161,-1.567,7.903,-0.0,7.903,-0.0,-0.002,-8.451,0.0,1.0,0.0,0,0.0,1.0,0.0,2,0
356.461,88.377,-90.545,-1.567,7.54,-0.0,7.54,-0.0,-0.0,-7.307,0.0,1.0,0.0,0,0.0,1.0,0.0,2,0
356.561,88.379,-91.261,-1.567,6.899,-0.0,6.899,0.0,0.0,-19.219,0.0,1.0,0.0,0,0.0,1.0,0.0,0,0
356.661,88.381,-91.836,-1.567,4.621,-0.0,4.621,-0.0,0.0,-26.464,0.0,1.0,0.0,0,0.0,1.0,0.0,1,0
356.711,88.382,-92.026,-1.567,3.298,-0.0,3.298,0.0,0.0,-26.204,0.0,1.0,0.0,0,0.0,1.0,0.0,1,0
356.811,88.383,-92.209,-1.567,0.693,-0.0,0.693,0.0,0.001,-13.934,0.0,1.0,0.0,0,0.0,1.0,0.0,1,0
356.911,88.383,-92.216,-1.567,0.011,-0.0,-0.011,-0.0,-0.001,-0.16,0.0,1.0,0.0,0,0.0,1.0,0.0,1,1
356.961,88.383,-92.217,-1.567,0.012,-0.0,-0.012,-0.0,0.0,0.027,0.0,1.0,0.0,0,0.0,1.0,0.0,1,1
357.061,88.383,-92.219,-1.567,0.009,-0.0,-0.009,-0.0,0.0,0.039,0.0,1.0,0.0,0,0.0,1.0,0.0,1,1
357.161,88.383,-92.22,-1.567,0.005,-0.0,-0.005,-0.0,0.0,0.027,0.0,1.0,0.0,0,0.0,1.0,0.0,1,1
357.211,88.383,-92.221,-1.567,0.004,-0.0,-0.004,-0.0,0.0,0.021,0.0,1.0,0.0,0,0.0,1.0,0.0,1,1
357.311,88.383,-92.221,-1.567,0.002,-0.0,-0.002,-0.0,-0.0,0.012,0.0,1.0,0.0,0,0.0,1.0,0.0,1,1
357.411,88.383,-92.222,-1.567,0.001,-0.0,-0.001,-0.0,0.0,0.006,0.0,1.0,0.0,0,0.0,1.0,0.0,1,1
357.511,88.383,-92.222,-1.567,0.001,-0.0,-0.001,-0.0,-0.0,0.004,0.0,1.0,0.0,0,0.0,1.0,0.0,1,1
357.611,88.383,-92.222,-1.567,0.0,-0.0,0.0,-0.0,0.0,0.009,0.0,1.0,0.0,0,0.0,1.0,0.0,1,1
357.711,88.383,-92.222,-1.567,0.0,-0.0,0.0,-0.0,0.0,0.0,0.0,1.0,0.0,0,0.0,1.0,0.0,1,1
358.761,88.383,-92.222,-1.567,0.0,-0.0,0.0,-0.0,0.0,0.0,0.0,1.0,0.0,0,0.0,1.0,0.0,1,1
359.761,88.383,-92.222,-1.567,0.0,-0.0,0.0,-0.0,0.0,0.0,0.0,1.0,0.0,0,0.0,1.0,0.0,1,1
360.811,88.383,-92.222,-1.567,0.0,-0.0,0.0,-0.0,0.0,0.0,0.0,1.0,0.0,0,0.0,1.0,0.0,1,1
