timestamp,x,y,yaw,v_total,v_lat,v_long,w_z,a_lat,a_long,throttle_cmd,brake_cmd,steer_cmd,gear_cmd,throttle_real,brake_real,steer_real,gear_real,is_idle
148.788,130.365,1.96,-3.142,0.0,-0.0,0.0,-0.0,-0.0,0.0,0.0,1.0,0.0,0,0.0,1.0,0.0,0,1
148.838,130.365,1.96,-3.142,0.0,-0.0,0.0,-0.0,0.0,0.0,0.0,1.0,0.0,0,0.0,1.0,0.0,0,1
148.938,130.365,1.96,-3.142,0.0,0.0,-0.0,-0.0,-0.0,-0.0,0.0,1.0,0.0,0,0.0,1.0,0.0,0,1
149.038,130.365,1.96,-3.142,0.0,0.0,-0.0,0.0,-0.0,-0.0,0.0,1.0,0.0,0,0.0,1.0,0.0,0,1
149.188,130.365,1.96,-3.142,0.0,-0.0,-0.0,-0.0,-0.0,-0.0,0.0,1.0,0.0,0,0.0,1.0,0.0,0,1
149.338,130.365,1.96,-3.142,0.0,0.0,-0.0,0.0,0.0,0.0,0.0,1.0,0.0,0,0.0,1.0,0.0,0,1
149.488,130.365,1.96,-3.142,0.0,0.0,-0.0,0.0,-0.0,0.0,0.0,1.0,0.0,0,0.0,1.0,0.0,0,1
149.638,130.365,1.96,-3.142,0.0,-0.0,-0.0,0.0,0.0,0.0,0.0,1.0,0.0,0,0.0,1.0,0.0,0,1
149.788,130.365,1.96,-3.142,0.0,-0.0,0.0,-0.0,0.0,0.0,0.0,1.0,0.0,0,0.0,1.0,0.0,0,1
149.938,130.365,1.96,-3.142,0.0,-0.0,0.0,-0.0,0.0,0.0,0.0,1.0,0.0,0,0.0,1.0,0.0,0,1
150.038,130.365,1.96,-3.142,0.0,-0.0,0.0,-0.0,0.0,0.0,0.0,1.0,0.0,0,0.0,1.0,0.0,0,1
150.188,130.365,1.96,-3.142,0.0,-0.0,0.0,-0.0,0.0,0.0,0.0,1.0,0.0,0,0.0,1.0,0.0,0,1
150.338,130.365,1.96,-3.142,0.0,-0.0,0.0,-0.0,0.0,0.0,0.0,1.0,0.0,0,0.0,1.0,0.0,0,1
150.488,130.365,1.96,-3.142,0.0,-0.0,0.0,-0.0,0.0,0.0,0.0,1.0,0.0,0,0.0,1.0,0.0,0,1
150.588,130.365,1.96,-3.142,0.0,-0.0,0.0,-0.0,0.0,0.0,0.0,1.0,0.0,0,0.0,1.0,0.0,0,1
150.738,130.365,1.96,-3.142,0.0,-0.0,0.0,-0.0,0.0,0.0,0.0,1.0,0.0,0,0.0,1.0,0.0,0,1
150.938,130.365,1.96,-3.142,0.0,-0.0,0.0,-0.0,0.0,0.0,0.0,1.0,0.0,0,0.0,1.0,0.0,0,1
151.038,130.365,1.96,-3.142,0.0,-0.0,0.0,-0.0,0.0,0.0,0.0,1.0,0.0,0,0.0,1.0,0.0,0,1
151.238,130.365,1.96,-3.142,0.0,-0.0,0.0,-0.0,0.0,0.0,0.0,1.0,0.0,0,0.0,1.0,0.0,0,1
151.388,130.365,1.96,-3.142,0.0,-0.0,0.0,-0.0,0.0,0.0,0.0,1.0,0.0,0,0.0,1.0,0.0,0,1
151.538,130.365,1.96,-3.142,0.0,-0.0,0.0,-0.0,0.0,0.0,0.0,1.0,0.0,0,0.0,1.0,0.0,0,1
151.688,130.365,1.96,-3.142,0.0,-0.0,0.0,-0.0,0.0,0.0,0.0,1.0,0.0,0,0.0,1.0,0.0,0,1
151.788,130.365,1.96,-3.142,0.0,-0.0,0.0,-0.0,0.0,0.0,0.0,1.0,0.0,0,0.0,1.0,0.0,0,1
151.938,130.365,1.96,-3.142,0.0,-0.0,0.0,-0.0,0.0,0.0,0.0,1.0,0.0,0,0.0,1.0,0.0,0,1
152.088,130.365,1.96,-3.142,0.0,-0.0,0.0,-0.0,0.0,0.0,0.0,1.0,0.0,0,0.0,1.0,0.0,0,1
152.238,130.365,1.96,-3.142,0.0,-0.0,0.0,-0.0,0.0,0.0,0.0,1.0,0.0,0,0.0,1.0,0.0,0,1
152.388,130.365,1.96,-3.142,0.0,-0.0,0.0,-0.0,0.0,0.0,0.0,1.0,0.0,0,0.0,1.0,0.0,0,1
152.538,130.365,1.96,-3.142,0.0,-0.0,0.0,-0.0,0.0,0.0,0.0,1.0,0.0,0,0.0,1.0,0.0,0,1
152.688,130.365,1.96,-3.142,0.0,-0.0,0.0,-0.0,0.0,0.0,0.0,1.0,0.0,0,0.0,1.0,0.0,0,1
152.838,130.365,1.96,-3.142,0.0,-0.0,0.0,-0.0,0.0,0.0,0.0,1.0,0.0,0,0.0,1.0,0.0,0,1
152.988,130.365,1.96,-3.142,0.0,-0.0,0.0,-0.0,0.0,0.0,0.0,1.0,0.0,0,0.0,1.0,0.0,0,1
153.138,130.365,1.96,-3.142,0.0,-0.0,0.0,-0.0,0.0,0.0,0.0,1.0,0.0,0,0.0,1.0,0.0,0,1
153.288,130.365,1.96,-3.142,0.0,-0.0,0.0,-0.0,0.0,0.0,0.0,1.0,0.0,0,0.0,1.0,0.0,0,1
153.438,130.365,1.96,-3.142,0.0,-0.0,0.0,-0.0,0.0,0.0,0.0,1.0,0.0,0,0.0,1.0,0.0,0,1
153.588,130.365,1.96,-3.142,0.0,-0.0,0.0,-0.0,0.0,0.0,0.0,1.0,0.0,0,0.0,1.0,0.0,0,1
153.738,130.365,1.96,-3.142,0.0,-0.0,0.0,-0.0,0.0,0.0,0.0,1.0,0.0,0,0.0,1.0,0.0,0,1
153.888,130.365,1.96,-3.142,0.0,-0.0,0.0,-0.0,0.0,0.0,0.0,1.0,0.0,0,0.0,1.0,0.0,0,1
154.038,130.365,1.96,-3.142,0.0,-0.0,0.0,-0.0,0.0,0.0,0.0,1.0,0.0,0,0.0,1.0,0.0,0,1
154.188,130.365,1.96,-3.142,0.0,-0.0,0.0,-0.0,0.0,0.0,0.0,1.0,0.0,0,0.0,1.0,0.0,0,1
154.338,130.365,1.96,-3.142,0.0,-0.0,0.0,-0.0,0.0,0.0,0.0,1.0,0.0,0,0.0,1.0,0.0,0,1
154.488,130.365,1.96,-3.142,0.0,-0.0,0.0,-0.0,0.0,0.0,0.0,1.0,0.0,0,0.0,1.0,0.0,0,1
154.638,130.365,1.96,-3.142,0.0,-0.0,0.0,-0.0,0.0,0.0,0.0,1.0,0.0,0,0.0,1.0,0.0,0,1
154.788,130.365,1.96,-3.142,0.0,-0.0,0.0,-0.0,0.0,0.0,0.0,1.0,0.0,0,0.0,1.0,0.0,0,1
154.888,130.365,1.96,-3.142,0.0,-0.0,0.0,-0.0,0.0,0.0,0.0,1.0,0.0,0,0.0,1.0,0.0,0,1
155.038,130.365,1.96,-3.142,0.0,-0.0,0.0,-0.0,0.0,0.0,0.0,1.0,0.0,0,0.0,1.0,0.0,0,1
155.188,130.365,1.96,-3.142,0.0,-0.0,0.0,-0.0,0.0,0.0,0.0,1.0,0.0,0,0.0,1.0,0.0,0,1
155.338,130.365,1.96,-3.142,0.0,-0.0,0.0,-0.0,0.0,0.0,0.0,1.0,0.0,0,0.0,1.0,0.0,0,1
155.438,130.365,1.96,-3.142,0.0,-0.0,0.0,-0.0,0.0,0.0,0.0,1.0,0.0,0,0.0,1.0,0.0,0,1
155.588,130.365,1.96,-3.142,0.0,-0.0,0.0,-0.0,0.0,0.0,0.0,1.0,0.0,0,0.0,1.0,0.0,0,1
155.738,130.365,1.96,-3.142,0.0,-0.0,0.0,-0.0,0.0,0.0,0.0,1.0,0.0,0,0.0,1.0,0.0,0,1
155.888,130.365,1.96,-3.142,0.0,-0.0,0.0,-0.0,0.0,0.0,0.0,1.0,0.0,0,0.0,1.0,0.0,0,1
156.038,130.365,1.96,-3.142,0.0,-0.0,0.0,-0.0,0.0,0.0,0.0,1.0,0.0,0,0.0,1.0,0.0,0,1
156.188,130.365,1.96,-3.142,0.0,-0.0,0.0,-0.0,0.0,0.0,0.0,1.0,0.0,0,0.0,1.0,0.0,0,1
156.288,130.365,1.96,-3.142,0.0,-0.0,0.0,-0.0,0.0,0.0,0.0,1.0,0.0,0,0.0,1.0,0.0,0,1
156.438,130.365,1.96,-3.142,0.0,-0.0,0.0,-0.0,0.0,0.0,0.0,1.0,0.0,0,0.0,1.0,0.0,0,1
156.588,130.365,1.96,-3.142,0.0,-0.0,0.0,-0.0,0.0,0.0,0.0,1.0,0.0,0,0.0,1.0,0.0,0,1
156.688,130.365,1.96,-3.142,0.0,-0.0,0.0,-0.0,0.0,0.0,0.0,1.0,0.0,0,0.0,1.0,0.0,0,1
156.838,130.365,1.96,-3.142,0.0,-0.0,0.0,-0.0,0.0,0.0,0.0,1.0,0.0,0,0.0,1.0,0.0,0,1
156.988,130.365,1.96,-3.142,0.0,-0.0,0.0,-0.0,0.0,0.0,0.0,1.0,0.0,0,0.0,1.0,0.0,0,1
157.138,130.365,1.96,-3.142,0.0,-0.0,0.0,-0.0,0.0,0.0,0.0,1.0,0.0,0,0.0,1.0,0.0,0,1
157.288,130.365,1.96,-3.142,0.0,-0.0,0.0,-0.0,0.0,0.0,0.0,1.0,0.0,0,0.0,1.0,0.0,0,1
157.438,130.365,1.96,-3.142,0.0,-0.0,0.0,-0.0,0.0,0.0,0.0,1.0,0.0,0,0.0,1.0,0.0,0,1
157.538,130.365,1.96,-3.142,0.0,-0.0,0.0,-0.0,0.0,0.0,0.0,1.0,0.0,0,0.0,1.0,0.0,0,1
157.688,130.365,1.96,-3.142,0.0,-0.0,0.0,-0.0,0.0,0.0,0.0,1.0,0.0,0,0.0,1.0,0.0,0,1
157.838,130.365,1.96,-3.142,0.0,-0.0,0.0,-0.0,0.0,0.0,0.0,1.0,0.0,0,0.0,1.0,0.0,0,1
157.988,130.365,1.96,-3.142,0.0,-0.0,0.0,-0.0,0.0,0.0,0.0,1.0,0.0,0,0.0,1.0,0.0,0,1
158.138,130.365,1.96,-3.142,0.0,-0.0,0.0,-0.0,0.0,0.0,0.0,1.0,0.0,0,0.0,1.0,0.0,0,1
158.288,130.365,1.96,-3.142,0.0,-0.0,0.0,-0.0,0.0,0.0,0.0,1.0,0.0,0,0.0,1.0,0.0,0,1
158.438,130.365,1.96,-3.142,0.0,-0.0,0.0,-0.0,0.0,0.0,0.0,1.0,0.0,0,0.0,1.0,0.0,0,1
158.588,130.365,1.96,-3.142,0.0,-0.0,0.0,-0.0,0.0,0.0,0.0,1.0,0.0,0,0.0,1.0,0.0,0,1
158.738,130.365,1.96,-3.142,0.0,-0.0,0.0,-0.0,0.0,0.0,0.0,1.0,0.0,0,0.0,1.0,0.0,0,1
158.888,130.365,1.96,-3.142,0.0,-0.0,0.0,-0.0,0.0,0.0,0.0,1.0,0.0,0,0.0,1.0,0.0,0,1
159.038,130.365,1.96,-3.142,0.0,-0.0,0.0,-0.0,0.0,0.0,0.0,1.0,0.0,0,0.0,1.0,0.0,0,1
159.188,130.365,1.96,-3.142,0.0,-0.0,0.0,-0.0,0.0,0.0,0.0,1.0,0.0,0,0.0,1.0,0.0,0,1
159.338,130.365,1.96,-3.142,0.0,-0.0,0.0,-0.0,0.0,0.0,0.0,1.0,0.0,0,0.0,1.0,0.0,0,1
159.488,130.365,1.96,-3.142,0.0,-0.0,0.0,-0.0,0.0,0.0,0.0,1.0,0.0,0,0.0,1.0,0.0,0,1
159.638,130.365,1.96,-3.142,0.0,-0.0,0.0,-0.0,0.0,0.0,0.0,1.0,0.0,0,0.0,1.0,0.0,0,1
159.788,130.365,1.96,-3.142,0.0,-0.0,0.0,-0.0,0.0,0.0,0.0,1.0,0.0,0,0.0,1.0,0.0,0,1
159.888,130.365,1.96,-3.142,0.0,-0.0,0.0,-0.0,0.0,0.0,0.0,1.0,0.0,0,0.0,1.0,0.0,0,1
160.038,130.365,1.96,-3.142,0.0,-0.0,0.0,-0.0,0.0,0.0,0.0,1.0,0.0,0,0.0,1.0,0.0,0,1
160.138,130.365,1.96,-3.142,0.0,-0.0,0.0,-0.0,0.0,0.0,0.0,1.0,0.0,0,0.0,1.0,0.0,0,1
160.288,130.365,1.96,-3.142,0.0,-0.0,0.0,-0.0,0.0,0.0,0.0,1.0,0.0,0,0.0,1.0,0.0,0,1
160.388,130.365,1.96,-3.142,0.0,-0.0,0.0,-0.0,0.0,0.0,0.0,1.0,0.0,0,0.0,1.0,0.0,0,1
160.538,130.365,1.96,-3.142,0.0,-0.0,0.0,-0.0,0.0,0.0,0.0,1.0,0.0,0,0.0,1.0,0.0,0,1
160.688,130.365,1.96,-3.142,0.0,-0.0,0.0,-0.0,0.0,0.0,0.0,1.0,0.0,0,0.0,1.0,0.0,0,1
160.838,130.365,1.96,-3.142,0.0,-0.0,0.0,-0.0,0.0,0.0,0.0,1.0,0.0,0,0.0,1.0,0.0,0,1
160.988,130.365,1.96,-3.142,0.0,-0.0,0.0,-0.0,0.0,0.0,0.0,1.0,0.0,0,0.0,1.0,0.0,0,1
161.138,130.365,1.96,-3.142,0.0,-0.0,0.0,-0.0,0.0,0.0,0.0,1.0,0.0,0,0.0,1.0,0.0,0,1
161.238,130.365,1.96,-3.142,0.0,-0.0,0.0,-0.0,0.0,0.0,0.0,1.0,0.0,0,0.0,1.0,0.0,0,1
161.388,130.365,1.96,-3.142,0.0,-0.0,0.0,-0.0,0.0,0.0,0.0,1.0,0.0,0,0.0,1.0,0.0,0,1
161.538,130.365,1.96,-3.142,0.0,-0.0,0.0,-0.0,0.0,0.0,0.0,1.0,0.0,0,0.0,1.0,0.0,0,1
161.688,130.365,1.96,-3.142,0.0,-0.0,0.0,-0.0,0.0,0.0,0.0,1.0,0.0,0,0.0,1.0,0.0,0,1
161.838,130.365,1.96,-3.142,0.0,-0.0,0.0,-0.0,0.0,0.0,0.0,1.0,0.0,0,0.0,1.0,0.0,0,1
161.938,130.365,1.96,-3.142,0.0,-0.0,0.0,-0.0,0.0,0.0,0.0,1.0,0.0,0,0.0,1.0,0.0,0,1
162.038,130.365,1.96,-3.142,0.0,-0.0,0.0,-0.0,0.0,0.0,0.0,1.0,0.0,0,0.0,1.0,0.0,0,1
162.138,130.365,1.96,-3.142,0.0,-0.0,0.0,-0.0,0.0,0.0,0.0,1.0,0.0,0,0.0,1.0,0.0,0,1
162.288,130.365,1.96,-3.142,0.0,-0.0,0.0,-0.0,0.0,0.0,0.0,1.0,0.0,0,0.0,1.0,0.0,0,1
162.438,130.365,1.96,-3.142,0.0,-0.0,0.0,-0.0,0.0,0.0,0.0,1.0,0.0,0,0.0,1.0,0.0,0,1
162.588,130.365,1.96,-3.142,0.0,-0.0,0.0,-0.0,0.0,0.0,0.0,1.0,0.0,0,0.0,1.0,0.0,0,1
162.738,130.365,1.96,-3.142,0.0,-0.0,0.0,-0.0,0.0,0.0,0.0,1.0,0.0,0,0.0,1.0,0.0,0,1
162.838,130.365,1.96,-3.142,0.0,-0.0,0.0,-0.0,0.0,0.0,0.0,1.0,0.0,0,0.0,1.0,0.0,0,1
162.988,130.365,1.96,-3.142,0.0,-0.0,0.0,-0.0,0.0,0.0,0.0,1.0,0.0,0,0.0,1.0,0.0,0,1
163.138,130.365,1.96,-3.142,0.0,-0.0,0.0,-0.0,0.0,0.0,0.0,1.0,0.0,0,0.0,1.0,0.0,0,1
163.288,130.365,1.96,-3.142,0.0,-0.0,0.0,-0.0,0.0,0.0,0.0,1.0,0.0,0,0.0,1.0,0.0,0,1
163.438,130.365,1.96,-3.142,0.0,-0.0,0.0,-0.0,0.0,0.0,0.0,1.0,0.0,0,0.0,1.0,0.0,0,1
163.538,130.365,1.96,-3.142,0.0,-0.0,0.0,-0.0,0.0,0.0,0.0,1.0,0.0,0,0.0,1.0,0.0,0,1
163.688,130.365,1.96,-3.142,0.0,-0.0,0.0,-0.0,0.0,0.0,0.0,1.0,0.0,0,0.0,1.0,0.0,0,1
163.838,130.365,1.96,-3.142,0.0,-0.0,0.0,-0.0,0.0,0.0,0.0,1.0,0.0,0,0.0,1.0,0.0,0,1
163.988,130.365,1.96,-3.142,0.0,-0.0,0.0,-0.0,0.0,0.0,0.0,1.0,0.0,0,0.0,1.0,0.0,0,1
164.188,130.365,1.96,-3.142,0.0,-0.0,0.0,-0.0,0.0,0.0,0.0,1.0,0.0,0,0.0,1.0,0.0,0,1
164.288,130.365,1.96,-3.142,0.0,-0.0,0.0,-0.0,0.0,0.0,0.0,1.0,0.0,0,0.0,1.0,0.0,0,1
164.438,130.365,1.96,-3.142,0.0,-0.0,0.0,-0.0,0.0,0.0,0.0,1.0,0.0,0,0.0,1.0,0.0,0,1
164.588,130.365,1.96,-3.142,0.0,-0.0,0.0,-0.0,0.0,0.0,0.0,1.0,0.0,0,0.0,1.0,0.0,0,1
164.688,130.365,1.96,-3.142,0.0,-0.0,0.0,-0.0,0.0,0.0,0.0,1.0,0.0,0,0.0,1.0,0.0,0,1
164.838,130.365,1.96,-3.142,0.0,-0.0,0.0,-0.0,0.0,0.0,0.0,1.0,0.0,0,0.0,1.0,0.0,0,1
164.938,130.365,1.96,-3.142,0.0,-0.0,0.0,-0.0,0.0,0.0,0.0,1.0,0.0,0,0.0,1.0,0.0,0,1
165.088,130.365,1.96,-3.142,0.0,-0.0,0.0,-0.0,0.0,0.0,0.0,1.0,0.0,0,0.0,1.0,0.0,0,1
165.238,130.365,1.96,-3.142,0.0,-0.0,0.0,-0.0,0.0,0.0,0.0,1.0,0.0,0,0.0,1.0,0.0,0,1
165.388,130.365,1.96,-3.142,0.0,-0.0,0.0,-0.0,0.0,0.0,0.0,1.0,0.0,0,0.0,1.0,0.0,0,1
165.538,130.365,1.96,-3.142,0.0,-0.0,0.0,-0.0,0.0,0.0,0.0,1.0,0.0,0,0.0,1.0,0.0,0,1
165.688,130.365,1.96,-3.142,0.0,-0.0,0.0,-0.0,0.0,0.0,0.0,1.0,0.0,0,0.0,1.0,0.0,0,1
165.788,130.365,1.96,-3.142,0.0,-0.0,0.0,-0.0,0.0,0.0,0.0,1.0,0.0,0,0.0,1.0,0.0,0,1
165.938,130.365,1.96,-3.142,0.0,-0.0,0.0,-0.0,0.0,0.0,0.0,1.0,0.0,0,0.0,1.0,0.0,0,1
166.088,130.365,1.96,-3.142,0.0,-0.0,0.0,-0.0,0.0,0.0,0.0,1.0,0.0,0,0.0,1.0,0.0,0,1
166.188,130.365,1.96,-3.142,0.0,-0.0,0.0,-0.0,0.0,0.0,0.0,1.0,0.0,0,0.0,1.0,0.0,0,1
166.338,130.365,1.96,-3.142,0.0,-0.0,0.0,-0.0,0.0,0.0,0.0,1.0,0.0,0,0.0,1.0,0.0,0,1
166.488,130.365,1.96,-3.142,0.0,-0.0,0.0,-0.0,0.0,0.0,0.0,1.0,0.0,0,0.0,1.0,0.0,0,1
166.588,130.365,1.96,-3.142,0.0,-0.0,0.0,-0.0,0.0,0.0,0.0,1.0,0.0,0,0.0,1.0,0.0,0,1
166.738,130.365,1.96,-3.142,0.0,-0.0,0.0,-0.0,0.0,0.0,0.0,1.0,0.0,0,0.0,1.0,0.0,0,1
166.888,130.365,1.96,-3.142,0.0,-0.0,0.0,-0.0,0.0,0.0,0.0,1.0,0.0,0,0.0,1.0,0.0,0,1
167.038,130.365,1.96,-3.142,0.0,-0.0,0.0,-0.0,0.0,0.0,0.0,1.0,0.0,0,0.0,1.0,0.0,0,1
167.188,130.365,1.96,-3.142,0.0,-0.0,0.0,-0.0,0.0,0.0,0.0,1.0,0.0,0,0.0,1.0,0.0,0,1
167.338,130.365,1.96,-3.142,0.0,-0.0,0.0,-0.0,0.0,0.0,0.0,1.0,0.0,0,0.0,1.0,0.0,0,1
167.488,130.365,1.96,-3.142,0.0,-0.0,0.0,-0.0,0.0,0.0,0.0,1.0,0.0,0,0.0,1.0,0.0,0,1
167.638,130.365,1.96,-3.142,0.0,-0.0,0.0,-0.0,0.0,0.0,0.0,1.0,0.0,0,0.0,1.0,0.0,0,1
167.788,130.365,1.96,-3.142,0.0,-0.0,0.0,-0.0,0.0,0.0,0.0,1.0,0.0,0,0.0,1.0,0.0,0,1
167.938,130.365,1.96,-3.142,0.0,-0.0,0.0,-0.0,0.0,0.0,0.0,1.0,0.0,0,0.0,1.0,0.0,0,1
168.088,130.365,1.96,-3.142,0.0,-0.0,0.0,-0.0,0.0,0.0,0.0,1.0,0.0,0,0.0,1.0,0.0,0,1
168.238,130.365,1.96,-3.142,0.0,-0.0,0.0,-0.0,0.0,0.0,0.0,1.0,0.0,0,0.0,1.0,0.0,0,1
168.338,130.365,1.96,-3.142,0.0,-0.0,0.0,-0.0,0.0,0.0,0.0,1.0,0.0,0,0.0,1.0,0.0,0,1
168.488,130.365,1.96,-3.142,0.0,-0.0,0.0,-0.0,0.0,0.0,0.0,1.0,0.0,0,0.0,1.0,0.0,0,1
168.638,130.365,1.96,-3.142,0.0,-0.0,0.0,-0.0,-0.0,0.0,1.0,0.0,0.015,0,1.0,0.0,0.191,0,1
168.788,130.365,1.96,-3.142,0.0,-0.0,-0.0,-0.0,0.0,0.0,1.0,0.0,0.015,0,1.0,0.0,0.015,0,1
168.938,130.365,1.96,-3.142,0.0,0.0,0.0,-0.0,0.0,-0.0,1.0,0.0,0.015,0,1.0,0.0,0.015,0,1
169.088,130.365,1.96,-3.142,0.0,0.0,-0.0,-0.0,0.0,-0.0,1.0,0.0,0.015,0,1.0,0.0,0.015,0,1
169.238,130.321,1.96,3.142,0.86,-0.007,0.86,0.005,-0.077,8.207,1.0,0.0,0.015,0,1.0,0.0,0.015,1,0
169.338,130.195,1.961,3.141,1.586,-0.012,1.586,-0.012,-0.085,6.326,1.0,0.0,0.015,0,1.0,0.0,0.015,1,0
169.488,129.862,1.964,3.139,2.821,-0.022,2.82,-0.014,-0.09,8.444,1.0,0.0,0.013,0,1.0,0.0,0.014,1,0
169.588,129.538,1.968,3.138,3.571,-0.025,3.571,-0.018,-0.09,7.163,1.0,0.0,0.012,0,1.0,0.0,0.013,1,0
169.738,128.916,1.975,3.135,4.64,-0.022,4.64,-0.016,-0.039,6.719,0.547,0.0,0.007,0,0.809,0.0,0.008,1,0
169.888,128.15,1.983,3.133,5.342,-0.017,5.342,-0.014,-0.01,-2.019,0.496,0.0,0.003,0,0.229,0.0,0.006,1,0
170.038,127.374,1.993,3.131,5.066,-0.007,5.066,-0.006,-0.002,-0.863,1.0,0.0,0.002,0,0.979,0.0,0.002,1,0
170.188,126.617,2.001,3.131,5.129,-0.001,5.129,-0.001,0.034,3.098,0.695,0.0,-0.001,0,0.846,0.0,-0.001,1,0
170.288,126.093,2.007,3.131,5.249,0.001,5.249,0.001,0.013,-0.014,0.799,0.0,-0.003,0,0.429,0.0,-0.001,0,0
170.438,125.234,2.016,3.131,6.495,0.007,6.495,0.006,0.055,8.35,0.0,0.0,-0.004,0,0.0,0.0,-0.003,2,0
170.588,124.195,2.025,3.132,6.989,0.009,6.989,0.009,0.045,-1.375,0.0,0.0,-0.004,0,0.0,0.0,-0.004,2,0
170.738,123.168,2.032,3.134,6.707,0.009,6.707,0.01,0.054,-2.435,0.0,0.0,-0.004,0,0.0,0.0,-0.004,2,0
170.838,122.513,2.036,3.135,6.435,0.009,6.435,0.009,0.067,-1.697,0.0,0.0,-0.004,0,0.0,0.0,-0.004,2,0
170.988,121.561,2.041,3.136,6.268,0.009,6.268,0.009,0.031,-8.03,0.0,0.0,-0.003,0,0.0,0.0,-0.004,1,0
171.138,120.707,2.044,3.137,5.283,0.007,5.283,0.007,0.02,-5.789,0.0,0.0,-0.003,0,0.0,0.0,-0.003,1,0
171.238,120.201,2.045,3.138,4.845,0.007,4.845,0.006,0.019,-6.163,0.041,0.0,-0.003,0,0.0,0.0,-0.003,1,0
171.388,119.541,2.047,3.139,4.097,0.006,4.097,0.004,0.008,-2.047,0.666,0.0,-0.002,0,0.548,0.0,-0.003,1,0
171.538,118.938,2.048,3.139,4.054,0.005,4.054,-0.0,0.011,1.238,0.565,0.0,-0.002,0,0.661,0.0,-0.002,1,0
171.638,118.521,2.048,3.139,4.238,0.005,4.238,0.001,0.009,1.477,0.431,0.0,-0.002,0,0.43,0.0,-0.002,1,0
171.738,118.089,2.049,3.14,4.37,0.004,4.37,0.001,0.008,1.063,0.518,0.0,-0.002,0,0.472,0.0,-0.002,1,0
171.888,117.419,2.049,3.14,4.558,0.004,4.558,0.003,0.009,1.637,0.495,0.0,-0.001,0,0.53,0.0,-0.001,1,0
172.038,116.716,2.05,3.141,4.789,0.003,4.789,0.002,0.007,1.379,0.436,0.0,-0.001,0,0.458,0.0,-0.001,1,0
172.138,116.231,2.05,3.141,4.888,0.003,4.888,0.002,0.006,0.761,0.445,0.0,-0.001,0,0.438,0.0,-0.001,1,0
172.288,115.489,2.05,3.141,4.998,0.002,4.998,0.002,0.005,0.668,0.424,0.0,-0.001,0,0.437,0.0,-0.001,1,0
172.438,114.736,2.05,3.141,5.001,0.003,5.001,0.001,-0.028,-0.201,0.61,0.0,-0.001,0,0.426,0.0,-0.0,1,0
172.588,113.984,2.05,-3.142,5.077,0.001,5.077,-0.003,0.025,1.525,0.519,0.0,-0.001,0,0.553,0.0,-0.001,1,0
172.738,113.226,2.05,-3.142,5.003,0.001,5.003,-0.021,-0.023,-1.711,0.406,0.0,0.0,0,0.586,0.0,0.0,1,0
172.838,112.719,2.05,3.141,5.062,0.005,5.062,0.026,-0.045,-0.504,0.596,0.0,-0.001,0,0.331,0.0,-0.001,1,0
172.988,111.955,2.05,-3.142,5.08,0.001,5.08,0.003,0.001,-1.029,0.661,0.0,-0.0,0,0.272,0.0,-0.0,1,0
173.138,111.191,2.05,-3.141,5.231,-0.0,5.231,0.0,-0.002,-1.251,0.187,0.0,0.0,0,0.404,0.0,0.0,1,0
173.288,110.421,2.05,-3.141,5.043,-0.0,5.043,-0.0,-0.001,0.147,0.713,0.0,0.0,0,0.616,0.0,0.0,1,0
173.388,109.908,2.05,-3.141,5.316,-0.0,5.316,-0.0,-0.001,-1.075,0.0,0.0,0.0,0,0.568,0.0,0.0,1,0
173.538,109.124,2.05,-3.141,5.162,-0.0,5.162,-0.0,-0.001,-1.27,0.575,0.0,0.0,0,0.52,0.0,0.0,1,0
173.688,108.362,2.05,-3.142,5.026,-0.0,5.026,-0.0,-0.001,0.096,0.654,0.0,0.0,0,0.635,0.0,0.0,1,0
173.838,107.606,2.05,-3.142,5.081,-0.0,5.081,-0.0,-0.001,0.639,0.496,0.0,0.0,0,0.593,0.0,0.0,1,0
173.988,106.834,2.05,-3.142,5.202,-0.0,5.202,-0.0,-0.0,0.864,0.428,0.0,-0.0,0,0.405,0.0,0.0,1,0
174.138,106.046,2.05,-3.142,5.273,0.0,5.273,0.0,0.001,-0.221,0.378,0.0,-0.0,0,0.412,0.0,-0.0,1,0
174.288,105.258,2.05,-3.142,5.235,0.0,5.235,0.0,0.001,-0.472,0.46,0.0,-0.0,0,0.431,0.0,-0.0,1,0
174.438,104.477,2.05,-3.142,5.185,0.0,5.185,0.0,0.002,-0.228,0.486,0.0,-0.0,0,0.441,0.0,-0.0,1,0
174.538,103.96,2.05,-3.142,5.156,0.0,5.156,0.0,0.001,-0.36,0.473,0.0,-0.0,0,0.504,0.0,-0.0,1,0
174.688,103.19,2.049,-3.142,5.129,0.0,5.129,0.0,0.001,0.192,0.508,0.0,-0.0,0,0.472,0.0,-0.0,1,0
174.838,102.419,2.049,-3.141,5.146,0.0,5.146,0.0,0.001,-0.088,0.453,0.0,-0.0,0,0.5,0.0,-0.0,1,0
174.988,101.647,2.049,-3.141,5.151,0.0,5.151,0.0,0.155,0.258,0.484,0.0,-0.005,0,0.444,0.0,-0.005,1,0
175.138,100.873,2.047,-3.14,5.167,0.011,5.167,0.01,0.061,0.208,0.441,0.0,-0.036,0,0.441,0.0,-0.006,1,0
175.288,100.098,2.039,-3.135,5.155,0.071,5.155,0.063,0.71,-0.227,0.447,0.0,-0.037,0,0.483,0.0,-0.037,1,0
175.438,99.325,2.02,-3.125,5.159,0.074,5.159,0.065,0.227,0.149,0.49,0.0,-0.084,0,0.449,0.0,-0.034,1,0
175.538,98.811,1.995,-3.114,5.152,0.159,5.15,0.14,1.152,-0.242,0.458,0.0,-0.08,0,0.501,0.0,-0.083,1,0
175.688,98.041,1.94,-3.091,5.145,0.173,5.142,0.15,2.134,0.004,0.49,0.0,-0.137,0,0.452,0.0,-0.139,1,0
175.838,97.274,1.853,-3.059,5.15,0.272,5.143,0.238,1.497,-0.205,0.455,0.0,-0.122,0,0.504,0.0,-0.128,1,0
175.988,96.511,1.734,-3.021,5.143,0.354,5.13,0.305,3.265,-0.537,0.511,0.0,-0.183,0,0.491,0.0,-0.192,1,0
176.088,96.008,1.629,-2.989,5.142,0.392,5.127,0.341,1.139,0.199,0.498,0.0,-0.166,0,0.461,0.0,-0.175,1,0
176.238,95.259,1.439,-2.939,5.155,0.423,5.138,0.367,3.165,-0.588,0.469,0.0,-0.226,0,0.481,0.0,-0.234,1,0
176.338,94.769,1.283,-2.899,5.153,0.457,5.133,0.4,2.393,-0.296,0.453,0.0,-0.205,0,0.51,0.0,-0.216,1,0
176.488,94.046,1.011,-2.837,5.155,0.529,5.128,0.471,2.616,0.674,0.502,0.0,-0.261,0,0.423,0.0,-0.271,1,0
176.638,93.332,0.672,-2.764,5.381,0.574,5.35,0.492,2.48,0.303,0.035,0.0,-0.319,0,0.343,0.0,-0.249,1,0
176.738,92.864,0.407,-2.71,5.328,0.625,5.291,0.546,2.278,-2.419,0.477,0.0,-0.28,0,0.105,0.0,-0.295,1,0
176.838,92.425,0.129,-2.658,5.105,0.559,5.074,0.503,2.131,-1.357,0.657,0.0,-0.336,0,0.543,0.0,-0.266,1,0
176.988,91.814,-0.323,-2.58,5.024,0.645,4.982,0.493,4.073,4.024,0.696,0.0,-0.298,0,0.311,0.0,-0.312,1,0
177.038,91.617,-0.49,-2.552,5.252,0.706,5.205,0.55,1.687,-1.522,0.0,0.0,-0.283,0,0.696,0.0,-0.298,1,0
177.188,91.052,-1.013,-2.473,5.05,0.655,5.007,0.551,3.996,0.957,0.613,0.0,-0.327,0,0.595,0.0,-0.34,1,0
177.288,90.708,-1.388,-2.416,5.037,0.672,4.992,0.514,3.796,4.044,0.686,0.0,-0.297,0,0.304,0.0,-0.312,1,0
177.388,90.376,-1.789,-2.361,5.275,0.682,5.231,0.544,4.071,-1.606,0.308,0.0,-0.351,0,0.0,0.0,-0.364,1,0
177.488,90.071,-2.209,-2.304,5.126,0.71,5.077,0.629,2.601,-1.529,0.684,0.0,-0.323,0,0.449,0.0,-0.339,1,0
177.588,89.795,-2.636,-2.247,5.079,0.684,5.032,0.537,3.872,-0.384,0.488,0.0,-0.357,0,0.606,0.0,-0.371,1,0
177.738,89.429,-3.32,-2.156,5.2,0.736,5.147,0.555,2.185,-2.071,0.0,0.0,-0.325,0,0.483,0.0,-0.342,1,0
177.788,89.318,-3.552,-2.127,5.121,0.677,5.076,0.63,1.892,-2.154,0.63,0.0,-0.333,0,0.606,0.0,-0.309,1,0
177.938,89.031,-4.256,-2.042,5.13,0.692,5.083,0.567,2.683,0.519,0.454,0.0,-0.314,0,0.379,0.0,-0.305,1,0
178.038,88.869,-4.749,-1.987,5.156,0.66,5.113,0.585,1.89,-1.868,0.523,0.0,-0.282,0,0.386,0.0,-0.298,1,0
178.138,88.732,-5.238,-1.935,5.135,0.616,5.098,0.511,2.448,1.409,0.405,0.0,-0.274,0,0.702,0.0,-0.268,1,0
178.238,88.613,-5.751,-1.886,5.261,0.591,5.227,0.531,1.677,-1.644,0.342,0.0,-0.244,0,0.29,0.0,-0.259,1,0
178.338,88.514,-6.259,-1.84,5.114,0.512,5.088,0.495,1.514,-1.536,0.67,0.0,-0.216,0,0.6,0.0,-0.23,1,0
178.438,88.434,-6.758,-1.798,5.147,0.478,5.124,0.402,2.483,5.7,0.332,0.0,-0.192,0,0.718,0.0,-0.204,1,0
178.538,88.368,-7.293,-1.76,5.467,0.455,5.448,0.316,1.027,-1.638,0.199,0.0,-0.171,0,0.0,0.0,-0.182,1,0
178.638,88.314,-7.827,-1.726,5.299,0.379,5.285,0.276,0.972,-2.086,0.514,0.0,-0.151,0,0.428,0.0,-0.16,1,0
178.738,88.274,-8.344,-1.696,5.111,0.322,5.101,0.234,0.842,-1.528,1.0,0.0,-0.127,0,1.0,0.0,-0.139,1,0
178.838,88.245,-8.848,-1.669,5.084,0.28,5.076,0.247,1.51,8.367,1.0,0.0,-0.11,0,1.0,0.0,-0.118,1,0
178.938,88.225,-9.392,-1.646,5.543,0.262,5.537,0.266,0.884,1.871,0.605,0.0,-0.09,0,0.063,0.0,-0.102,1,0
179.038,88.211,-9.957,-1.625,5.741,0.224,5.737,0.239,0.723,1.883,0.454,0.0,-0.076,0,0.544,0.0,-0.083,1,0
179.138,88.204,-10.541,-1.607,5.916,0.188,5.913,0.214,0.673,1.033,0.344,0.0,-0.06,0,0.387,0.0,-0.071,1,0
179.238,88.203,-11.138,-1.592,5.994,0.151,5.992,0.187,0.453,0.034,0.347,0.0,-0.049,0,0.335,0.0,-0.054,1,0
179.338,88.206,-11.737,-1.58,5.979,0.12,5.977,0.163,0.239,-0.574,0.397,0.0,-0.035,0,0.367,0.0,-0.04,1,0
179.438,88.213,-12.331,-1.57,5.913,0.087,5.912,0.134,0.261,-0.788,0.451,0.0,-0.029,0,0.421,0.0,-0.032,1,0
179.538,88.223,-12.918,-1.563,5.833,0.068,5.833,0.116,0.07,-0.719,0.495,0.0,-0.018,0,0.472,0.0,-0.021,1,0
179.638,88.234,-13.497,-1.557,5.765,0.045,5.765,0.095,0.118,-0.497,0.521,0.0,-0.01,0,0.508,0.0,-0.016,1,0
179.738,88.246,-14.071,-1.554,5.722,0.028,5.722,0.078,0.023,-0.213,0.526,0.0,-0.007,0,0.524,0.0,-0.008,1,0
179.838,88.258,-14.642,-1.552,5.706,0.017,5.706,0.067,0.045,0.02,0.514,0.0,-0.001,0,0.52,0.0,-0.006,1,0
179.938,88.271,-15.212,-1.55,5.712,0.007,5.712,0.057,-0.034,0.147,0.493,0.0,0.0,0,0.503,0.0,-0.001,1,0
180.038,88.283,-15.784,-1.55,5.726,0.0,5.726,0.051,-0.108,0.016,0.417,0.0,0.004,0,0.306,0.0,0.003,1,0
180.138,88.294,-16.357,-1.55,5.711,-0.008,5.711,0.044,-0.048,-0.424,0.463,0.0,0.004,0,0.423,0.0,0.004,1,0
180.238,88.305,-16.925,-1.551,5.666,-0.01,5.666,0.043,-0.108,-0.418,0.505,0.0,0.006,0,0.485,0.0,0.006,1,0
180.338,88.314,-17.489,-1.552,5.628,-0.015,5.628,0.039,-0.058,-0.224,0.523,0.0,0.008,0,0.516,0.0,0.006,1,0
180.438,88.323,-18.051,-1.553,5.612,-0.017,5.612,0.036,-0.077,-0.156,0.316,0.0,0.007,0,0.0,0.0,0.007,1,0
180.538,88.331,-18.61,-1.554,5.562,-0.017,5.562,0.037,-0.05,-1.182,0.379,0.0,0.006,0,0.257,0.0,0.006,1,0
180.638,88.338,-19.16,-1.556,5.435,-0.016,5.435,0.039,-0.081,-1.31,0.51,0.0,0.007,0,0.446,0.0,0.007,1,0
180.738,88.344,-19.696,-1.557,5.312,-0.017,5.312,0.038,-0.049,-0.902,0.592,0.0,0.008,0,0.557,0.0,0.006,1,0
180.888,88.352,-20.484,-1.56,5.225,-0.013,5.225,-0.064,-0.054,-0.248,0.618,0.0,0.007,0,0.612,0.0,0.007,1,0
180.988,88.356,-21.008,-1.561,5.251,-0.012,5.251,-0.062,-0.037,0.427,0.584,0.0,0.007,0,0.608,0.0,0.006,1,0
181.088,88.36,-21.537,-1.562,5.326,-0.012,5.326,-0.061,-0.041,0.812,0.51,0.0,0.006,0,0.549,0.0,0.006,1,0
181.138,88.362,-21.804,-1.562,5.367,-0.015,5.367,0.038,-0.029,0.72,0.444,0.0,0.006,0,0.473,0.0,0.005,1,0
181.288,88.366,-22.617,-1.564,5.447,-0.01,5.447,-0.06,-0.031,0.338,0.421,0.0,0.005,0,0.427,0.0,0.005,1,0
181.388,88.368,-23.162,-1.565,5.453,-0.009,5.452,-0.059,-0.023,-0.026,0.433,0.0,0.005,0,0.424,0.0,0.004,1,0
181.488,88.37,-23.706,-1.566,5.434,-0.008,5.434,-0.059,-0.045,-0.255,0.472,0.0,0.004,0,0.459,0.0,0.004,1,0
181.588,88.372,-24.248,-1.567,5.409,-0.007,5.409,-0.058,-0.042,-0.223,0.492,0.0,0.003,0,0.483,0.0,0.004,1,0
181.688,88.373,-24.788,-1.568,5.389,-0.006,5.389,-0.057,-0.037,-0.115,0.501,0.0,0.003,0,0.498,0.0,0.003,1,0
181.788,88.374,-25.326,-1.568,5.38,-0.005,5.38,-0.056,-0.035,0.004,0.499,0.0,0.002,0,0.501,0.0,0.003,1,0
181.888,88.375,-25.864,-1.569,5.383,-0.004,5.383,-0.055,-0.032,0.084,0.49,0.0,0.002,0,0.495,0.0,0.002,1,0
181.988,88.376,-26.403,-1.569,5.392,-0.003,5.392,-0.054,-0.029,0.104,0.48,0.0,0.002,0,0.485,0.0,0.002,1,0
182.088,88.376,-26.943,-1.57,5.402,-0.002,5.402,-0.054,-0.025,0.075,0.474,0.0,0.001,0,0.476,0.0,0.002,1,0
182.188,88.376,-27.484,-1.57,5.408,-0.002,5.408,-0.053,-0.024,0.026,0.473,0.0,0.001,0,0.473,0.0,0.002,1,0
182.288,88.377,-28.025,-1.57,5.41,-0.001,5.41,-0.053,0.004,0.002,0.473,0.0,0.001,0,0.473,0.0,0.001,1,0
182.388,88.377,-28.565,-1.57,5.407,-0.001,5.407,-0.052,0.007,-0.03,0.479,0.0,0.001,0,0.475,0.0,0.001,1,0
182.488,88.377,-29.106,-1.571,5.403,-0.0,5.403,-0.052,-0.017,-0.035,0.482,0.0,0.0,0,0.48,0.0,0.001,1,0
182.588,88.377,-29.646,-1.571,5.4,0.0,5.4,-0.052,-0.017,-0.02,0.483,0.0,0.0,0,0.483,0.0,0.001,1,0
182.688,88.377,-30.186,-1.571,5.399,0.0,5.399,-0.051,-0.015,-0.002,0.418,0.0,0.0,0,0.483,0.0,0.001,1,0
182.788,88.377,-30.726,-1.571,5.396,0.001,5.396,-0.051,-0.015,-0.15,0.0,0.0,-0.0,0,0.461,0.0,0.001,1,0
182.888,88.377,-31.264,-1.571,5.372,0.001,5.372,-0.052,-0.012,-1.017,0.027,0.0,-0.0,0,0.291,0.0,0.0,1,0
182.988,88.376,-31.796,-1.571,5.251,0.001,5.251,-0.053,0.001,-2.09,0.0,1.0,0.0,0,0.0,1.0,0.0,1,0
183.088,88.376,-32.297,-1.571,4.416,-0.002,4.416,-0.003,0.023,-26.723,0.0,1.0,0.0,0,0.0,1.0,0.0,1,0
183.188,88.376,-32.588,-1.571,1.768,0.0,1.768,-0.001,-0.001,-25.738,0.0,1.0,0.0,0,0.0,1.0,0.0,1,0
183.288,88.376,-32.639,-1.571,0.001,0.0,-0.001,0.0,-0.0,-0.15,0.0,1.0,0.0,0,0.0,1.0,0.0,1,1
183.388,88.376,-32.64,-1.571,0.01,0.0,-0.01,0.0,-0.0,0.019,0.0,1.0,0.0,0,0.0,1.0,0.0,1,1
183.538,88.376,-32.642,-1.571,0.005,0.0,-0.005,0.0,-0.0,0.031,0.0,1.0,0.0,0,0.0,1.0,0.0,1,1
183.638,88.376,-32.643,-1.571,0.003,0.0,-0.003,0.0,-0.0,0.021,0.0,1.0,0.0,0,0.0,1.0,0.0,1,1
183.738,88.376,-32.643,-1.571,0.002,0.0,-0.002,0.0,-0.0,0.009,0.0,1.0,0.0,0,0.0,1.0,0.0,1,1
183.838,88.376,-32.644,-1.571,0.001,0.0,-0.001,0.0,-0.0,0.005,0.0,1.0,0.0,0,0.0,1.0,0.0,1,1
183.938,88.376,-32.644,-1.571,0.0,-0.0,0.0,-0.0,0.0,0.0,0.0,1.0,0.0,0,0.0,1.0,0.0,1,1
184.038,88.376,-32.644,-1.571,0.0,-0.0,0.0,-0.0,0.0,0.0,0.0,1.0,0.0,0,0.0,1.0,0.0,1,1
184.188,88.376,-32.644,-1.571,0.0,-0.0,0.0,-0.0,0.0,0.0,0.0,1.0,0.0,0,0.0,1.0,0.0,1,1
184.288,88.376,-32.644,-1.571,0.0,-0.0,0.0,-0.0,0.0,0.0,0.0,1.0,0.0,0,0.0,1.0,0.0,1,1
184.388,88.376,-32.644,-1.571,0.0,-0.0,0.0,-0.0,0.0,0.0,0.0,1.0,0.0,0,0.0,1.0,0.0,1,1
184.488,88.376,-32.644,-1.571,0.0,-0.0,0.0,-0.0,0.0,0.0,0.0,1.0,0.0,0,0.0,1.0,0.0,1,1
184.588,88.376,-32.644,-1.571,0.0,-0.0,0.0,-0.0,0.0,0.0,0.0,1.0,0.0,0,0.0,1.0,0.0,1,1
184.738,88.376,-32.644,-1.571,0.0,-0.0,0.0,-0.0,0.0,0.0,0.0,1.0,0.0,0,0.0,1.0,0.0,1,1
184.838,88.376,-32.644,-1.571,0.0,-0.0,0.0,-0.0,0.0,0.0,0.0,1.0,0.0,0,0.0,1.0,0.0,1,1
184.938,88.376,-32.644,-1.571,0.0,-0.0,0.0,-0.0,0.0,0.0,0.0,1.0,0.0,0,0.0,1.0,0.0,1,1
185.088,88.376,-32.644,-1.571,0.0,-0.0,0.0,-0.0,0.0,0.0,0.0,1.0,0.0,0,0.0,1.0,0.0,1,1
185.188,88.376,-32.644,-1.571,0.0,-0.0,0.0,-0.0,0.0,0.0,0.0,1.0,0.0,0,0.0,1.0,0.0,1,1
185.288,88.376,-32.644,-1.571,0.0,-0.0,0.0,-0.0,0.0,0.0,0.0,1.0,0.0,0,0.0,1.0,0.0,1,1
185.388,88.376,-32.644,-1.571,0.0,-0.0,0.0,-0.0,0.0,0.0,0.0,1.0,0.0,0,0.0,1.0,0.0,1,1
185.538,88.376,-32.644,-1.571,0.0,-0.0,0.0,-0.0,0.0,0.0,0.0,1.0,0.0,0,0.0,1.0,0.0,1,1
185.638,88.376,-32.644,-1.571,0.0,-0.0,0.0,-0.0,0.0,0.0,0.0,1.0,0.0,0,0.0,1.0,0.0,1,1
185.738,88.376,-32.644,-1.571,0.0,-0.0,0.0,-0.0,0.0,0.0,0.0,1.0,0.0,0,0.0,1.0,0.0,1,1
185.888,88.376,-32.644,-1.571,0.0,-0.0,0.0,-0.0,0.0,0.0,0.0,1.0,0.0,0,0.0,1.0,0.0,1,1
185.988,88.376,-32.644,-1.571,0.0,-0.0,0.0,-0.0,0.0,0.0,0.0,1.0,0.0,0,0.0,1.0,0.0,1,1
186.088,88.376,-32.644,-1.571,0.0,-0.0,0.0,-0.0,0.0,0.0,0.0,1.0,0.0,0,0.0,1.0,0.0,1,1
186.238,88.376,-32.644,-1.571,0.0,-0.0,0.0,-0.0,0.0,0.0,0.0,1.0,0.0,0,0.0,1.0,0.0,1,1
186.338,88.376,-32.644,-1.571,0.0,-0.0,0.0,-0.0,0.0,0.0,0.0,1.0,0.0,0,0.0,1.0,0.0,1,1
186.438,88.376,-32.644,-1.571,0.0,-0.0,0.0,-0.0,0.0,0.0,0.0,1.0,0.0,0,0.0,1.0,0.0,1,1
186.588,88.376,-32.644,-1.571,0.0,-0.0,0.0,-0.0,0.0,0.0,0.0,1.0,0.0,0,0.0,1.0,0.0,1,1
186.688,88.376,-32.644,-1.571,0.0,-0.0,0.0,-0.0,0.0,0.0,0.0,1.0,0.0,0,0.0,1.0,0.0,1,1
186.788,88.376,-32.644,-1.571,0.0,-0.0,0.0,-0.0,0.0,0.0,0.0,1.0,0.0,0,0.0,1.0,0.0,1,1
186.888,88.376,-32.644,-1.571,0.0,-0.0,0.0,-0.0,0.0,0.0,0.0,1.0,0.0,0,0.0,1.0,0.0,1,1
187.038,88.376,-32.644,-1.571,0.0,-0.0,0.0,-0.0,0.0,0.0,0.0,1.0,0.0,0,0.0,1.0,0.0,1,1
187.138,88.376,-32.644,-1.571,0.0,-0.0,0.0,-0.0,0.0,0.0,0.0,1.0,0.0,0,0.0,1.0,0.0,1,1
187.238,88.376,-32.644,-1.571,0.0,-0.0,0.0,-0.0,0.0,0.0,0.0,1.0,0.0,0,0.0,1.0,0.0,1,1
187.338,88.376,-32.644,-1.571,0.0,-0.0,0.0,-0.0,0.0,0.0,0.0,1.0,0.0,0,0.0,1.0,0.0,1,1
187.488,88.376,-32.644,-1.571,0.0,-0.0,0.0,-0.0,0.0,0.0,0.0,1.0,0.0,0,0.0,1.0,0.0,1,1
187.588,88.376,-32.644,-1.571,0.0,-0.0,0.0,-0.0,0.0,0.0,0.0,1.0,0.0,0,0.0,1.0,0.0,1,1
187.688,88.376,-32.644,-1.571,0.0,-0.0,0.0,-0.0,0.0,0.0,0.0,1.0,0.0,0,0.0,1.0,0.0,1,1
187.788,88.376,-32.644,-1.571,0.0,-0.0,0.0,-0.0,0.0,0.0,0.0,1.0,0.0,0,0.0,1.0,0.0,1,1
187.888,88.376,-32.644,-1.571,0.0,-0.0,0.0,-0.0,0.0,0.0,0.0,1.0,0.0,0,0.0,1.0,0.0,1,1
187.988,88.376,-32.644,-1.571,0.0,-0.0,0.0,-0.0,0.0,0.0,0.0,1.0,0.0,0,0.0,1.0,0.0,1,1
188.088,88.376,-32.644,-1.571,0.0,-0.0,0.0,-0.0,0.0,0.0,0.0,1.0,0.0,0,0.0,1.0,0.0,1,1
188.238,88.376,-32.644,-1.571,0.0,-0.0,0.0,-0.0,0.0,0.0,0.0,1.0,0.0,0,0.0,1.0,0.0,1,1
188.338,88.376,-32.644,-1.571,0.0,-0.0,0.0,-0.0,0.0,0.0,0.0,1.0,0.0,0,0.0,1.0,0.0,1,1
188.438,88.376,-32.644,-1.571,0.0,-0.0,0.0,-0.0,0.0,0.0,0.0,1.0,0.0,0,0.0,1.0,0.0,1,1
188.538,88.376,-32.644,-1.571,0.0,-0.0,0.0,-0.0,0.0,0.0,0.0,1.0,0.0,0,0.0,1.0,0.0,1,1
188.638,88.376,-32.644,-1.571,0.0,-0.0,0.0,-0.0,0.0,0.0,0.0,1.0,0.0,0,0.0,1.0,0.0,1,1
188.788,88.376,-32.644,-1.571,0.0,-0.0,0.0,-0.0,0.0,0.0,0.0,1.0,0.0,0,0.0,1.0,0.0,1,1
188.888,88.376,-32.644,-1.571,0.0,-0.0,0.0,-0.0,0.0,0.0,0.0,1.0,0.0,0,0.0,1.0,0.0,1,1
188.988,88.376,-32.644,-1.571,0.0,-0.0,0.0,-0.0,0.0,0.0,0.0,1.0,0.0,0,0.0,1.0,0.0,1,1
189.088,88.376,-32.644,-1.571,0.0,-0.0,0.0,-0.0,0.0,0.0,0.0,1.0,0.0,0,0.0,1.0,0.0,1,1
189.238,88.376,-32.644,-1.571,0.0,-0.0,0.0,-0.0,0.0,0.0,0.0,1.0,0.0,0,0.0,1.0,0.0,1,1
189.338,88.376,-32.644,-1.571,0.0,-0.0,0.0,-0.0,0.0,0.0,0.0,1.0,0.0,0,0.0,1.0,0.0,1,1
189.438,88.376,-32.644,-1.571,0.0,-0.0,0.0,-0.0,0.0,0.0,0.0,1.0,0.0,0,0.0,1.0,0.0,1,1
189.588,88.376,-32.644,-1.571,0.0,-0.0,0.0,-0.0,0.0,0.0,0.0,1.0,0.0,0,0.0,1.0,0.0,1,1
189.688,88.376,-32.644,-1.571,0.0,-0.0,0.0,-0.0,0.0,0.0,0.0,1.0,0.0,0,0.0,1.0,0.0,1,1
189.788,88.376,-32.644,-1.571,0.0,-0.0,0.0,-0.0,0.0,0.0,0.0,1.0,0.0,0,0.0,1.0,0.0,1,1
189.888,88.376,-32.644,-1.571,0.0,-0.0,0.0,-0.0,0.0,0.0,0.0,1.0,0.0,0,0.0,1.0,0.0,1,1
189.938,88.376,-32.644,-1.571,0.0,-0.0,0.0,-0.0,0.0,0.0,0.0,1.0,0.0,0,0.0,1.0,0.0,1,1
190.088,88.376,-32.644,-1.571,0.0,-0.0,0.0,-0.0,0.0,0.0,0.0,1.0,0.0,0,0.0,1.0,0.0,1,1
190.188,88.376,-32.644,-1.571,0.0,-0.0,0.0,-0.0,0.0,0.0,0.0,1.0,0.0,0,0.0,1.0,0.0,1,1
190.288,88.376,-32.644,-1.571,0.0,-0.0,0.0,-0.0,0.0,0.0,0.0,1.0,0.0,0,0.0,1.0,0.0,1,1
190.388,88.376,-32.644,-1.571,0.0,-0.0,0.0,-0.0,0.0,0.0,0.0,1.0,0.0,0,0.0,1.0,0.0,1,1
190.538,88.376,-32.644,-1.571,0.0,-0.0,0.0,-0.0,0.0,0.0,0.0,1.0,0.0,0,0.0,1.0,0.0,1,1
190.638,88.376,-32.644,-1.571,0.0,-0.0,0.0,-0.0,0.0,0.0,0.0,1.0,0.0,0,0.0,1.0,0.0,1,1
190.788,88.376,-32.644,-1.571,0.0,-0.0,0.0,-0.0,0.0,0.0,0.0,1.0,0.0,0,0.0,1.0,0.0,1,1
190.888,88.376,-32.644,-1.571,0.0,-0.0,0.0,-0.0,0.0,0.0,0.0,1.0,0.0,0,0.0,1.0,0.0,1,1
190.988,88.376,-32.644,-1.571,0.0,-0.0,0.0,-0.0,0.0,0.0,0.0,1.0,0.0,0,0.0,1.0,0.0,1,1
191.088,88.376,-32.644,-1.571,0.0,-0.0,0.0,-0.0,0.0,0.0,0.0,1.0,0.0,0,0.0,1.0,0.0,1,1
191.188,88.376,-32.644,-1.571,0.0,-0.0,0.0,-0.0,0.0,0.0,0.0,1.0,0.0,0,0.0,1.0,0.0,1,1
191.338,88.376,-32.644,-1.571,0.0,-0.0,0.0,-0.0,0.0,0.0,0.0,1.0,0.0,0,0.0,1.0,0.0,1,1
191.438,88.376,-32.644,-1.571,0.0,-0.0,0.0,-0.0,0.0,0.0,0.0,1.0,0.0,0,0.0,1.0,0.0,1,1
191.538,88.376,-32.644,-1.571,0.0,-0.0,0.0,-0.0,0.0,0.0,0.0,1.0,0.0,0,0.0,1.0,0.0,1,1
191.688,88.376,-32.644,-1.571,0.0,-0.0,0.0,-0.0,0.0,0.0,0.0,1.0,0.0,0,0.0,1.0,0.0,1,1
191.788,88.376,-32.644,-1.571,0.0,-0.0,0.0,-0.0,0.0,0.0,0.0,1.0,0.0,0,0.0,1.0,0.0,1,1
191.888,88.376,-32.644,-1.571,0.0,-0.0,0.0,-0.0,0.0,0.0,0.0,1.0,0.0,0,0.0,1.0,0.0,1,1
191.988,88.376,-32.644,-1.571,0.0,-0.0,0.0,-0.0,0.0,0.0,0.0,1.0,0.0,0,0.0,1.0,0.0,1,1
192.038,88.376,-32.644,-1.571,0.0,-0.0,0.0,-0.0,0.0,0.0,0.0,1.0,0.0,0,0.0,1.0,0.0,1,1
192.188,88.376,-32.644,-1.571,0.0,-0.0,0.0,-0.0,0.0,0.0,0.0,1.0,0.0,0,0.0,1.0,0.0,1,1
192.288,88.376,-32.644,-1.571,0.0,-0.0,0.0,-0.0,0.0,0.0,0.0,1.0,0.0,0,0.0,1.0,0.0,1,1
192.388,88.376,-32.644,-1.571,0.0,-0.0,0.0,-0.0,0.0,0.0,0.0,1.0,0.0,0,0.0,1.0,0.0,1,1
192.488,88.376,-32.644,-1.571,0.0,-0.0,0.0,-0.0,0.0,0.0,0.0,1.0,0.0,0,0.0,1.0,0.0,1,1
192.588,88.376,-32.644,-1.571,0.0,-0.0,0.0,-0.0,0.0,0.0,0.0,1.0,0.0,0,0.0,1.0,0.0,1,1
192.738,88.376,-32.644,-1.571,0.0,-0.0,0.0,-0.0,0.0,0.0,0.0,1.0,0.0,0,0.0,1.0,0.0,1,1
192.838,88.376,-32.644,-1.571,0.0,-0.0,0.0,-0.0,0.0,0.0,0.0,1.0,0.0,0,0.0,1.0,0.0,1,1
192.938,88.376,-32.644,-1.571,0.0,-0.0,0.0,-0.0,0.0,0.0,0.0,1.0,0.0,0,0.0,1.0,0.0,1,1
193.088,88.376,-32.644,-1.571,0.0,-0.0,0.0,-0.0,0.0,0.0,0.0,1.0,0.0,0,0.0,1.0,0.0,1,1
193.188,88.376,-32.644,-1.571,0.0,-0.0,0.0,-0.0,0.0,0.0,0.0,1.0,0.0,0,0.0,1.0,0.0,1,1
193.288,88.376,-32.644,-1.571,0.0,-0.0,0.0,-0.0,0.0,0.0,0.0,1.0,0.0,0,0.0,1.0,0.0,1,1
193.388,88.376,-32.644,-1.571,0.0,-0.0,0.0,-0.0,0.0,0.0,0.0,1.0,0.0,0,0.0,1.0,0.0,1,1
193.538,88.376,-32.644,-1.571,0.0,-0.0,0.0,-0.0,0.0,0.0,0.0,1.0,0.0,0,0.0,1.0,0.0,1,1
193.638,88.376,-32.644,-1.571,0.0,-0.0,0.0,-0.0,0.0,0.0,0.0,1.0,0.0,0,0.0,1.0,0.0,1,1
193.738,88.376,-32.644,-1.571,0.0,-0.0,0.0,-0.0,0.0,0.0,0.0,1.0,0.0,0,0.0,1.0,0.0,1,1
193.838,88.376,-32.644,-1.571,0.0,-0.0,0.0,-0.0,0.0,0.0,0.0,1.0,0.0,0,0.0,1.0,0.0,1,1
193.988,88.376,-32.644,-1.571,0.0,-0.0,0.0,-0.0,0.0,0.0,0.0,1.0,0.0,0,0.0,1.0,0.0,1,1
194.088,88.376,-32.644,-1.571,0.0,-0.0,0.0,-0.0,0.0,0.0,0.0,1.0,0.0,0,0.0,1.0,0.0,1,1
194.188,88.376,-32.644,-1.571,0.0,-0.0,0.0,-0.0,0.0,0.0,0.0,1.0,0.0,0,0.0,1.0,0.0,1,1
194.288,88.376,-32.644,-1.571,0.0,-0.0,0.0,-0.0,0.0,0.0,0.0,1.0,0.0,0,0.0,1.0,0.0,1,1
194.388,88.376,-32.644,-1.571,0.0,-0.0,0.0,-0.0,0.0,0.0,0.0,1.0,0.0,0,0.0,1.0,0.0,1,1
194.538,88.376,-32.644,-1.571,0.0,-0.0,0.0,-0.0,0.0,0.0,0.0,1.0,0.0,0,0.0,1.0,0.0,1,1
194.638,88.376,-32.644,-1.571,0.0,-0.0,0.0,-0.0,0.0,0.0,0.0,1.0,0.0,0,0.0,1.0,0.0,1,1
194.738,88.376,-32.644,-1.571,0.0,-0.0,0.0,-0.0,0.0,0.0,0.0,1.0,0.0,0,0.0,1.0,0.0,1,1
194.838,88.376,-32.644,-1.571,0.0,-0.0,0.0,-0.0,0.0,0.0,0.0,1.0,0.0,0,0.0,1.0,0.0,1,1
194.988,88.376,-32.644,-1.571,0.0,-0.0,0.0,-0.0,0.0,0.0,0.0,1.0,0.0,0,0.0,1.0,0.0,1,1
195.088,88.376,-32.644,-1.571,0.0,-0.0,0.0,-0.0,0.0,0.0,0.0,1.0,0.0,0,0.0,1.0,0.0,1,1
195.188,88.376,-32.644,-1.571,0.0,-0.0,0.0,-0.0,0.0,0.0,0.0,1.0,0.0,0,0.0,1.0,0.0,1,1
195.288,88.376,-32.644,-1.571,0.0,-0.0,0.0,-0.0,0.0,0.0,0.0,1.0,0.0,0,0.0,1.0,0.0,1,1
195.388,88.376,-32.644,-1.571,0.0,-0.0,0.0,-0.0,0.0,0.0,0.0,1.0,0.0,0,0.0,1.0,0.0,1,1
195.488,88.376,-32.644,-1.571,0.0,-0.0,0.0,-0.0,0.0,0.0,0.0,1.0,0.0,0,0.0,1.0,0.0,1,1
195.588,88.376,-32.644,-1.571,0.0,-0.0,0.0,-0.0,0.0,0.0,0.0,1.0,0.0,0,0.0,1.0,0.0,1,1
195.738,88.376,-32.644,-1.571,0.0,-0.0,0.0,-0.0,0.0,0.0,0.0,1.0,0.0,0,0.0,1.0,0.0,1,1
195.838,88.376,-32.644,-1.571,0.0,-0.0,0.0,-0.0,0.0,0.0,0.0,1.0,0.0,0,0.0,1.0,0.0,1,1
195.988,88.376,-32.644,-1.571,0.0,-0.0,0.0,-0.0,0.0,0.0,0.0,1.0,0.0,0,0.0,1.0,0.0,1,1
196.088,88.376,-32.644,-1.571,0.0,-0.0,0.0,-0.0,0.0,0.0,0.0,1.0,0.0,0,0.0,1.0,0.0,1,1
196.188,88.376,-32.644,-1.571,0.0,-0.0,0.0,-0.0,0.0,0.0,0.0,1.0,0.0,0,0.0,1.0,0.0,1,1
196.288,88.376,-32.644,-1.571,0.0,-0.0,0.0,-0.0,0.0,0.0,0.0,1.0,0.0,0,0.0,1.0,0.0,1,1
196.438,88.376,-32.644,-1.571,0.0,-0.0,0.0,-0.0,0.0,0.0,0.0,1.0,0.0,0,0.0,1.0,0.0,1,1
196.538,88.376,-32.644,-1.571,0.0,-0.0,0.0,-0.0,0.0,0.0,0.0,1.0,0.0,0,0.0,1.0,0.0,1,1
196.638,88.376,-32.644,-1.571,0.0,-0.0,0.0,-0.0,0.0,0.0,0.0,1.0,0.0,0,0.0,1.0,0.0,1,1
196.788,88.376,-32.644,-1.571,0.0,-0.0,0.0,-0.0,0.0,0.0,0.0,1.0,0.0,0,0.0,1.0,0.0,1,1
196.888,88.376,-32.644,-1.571,0.0,-0.0,0.0,-0.0,0.0,0.0,0.0,1.0,0.0,0,0.0,1.0,0.0,1,1
196.988,88.376,-32.644,-1.571,0.0,-0.0,0.0,-0.0,0.0,0.0,0.0,1.0,0.0,0,0.0,1.0,0.0,1,1
197.088,88.376,-32.644,-1.571,0.0,-0.0,0.0,-0.0,0.0,0.0,0.0,1.0,0.0,0,0.0,1.0,0.0,1,1
197.238,88.376,-32.644,-1.571,0.0,-0.0,0.0,-0.0,0.0,0.0,0.0,1.0,0.0,0,0.0,1.0,0.0,1,1
197.338,88.376,-32.644,-1.571,0.0,-0.0,0.0,-0.0,0.0,0.0,0.0,1.0,0.0,0,0.0,1.0,0.0,1,1
197.438,88.376,-32.644,-1.571,0.0,-0.0,0.0,-0.0,0.0,0.0,0.0,1.0,0.0,0,0.0,1.0,0.0,1,1
197.538,88.376,-32.644,-1.571,0.0,-0.0,0.0,-0.0,0.0,0.0,0.0,1.0,0.0,0,0.0,1.0,0.0,1,1
197.638,88.376,-32.644,-1.571,0.0,-0.0,0.0,-0.0,0.0,0.0,0.0,1.0,0.0,0,0.0,1.0,0.0,1,1
197.788,88.376,-32.644,-1.571,0.0,-0.0,0.0,-0.0,0.0,0.0,0.0,1.0,0.0,0,0.0,1.0,0.0,1,1
197.888,88.376,-32.644,-1.571,0.0,-0.0,0.0,-0.0,0.0,0.0,0.0,1.0,0.0,0,0.0,1.0,0.0,1,1
197.988,88.376,-32.644,-1.571,0.0,-0.0,0.0,-0.0,0.0,0.0,0.0,1.0,0.0,0,0.0,1.0,0.0,1,1
198.138,88.376,-32.644,-1.571,0.0,-0.0,0.0,-0.0,0.0,0.0,0.0,1.0,0.0,0,0.0,1.0,0.0,1,1
198.238,88.376,-32.644,-1.571,0.0,-0.0,0.0,-0.0,0.0,0.0,0.0,1.0,0.0,0,0.0,1.0,0.0,1,1
198.338,88.376,-32.644,-1.571,0.0,-0.0,0.0,-0.0,0.0,0.0,0.0,1.0,0.0,0,0.0,1.0,0.0,1,1
198.438,88.376,-32.644,-1.571,0.0,-0.0,0.0,-0.0,0.0,0.0,0.0,1.0,0.0,0,0.0,1.0,0.0,1,1
198.538,88.376,-32.644,-1.571,0.0,-0.0,0.0,-0.0,0.0,0.0,0.0,1.0,0.0,0,0.0,1.0,0.0,1,1
198.688,88.376,-32.644,-1.571,0.0,-0.0,0.0,-0.0,0.0,0.0,0.0,1.0,0.0,0,0.0,1.0,0.0,1,1
198.788,88.376,-32.644,-1.571,0.0,-0.0,0.0,-0.0,0.0,0.0,0.0,1.0,0.0,0,0.0,1.0,0.0,1,1
198.888,88.376,-32.644,-1.571,0.0,-0.0,0.0,-0.0,0.0,0.0,0.0,1.0,0.0,0,0.0,1.0,0.0,1,1
198.988,88.376,-32.644,-1.571,0.0,-0.0,0.0,-0.0,0.0,0.0,0.0,1.0,0.0,0,0.0,1.0,0.0,1,1
199.138,88.376,-32.644,-1.571,0.0,-0.0,0.0,-0.0,0.0,0.0,0.0,1.0,0.0,0,0.0,1.0,0.0,1,1
199.238,88.376,-32.644,-1.571,0.0,-0.0,0.0,-0.0,0.0,0.0,0.0,1.0,0.0,0,0.0,1.0,0.0,1,1
199.338,88.376,-32.644,-1.571,0.0,-0.0,0.0,-0.0,0.0,0.0,0.0,1.0,0.0,0,0.0,1.0,0.0,1,1
199.488,88.376,-32.644,-1.571,0.0,-0.0,0.0,-0.0,0.0,0.0,0.0,1.0,0.0,0,0.0,1.0,0.0,1,1
199.588,88.376,-32.644,-1.571,0.0,-0.0,0.0,-0.0,0.0,0.0,0.0,1.0,0.0,0,0.0,1.0,0.0,1,1
199.688,88.376,-32.644,-1.571,0.0,-0.0,0.0,-0.0,0.0,0.0,0.0,1.0,0.0,0,0.0,1.0,0.0,1,1
199.788,88.376,-32.644,-1.571,0.0,-0.0,0.0,-0.0,0.0,0.0,0.0,1.0,0.0,0,0.0,1.0,0.0,1,1
199.888,88.376,-32.644,-1.571,0.0,-0.0,0.0,-0.0,0.0,0.0,0.0,1.0,0.0,0,0.0,1.0,0.0,1,1
199.988,88.376,-32.644,-1.571,0.0,-0.0,0.0,-0.0,0.0,0.0,0.0,1.0,0.0,0,0.0,1.0,0.0,1,1
200.088,88.376,-32.644,-1.571,0.0,-0.0,0.0,-0.0,0.0,0.0,0.0,1.0,0.0,0,0.0,1.0,0.0,1,1
200.188,88.376,-32.644,-1.571,0.0,-0.0,0.0,-0.0,0.0,0.0,0.0,1.0,0.0,0,0.0,1.0,0.0,1,1
200.338,88.376,-32.644,-1.571,0.0,-0.0,0.0,-0.0,0.0,0.0,0.0,1.0,0.0,0,0.0,1.0,0.0,1,1
200.438,88.376,-32.644,-1.571,0.0,-0.0,0.0,-0.0,0.0,0.0,0.0,1.0,0.0,0,0.0,1.0,0.0,1,1
200.538,88.376,-32.644,-1.571,0.0,-0.0,0.0,-0.0,0.0,0.0,0.0,1.0,0.0,0,0.0,1.0,0.0,1,1
200.688,88.376,-32.644,-1.571,0.0,-0.0,0.0,-0.0,0.0,0.0,0.0,1.0,0.0,0,0.0,1.0,0.0,1,1
200.788,88.376,-32.644,-1.571,0.0,-0.0,0.0,-0.0,0.0,0.0,0.0,1.0,0.0,0,0.0,1.0,0.0,1,1
200.888,88.376,-32.644,-1.571,0.0,-0.0,0.0,-0.0,0.0,0.0,0.0,1.0,0.0,0,0.0,1.0,0.0,1,1
200.988,88.376,-32.644,-1.571,0.0,-0.0,0.0,-0.0,0.0,0.0,0.0,1.0,0.0,0,0.0,1.0,0.0,1,1
201.088,88.376,-32.644,-1.571,0.0,-0.0,0.0,-0.0,0.0,0.0,0.0,1.0,0.0,0,0.0,1.0,0.0,1,1
201.238,88.376,-32.644,-1.571,0.0,-0.0,0.0,-0.0,0.0,0.0,0.0,1.0,0.0,0,0.0,1.0,0.0,1,1
201.338,88.376,-32.644,-1.571,0.0,-0.0,0.0,-0.0,0.0,0.0,0.0,1.0,0.0,0,0.0,1.0,0.0,1,1
201.438,88.376,-32.644,-1.571,0.0,-0.0,0.0,-0.0,0.0,0.0,0.0,1.0,0.0,0,0.0,1.0,0.0,1,1
201.588,88.376,-32.644,-1.571,0.0,-0.0,0.0,-0.0,0.0,0.0,0.0,1.0,0.0,0,0.0,1.0,0.0,1,1
201.688,88.376,-32.644,-1.571,0.0,-0.0,0.0,-0.0,0.0,0.0,0.0,1.0,0.0,0,0.0,1.0,0.0,1,1
201.788,88.376,-32.644,-1.571,0.0,-0.0,0.0,-0.0,0.0,0.0,0.0,1.0,0.0,0,0.0,1.0,0.0,1,1
201.888,88.376,-32.644,-1.571,0.0,-0.0,0.0,-0.0,0.0,0.0,0.0,1.0,0.0,0,0.0,1.0,0.0,1,1
202.038,88.376,-32.644,-1.571,0.0,-0.0,0.0,-0.0,0.0,0.0,0.0,1.0,0.0,0,0.0,1.0,0.0,1,1
202.138,88.376,-32.644,-1.571,0.0,-0.0,0.0,-0.0,0.0,0.0,0.0,1.0,0.0,0,0.0,1.0,0.0,1,1
202.238,88.376,-32.644,-1.571,0.0,-0.0,0.0,-0.0,0.0,0.0,0.0,1.0,0.0,0,0.0,1.0,0.0,1,1
202.338,88.376,-32.644,-1.571,0.0,-0.0,0.0,-0.0,0.0,0.0,0.0,1.0,0.0,0,0.0,1.0,0.0,1,1
202.438,88.376,-32.644,-1.571,0.0,-0.0,0.0,-0.0,0.0,0.0,0.0,1.0,0.0,0,0.0,1.0,0.0,1,1
202.588,88.376,-32.644,-1.571,0.0,-0.0,0.0,-0.0,0.0,0.0,0.0,1.0,0.0,0,0.0,1.0,0.0,1,1
202.688,88.376,-32.644,-1.571,0.0,-0.0,0.0,-0.0,0.0,0.0,0.0,1.0,0.0,0,0.0,1.0,0.0,1,1
202.788,88.376,-32.644,-1.571,0.0,-0.0,0.0,-0.0,0.0,0.0,0.0,1.0,0.0,0,0.0,1.0,0.0,1,1
202.938,88.376,-32.644,-1.571,0.0,-0.0,0.0,-0.0,0.0,0.0,0.0,1.0,0.0,0,0.0,1.0,0.0,1,1
203.038,88.376,-32.644,-1.571,0.0,-0.0,0.0,-0.0,0.0,0.0,0.0,1.0,0.0,0,0.0,1.0,0.0,1,1
203.138,88.376,-32.644,-1.571,0.0,-0.0,0.0,-0.0,0.0,0.0,0.0,1.0,0.0,0,0.0,1.0,0.0,1,1
203.238,88.376,-32.644,-1.571,0.0,-0.0,0.0,-0.0,0.0,0.0,0.0,1.0,0.0,0,0.0,1.0,0.0,1,1
203.388,88.376,-32.644,-1.571,0.0,-0.0,0.0,-0.0,0.0,0.0,0.0,1.0,0.0,0,0.0,1.0,0.0,1,1
203.488,88.376,-32.644,-1.571,0.0,-0.0,0.0,-0.0,0.0,0.0,0.0,1.0,0.0,0,0.0,1.0,0.0,1,1
203.588,88.376,-32.644,-1.571,0.0,-0.0,0.0,-0.0,0.0,0.0,0.0,1.0,0.0,0,0.0,1.0,0.0,1,1
203.738,88.376,-32.644,-1.571,0.0,-0.0,0.0,-0.0,0.0,0.0,0.0,1.0,0.0,0,0.0,1.0,0.0,1,1
203.838,88.376,-32.644,-1.571,0.0,-0.0,0.0,-0.0,0.0,0.0,0.0,1.0,0.0,0,0.0,1.0,0.0,1,1
203.938,88.376,-32.644,-1.571,0.0,-0.0,0.0,-0.0,0.0,0.0,0.0,1.0,0.0,0,0.0,1.0,0.0,1,1
204.038,88.376,-32.644,-1.571,0.0,-0.0,0.0,-0.0,0.0,0.0,0.0,1.0,0.0,0,0.0,1.0,0.0,1,1
204.188,88.376,-32.644,-1.571,0.0,-0.0,0.0,-0.0,0.0,0.0,0.0,1.0,0.0,0,0.0,1.0,0.0,1,1
204.288,88.376,-32.644,-1.571,0.0,-0.0,0.0,-0.0,0.0,0.0,0.0,1.0,0.0,0,0.0,1.0,0.0,1,1
204.388,88.376,-32.644,-1.571,0.0,-0.0,0.0,-0.0,0.0,0.0,0.0,1.0,0.0,0,0.0,1.0,0.0,1,1
204.488,88.376,-32.644,-1.571,0.0,-0.0,0.0,-0.0,0.0,0.0,0.0,1.0,0.0,0,0.0,1.0,0.0,1,1
204.638,88.376,-32.644,-1.571,0.0,-0.0,0.0,-0.0,0.0,0.0,0.0,1.0,0.0,0,0.0,1.0,0.0,1,1
204.738,88.376,-32.644,-1.571,0.0,-0.0,0.0,-0.0,0.0,0.0,0.0,1.0,0.0,0,0.0,1.0,0.0,1,1
204.838,88.376,-32.644,-1.571,0.0,-0.0,0.0,-0.0,0.0,0.0,0.0,1.0,0.0,0,0.0,1.0,0.0,1,1
204.938,88.376,-32.644,-1.571,0.0,-0.0,0.0,-0.0,0.0,0.0,0.0,1.0,0.0,0,0.0,1.0,0.0,1,1
205.088,88.376,-32.644,-1.571,0.0,-0.0,0.0,-0.0,0.0,0.0,0.0,1.0,0.0,0,0.0,1.0,0.0,1,1
205.188,88.376,-32.644,-1.571,0.0,-0.0,0.0,-0.0,0.0,0.0,0.0,1.0,0.0,0,0.0,1.0,0.0,1,1
205.288,88.376,-32.644,-1.571,0.0,-0.0,0.0,-0.0,0.0,0.0,0.0,1.0,0.0,0,0.0,1.0,0.0,1,1
205.438,88.376,-32.644,-1.571,0.0,-0.0,0.0,-0.0,0.0,0.0,0.0,1.0,0.0,0,0.0,1.0,0.0,1,1
205.538,88.376,-32.644,-1.571,0.0,-0.0,0.0,-0.0,0.0,0.0,0.0,1.0,0.0,0,0.0,1.0,0.0,1,1
205.638,88.376,-32.644,-1.571,0.0,-0.0,0.0,-0.0,0.0,0.0,0.0,1.0,0.0,0,0.0,1.0,0.0,1,1
205.738,88.376,-32.644,-1.571,0.0,-0.0,0.0,-0.0,0.0,0.0,0.0,1.0,0.0,0,0.0,1.0,0.0,1,1
205.888,88.376,-32.644,-1.571,0.0,-0.0,0.0,-0.0,0.0,0.0,0.0,1.0,0.0,0,0.0,1.0,0.0,1,1
205.988,88.376,-32.644,-1.571,0.0,-0.0,0.0,-0.0,0.0,0.0,0.0,1.0,0.0,0,0.0,1.0,0.0,1,1
206.088,88.376,-32.644,-1.571,0.0,-0.0,0.0,-0.0,0.0,0.0,0.0,1.0,0.0,0,0.0,1.0,0.0,1,1
206.188,88.376,-32.644,-1.571,0.0,-0.0,0.0,-0.0,0.0,0.0,0.0,1.0,0.0,0,0.0,1.0,0.0,1,1
206.338,88.376,-32.644,-1.571,0.0,-0.0,0.0,-0.0,0.0,0.0,0.0,1.0,0.0,0,0.0,1.0,0.0,1,1
206.438,88.376,-32.644,-1.571,0.0,-0.0,0.0,-0.0,0.0,0.0,0.0,1.0,0.0,0,0.0,1.0,0.0,1,1
206.538,88.376,-32.644,-1.571,0.0,-0.0,0.0,-0.0,0.0,0.0,0.0,1.0,0.0,0,0.0,1.0,0.0,1,1
206.638,88.376,-32.644,-1.571,0.0,-0.0,0.0,-0.0,0.0,0.0,0.0,1.0,0.0,0,0.0,1.0,0.0,1,1
206.788,88.376,-32.644,-1.571,0.0,-0.0,0.0,-0.0,0.0,0.0,0.0,1.0,0.0,0,0.0,1.0,0.0,1,1
206.888,88.376,-32.644,-1.571,0.0,-0.0,0.0,-0.0,0.0,0.0,0.0,1.0,0.0,0,0.0,1.0,0.0,1,1
206.988,88.376,-32.644,-1.571,0.0,-0.0,0.0,-0.0,0.0,0.0,0.0,1.0,0.0,0,0.0,1.0,0.0,1,1
207.138,88.376,-32.644,-1.571,0.0,-0.0,0.0,-0.0,0.0,0.0,0.0,1.0,0.0,0,0.0,1.0,0.0,1,1
207.238,88.376,-32.644,-1.571,0.0,-0.0,0.0,-0.0,0.0,0.0,0.0,1.0,0.0,0,0.0,1.0,0.0,1,1
207.338,88.376,-32.644,-1.571,0.0,-0.0,0.0,-0.0,0.0,0.0,0.0,1.0,0.0,0,0.0,1.0,0.0,1,1
207.438,88.376,-32.644,-1.571,0.0,-0.0,0.0,-0.0,0.0,0.0,0.0,1.0,0.0,0,0.0,1.0,0.0,1,1
207.588,88.376,-32.644,-1.571,0.0,-0.0,0.0,-0.0,0.0,0.0,0.0,1.0,0.0,0,0.0,1.0,0.0,1,1
207.688,88.376,-32.644,-1.571,0.0,-0.0,0.0,-0.0,0.0,0.0,0.0,1.0,0.0,0,0.0,1.0,0.0,1,1
207.788,88.376,-32.644,-1.571,0.0,-0.0,0.0,-0.0,0.0,0.0,0.0,1.0,0.0,0,0.0,1.0,0.0,1,1
207.888,88.376,-32.644,-1.571,0.0,-0.0,0.0,-0.0,0.0,0.0,0.0,1.0,0.0,0,0.0,1.0,0.0,1,1
207.988,88.376,-32.644,-1.571,0.0,-0.0,0.0,-0.0,0.0,0.0,0.0,1.0,0.0,0,0.0,1.0,0.0,1,1
208.138,88.376,-32.644,-1.571,0.0,-0.0,0.0,-0.0,0.0,0.0,0.0,1.0,0.0,0,0.0,1.0,0.0,1,1
208.238,88.376,-32.644,-1.571,0.0,-0.0,0.0,-0.0,0.0,0.0,0.0,1.0,0.0,0,0.0,1.0,0.0,1,1
208.338,88.376,-32.644,-1.571,0.0,-0.0,0.0,-0.0,0.0,0.0,0.0,1.0,0.0,0,0.0,1.0,0.0,1,1
208.488,88.376,-32.644,-1.571,0.0,-0.0,0.0,-0.0,0.0,0.0,0.0,1.0,0.0,0,0.0,1.0,0.0,1,1
208.588,88.376,-32.644,-1.571,0.0,-0.0,0.0,-0.0,0.0,0.0,0.0,1.0,0.0,0,0.0,1.0,0.0,1,1
208.688,88.376,-32.644,-1.571,0.0,-0.0,0.0,-0.0,0.0,0.0,0.0,1.0,0.0,0,0.0,1.0,0.0,1,1
208.838,88.376,-32.644,-1.571,0.0,-0.0,0.0,-0.0,0.0,0.0,0.0,1.0,0.0,0,0.0,1.0,0.0,1,1
208.938,88.376,-32.644,-1.571,0.0,-0.0,0.0,-0.0,0.0,0.0,0.0,1.0,0.0,0,0.0,1.0,0.0,1,1
209.038,88.376,-32.644,-1.571,0.0,-0.0,0.0,-0.0,0.0,0.0,0.0,1.0,0.0,0,0.0,1.0,0.0,1,1
209.138,88.376,-32.644,-1.571,0.0,-0.0,0.0,-0.0,0.0,0.0,0.0,1.0,0.0,0,0.0,1.0,0.0,1,1
209.238,88.376,-32.644,-1.571,0.0,-0.0,0.0,-0.0,0.0,0.0,0.0,1.0,0.0,0,0.0,1.0,0.0,1,1
209.388,88.376,-32.644,-1.571,0.0,-0.0,0.0,-0.0,0.0,0.0,0.0,1.0,0.0,0,0.0,1.0,0.0,1,1
209.488,88.376,-32.644,-1.571,0.0,-0.0,0.0,-0.0,0.0,0.0,0.0,1.0,0.0,0,0.0,1.0,0.0,1,1
209.588,88.376,-32.644,-1.571,0.0,-0.0,0.0,-0.0,0.0,0.0,0.0,1.0,0.0,0,0.0,1.0,0.0,1,1
209.688,88.376,-32.644,-1.571,0.0,-0.0,0.0,-0.0,0.0,0.0,0.0,1.0,0.0,0,0.0,1.0,0.0,1,1
209.838,88.376,-32.644,-1.571,0.0,-0.0,0.0,-0.0,0.0,0.0,0.0,1.0,0.0,0,0.0,1.0,0.0,1,1
209.938,88.376,-32.644,-1.571,0.0,-0.0,0.0,-0.0,0.0,0.0,0.0,1.0,0.0,0,0.0,1.0,0.0,1,1
210.038,88.376,-32.644,-1.571,0.0,-0.0,0.0,-0.0,0.0,0.0,0.0,1.0,0.0,0,0.0,1.0,0.0,1,1
210.138,88.376,-32.644,-1.571,0.0,-0.0,0.0,-0.0,0.0,0.0,0.0,1.0,0.0,0,0.0,1.0,0.0,1,1
210.238,88.376,-32.644,-1.571,0.0,-0.0,0.0,-0.0,0.0,0.0,0.0,1.0,0.0,0,0.0,1.0,0.0,1,1
210.338,88.376,-32.644,-1.571,0.0,-0.0,0.0,-0.0,0.0,0.0,0.0,1.0,0.0,0,0.0,1.0,0.0,1,1
210.488,88.376,-32.644,-1.571,0.0,-0.0,0.0,-0.0,0.0,0.0,0.0,1.0,0.0,0,0.0,1.0,0.0,1,1
210.588,88.376,-32.644,-1.571,0.0,-0.0,0.0,-0.0,0.0,0.0,0.0,1.0,0.0,0,0.0,1.0,0.0,1,1
210.688,88.376,-32.644,-1.571,0.0,-0.0,0.0,-0.0,0.0,0.0,0.0,1.0,0.0,0,0.0,1.0,0.0,1,1
210.788,88.376,-32.644,-1.571,0.0,-0.0,0.0,-0.0,0.0,0.0,0.0,1.0,0.0,0,0.0,1.0,0.0,1,1
210.938,88.376,-32.644,-1.571,0.0,-0.0,0.0,-0.0,0.0,0.0,0.0,1.0,0.0,0,0.0,1.0,0.0,1,1
211.038,88.376,-32.644,-1.571,0.0,-0.0,0.0,-0.0,0.0,0.0,0.0,1.0,0.0,0,0.0,1.0,0.0,1,1
211.138,88.376,-32.644,-1.571,0.0,-0.0,0.0,-0.0,0.0,0.0,0.0,1.0,0.0,0,0.0,1.0,0.0,1,1
211.238,88.376,-32.644,-1.571,0.0,-0.0,0.0,-0.0,0.0,0.0,0.0,1.0,0.0,0,0.0,1.0,0.0,1,1
211.388,88.376,-32.644,-1.571,0.0,-0.0,0.0,-0.0,0.0,0.0,0.0,1.0,0.0,0,0.0,1.0,0.0,1,1
211.488,88.376,-32.644,-1.571,0.0,-0.0,0.0,-0.0,0.0,0.0,0.0,1.0,0.0,0,0.0,1.0,0.0,1,1
211.588,88.376,-32.644,-1.571,0.0,-0.0,0.0,-0.0,0.0,0.0,0.0,1.0,0.0,0,0.0,1.0,0.0,1,1
211.688,88.376,-32.644,-1.571,0.0,-0.0,0.0,-0.0,0.0,0.0,0.0,1.0,0.0,0,0.0,1.0,0.0,1,1
211.838,88.376,-32.644,-1.571,0.0,-0.0,0.0,-0.0,0.0,0.0,0.0,1.0,0.0,0,0.0,1.0,0.0,1,1
211.938,88.376,-32.644,-1.571,0.0,-0.0,0.0,-0.0,0.0,0.0,0.0,1.0,0.0,0,0.0,1.0,0.0,1,1
212.038,88.376,-32.644,-1.571,0.0,-0.0,0.0,-0.0,0.0,0.0,0.0,1.0,0.0,0,0.0,1.0,0.0,1,1
212.138,88.376,-32.644,-1.571,0.0,-0.0,0.0,-0.0,0.0,0.0,0.0,1.0,0.0,0,0.0,1.0,0.0,1,1
212.238,88.376,-32.644,-1.571,0.0,-0.0,0.0,-0.0,0.0,0.0,0.0,1.0,0.0,0,0.0,1.0,0.0,1,1
212.338,88.376,-32.644,-1.571,0.0,-0.0,0.0,-0.0,0.0,0.0,0.0,1.0,0.0,0,0.0,1.0,0.0,1,1
212.488,88.376,-32.644,-1.571,0.0,-0.0,0.0,-0.0,0.0,0.0,0.0,1.0,0.0,0,0.0,1.0,0.0,1,1
212.588,88.376,-32.644,-1.571,0.0,-0.0,0.0,-0.0,0.0,0.0,0.0,1.0,0.0,0,0.0,1.0,0.0,1,1
212.688,88.376,-32.644,-1.571,0.0,-0.0,0.0,-0.0,0.0,0.0,0.0,1.0,0.0,0,0.0,1.0,0.0,1,1
212.838,88.376,-32.644,-1.571,0.0,-0.0,0.0,-0.0,0.0,0.0,0.0,1.0,0.0,0,0.0,1.0,0.0,1,1
212.938,88.376,-32.644,-1.571,0.0,-0.0,0.0,-0.0,0.0,0.0,0.0,1.0,0.0,0,0.0,1.0,0.0,1,1
213.038,88.376,-32.644,-1.571,0.0,-0.0,0.0,-0.0,0.0,0.0,0.0,1.0,0.0,0,0.0,1.0,0.0,1,1
213.138,88.376,-32.644,-1.571,0.0,-0.0,0.0,-0.0,0.0,0.0,0.0,1.0,0.0,0,0.0,1.0,0.0,1,1
213.288,88.376,-32.644,-1.571,0.0,-0.0,0.0,-0.0,0.0,0.0,0.0,1.0,0.0,0,0.0,1.0,0.0,1,1
213.388,88.376,-32.644,-1.571,0.0,-0.0,0.0,-0.0,0.0,0.0,0.0,1.0,0.0,0,0.0,1.0,0.0,1,1
213.488,88.376,-32.644,-1.571,0.0,-0.0,0.0,-0.0,0.0,0.0,0.0,1.0,0.0,0,0.0,1.0,0.0,1,1
213.588,88.376,-32.644,-1.571,0.0,-0.0,0.0,-0.0,0.0,0.0,0.0,1.0,0.0,0,0.0,1.0,0.0,1,1
213.688,88.376,-32.644,-1.571,0.0,-0.0,0.0,-0.0,0.0,0.0,0.0,1.0,0.0,0,0.0,1.0,0.0,1,1
213.838,88.376,-32.644,-1.571,0.0,-0.0,0.0,-0.0,0.0,0.0,0.0,1.0,0.0,0,0.0,1.0,0.0,1,1
213.938,88.376,-32.644,-1.571,0.0,-0.0,0.0,-0.0,0.0,0.0,0.0,1.0,0.0,0,0.0,1.0,0.0,1,1
214.038,88.376,-32.644,-1.571,0.0,-0.0,0.0,-0.0,0.0,0.0,0.0,1.0,0.0,0,0.0,1.0,0.0,1,1
214.138,88.376,-32.644,-1.571,0.0,-0.0,0.0,-0.0,0.0,0.0,0.0,1.0,0.0,0,0.0,1.0,0.0,1,1
214.288,88.376,-32.644,-1.571,0.0,-0.0,0.0,-0.0,0.0,0.0,0.0,1.0,0.0,0,0.0,1.0,0.0,1,1
214.388,88.376,-32.644,-1.571,0.0,-0.0,0.0,-0.0,0.0,0.0,0.0,1.0,0.0,0,0.0,1.0,0.0,1,1
214.438,88.376,-32.644,-1.571,0.0,-0.0,0.0,-0.0,0.0,0.0,0.0,1.0,0.0,0,0.0,1.0,0.0,1,1
214.588,88.376,-32.644,-1.571,0.0,-0.0,0.0,-0.0,0.0,0.0,0.0,1.0,0.0,0,0.0,1.0,0.0,1,1
214.688,88.376,-32.644,-1.571,0.0,-0.0,0.0,-0.0,-0.0,-0.004,1.0,0.0,0.0,0,1.0,0.0,0.0,1,1
214.788,88.376,-32.644,-1.571,0.0,-0.0,-0.0,-0.0,0.0,-0.276,1.0,0.0,0.0,0,1.0,0.0,0.0,1,1
214.888,88.376,-32.647,-1.571,0.082,-0.0,0.082,0.0,0.0,1.122,1.0,0.0,0.0,0,1.0,0.0,0.0,1,1
214.988,88.376,-32.663,-1.571,0.284,0.0,0.284,0.009,-0.003,3.59,1.0,0.0,0.0,0,1.0,0.0,0.0,1,0
215.088,88.376,-32.711,-1.571,0.636,-0.001,0.636,-0.008,0.001,4.344,1.0,0.0,-0.0,0,1.0,0.0,-0.0,1,0
215.238,88.376,-32.864,-1.571,1.388,0.0,1.388,0.001,0.021,5.277,1.0,0.0,0.0,0,1.0,0.0,0.0,1,0
215.338,88.376,-33.037,-1.571,2.058,-0.0,2.058,-0.006,-0.022,7.994,1.0,0.0,0.0,0,1.0,0.0,0.0,1,0
215.438,88.376,-33.281,-1.571,2.726,-0.0,2.726,-0.008,0.007,6.211,1.0,0.0,0.0,0,1.0,0.0,0.0,1,0
215.538,88.376,-33.598,-1.571,3.534,-0.0,3.534,-0.0,0.0,8.188,1.0,0.0,0.0,0,1.0,0.0,0.0,1,0
215.588,88.376,-33.786,-1.571,3.918,-0.0,3.918,-0.0,0.0,7.412,1.0,0.0,0.0,0,1.0,0.0,0.0,1,0
215.738,88.376,-34.462,-1.571,5.009,-0.0,5.009,-0.0,-0.001,7.124,0.705,0.0,0.0,0,0.962,0.0,0.0,1,0
215.838,88.376,-34.994,-1.571,5.422,-0.0,5.422,-0.0,0.0,-1.358,0.649,0.0,0.0,0,0.266,0.0,0.0,1,0
215.938,88.376,-35.527,-1.571,5.287,-0.0,5.287,-0.0,-0.0,-1.051,1.0,0.0,0.0,0,0.985,0.0,0.0,1,0
216.038,88.376,-36.05,-1.571,5.237,-0.0,5.237,-0.0,0.001,1.123,0.942,0.0,-0.0,0,1.0,0.0,-0.0,1,0
216.138,88.376,-36.582,-1.571,5.429,0.0,5.429,-0.0,0.0,-0.619,0.55,0.0,-0.0,0,0.801,0.0,-0.0,0,0
216.238,88.376,-37.122,-1.571,5.396,0.0,5.396,0.0,0.001,13.462,0.829,0.0,-0.0,0,0.882,0.0,-0.0,2,0
216.338,88.376,-37.734,-1.571,6.66,0.0,6.66,0.0,0.001,9.06,0.0,0.0,-0.0,0,0.0,0.0,-0.0,2,0
216.438,88.376,-38.446,-1.571,7.349,0.0,7.349,0.0,0.001,-0.442,0.0,0.0,-0.0,0,0.0,0.0,-0.0,2,0
216.588,88.376,-39.536,-1.571,7.167,0.0,7.167,0.0,0.001,-1.846,0.0,0.0,-0.0,0,0.0,0.0,-0.0,2,0
216.638,88.376,-39.89,-1.571,7.042,0.0,7.042,0.0,0.001,-2.546,0.0,0.0,-0.0,0,0.0,0.0,-0.0,2,0
216.738,88.376,-40.579,-1.571,6.763,0.0,6.763,0.0,0.001,-2.875,0.0,0.0,-0.0,0,0.0,0.0,-0.0,2,0
216.888,88.376,-41.564,-1.571,6.513,0.0,6.513,0.0,0.001,-0.007,0.0,0.0,-0.0,0,0.0,0.0,-0.0,0,0
216.988,88.377,-42.195,-1.571,5.987,0.0,5.987,0.0,0.0,-8.138,0.0,0.0,-0.0,0,0.0,0.0,-0.0,1,0
217.088,88.377,-42.758,-1.571,5.391,0.0,5.391,0.0,-0.0,-4.567,0.0,0.0,-0.0,0,0.0,0.0,-0.0,1,0
217.188,88.377,-43.273,-1.571,4.984,0.0,4.984,0.0,-0.0,-6.681,0.0,0.0,-0.0,0,0.0,0.0,-0.0,1,0
217.288,88.377,-43.736,-1.571,4.381,0.0,4.381,0.0,-0.0,-4.247,0.707,0.0,-0.0,0,0.553,0.0,-0.0,1,0
217.388,88.377,-44.153,-1.571,4.046,0.0,4.046,0.0,0.004,-0.072,0.878,0.0,-0.0,0,0.851,0.0,-0.0,1,0
217.488,88.377,-44.56,-1.571,4.148,0.001,4.148,0.0,0.002,3.488,0.571,0.0,-0.014,0,0.76,0.0,-0.0,1,0
217.588,88.378,-44.995,-1.57,4.496,0.023,4.496,0.019,0.241,2.562,0.336,0.0,-0.015,0,0.395,0.0,-0.015,1,0
217.688,88.382,-45.458,-1.568,4.694,0.032,4.694,0.025,0.114,0.724,0.489,0.0,-0.013,0,0.382,0.0,-0.014,1,0
217.788,88.387,-45.932,-1.565,4.764,0.031,4.764,0.023,0.081,1.117,0.603,0.0,-0.044,0,0.575,0.0,-0.012,1,0
217.888,88.395,-46.415,-1.561,4.901,0.082,4.9,0.065,0.691,1.885,0.494,0.0,-0.044,0,0.563,0.0,-0.045,1,0
218.038,88.421,-47.171,-1.55,5.126,0.099,5.125,0.118,0.353,0.84,0.398,0.0,-0.039,0,0.428,0.0,-0.042,1,0
218.138,88.445,-47.673,-1.541,5.065,0.159,5.063,0.126,0.997,-0.324,0.532,0.0,-0.081,0,0.904,0.0,-0.083,1,0
218.238,88.481,-48.181,-1.527,5.061,0.175,5.058,0.123,0.816,1.301,0.687,0.0,-0.073,0,0.714,0.0,-0.077,1,0
218.338,88.523,-48.688,-1.514,5.037,0.167,5.035,0.089,2.258,2.713,0.937,0.0,-0.124,0,0.553,0.0,-0.125,1,0
218.438,88.579,-49.201,-1.497,5.124,0.253,5.118,0.15,1.074,-0.362,0.843,0.0,-0.117,0,0.422,0.0,-0.121,1,0
218.538,88.646,-49.707,-1.476,5.1,0.25,5.094,0.158,2.439,0.152,0.821,0.0,-0.168,0,0.804,0.0,-0.171,1,0
218.638,88.731,-50.212,-1.45,5.17,0.34,5.158,0.235,1.712,2.048,0.69,0.0,-0.155,0,0.787,0.0,-0.162,1,0
218.738,88.834,-50.729,-1.422,5.314,0.341,5.303,0.24,1.167,-0.036,0.633,0.0,-0.203,0,0.519,0.0,-0.147,0,0
218.838,88.954,-51.249,-1.391,5.505,0.399,5.49,0.359,3.941,13.597,0.208,0.0,-0.19,0,0.7,0.0,-0.197,2,0
218.938,89.123,-51.85,-1.35,6.685,0.498,6.667,0.428,2.457,3.211,0.0,0.0,-0.235,0,0.0,0.0,-0.179,2,0
219.038,89.333,-52.499,-1.306,6.822,0.51,6.803,0.432,3.164,-1.621,0.0,0.0,-0.216,0,0.0,0.0,-0.226,2,0
219.138,89.57,-53.129,-1.257,6.662,0.486,6.645,0.444,2.502,-2.437,0.0,0.0,-0.264,0,0.0,0.0,-0.204,2,0
219.238,89.828,-53.727,-1.209,6.409,0.509,6.389,0.468,3.377,-3.13,0.0,0.0,-0.244,0,0.0,0.0,-0.254,2,0
219.338,90.11,-54.286,-1.157,6.202,0.52,6.18,0.47,2.9,-0.402,0.0,0.0,-0.291,0,0.0,0.0,-0.231,0,0
219.438,90.415,-54.821,-1.105,6.014,0.588,5.985,0.513,2.909,-8.478,0.0,0.0,-0.269,0,0.0,0.0,-0.28,1,0
219.538,90.726,-55.286,-1.053,5.294,0.541,5.266,0.494,2.999,-4.81,0.343,0.0,-0.314,0,0.265,0.0,-0.325,1,0
219.638,91.03,-55.687,-1.002,4.846,0.603,4.808,0.514,2.163,-3.69,0.574,0.0,-0.287,0,0.355,0.0,-0.301,1,0
219.738,91.337,-56.038,-0.954,4.596,0.59,4.558,0.462,1.924,-0.176,0.608,0.0,-0.329,0,0.643,0.0,-0.273,1,0
219.838,91.657,-56.37,-0.908,4.642,0.666,4.594,0.503,3.826,0.289,0.501,0.0,-0.318,0,0.608,0.0,-0.329,1,0
219.888,91.827,-56.531,-0.882,4.717,0.683,4.668,0.514,2.248,1.078,0.391,0.0,-0.289,0,0.456,0.0,-0.304,1,0
219.988,92.186,-56.848,-0.832,4.841,0.654,4.797,0.488,1.956,0.438,0.427,0.0,-0.331,0,0.391,0.0,-0.274,1,0
220.088,92.563,-57.154,-0.783,4.887,0.714,4.835,0.527,2.514,0.148,0.549,0.0,-0.304,0,0.47,0.0,-0.318,1,0
220.188,92.963,-57.439,-0.73,4.963,0.692,4.915,0.522,1.505,1.024,0.49,0.0,-0.273,0,0.533,0.0,-0.288,1,0
220.288,93.385,-57.715,-0.681,5.094,0.625,5.056,0.483,3.175,-1.787,0.406,0.0,-0.314,0,0.448,0.0,-0.327,1,0
220.388,93.822,-57.97,-0.627,5.069,0.678,5.024,0.591,2.296,-0.394,0.527,0.0,-0.284,0,0.734,0.0,-0.3,1,0
220.488,94.271,-58.203,-0.576,5.114,0.644,5.074,0.514,1.343,-1.086,0.529,0.0,-0.302,0,0.637,0.0,-0.269,1,0
220.588,94.732,-58.418,-0.527,5.159,0.646,5.118,0.511,2.326,0.495,0.462,0.0,-0.276,0,0.758,0.0,-0.29,1,0
220.688,95.212,-58.613,-0.476,5.132,0.59,5.098,0.443,1.602,-1.303,0.807,0.0,-0.301,0,0.537,0.0,-0.262,1,0
220.788,95.688,-58.785,-0.428,5.028,0.576,4.995,0.444,2.965,-1.353,0.902,0.0,-0.273,0,0.807,0.0,-0.301,1,0
220.888,96.206,-58.939,-0.376,5.548,0.623,5.513,0.567,2.338,1.851,0.0,0.0,-0.258,0,0.902,0.0,-0.273,1,0
220.938,96.475,-59.011,-0.351,5.575,0.589,5.544,0.454,1.877,0.135,0.329,0.0,-0.227,0,0.213,0.0,-0.242,1,0
221.038,97.017,-59.14,-0.304,5.581,0.513,5.557,0.402,1.628,-0.745,0.368,0.0,-0.214,0,0.319,0.0,-0.212,1,0
221.138,97.56,-59.251,-0.261,5.512,0.46,5.493,0.362,1.657,-1.033,0.452,0.0,-0.189,0,0.41,0.0,-0.201,1,0
221.238,98.098,-59.342,-0.223,5.427,0.412,5.411,0.32,1.592,-0.916,0.511,0.0,-0.174,0,0.487,0.0,-0.185,1,0
221.338,98.631,-59.415,-0.188,5.358,0.378,5.344,0.285,1.283,-0.539,0.546,0.0,-0.153,0,0.537,0.0,-0.163,1,0
221.438,99.162,-59.473,-0.156,5.325,0.339,5.314,0.247,1.173,-0.129,0.611,0.0,-0.136,0,0.552,0.0,-0.145,1,0
221.538,99.692,-59.519,-0.129,5.332,0.306,5.323,0.216,1.007,0.385,0.536,0.0,-0.12,0,0.559,0.0,-0.127,1,0
221.638,100.227,-59.554,-0.104,5.382,0.274,5.375,0.186,0.848,0.531,1.0,0.0,-0.103,0,0.502,0.0,-0.11,1,0
221.738,100.767,-59.58,-0.082,5.444,0.24,5.438,0.158,0.665,1.427,1.0,0.0,-0.084,0,1.0,0.0,-0.091,1,0
221.838,101.318,-59.6,-0.063,5.535,0.201,5.531,0.124,0.52,-0.055,1.0,0.0,-0.068,0,1.0,0.0,-0.076,0,0
221.938,101.877,-59.613,-0.048,5.91,0.179,5.907,0.13,0.907,13.913,1.0,0.0,-0.052,0,1.0,0.0,-0.062,2,0
222.038,102.545,-59.624,-0.034,7.192,0.162,7.19,0.139,0.71,10.12,1.0,0.0,-0.04,0,1.0,0.0,-0.046,2,0
222.188,103.74,-59.634,-0.015,8.566,0.11,8.566,0.111,0.592,7.797,1.0,0.0,-0.024,0,1.0,0.0,-0.029,2,0
222.288,104.632,-59.635,-0.006,8.959,0.071,8.959,0.085,0.366,0.044,1.0,0.0,-0.015,0,1.0,0.0,-0.024,2,0
222.388,105.538,-59.631,0.001,9.252,0.041,9.252,0.061,0.354,9.34,1.0,0.0,-0.008,0,1.0,0.0,-0.012,3,0
222.488,106.513,-59.625,0.006,10.121,0.024,10.121,0.038,0.198,7.152,1.0,0.0,-0.003,0,1.0,0.0,-0.006,3,0
222.588,107.564,-59.615,0.009,10.806,0.01,10.806,0.021,0.085,6.157,1.0,0.0,-0.0,0,1.0,0.0,-0.002,3,0
222.688,108.678,-59.604,0.01,11.408,0.0,11.408,0.007,0.002,5.712,1.0,0.0,0.002,0,1.0,0.0,0.0,3,0
222.788,109.85,-59.593,0.01,11.974,-0.004,11.974,-0.002,-0.058,5.516,1.0,0.0,0.003,0,1.0,0.0,0.002,3,0
222.888,111.078,-59.581,0.01,12.523,-0.006,12.523,-0.008,-0.122,3.138,1.0,0.0,0.003,0,1.0,0.0,0.003,3,0
222.988,112.346,-59.569,0.009,12.741,-0.005,12.741,-0.011,-0.13,-1.524,1.0,0.0,0.003,0,1.0,0.0,0.003,0,0
223.088,113.626,-59.559,0.008,13.028,-0.004,13.028,-0.012,-0.138,5.678,1.0,0.0,0.003,0,1.0,0.0,0.003,4,0
223.238,115.646,-59.546,0.006,13.822,-0.001,13.822,-0.011,-0.129,4.927,1.0,0.0,0.002,0,0.941,0.0,0.002,4,0
223.338,117.054,-59.538,0.005,14.275,0.0,14.275,-0.01,-0.127,3.804,0.528,0.0,0.001,0,0.854,0.0,0.002,4,0
223.438,118.501,-59.531,0.004,14.632,0.001,14.632,-0.008,-0.107,2.342,0.647,0.0,0.001,0,0.435,0.0,0.001,4,0
223.538,119.976,-59.525,0.003,14.834,0.002,14.834,-0.007,-0.095,1.431,0.916,0.0,0.001,0,0.423,0.0,0.001,4,0
223.638,121.467,-59.521,0.003,14.961,0.002,14.961,-0.005,-0.075,1.192,0.86,0.0,0.001,0,0.515,0.0,0.001,4,0
223.738,122.969,-59.516,0.002,15.079,0.001,15.079,-0.004,-0.064,1.448,0.479,0.0,0.001,0,0.537,0.0,0.001,4,0
223.838,124.484,-59.513,0.002,15.21,0.001,15.21,-0.004,-0.049,1.061,0.47,0.0,0.0,0,0.776,0.0,0.001,4,0
223.938,126.011,-59.51,0.002,15.326,0.001,15.326,-0.003,-0.043,1.114,0.551,0.0,0.0,0,1.0,0.0,0.0,4,0
224.038,127.55,-59.508,0.001,15.447,0.001,15.447,-0.002,-0.037,1.122,1.0,0.0,0.0,0,0.514,0.0,0.0,4,0
224.138,129.101,-59.506,0.001,15.559,0.001,15.559,-0.002,-0.032,1.443,1.0,0.0,0.0,0,0.628,0.0,0.0,4,0
224.288,131.454,-59.503,0.001,15.814,0.001,15.814,-0.002,-0.025,2.029,0.584,0.0,0.0,0,0.66,0.0,0.0,4,0
224.388,133.045,-59.501,0.001,15.992,0.001,15.992,-0.001,-0.02,1.966,1.0,0.0,0.0,0,0.571,0.0,0.0,4,0
224.488,134.655,-59.5,0.001,16.181,0.001,16.181,-0.001,-0.017,2.029,1.0,0.0,0.0,0,0.665,0.0,0.0,4,0
224.588,136.284,-59.499,0.001,16.387,0.001,16.387,-0.001,-0.014,2.427,0.612,0.0,0.0,0,0.693,0.0,0.0,4,0
224.688,137.936,-59.498,0.001,16.616,0.0,16.616,-0.001,-0.012,2.013,0.644,0.0,0.0,0,1.0,0.0,0.0,4,0
224.788,139.609,-59.497,0.0,16.828,0.0,16.828,-0.001,-0.005,1.092,0.0,1.0,0.0,0,0.0,1.0,0.0,4,0
224.888,141.294,-59.497,0.0,16.794,0.001,16.794,-0.0,-0.005,-4.425,0.0,1.0,0.0,0,0.0,1.0,0.0,4,0
224.988,142.946,-59.496,0.0,16.254,0.0,16.254,-0.0,-0.003,-6.997,0.0,1.0,0.0,0,0.0,1.0,0.0,4,0
225.088,144.531,-59.495,0.0,15.539,0.0,15.539,-0.0,-0.002,-7.496,0.0,1.0,0.0,0,0.0,1.0,0.0,4,0
225.238,146.77,-59.494,0.0,14.403,0.0,14.403,-0.0,-0.0,-6.406,0.0,1.0,0.0,0,0.0,1.0,0.0,4,0
225.338,148.175,-59.494,0.0,13.781,-0.0,13.781,0.0,-0.002,-6.799,1.0,0.0,0.0,0,1.0,0.0,0.0,0,0
225.438,149.517,-59.493,0.0,13.144,-0.0,13.144,-0.0,-0.008,-2.499,1.0,0.0,0.0,0,1.0,0.0,0.0,3,0
225.538,150.821,-59.493,0.0,13.011,-0.0,13.011,-0.001,-0.007,1.704,1.0,0.0,0.0,0,1.0,0.0,0.0,3,0
225.688,152.803,-59.493,0.0,13.426,-0.0,13.426,-0.001,-0.005,2.446,1.0,0.0,0.0,0,1.0,0.0,0.0,3,0
225.788,154.159,-59.492,0.0,13.588,0.0,13.588,-0.0,-0.004,-1.022,1.0,0.0,0.0,0,1.0,0.0,0.0,0,0
225.888,155.524,-59.492,0.0,13.855,0.0,13.855,-0.0,-0.002,5.241,1.0,0.0,-0.0,0,1.0,0.0,0.0,4,0
225.988,156.939,-59.492,0.0,14.366,0.0,14.366,-0.0,-0.001,4.82,1.0,0.0,-0.0,0,1.0,0.0,-0.0,4,0
226.088,158.403,-59.492,0.0,14.843,0.0,14.843,-0.0,-0.0,4.63,1.0,0.0,-0.0,0,1.0,0.0,-0.0,4,0
226.238,160.684,-59.491,0.0,15.53,0.0,15.53,0.0,0.0,4.546,1.0,0.0,-0.0,0,1.0,0.0,-0.0,4,0
226.338,162.262,-59.491,0.0,15.982,0.0,15.982,0.0,0.0,2.508,0.914,0.0,-0.0,0,1.0,0.0,-0.0,4,0
226.438,163.871,-59.491,0.0,16.087,-0.0,16.087,0.0,0.0,1.436,1.0,0.0,-0.0,0,1.0,0.0,-0.0,0,0
226.588,166.318,-59.491,0.0,16.633,-0.0,16.633,0.0,0.0,4.518,0.557,0.0,0.0,0,1.0,0.0,0.0,5,0
226.688,168.002,-59.491,0.0,16.97,-0.0,16.97,-0.0,0.0,1.698,0.306,0.0,-0.0,0,0.323,0.0,0.0,5,0
226.788,169.707,-59.49,0.0,17.099,0.0,17.099,-0.0,0.0,0.378,0.326,0.0,-0.0,0,0.315,0.0,-0.0,5,0
226.888,171.418,-59.49,0.0,17.122,0.0,17.122,0.0,0.0,-0.094,0.316,0.0,-0.0,0,0.325,0.0,-0.0,5,0
226.988,173.13,-59.49,0.0,17.107,0.0,17.107,0.0,0.0,-0.307,0.288,0.0,-0.0,0,0.302,0.0,-0.0,5,0
227.088,174.838,-59.49,0.0,17.072,0.0,17.072,0.0,0.0,-0.467,0.269,0.0,-0.0,0,0.277,0.0,-0.0,5,0
227.238,177.393,-59.489,0.0,16.993,-0.0,16.993,0.0,0.0,-0.613,0.266,0.0,-0.0,0,0.265,0.0,-0.0,5,0
227.338,179.088,-59.489,0.0,16.931,-0.0,16.931,0.0,0.0,-0.638,0.276,0.0,-0.0,0,0.27,0.0,-0.0,5,0
227.438,180.778,-59.489,0.0,16.867,-0.0,16.867,0.0,0.0,-0.615,0.291,0.0,-0.0,0,0.283,0.0,-0.0,5,0
227.588,183.301,-59.489,0.0,16.779,-0.0,16.779,0.0,0.0,-0.523,0.318,0.0,-0.0,0,0.309,0.0,-0.0,5,0
227.688,184.976,-59.489,0.0,16.729,-0.0,16.729,0.0,0.0,-0.439,0.337,0.0,-0.0,0,0.328,0.0,-0.0,5,0
227.788,186.646,-59.488,0.0,16.687,0.0,16.687,0.0,0.0,-0.347,0.356,0.0,-0.0,0,0.347,0.0,-0.0,5,0
227.888,188.313,-59.488,0.0,16.655,-0.0,16.655,0.0,0.0,-0.256,0.372,0.0,-0.0,0,0.364,0.0,-0.0,5,0
227.988,189.977,-59.488,0.0,16.631,-0.0,16.631,0.0,0.0,-0.171,0.385,0.0,-0.0,0,0.379,0.0,-0.0,5,0
228.088,191.64,-59.488,0.0,16.616,0.0,16.616,0.0,0.0,-0.096,0.396,0.0,-0.0,0,0.391,0.0,-0.0,5,0
228.238,194.131,-59.487,0.0,16.607,-0.0,16.607,0.0,-0.0,-0.007,0.407,0.0,0.0,0,0.404,0.0,0.0,5,0
228.338,195.792,-59.487,0.0,16.607,-0.0,16.607,-0.0,-0.0,0.035,0.411,0.0,0.0,0,0.409,0.0,0.0,5,0
228.438,197.453,-59.487,0.0,16.611,-0.0,16.611,-0.0,-0.0,0.064,0.413,0.0,0.0,0,0.412,0.0,0.0,5,0
228.588,199.945,-59.487,0.0,16.622,0.0,16.622,-0.0,-0.0,0.085,0.413,0.0,-0.0,0,0.413,0.0,0.0,5,0
228.688,201.608,-59.487,0.0,16.631,0.0,16.631,-0.0,-0.0,0.088,0.411,0.0,-0.0,0,0.412,0.0,-0.0,5,0
228.838,204.104,-59.486,0.0,16.644,0.0,16.644,0.0,0.0,0.085,0.409,0.0,-0.0,0,0.41,0.0,-0.0,5,0
228.938,205.769,-59.486,0.0,16.652,0.0,16.652,0.0,0.0,0.071,0.406,0.0,-0.0,0,0.407,0.0,-0.0,5,0
229.038,207.434,-59.486,0.0,16.659,0.0,16.659,0.0,0.0,0.059,0.403,0.0,-0.0,0,0.404,0.0,-0.0,5,0
229.188,209.934,-59.486,0.0,16.666,-0.0,16.666,0.0,0.0,0.039,0.4,0.0,-0.0,0,0.401,0.0,-0.0,5,0
229.288,211.6,-59.485,0.0,16.67,-0.0,16.67,0.0,0.0,0.027,0.398,0.0,-0.0,0,0.399,0.0,-0.0,5,0
229.438,214.101,-59.485,0.0,16.673,-0.0,16.673,0.0,0.0,0.017,0.396,0.0,0.0,0,0.397,0.0,-0.0,5,0
229.538,215.769,-59.485,0.0,16.674,-0.0,16.674,-0.0,-0.0,0.004,0.394,0.0,0.0,0,0.395,0.0,0.0,5,0
229.638,217.436,-59.485,0.0,16.674,-0.0,16.674,-0.0,-0.0,-0.003,0.394,0.0,0.0,0,0.394,0.0,0.0,5,0
229.788,219.937,-59.484,0.0,16.674,0.0,16.674,-0.0,-0.0,-0.008,0.393,0.0,-0.0,0,0.393,0.0,0.0,5,0
229.888,221.604,-59.484,0.0,16.673,0.0,16.673,-0.0,-0.0,-0.01,0.393,0.0,-0.0,0,0.393,0.0,-0.0,5,0
229.988,223.272,-59.484,0.0,16.672,0.0,16.672,0.0,0.0,-0.011,0.393,0.0,-0.0,0,0.393,0.0,-0.0,5,0
230.138,225.772,-59.484,0.0,16.67,0.0,16.67,0.0,0.0,-0.011,0.394,0.0,-0.0,0,0.394,0.0,-0.0,5,0
230.238,227.439,-59.483,0.0,16.669,0.0,16.669,0.0,0.0,-0.01,0.394,0.0,-0.0,0,0.394,0.0,-0.0,5,0
230.338,229.106,-59.483,0.0,16.668,-0.0,16.668,0.0,0.0,-0.008,0.395,0.0,-0.0,0,0.394,0.0,-0.0,5,0
230.438,230.773,-59.483,0.0,16.667,0.0,16.667,0.0,0.0,-0.007,0.395,0.0,-0.0,0,0.395,0.0,-0.0,5,0
230.588,233.273,-59.483,0.0,16.666,0.0,16.666,0.0,0.0,-0.004,0.395,0.0,0.0,0,0.395,0.0,0.0,5,0
230.738,235.773,-59.482,0.0,16.666,-0.0,16.666,-0.0,-0.0,-0.003,0.395,0.0,0.0,0,0.395,0.0,0.0,5,0
230.838,237.439,-59.482,0.0,16.666,-0.0,16.666,-0.0,-0.0,-0.001,0.396,0.0,0.0,0,0.396,0.0,0.0,5,0
230.938,239.106,-59.482,0.0,16.666,0.0,16.666,-0.0,-0.0,-0.0,0.396,0.0,0.0,0,0.396,0.0,0.0,5,0
231.088,241.606,-59.482,0.0,16.666,-0.0,16.666,-0.0,-0.0,0.001,0.396,0.0,-0.0,0,0.396,0.0,-0.0,5,0
231.188,243.272,-59.481,0.0,16.666,-0.0,16.666,-0.0,-0.0,0.001,0.396,0.0,-0.0,0,0.396,0.0,-0.0,5,0
231.338,245.772,-59.481,0.0,16.666,0.0,16.666,0.0,0.0,0.001,0.396,0.0,-0.0,0,0.396,0.0,-0.0,5,0
231.438,247.439,-59.481,0.0,16.666,0.0,16.666,0.0,0.0,0.001,0.396,0.0,-0.0,0,0.396,0.0,-0.0,5,0
231.538,249.105,-59.481,0.0,16.666,0.0,16.666,0.0,0.0,0.001,0.396,0.0,-0.0,0,0.396,0.0,-0.0,5,0
231.588,249.939,-59.481,0.0,16.666,0.0,16.666,0.0,0.0,0.001,0.396,0.0,-0.0,0,0.396,0.0,-0.0,5,0
231.688,251.605,-59.48,0.0,16.666,0.0,16.666,0.0,0.0,0.001,0.396,0.0,-0.0,0,0.396,0.0,-0.0,5,0
231.838,254.105,-59.48,0.0,16.667,-0.0,16.667,0.0,0.0,0.001,0.396,0.0,-0.0,0,0.396,0.0,-0.0,5,0
231.938,255.772,-59.48,0.0,16.667,0.0,16.667,0.0,-0.0,0.001,0.396,0.0,0.0,0,0.396,0.0,0.0,5,0
232.038,257.438,-59.48,0.0,16.667,-0.0,16.667,-0.0,-0.0,0.0,0.396,0.0,0.0,0,0.396,0.0,0.0,5,0
232.188,259.938,-59.479,0.0,16.667,-0.0,16.667,-0.0,-0.0,0.0,0.396,0.0,0.0,0,0.396,0.0,0.0,5,0
232.288,261.605,-59.479,0.0,16.667,0.0,16.667,-0.0,-0.0,-0.0,0.396,0.0,0.0,0,0.396,0.0,0.0,5,0
232.388,263.272,-59.479,0.0,16.667,0.0,16.667,-0.0,-0.0,-0.0,0.396,0.0,-0.0,0,0.396,0.0,0.0,5,0
232.538,265.771,-59.479,0.0,16.667,0.0,16.667,0.0,-0.0,-0.0,0.396,0.0,-0.0,0,0.396,0.0,-0.0,5,0
232.638,267.438,-59.479,0.0,16.667,0.0,16.667,0.0,0.0,-0.0,0.396,0.0,-0.0,0,0.396,0.0,-0.0,5,0
232.738,269.105,-59.478,0.0,16.667,0.0,16.667,0.0,0.0,-0.0,0.396,0.0,-0.0,0,0.396,0.0,-0.0,5,0
232.888,271.605,-59.478,0.0,16.667,0.0,16.667,0.0,0.0,-0.0,0.396,0.0,-0.0,0,0.396,0.0,-0.0,5,0
232.988,273.271,-59.478,0.0,16.667,-0.0,16.667,0.0,0.0,-0.0,0.396,0.0,-0.0,0,0.396,0.0,-0.0,5,0
233.088,274.938,-59.478,0.0,16.667,0.0,16.667,0.0,0.0,-0.0,0.396,0.0,-0.0,0,0.396,0.0,-0.0,5,0
233.188,276.604,-59.477,0.0,16.667,0.0,16.667,0.0,0.0,-0.0,0.396,0.0,-0.0,0,0.396,0.0,-0.0,5,0
233.288,278.271,-59.477,0.0,16.667,0.0,16.667,0.0,0.0,-0.0,0.396,0.0,0.0,0,0.396,0.0,0.0,5,0
233.388,279.938,-59.477,0.0,16.667,0.0,16.667,-0.0,-0.0,-0.0,0.396,0.0,0.0,0,0.396,0.0,0.0,5,0
233.538,282.437,-59.477,0.0,16.667,-0.0,16.667,-0.0,-0.0,-0.0,0.396,0.0,0.0,0,0.396,0.0,0.0,5,0
233.638,284.104,-59.476,0.0,16.667,-0.0,16.667,-0.0,-0.0,-0.0,0.396,0.0,0.0,0,0.396,0.0,0.0,5,0
233.738,285.771,-59.476,0.0,16.667,-0.0,16.667,-0.0,-0.0,-0.0,0.396,0.0,-0.0,0,0.396,0.0,-0.0,5,0
233.888,288.271,-59.476,0.0,16.667,0.0,16.667,-0.0,-0.0,-0.0,0.396,0.0,-0.0,0,0.396,0.0,-0.0,5,0
233.988,289.937,-59.476,0.0,16.667,0.0,16.667,0.0,0.0,0.0,0.396,0.0,-0.0,0,0.396,0.0,-0.0,5,0
234.138,292.437,-59.475,0.0,16.667,0.0,16.667,0.0,0.0,0.0,0.396,0.0,-0.0,0,0.396,0.0,-0.0,5,0
234.288,294.937,-59.475,0.0,16.667,0.0,16.667,0.0,0.0,0.0,0.396,0.0,-0.0,0,0.396,0.0,-0.0,5,0
234.388,296.603,-59.475,0.0,16.656,-0.0,16.656,0.0,0.0,-0.814,0.0,0.0,-0.0,0,0.0,0.0,-0.0,5,0
234.538,299.09,-59.475,0.0,16.507,-0.0,16.507,0.0,0.0,-0.257,0.0,0.0,-0.0,0,0.0,0.0,-0.0,0,0
234.638,300.739,-59.475,0.0,16.49,-0.0,16.49,0.0,0.0,-4.873,0.0,0.0,-0.0,0,0.0,0.0,-0.0,4,0
234.788,303.159,-59.474,0.0,15.885,-0.0,15.885,0.0,0.0,-3.106,0.0,0.0,-0.0,0,0.0,0.0,-0.0,4,0
234.888,304.73,-59.474,0.0,15.583,-0.0,15.583,0.0,0.001,-2.802,0.0,0.0,-0.0,0,0.0,0.0,-0.0,4,0
235.038,307.035,-59.474,0.0,15.174,-0.0,15.174,0.0,0.0,-2.616,0.0,0.0,0.0,0,0.0,0.0,-0.0,4,0
235.138,308.538,-59.473,0.0,14.914,-0.0,14.914,0.0,-0.0,-2.551,0.0,0.0,0.0,0,0.0,0.0,0.0,4,0
235.288,310.745,-59.473,0.0,14.536,-0.0,14.536,-0.0,-0.001,-2.477,0.0,0.0,0.0,0,0.0,0.0,0.0,4,0
235.388,312.185,-59.473,0.0,14.289,-0.0,14.289,-0.0,-0.001,-2.434,0.0,0.0,0.0,0,0.0,0.0,0.0,4,0
235.538,314.299,-59.473,0.0,13.927,-0.0,13.927,-0.0,-0.0,-3.036,0.0,1.0,0.0,0,0.0,1.0,0.0,4,0
235.688,316.344,-59.472,0.0,13.313,0.0,13.313,-0.0,-0.0,-5.625,0.0,1.0,0.0,0,0.0,1.0,0.0,0,0
235.838,318.256,-59.472,0.0,12.149,-0.0,12.149,0.0,-0.0,-9.143,0.0,1.0,0.0,0,0.0,1.0,0.0,3,0
235.938,319.423,-59.472,0.0,11.294,-0.0,11.294,0.0,0.0,-8.157,0.0,1.0,0.0,0,0.0,1.0,0.0,3,0
236.088,321.021,-59.472,0.0,10.121,-0.0,10.121,0.0,0.0,-3.651,0.0,1.0,0.0,0,0.0,1.0,0.0,0,0
236.238,322.46,-59.472,0.0,8.89,-0.0,8.89,0.0,0.0,-12.083,1.0,0.0,1.0,0,0.0,1.0,0.0,2,0
236.338,323.291,-59.477,-0.003,7.935,-0.153,7.933,-0.135,1.326,-5.867,0.0,0.0,-0.02,0,0.0,0.0,-0.015,2,0
236.488,324.42,-59.486,-0.007,7.204,0.079,7.204,0.067,1.573,-0.077,0.0,0.0,-0.06,0,0.0,0.0,-0.058,0,0
236.638,325.487,-59.464,0.012,6.679,0.183,6.676,0.179,1.717,-8.693,0.0,0.0,-0.092,0,0.0,0.0,-0.095,1,0
236.788,326.387,-59.412,0.041,5.545,0.188,5.541,0.231,0.773,-5.712,0.0,0.0,-0.126,0,0.0,0.0,-0.087,1,0
236.888,326.914,-59.364,0.061,5.107,0.224,5.103,0.255,1.134,-4.78,0.195,0.0,-0.113,0,0.104,0.0,-0.119,1,0
237.038,327.618,-59.275,0.091,4.441,0.302,4.43,0.232,1.309,-1.288,0.932,0.0,-0.147,0,0.84,0.0,-0.153,1,0
237.188,328.277,-59.158,0.126,4.625,0.315,4.614,0.232,2.684,3.475,0.456,0.0,-0.178,0,0.665,0.0,-0.184,1,0
237.338,328.994,-58.995,0.17,5.064,0.398,5.048,0.304,1.23,0.849,0.462,0.0,-0.151,0,0.367,0.0,-0.161,1,0
237.488,329.725,-58.798,0.215,5.059,0.413,5.042,0.326,3.016,0.684,0.98,0.0,-0.19,0,0.575,0.0,-0.197,1,0
237.588,330.212,-58.642,0.248,5.141,0.391,5.126,0.325,1.483,-1.356,0.775,0.0,-0.16,0,0.799,0.0,-0.17,1,0
237.738,330.931,-58.386,0.298,5.109,0.413,5.092,0.365,1.852,2.135,1.0,0.0,-0.191,0,1.0,0.0,-0.2,1,0
237.888,331.653,-58.081,0.351,5.314,0.391,5.299,0.314,1.427,2.116,0.835,0.0,-0.22,0,0.809,0.0,-0.18,0,0
237.988,332.156,-57.837,0.391,6.155,0.531,6.132,0.455,3.668,11.532,0.0,0.0,-0.198,0,0.81,0.0,-0.211,2,0
238.138,333.072,-57.333,0.462,7.394,0.515,7.376,0.433,3.976,-0.91,0.0,0.0,-0.223,0,0.0,0.0,-0.234,2,0
238.288,333.995,-56.744,0.54,7.203,0.481,7.187,0.563,4.749,-3.08,0.0,0.0,-0.249,0,0.0,0.0,-0.261,2,0
238.438,334.825,-56.109,0.623,6.786,0.511,6.767,0.51,4.569,-3.763,0.0,0.0,-0.27,0,0.0,0.0,-0.283,2,0
238.588,335.546,-55.443,0.71,6.474,0.554,6.45,0.615,3.704,-0.39,0.0,0.0,-0.285,0,0.0,0.0,-0.256,0,0
238.738,336.16,-54.762,0.792,5.63,0.565,5.602,0.527,2.717,-6.999,0.398,0.0,-0.302,0,0.0,0.0,-0.273,1,0
238.888,336.636,-54.132,0.867,5.003,0.525,4.975,0.491,2.281,-3.91,0.585,0.0,-0.275,0,0.428,0.0,-0.289,1,0
238.988,336.902,-53.718,0.914,4.911,0.583,4.877,0.45,1.976,1.493,0.586,0.0,-0.292,0,0.716,0.0,-0.247,1,0
239.138,337.27,-53.056,0.984,5.12,0.607,5.084,0.473,1.894,-1.608,0.572,0.0,-0.251,0,0.399,0.0,-0.266,1,0
239.288,337.597,-52.371,1.053,5.054,0.52,5.028,0.428,1.334,-0.921,0.908,0.0,-0.277,0,0.85,0.0,-0.237,1,0
239.438,337.882,-51.643,1.126,5.277,0.573,5.246,0.468,1.843,1.241,0.917,0.0,-0.247,0,0.355,0.0,-0.263,1,0
239.588,338.132,-50.875,1.193,5.55,0.507,5.527,0.39,1.449,1.225,0.317,0.0,-0.23,0,0.891,0.0,-0.217,1,0
239.738,338.355,-50.034,1.257,5.844,0.48,5.824,0.422,1.839,-0.26,0.409,0.0,-0.212,0,0.021,0.0,-0.206,1,0
239.838,338.48,-49.469,1.299,5.755,0.442,5.738,0.405,1.699,-0.857,0.643,0.0,-0.175,0,0.591,0.0,-0.187,1,0
239.988,338.63,-48.626,1.354,5.708,0.385,5.695,0.349,1.668,0.413,0.612,0.0,-0.153,0,0.644,0.0,-0.163,1,0
240.138,338.744,-47.769,1.403,5.828,0.343,5.818,0.309,1.401,0.891,0.454,0.0,-0.129,0,0.502,0.0,-0.139,1,0
240.288,338.829,-46.889,1.446,5.943,0.286,5.936,0.259,1.154,0.155,0.398,0.0,-0.105,0,0.4,0.0,-0.114,1,0
240.438,338.888,-45.999,1.481,5.929,0.231,5.925,0.215,0.784,-1.373,0.0,0.0,-0.084,0,0.0,0.0,-0.09,1,0
240.588,338.926,-45.131,1.509,5.639,0.173,5.637,0.165,0.534,-2.69,0.279,0.0,-0.065,0,0.168,0.0,-0.071,1,0
240.738,338.947,-44.318,1.53,5.243,0.129,5.241,0.121,0.341,-2.328,0.573,0.0,-0.05,0,0.486,0.0,-0.054,1,0
240.888,338.956,-43.553,1.545,5.155,0.109,5.154,0.091,0.171,1.397,0.214,0.0,-0.037,0,0.715,0.0,-0.04,1,0
240.988,338.958,-43.031,1.554,5.177,0.089,5.176,0.087,0.125,-1.194,0.542,0.0,-0.031,0,0.276,0.0,-0.034,1,0
241.138,338.957,-42.268,1.565,5.024,0.057,5.024,0.055,0.182,-0.499,0.686,0.0,-0.02,0,0.686,0.0,-0.023,1,0
241.288,338.952,-41.479,1.571,5.511,0.046,5.511,0.039,0.054,-0.405,0.075,0.0,-0.013,0,0.0,0.0,-0.014,1,0
241.438,338.945,-40.66,1.576,5.399,0.029,5.399,0.026,-0.045,-1.339,0.442,0.0,-0.007,0,0.327,0.0,-0.008,1,0
241.588,338.937,-39.866,1.578,5.207,0.014,5.207,0.013,0.038,-0.991,0.58,0.0,-0.003,0,0.556,0.0,-0.005,1,0
241.788,338.926,-38.838,1.58,5.13,0.005,5.13,0.004,-0.011,0.293,0.622,0.0,-0.001,0,0.599,0.0,-0.002,1,0
241.938,338.919,-38.063,1.58,5.214,-0.001,5.214,-0.001,-0.032,0.592,0.492,0.0,0.001,0,0.575,0.0,0.001,1,0
242.038,338.914,-37.536,1.58,5.295,-0.002,5.295,-0.002,-0.057,0.82,0.455,0.0,0.002,0,0.427,0.0,0.002,1,0
242.188,338.907,-36.735,1.58,5.369,-0.005,5.369,-0.004,-0.03,-0.084,0.406,0.0,0.003,0,0.441,0.0,0.002,1,0
242.338,338.902,-35.93,1.579,5.356,-0.007,5.356,-0.007,-0.026,-0.05,0.474,0.0,0.004,0,0.429,0.0,0.003,1,0
242.488,338.897,-35.129,1.578,5.333,-0.008,5.333,-0.007,-0.043,-0.321,0.466,0.0,0.003,0,0.492,0.0,0.004,1,0
242.638,338.893,-34.331,1.577,5.305,-0.008,5.305,-0.007,-0.026,0.12,0.505,0.0,0.003,0,0.471,0.0,0.004,1,0
242.788,338.89,-33.535,1.576,5.314,-0.007,5.314,-0.006,-0.045,-0.103,0.462,0.0,0.003,0,0.501,0.0,0.003,1,0
242.938,338.887,-32.738,1.575,5.316,-0.007,5.316,-0.006,-0.016,0.234,0.489,0.0,0.003,0,0.455,0.0,0.003,1,0
243.088,338.885,-31.939,1.574,5.333,-0.006,5.333,-0.005,-0.028,-0.137,0.449,0.0,0.003,0,0.486,0.0,0.003,1,0
243.238,338.884,-31.14,1.573,5.326,-0.006,5.326,-0.005,-0.012,0.143,0.487,0.0,0.002,0,0.45,0.0,0.002,1,0
243.388,338.883,-30.34,1.572,5.331,-0.004,5.331,-0.004,-0.02,-0.181,0.455,0.0,0.002,0,0.489,0.0,0.002,1,0
243.538,338.883,-29.542,1.572,5.32,-0.004,5.32,-0.003,-0.009,0.148,0.492,0.0,0.001,0,0.456,0.0,0.002,1,0
243.688,338.883,-28.743,1.571,5.327,-0.003,5.327,-0.003,-0.007,0.159,0.492,0.0,0.001,0,0.456,0.0,0.001,1,0
243.838,338.883,-27.945,1.571,5.32,-0.003,5.32,-0.002,-0.01,-0.153,0.455,0.0,0.001,0,0.491,0.0,0.001,1,0
243.988,338.883,-27.146,1.571,5.329,-0.002,5.329,-0.002,-0.004,0.166,0.454,0.0,0.001,0,0.454,0.0,0.001,1,0
244.138,338.883,-26.347,1.571,5.321,-0.002,5.321,-0.001,-0.005,-0.158,0.0,1.0,0.0,0,0.49,0.0,0.001,1,0
244.288,338.883,-25.582,1.57,4.511,-0.0,4.511,-0.0,0.003,-14.171,0.0,1.0,0.0,0,0.0,1.0,0.0,1,0
244.438,338.883,-25.064,1.57,2.536,-0.0,2.536,-0.007,-0.003,-13.677,0.0,1.0,0.0,0,0.0,1.0,0.0,1,0
244.538,338.883,-24.924,1.57,0.299,0.003,0.299,-0.003,-0.062,-6.019,0.0,1.0,0.0,0,0.0,1.0,0.0,1,0
244.688,338.883,-24.921,1.57,0.008,0.0,-0.008,0.0,-0.001,0.019,0.0,1.0,0.0,0,0.0,1.0,0.0,1,1
244.888,338.883,-24.919,1.57,0.003,-0.0,-0.003,0.0,0.0,0.023,0.0,1.0,0.0,0,0.0,1.0,0.0,1,1
244.988,338.883,-24.918,1.57,0.002,-0.0,-0.002,0.0,0.0,0.01,0.0,1.0,0.0,0,0.0,1.0,0.0,1,1
245.138,338.883,-24.918,1.57,0.001,-0.0,-0.001,0.0,0.0,0.004,1.0,0.0,-0.0,0,1.0,0.0,-0.0,1,1
245.288,338.883,-24.914,1.57,0.084,0.0,0.084,0.0,0.0,0.213,1.0,0.0,-0.0,0,1.0,0.0,-0.0,1,1
245.438,338.883,-24.883,1.57,0.449,0.001,0.449,0.011,-0.019,4.985,1.0,0.0,-0.0,0,1.0,0.0,-0.0,1,0
245.588,338.883,-24.762,1.569,1.118,0.0,1.118,0.01,-0.0,5.789,1.0,0.0,-0.0,0,1.0,0.0,-0.0,1,0
245.738,338.883,-24.523,1.57,2.026,0.0,2.026,0.001,-0.003,7.621,1.0,0.0,-0.0,0,1.0,0.0,-0.0,1,0
245.888,338.884,-24.127,1.57,3.22,0.0,3.22,0.0,0.001,8.139,1.0,0.0,-0.0,0,1.0,0.0,-0.0,1,0
246.038,338.884,-23.549,1.57,4.381,0.0,4.381,0.0,0.002,7.284,0.837,0.0,-0.0,0,1.0,0.0,-0.0,1,0
246.188,338.885,-22.807,1.57,5.377,0.0,5.377,0.0,0.001,0.102,0.251,0.0,-0.0,0,0.357,0.0,-0.0,1,0
246.338,338.885,-22.009,1.57,5.223,0.0,5.223,0.0,0.0,-1.242,1.0,0.0,-0.0,0,0.975,0.0,-0.0,1,0
246.488,338.886,-21.236,1.57,5.193,0.0,5.193,0.0,0.002,2.219,0.82,0.0,-0.0,0,1.0,0.0,-0.0,1,0
246.638,338.887,-20.441,1.57,5.316,0.0,5.316,0.0,0.002,7.65,0.84,0.0,-0.0,0,0.794,0.0,-0.0,0,0
246.788,338.887,-19.524,1.57,6.917,0.0,6.917,0.0,0.002,6.385,0.0,0.0,-0.0,0,0.0,0.0,-0.0,2,0
246.938,338.888,-18.441,1.57,7.224,0.0,7.224,0.0,0.003,-1.877,0.0,0.0,-0.0,0,0.0,0.0,-0.0,2,0
247.138,338.889,-17.046,1.57,6.725,0.0,6.725,0.0,0.001,-3.045,0.0,0.0,-0.0,0,0.0,0.0,-0.0,2,0
247.288,338.89,-16.063,1.57,6.511,0.0,6.511,0.0,0.001,-0.098,0.0,0.0,-0.0,0,0.0,0.0,-0.0,0,0
247.438,338.89,-15.151,1.57,5.608,0.0,5.608,0.0,-0.0,-5.188,0.0,0.0,-0.0,0,0.0,0.0,-0.0,1,0
247.588,338.891,-14.368,1.57,4.915,0.0,4.915,0.0,0.0,-4.144,0.016,0.0,-0.0,0,0.0,0.0,-0.0,1,0
247.738,338.891,-13.7,1.57,4.136,0.0,4.136,0.0,0.001,-2.282,0.802,0.0,-0.0,0,0.662,0.0,-0.0,1,0
247.888,338.892,-13.091,1.57,4.126,0.0,4.126,0.0,0.016,3.09,0.526,0.0,-0.001,0,0.695,0.0,-0.001,1,0
248.038,338.892,-12.435,1.57,4.537,0.001,4.537,0.001,0.004,1.21,0.413,0.0,-0.0,0,0.355,0.0,-0.001,1,0
248.188,338.891,-11.742,1.571,4.675,0.03,4.675,0.025,0.315,1.268,0.587,0.0,-0.019,0,0.575,0.0,-0.019,1,0
248.338,338.883,-11.023,1.576,4.917,0.043,4.917,0.032,0.136,1.641,0.421,0.0,-0.055,0,0.473,0.0,-0.017,1,0
248.538,338.854,-10.021,1.59,5.039,0.124,5.038,0.096,0.595,0.657,0.691,0.0,-0.052,0,0.427,0.0,-0.055,1,0
248.638,338.831,-9.519,1.6,4.974,0.112,4.973,0.064,2.407,2.829,0.76,0.0,-0.101,0,0.685,0.0,-0.102,1,0
248.838,338.746,-8.492,1.631,5.238,0.221,5.234,0.123,0.676,-0.873,0.207,0.0,-0.089,0,0.597,0.0,-0.095,1,0
248.988,338.655,-7.732,1.662,4.999,0.277,4.992,0.292,2.447,6.883,0.895,0.0,-0.139,0,0.855,0.0,-0.145,1,0
249.138,338.521,-6.94,1.701,5.422,0.299,5.414,0.303,1.002,-0.066,0.436,0.0,-0.194,0,0.0,0.0,-0.132,1,0
249.288,338.346,-6.151,1.748,5.36,0.394,5.345,0.291,1.912,-0.652,0.515,0.0,-0.172,0,0.474,0.0,-0.188,1,0
249.438,338.13,-5.381,1.8,5.315,0.436,5.297,0.428,2.691,-0.552,0.532,0.0,-0.227,0,0.51,0.0,-0.235,1,0
249.588,337.863,-4.633,1.859,5.31,0.467,5.29,0.352,3.543,-0.329,0.496,0.0,-0.275,0,0.506,0.0,-0.283,1,0
249.738,337.539,-3.905,1.929,5.328,0.551,5.3,0.524,2.281,-0.003,0.469,0.0,-0.24,0,0.507,0.0,-0.253,1,0
249.888,337.162,-3.198,1.998,5.35,0.576,5.318,0.447,3.627,-0.572,0.49,0.0,-0.277,0,0.462,0.0,-0.298,1,0
250.038,336.731,-2.523,2.074,5.353,0.562,5.323,0.537,3.723,-0.826,0.461,0.0,-0.305,0,0.478,0.0,-0.317,1,0
250.188,336.246,-1.888,2.152,5.326,0.615,5.29,0.483,2.311,-0.204,0.496,0.0,-0.326,0,0.489,0.0,-0.278,1,0
250.338,335.713,-1.295,2.233,5.319,0.638,5.281,0.601,2.706,-0.351,0.488,0.0,-0.284,0,0.519,0.0,-0.3,1,0
250.488,335.134,-0.746,2.312,5.338,0.585,5.306,0.456,3.448,-0.512,0.462,0.0,-0.302,0,0.467,0.0,-0.314,1,0
250.638,334.513,-0.244,2.392,5.332,0.606,5.297,0.575,2.355,-0.248,0.475,0.0,-0.316,0,0.494,0.0,-0.274,1,0
250.788,333.855,0.207,2.471,5.32,0.628,5.283,0.493,2.944,-0.525,0.59,0.0,-0.275,0,0.474,0.0,-0.304,1,0
250.888,333.397,0.479,2.523,5.355,0.596,5.322,0.465,3.566,0.134,0.513,0.0,-0.302,0,0.565,0.0,-0.315,1,0
251.038,332.674,0.843,2.605,5.461,0.621,5.426,0.583,2.621,0.577,0.86,0.0,-0.312,0,1.0,0.0,-0.288,1,0
251.138,332.164,1.056,2.66,5.566,0.639,5.529,0.605,2.554,-0.292,0.814,0.0,-0.265,0,0.764,0.0,-0.282,0,0
251.288,331.343,1.342,2.742,6.46,0.706,6.421,0.602,5.498,13.094,0.502,0.0,-0.271,0,0.902,0.0,-0.287,2,0
251.388,330.666,1.528,2.805,7.355,0.708,7.321,0.633,3.359,1.774,0.0,0.0,-0.217,0,0.0,0.0,-0.236,2,0
251.488,329.943,1.693,2.865,7.41,0.565,7.388,0.526,2.918,-2.131,0.0,0.0,-0.195,0,0.0,0.0,-0.212,2,0
251.588,329.227,1.827,2.918,7.206,0.461,7.192,0.466,2.689,-2.862,0.0,0.0,-0.171,0,0.0,0.0,-0.187,2,0
251.738,328.19,1.967,2.986,6.783,0.349,6.774,0.445,1.98,-3.188,0.0,0.0,-0.132,0,0.0,0.0,-0.146,2,0
251.838,327.529,2.028,3.022,6.593,0.303,6.586,0.375,1.679,-0.128,0.0,0.0,-0.11,0,0.0,0.0,-0.121,0,0
251.938,326.878,2.071,3.051,6.276,0.261,6.271,0.278,0.955,-8.007,0.0,0.0,-0.091,0,0.0,0.0,-0.1,1,0
252.038,326.293,2.096,3.074,5.613,0.207,5.609,0.24,0.431,-4.367,0.38,0.0,-0.074,0,0.406,0.0,-0.081,1,0
252.188,325.501,2.117,3.097,5.031,0.147,5.029,0.08,0.384,-3.448,0.641,0.0,-0.063,0,0.491,0.0,-0.069,1,0
252.288,325.005,2.123,3.109,4.966,0.137,4.964,0.105,0.396,0.522,1.0,0.0,-0.043,0,1.0,0.0,-0.056,1,0
252.388,324.489,2.126,3.118,5.304,0.113,5.303,0.124,0.066,-1.038,1.0,0.0,-0.028,0,1.0,0.0,-0.039,1,0
252.488,323.964,2.128,3.125,5.261,0.077,5.261,0.109,0.057,1.725,1.0,0.0,-0.022,0,1.0,0.0,-0.025,1,0
252.588,323.429,2.13,3.13,5.366,0.054,5.366,0.098,0.101,-0.021,1.0,0.0,-0.017,0,1.0,0.0,-0.02,0,0
252.738,322.575,2.13,3.137,6.471,0.041,6.47,0.045,0.298,14.335,1.0,0.0,-0.013,0,1.0,0.0,-0.015,2,0
252.838,321.862,2.129,3.141,7.586,0.034,7.586,0.033,0.173,10.325,1.0,0.0,-0.007,0,1.0,0.0,-0.011,2,0
252.938,321.053,2.126,-3.14,8.464,0.024,8.464,0.024,0.112,7.856,1.0,0.0,-0.004,0,1.0,0.0,-0.006,2,0
253.038,320.166,2.121,-3.138,9.033,0.015,9.033,0.017,0.059,2.847,1.0,0.0,-0.002,0,1.0,0.0,-0.003,0,0
253.138,319.258,2.116,-3.136,9.007,0.007,9.007,0.011,0.045,11.66,1.0,0.0,-0.001,0,1.0,0.0,-0.002,3,0
253.238,318.296,2.111,-3.136,10.014,0.003,10.014,0.006,0.004,7.451,1.0,0.0,-0.0,0,1.0,0.0,-0.0,3,0
253.338,317.254,2.104,-3.135,10.724,0.0,10.724,0.002,-0.024,6.292,1.0,0.0,0.001,0,1.0,0.0,0.001,3,0
253.438,316.147,2.097,-3.135,11.338,-0.002,11.338,-0.002,-0.044,5.773,1.0,0.0,0.001,0,1.0,0.0,0.001,3,0
253.588,314.378,2.087,-3.136,12.186,-0.003,12.186,-0.005,-0.068,5.484,1.0,0.0,0.001,0,1.0,0.0,0.002,3,0
253.688,313.13,2.081,-3.136,12.733,-0.003,12.733,-0.006,-0.067,-1.384,1.0,0.0,0.001,0,1.0,0.0,0.001,0,0
253.788,311.861,2.075,-3.137,12.73,-0.002,12.73,-0.006,-0.07,4.588,1.0,0.0,0.001,0,1.0,0.0,0.001,0,0
253.888,310.563,2.069,-3.138,13.249,-0.002,13.249,-0.006,-0.065,5.347,1.0,0.0,0.001,0,1.0,0.0,0.001,4,0
253.988,309.208,2.064,-3.138,13.769,-0.001,13.769,-0.005,-0.07,4.858,1.0,0.0,0.001,0,1.0,0.0,0.001,4,0
254.138,307.085,2.058,-3.139,14.481,0.0,14.481,-0.005,-0.063,4.641,1.0,0.0,0.001,0,1.0,0.0,0.001,4,0
254.238,305.612,2.054,-3.139,14.937,0.001,14.937,-0.004,-0.055,4.521,1.0,0.0,0.001,0,1.0,0.0,0.001,4,0
254.338,304.094,2.051,-3.14,15.388,0.001,15.388,-0.004,-0.052,4.496,1.0,0.0,0.001,0,1.0,0.0,0.001,4,0
254.438,302.53,2.048,-3.14,15.838,0.001,15.838,-0.003,-0.044,4.487,1.0,0.0,0.0,0,1.0,0.0,0.0,4,0
254.538,300.925,2.045,-3.14,16.122,0.001,16.122,-0.003,-0.04,0.102,1.0,0.0,0.0,0,0.856,0.0,0.0,0,0
254.638,299.311,2.043,-3.14,16.242,0.001,16.242,-0.002,-0.032,4.915,0.926,0.0,0.0,0,1.0,0.0,0.0,5,0
254.738,297.661,2.041,-3.141,16.706,0.001,16.706,-0.002,-0.029,3.681,0.388,0.0,0.0,0,0.501,0.0,0.0,5,0
254.838,295.971,2.039,-3.141,17.014,0.001,17.014,-0.001,-0.023,1.434,0.291,0.0,0.0,0,0.298,0.0,0.0,5,0
254.938,294.263,2.038,-3.141,17.12,0.001,17.12,-0.001,-0.021,0.225,0.315,0.0,0.0,0,0.304,0.0,0.0,5,0
255.088,291.695,2.036,-3.141,17.12,0.001,17.12,-0.001,-0.019,-0.187,0.293,0.0,0.0,0,0.315,0.0,0.0,5,0
255.188,289.985,2.036,-3.141,17.087,0.001,17.087,-0.001,-0.015,-0.448,0.271,0.0,0.0,0,0.281,0.0,0.0,5,0
255.288,288.279,2.035,-3.141,17.039,0.001,17.039,-0.001,-0.013,-0.568,0.263,0.0,0.0,0,0.265,0.0,0.0,5,0
255.388,286.578,2.034,-3.141,16.98,0.001,16.98,-0.001,-0.012,-0.634,0.267,0.0,0.0,0,0.264,0.0,0.0,5,0
255.488,284.884,2.034,-3.141,16.916,0.0,16.916,-0.001,-0.01,-0.644,0.278,0.0,0.0,0,0.272,0.0,0.0,5,0
255.638,282.354,2.033,-3.141,16.821,0.0,16.821,-0.0,-0.008,-0.61,0.294,0.0,0.0,0,0.286,0.0,0.0,5,0
255.738,280.675,2.033,-3.142,16.765,0.0,16.765,-0.0,-0.006,-0.507,0.323,0.0,0.0,0,0.313,0.0,0.0,5,0
255.838,279.001,2.033,-3.142,16.717,0.0,16.717,-0.0,-0.005,-0.419,0.342,0.0,0.0,0,0.333,0.0,0.0,5,0
255.938,277.332,2.033,-3.142,16.677,0.0,16.677,-0.0,-0.004,-0.325,0.36,0.0,0.0,0,0.351,0.0,0.0,5,0
256.088,274.834,2.033,-3.142,16.635,0.0,16.635,-0.0,-0.003,-0.234,0.376,0.0,0.0,0,0.368,0.0,0.0,5,0
256.188,273.172,2.033,3.142,16.618,0.0,16.618,-0.0,-0.003,-0.112,0.394,0.0,0.0,0,0.389,0.0,0.0,5,0
256.288,271.51,2.033,3.142,16.609,0.0,16.609,-0.0,-0.002,-0.046,0.403,0.0,0.0,0,0.399,0.0,0.0,5,0
256.438,269.019,2.033,3.142,16.606,0.0,16.606,-0.0,-0.002,0.007,0.411,0.0,0.0,0,0.406,0.0,0.0,5,0
256.538,267.359,2.033,3.142,16.609,0.0,16.609,-0.0,-0.002,0.045,0.412,0.0,0.0,0,0.411,0.0,0.0,5,0
256.638,265.697,2.033,3.142,16.616,0.0,16.616,-0.0,-0.001,0.079,0.414,0.0,0.0,0,0.413,0.0,0.0,5,0
256.738,264.035,2.033,3.142,16.624,0.0,16.624,-0.0,-0.001,0.088,0.413,0.0,0.0,0,0.413,0.0,0.0,5,0
256.838,262.372,2.033,3.142,16.633,0.0,16.633,-0.0,-0.001,0.089,0.411,0.0,0.0,0,0.412,0.0,0.0,5,0
256.988,259.876,2.034,3.142,16.646,0.0,16.646,-0.0,-0.001,0.084,0.409,0.0,0.0,0,0.41,0.0,0.0,5,0
257.088,258.211,2.034,3.142,16.654,0.0,16.654,-0.0,-0.001,0.068,0.405,0.0,0.0,0,0.406,0.0,0.0,5,0
257.188,256.546,2.034,3.142,16.66,0.0,16.66,-0.0,-0.001,0.056,0.402,0.0,0.0,0,0.404,0.0,0.0,5,0
257.338,254.046,2.034,3.141,16.668,0.0,16.668,-0.0,-0.0,0.043,0.4,0.0,0.0,0,0.401,0.0,0.0,5,0
257.438,252.379,2.034,3.141,16.671,0.0,16.671,-0.0,-0.0,0.025,0.397,0.0,0.0,0,0.398,0.0,0.0,5,0
257.538,250.712,2.034,3.141,16.673,0.0,16.673,-0.0,-0.0,0.014,0.396,0.0,0.0,0,0.396,0.0,0.0,5,0
257.638,249.044,2.035,3.141,16.674,0.0,16.674,-0.0,-0.0,0.005,0.395,0.0,0.0,0,0.395,0.0,0.0,5,0
257.738,247.377,2.035,3.141,16.675,0.0,16.675,-0.0,-0.0,-0.001,0.394,0.0,0.0,0,0.394,0.0,0.0,5,0
257.888,244.876,2.035,3.141,16.674,0.0,16.674,-0.0,-0.0,-0.008,0.393,0.0,0.0,0,0.393,0.0,0.0,5,0
257.988,243.209,2.035,3.141,16.673,0.0,16.673,-0.0,-0.0,-0.01,0.393,0.0,0.0,0,0.393,0.0,0.0,5,0
258.138,240.708,2.035,3.141,16.672,0.0,16.672,-0.0,-0.0,-0.011,0.393,0.0,0.0,0,0.393,0.0,0.0,5,0
258.238,239.041,2.036,3.141,16.67,-0.0,16.67,-0.0,-0.0,-0.011,0.394,0.0,0.0,0,0.394,0.0,0.0,5,0
258.338,237.374,2.036,3.141,16.669,0.0,16.669,-0.0,-0.0,-0.01,0.394,0.0,0.0,0,0.394,0.0,0.0,5,0
258.488,234.873,2.036,3.141,16.668,-0.0,16.668,-0.0,-0.0,-0.008,0.395,0.0,0.0,0,0.394,0.0,0.0,5,0
258.588,233.207,2.036,3.141,16.667,-0.0,16.667,-0.0,-0.0,-0.006,0.395,0.0,0.0,0,0.395,0.0,0.0,5,0
258.738,230.707,2.036,3.141,16.666,0.0,16.666,-0.0,-0.0,-0.005,0.395,0.0,-0.0,0,0.395,0.0,0.0,5,0
258.838,229.04,2.037,3.141,16.666,0.0,16.666,-0.0,-0.0,-0.002,0.396,0.0,-0.0,0,0.395,0.0,-0.0,5,0
258.938,227.373,2.037,3.141,16.666,0.0,16.666,0.0,0.0,-0.001,0.396,0.0,-0.0,0,0.396,0.0,-0.0,5,0
259.088,224.874,2.037,3.141,16.666,0.0,16.666,0.0,0.0,-0.0,0.396,0.0,-0.0,0,0.396,0.0,-0.0,5,0
259.188,223.207,2.037,3.141,16.666,0.0,16.666,0.0,0.0,0.001,0.396,0.0,-0.0,0,0.396,0.0,-0.0,5,0
259.288,221.54,2.037,3.141,16.666,0.0,16.666,0.0,-0.0,0.001,0.396,0.0,0.0,0,0.396,0.0,0.0,5,0
259.438,219.04,2.038,3.141,16.666,0.0,16.666,-0.0,-0.0,0.001,0.396,0.0,0.0,0,0.396,0.0,0.0,5,0
259.538,217.374,2.038,3.141,16.666,0.0,16.666,-0.0,-0.0,0.001,0.396,0.0,0.0,0,0.396,0.0,0.0,5,0
259.688,214.874,2.038,3.141,16.666,0.0,16.666,-0.0,-0.0,0.001,0.396,0.0,0.0,0,0.396,0.0,0.0,5,0
259.788,213.207,2.038,3.141,16.666,0.0,16.666,-0.0,-0.0,0.001,0.396,0.0,0.0,0,0.396,0.0,0.0,5,0
259.888,211.541,2.038,3.141,16.667,0.0,16.667,-0.0,-0.0,0.001,0.396,0.0,0.0,0,0.396,0.0,0.0,5,0
259.988,209.874,2.039,3.141,16.667,-0.0,16.667,-0.0,-0.0,0.001,0.396,0.0,0.0,0,0.396,0.0,0.0,5,0
260.088,208.207,2.039,3.141,16.667,-0.0,16.667,-0.0,-0.0,0.0,0.396,0.0,0.0,0,0.396,0.0,0.0,5,0
260.238,205.708,2.039,3.141,16.667,-0.0,16.667,-0.0,-0.0,0.0,0.396,0.0,0.0,0,0.396,0.0,0.0,5,0
260.338,204.041,2.039,3.141,16.667,-0.0,16.667,-0.0,-0.0,0.0,0.396,0.0,0.0,0,0.396,0.0,0.0,5,0
260.488,201.541,2.039,3.141,16.667,-0.0,16.667,-0.0,-0.0,0.0,0.396,0.0,0.0,0,0.396,0.0,0.0,5,0
260.588,199.874,2.04,3.141,16.667,-0.0,16.667,-0.0,-0.0,-0.0,0.396,0.0,0.0,0,0.396,0.0,0.0,5,0
260.738,197.375,2.04,3.141,16.667,0.0,16.667,0.0,0.0,-0.0,0.396,0.0,-0.0,0,0.396,0.0,-0.0,5,0
260.838,195.708,2.04,3.141,16.667,0.0,16.667,0.0,0.0,-0.0,0.396,0.0,-0.0,0,0.396,0.0,-0.0,5,0
260.988,193.208,2.04,3.141,16.667,0.0,16.667,0.0,0.0,-0.205,0.0,0.0,-0.0,0,0.0,0.0,-0.0,5,0
261.088,191.543,2.041,3.141,16.616,-0.0,16.616,0.0,0.0,-1.213,0.0,0.0,0.0,0,0.0,0.0,-0.0,5,0
261.238,189.064,2.041,3.141,16.494,-0.0,16.494,-0.0,-0.0,-0.257,0.0,0.0,0.0,0,0.0,0.0,0.0,0,0
261.338,187.423,2.041,3.141,16.246,-0.0,16.246,-0.0,-0.0,-3.834,0.0,0.0,0.0,0,0.0,0.0,0.0,4,0
261.438,185.819,2.041,3.141,15.885,-0.0,15.885,-0.0,-0.0,-3.106,0.0,0.0,0.0,0,0.0,0.0,0.0,4,0
261.588,183.473,2.041,3.141,15.443,0.0,15.443,-0.0,-0.0,-2.802,0.0,0.0,0.0,0,0.0,0.0,0.0,4,0
261.688,181.944,2.042,3.141,15.174,-0.0,15.174,-0.0,-0.0,-2.616,0.0,0.0,0.0,0,0.0,0.0,0.0,4,0
261.788,180.441,2.042,3.141,14.914,-0.0,14.914,-0.0,-0.0,-2.551,0.0,0.0,0.0,0,0.0,0.0,0.0,4,0
261.938,178.234,2.042,3.141,14.536,-0.0,14.536,-0.0,-0.0,-2.477,0.0,0.0,0.0,0,0.0,0.0,0.0,4,0
262.088,176.083,2.042,3.141,14.167,0.0,14.167,0.0,0.0,-2.434,0.0,0.0,0.0,0,0.0,0.0,0.0,4,0
262.188,174.679,2.042,3.141,13.927,0.0,13.927,0.0,0.0,-2.373,0.0,0.0,-0.0,0,0.0,0.0,-0.0,4,0
262.338,172.619,2.043,3.141,13.574,-0.0,13.574,0.0,-0.0,-2.333,0.0,0.0,0.0,0,0.0,0.0,0.0,4,0
262.438,171.274,2.043,3.141,13.344,-0.0,13.344,0.0,0.0,-0.67,0.0,0.0,0.0,0,0.0,0.0,0.0,4,0
262.588,169.279,2.043,3.141,13.127,-0.0,13.127,0.0,-0.0,-4.388,0.0,0.0,0.0,0,0.0,0.0,0.0,0,0
262.688,167.993,2.043,3.141,12.663,-0.0,12.663,0.0,0.0,-3.823,0.0,0.0,-0.0,0,0.0,0.0,0.0,3,0
262.838,166.138,2.043,3.142,12.132,0.001,12.132,0.001,0.016,-3.177,0.0,0.0,-0.022,0,0.0,0.0,-0.0,3,0
262.938,164.943,2.037,-3.137,11.817,0.055,11.817,0.068,3.049,-3.334,0.0,0.0,-0.08,0,0.0,0.0,-0.074,3,0
263.088,163.21,1.981,-3.105,11.328,0.262,11.325,0.355,5.302,-3.6,0.0,0.0,-0.154,0,0.0,0.0,-0.147,3,0
263.188,162.101,1.882,-3.058,10.977,0.392,10.97,0.582,7.918,-4.057,0.0,0.0,-0.232,0,0.0,0.0,-0.231,3,0
263.288,161.037,1.713,-2.99,10.624,0.427,10.615,0.723,10.025,-3.528,0.0,0.0,-0.298,0,0.0,0.0,-0.3,3,0
263.438,159.528,1.304,-2.858,10.223,0.582,10.207,1.003,9.911,-11.025,0.0,0.0,-0.403,0,0.0,0.0,-0.354,2,0
263.538,158.639,0.932,-2.753,9.264,0.655,9.241,1.082,10.429,-8.48,0.0,0.0,-0.374,0,0.0,0.0,-0.39,2,0
263.638,157.87,0.495,-2.645,8.599,0.71,8.57,1.043,9.381,-6.727,0.0,0.0,-0.386,0,0.0,0.0,-0.407,2,0
263.738,157.204,0.006,-2.538,8.07,0.744,8.036,1.017,7.322,-5.358,0.0,0.0,-0.39,0,0.0,0.0,-0.365,2,0
263.838,156.628,-0.52,-2.439,7.615,0.753,7.578,0.946,6.618,-4.977,0.0,0.0,-0.345,0,0.0,0.0,-0.367,2,0
263.938,156.136,-1.069,-2.346,7.215,0.717,7.18,0.839,6.273,-4.872,0.0,0.0,-0.348,0,0.0,0.0,-0.369,2,0
264.038,155.719,-1.634,-2.261,6.99,0.743,6.951,0.791,5.228,-0.794,0.0,0.0,-0.307,0,0.0,0.0,-0.327,0,0
264.138,155.358,-2.217,-2.182,6.526,0.669,6.491,0.733,5.223,-9.649,0.0,0.0,-0.315,0,0.0,0.0,-0.334,1,0
264.288,154.967,-3.008,-2.083,5.515,0.592,5.483,0.592,2.28,-4.925,0.0,0.0,-0.32,0,0.0,0.0,-0.297,1,0
264.388,154.771,-3.496,-2.026,5.083,0.561,5.052,0.54,2.287,-4.496,0.0,0.0,-0.288,0,0.0,0.0,-0.304,1,0
264.488,154.62,-3.949,-1.978,4.528,0.563,4.493,0.44,2.004,-5.862,0.564,0.0,-0.27,0,0.138,0.0,-0.274,1,0
264.538,154.56,-4.161,-1.956,4.318,0.571,4.28,0.424,1.265,-3.015,0.593,0.0,-0.257,0,0.564,0.0,-0.27,1,0
264.638,154.459,-4.567,-1.917,4.131,0.528,4.097,0.378,1.065,0.426,0.618,0.0,-0.257,0,0.66,0.0,-0.245,1,0
264.738,154.372,-4.975,-1.88,4.238,0.523,4.205,0.379,1.447,1.822,0.486,0.0,-0.233,0,0.551,0.0,-0.245,1,0
264.838,154.294,-5.403,-1.843,4.433,0.501,4.404,0.366,1.201,1.442,0.464,0.0,-0.208,0,0.453,0.0,-0.22,1,0
264.938,154.225,-5.85,-1.808,4.579,0.461,4.556,0.339,1.098,1.208,0.537,0.0,-0.186,0,0.504,0.0,-0.197,1,0
265.038,154.164,-6.311,-1.776,4.719,0.421,4.7,0.312,1.085,1.573,0.529,0.0,-0.166,0,0.548,0.0,-0.175,1,0
265.138,154.111,-6.789,-1.746,4.889,0.386,4.874,0.289,1.076,1.642,0.496,0.0,-0.159,0,0.529,0.0,-0.166,1,0
265.238,154.066,-7.284,-1.718,5.039,0.356,5.027,0.269,1.035,1.313,0.451,0.0,-0.141,0,0.467,0.0,-0.15,1,0
265.288,154.047,-7.537,-1.705,5.093,0.335,5.082,0.262,0.633,-1.78,0.461,0.0,-0.124,0,0.448,0.0,-0.132,1,0
265.388,154.014,-8.04,-1.682,5.01,0.284,5.002,0.226,0.916,1.614,1.0,0.0,-0.109,0,0.816,0.0,-0.116,1,0
265.488,153.989,-8.546,-1.66,5.08,0.252,5.074,0.201,0.43,-1.1,0.0,0.0,-0.093,0,0.919,0.0,-0.1,1,0
265.588,153.97,-9.049,-1.642,5.018,0.208,5.013,0.175,0.512,-0.249,0.0,0.0,-0.081,0,0.0,0.0,-0.087,1,0
265.688,153.956,-9.555,-1.626,5.232,0.194,5.228,0.154,0.377,-0.868,0.0,0.0,-0.071,0,0.0,0.0,-0.076,1,0
265.788,153.948,-10.073,-1.611,5.055,0.154,5.052,0.147,0.578,-1.421,0.0,0.0,-0.063,0,0.0,0.0,-0.067,1,0
265.888,153.945,-10.569,-1.599,4.896,0.145,4.894,0.114,0.334,-2.783,0.0,0.0,-0.049,0,0.0,0.0,-0.059,1,0
265.988,153.946,-11.043,-1.589,4.594,0.115,4.593,0.085,0.09,-3.479,0.036,0.0,-0.042,0,0.0,0.0,-0.045,1,0
266.088,153.949,-11.483,-1.581,4.249,0.093,4.248,0.067,0.102,-3.065,0.306,0.0,-0.032,0,0.178,0.0,-0.04,1,0
266.188,153.954,-11.891,-1.576,3.985,0.07,3.984,0.047,-0.103,-2.226,0.402,0.0,-0.029,0,0.306,0.0,-0.032,1,0
266.288,153.959,-12.284,-1.571,3.894,0.057,3.893,0.041,0.063,-0.527,0.423,0.0,-0.026,0,0.432,0.0,-0.028,1,0
266.338,153.961,-12.479,-1.569,3.894,0.053,3.893,0.038,0.093,0.262,0.386,0.0,-0.018,0,0.403,0.0,-0.025,1,0
266.438,153.967,-12.87,-1.566,3.924,0.04,3.924,0.028,0.011,0.338,0.392,0.0,-0.016,0,0.381,0.0,-0.017,1,0
266.538,153.973,-13.264,-1.564,3.958,0.033,3.958,0.023,0.05,0.409,0.421,0.0,-0.014,0,0.408,0.0,-0.015,1,0
266.638,153.979,-13.663,-1.561,4.004,0.029,4.004,0.021,-0.103,0.604,0.421,0.0,-0.008,0,0.425,0.0,-0.009,1,0
266.738,153.985,-14.067,-1.56,4.067,0.018,4.067,0.012,0.009,0.641,0.401,0.0,-0.007,0,0.41,0.0,-0.007,1,0
266.838,153.991,-14.477,-1.559,4.128,0.014,4.128,0.011,0.026,0.51,0.392,0.0,-0.002,0,0.394,0.0,-0.006,1,0
266.938,153.997,-14.892,-1.558,4.176,0.007,4.176,0.005,-0.034,0.401,0.393,0.0,-0.001,0,0.392,0.0,-0.002,1,0
267.038,154.003,-15.312,-1.558,4.214,0.003,4.214,0.002,-0.003,0.351,0.388,0.0,-0.001,0,0.391,0.0,-0.001,1,0
267.138,154.009,-15.735,-1.557,4.248,0.002,4.248,0.002,0.002,0.325,0.379,0.0,0.002,0,0.388,0.0,-0.001,1,0
267.238,154.015,-16.162,-1.558,4.275,-0.004,4.275,-0.003,-0.044,0.246,0.374,0.0,0.002,0,0.379,0.0,0.002,1,0
267.288,154.017,-16.376,-1.558,4.285,-0.005,4.285,-0.004,-0.018,0.166,0.373,0.0,0.004,0,0.374,0.0,0.002,1,0
267.388,154.022,-16.805,-1.558,4.3,-0.008,4.3,-0.006,-0.047,0.116,0.371,0.0,0.004,0,0.372,0.0,0.004,1,0
267.488,154.026,-17.235,-1.559,4.311,-0.009,4.311,-0.007,-0.025,0.083,0.369,0.0,0.004,0,0.37,0.0,0.004,1,0
267.588,154.031,-17.667,-1.56,4.318,-0.009,4.318,-0.006,-0.078,0.052,0.366,0.0,0.005,0,0.367,0.0,0.005,1,0
267.688,154.034,-18.099,-1.56,4.323,-0.011,4.323,-0.008,-0.033,0.026,0.366,0.0,0.005,0,0.366,0.0,0.005,1,0
267.788,154.037,-18.531,-1.561,4.325,-0.011,4.325,-0.008,-0.024,0.011,0.365,0.0,0.006,0,0.365,0.0,0.005,1,0
267.888,154.04,-18.964,-1.562,4.326,-0.012,4.326,-0.009,-0.038,0.003,0.365,0.0,0.005,0,0.365,0.0,0.005,1,0
267.988,154.043,-19.396,-1.563,4.326,-0.011,4.326,-0.008,-0.031,-0.001,0.364,0.0,0.006,0,0.365,0.0,0.005,1,0
268.088,154.045,-19.829,-1.564,4.325,-0.012,4.325,-0.009,-0.05,-0.006,0.364,0.0,0.005,0,0.364,0.0,0.006,1,0
268.138,154.046,-20.045,-1.564,4.325,-0.012,4.325,-0.009,-0.028,-0.009,0.364,0.0,0.005,0,0.364,0.0,0.005,1,0
268.238,154.047,-20.478,-1.565,4.324,-0.011,4.324,-0.008,-0.022,-0.009,0.364,0.0,0.005,0,0.364,0.0,0.005,1,0
268.338,154.049,-20.91,-1.566,4.323,-0.01,4.323,-0.008,-0.026,-0.008,0.364,0.0,0.004,0,0.364,0.0,0.005,1,0
268.438,154.05,-21.342,-1.566,4.322,-0.01,4.322,-0.007,-0.021,-0.008,0.364,0.0,0.004,0,0.365,0.0,0.004,1,0
268.538,154.051,-21.775,-1.567,4.322,-0.009,4.322,-0.006,-0.025,-0.007,0.365,0.0,0.004,0,0.365,0.0,0.004,1,0
268.638,154.051,-22.207,-1.568,4.321,-0.008,4.321,-0.006,-0.018,-0.005,0.365,0.0,0.003,0,0.365,0.0,0.004,1,0
268.738,154.052,-22.639,-1.568,4.321,-0.008,4.321,-0.006,-0.018,-0.004,0.365,0.0,0.003,0,0.365,0.0,0.003,1,0
268.838,154.052,-23.071,-1.569,4.32,-0.007,4.32,-0.005,-0.014,-0.003,0.365,0.0,0.003,0,0.365,0.0,0.003,1,0
268.938,154.052,-23.503,-1.569,4.32,-0.006,4.32,-0.005,-0.013,-0.002,0.365,0.0,0.003,0,0.365,0.0,0.003,1,0
269.038,154.052,-23.935,-1.57,4.32,-0.006,4.32,-0.004,-0.011,-0.002,0.365,0.0,0.002,0,0.365,0.0,0.002,1,0
269.138,154.052,-24.367,-1.57,4.32,-0.005,4.32,-0.004,-0.01,-0.001,0.365,0.0,0.002,0,0.365,0.0,0.002,1,0
269.238,154.052,-24.799,-1.571,4.32,-0.004,4.32,-0.003,-0.008,-0.001,0.365,0.0,0.002,0,0.365,0.0,0.002,1,0
269.338,154.051,-25.231,-1.571,4.32,-0.004,4.32,-0.003,-0.008,-0.0,0.365,0.0,0.002,0,0.365,0.0,0.002,1,0
269.438,154.051,-25.663,-1.571,4.32,-0.003,4.32,-0.003,-0.007,-0.0,0.365,0.0,0.001,0,0.365,0.0,0.002,1,0
269.488,154.051,-25.879,-1.571,4.32,-0.003,4.32,-0.002,-0.005,0.0,0.365,0.0,0.001,0,0.365,0.0,0.001,1,0
269.588,154.05,-26.311,-1.571,4.32,-0.003,4.32,-0.002,-0.005,0.0,0.365,0.0,0.001,0,0.365,0.0,0.001,1,0
269.688,154.05,-26.743,-1.572,4.32,-0.002,4.32,-0.002,-0.0,0.0,0.365,0.0,0.001,0,0.365,0.0,0.001,1,0
269.788,154.049,-27.175,-1.572,4.32,-0.002,4.32,-0.001,-0.003,0.0,0.365,0.0,0.001,0,0.365,0.0,0.001,1,0
269.888,154.049,-27.607,-1.572,4.32,-0.002,4.32,-0.001,0.001,0.0,0.365,0.0,0.001,0,0.365,0.0,0.001,1,0
269.988,154.048,-28.039,-1.572,4.32,-0.001,4.32,-0.001,-0.002,0.0,0.365,0.0,0.001,0,0.365,0.0,0.001,1,0
270.088,154.047,-28.471,-1.572,4.32,-0.001,4.32,-0.001,-0.002,0.0,0.365,0.0,0.0,0,0.365,0.0,0.0,1,0
270.188,154.047,-28.903,-1.572,4.32,-0.001,4.32,-0.001,-0.0,0.0,0.365,0.0,0.0,0,0.365,0.0,0.0,1,0
270.288,154.046,-29.335,-1.572,4.32,-0.001,4.32,-0.0,-0.001,0.0,0.365,0.0,0.0,0,0.365,0.0,0.0,1,0
270.388,154.045,-29.767,-1.572,4.32,-0.001,4.32,-0.0,0.002,0.0,0.365,0.0,0.0,0,0.365,0.0,0.0,1,0
270.488,154.045,-30.199,-1.572,4.32,-0.0,4.32,-0.0,0.0,0.0,0.0,1.0,0.0,0,0.365,0.0,0.0,1,0
270.588,154.044,-30.629,-1.572,4.267,-0.0,4.267,-0.0,0.001,-3.271,0.0,1.0,0.0,0,0.0,1.0,0.0,1,0
270.688,154.043,-31.036,-1.572,3.857,0.0,3.857,-0.0,0.0,-5.855,0.0,1.0,0.0,0,0.0,1.0,0.0,1,0
270.788,154.043,-31.388,-1.572,3.271,0.0,3.271,-0.001,-0.0,-5.799,0.0,1.0,0.0,0,0.0,1.0,0.0,1,0
270.888,154.042,-31.683,-1.572,2.698,0.0,2.698,-0.001,-0.0,-5.468,0.0,1.0,0.0,0,0.0,1.0,0.0,1,0
270.988,154.042,-31.911,-1.572,1.6,-0.001,1.6,0.01,-0.019,-25.978,0.0,1.0,0.0,0,0.0,1.0,0.0,1,0
271.088,154.042,-31.951,-1.572,0.001,-0.0,0.001,0.0,0.002,-0.121,0.0,1.0,0.0,0,0.0,1.0,0.0,1,1
271.188,154.042,-31.952,-1.572,0.007,-0.0,-0.007,0.0,0.0,0.012,0.0,1.0,0.0,0,0.0,1.0,0.0,1,1
271.288,154.042,-31.953,-1.572,0.005,0.0,-0.005,0.0,0.0,0.022,0.0,1.0,0.0,0,0.0,1.0,0.0,1,1
271.388,154.042,-31.954,-1.572,0.003,0.0,-0.003,0.0,0.0,0.015,0.0,1.0,0.0,0,0.0,1.0,0.0,1,1
271.488,154.042,-31.954,-1.572,0.002,0.0,-0.002,0.0,-0.0,0.009,0.0,1.0,0.0,0,0.0,1.0,0.0,1,1
271.588,154.042,-31.955,-1.572,0.001,-0.0,-0.001,-0.0,0.0,0.005,0.0,1.0,0.0,0,0.0,1.0,0.0,1,1
271.688,154.042,-31.955,-1.572,0.0,0.0,-0.0,-0.0,-0.0,0.009,0.0,1.0,0.0,0,0.0,1.0,0.0,1,1
271.788,154.042,-31.955,-1.572,0.0,-0.0,0.0,-0.0,0.0,0.0,0.0,1.0,0.0,0,0.0,1.0,0.0,1,1
271.888,154.042,-31.955,-1.572,0.0,-0.0,0.0,-0.0,0.0,0.0,0.0,1.0,0.0,0,0.0,1.0,0.0,1,1
271.988,154.042,-31.955,-1.572,0.0,-0.0,0.0,-0.0,0.0,0.0,0.0,1.0,0.0,0,0.0,1.0,0.0,1,1
272.138,154.042,-31.955,-1.572,0.0,-0.0,0.0,-0.0,0.0,0.0,0.0,1.0,0.0,0,0.0,1.0,0.0,1,1
272.238,154.042,-31.955,-1.572,0.0,-0.0,0.0,-0.0,0.0,0.0,0.0,1.0,0.0,0,0.0,1.0,0.0,1,1
272.338,154.042,-31.955,-1.572,0.0,-0.0,0.0,-0.0,0.0,0.0,0.0,1.0,0.0,0,0.0,1.0,0.0,1,1
272.438,154.042,-31.955,-1.572,0.0,-0.0,0.0,-0.0,0.0,0.0,0.0,1.0,0.0,0,0.0,1.0,0.0,1,1
272.538,154.042,-31.955,-1.572,0.0,-0.0,0.0,-0.0,0.0,0.0,0.0,1.0,0.0,0,0.0,1.0,0.0,1,1
272.638,154.042,-31.955,-1.572,0.0,-0.0,0.0,-0.0,0.0,0.0,0.0,1.0,0.0,0,0.0,1.0,0.0,1,1
272.738,154.042,-31.955,-1.572,0.0,-0.0,0.0,-0.0,0.0,0.0,0.0,1.0,0.0,0,0.0,1.0,0.0,1,1
272.838,154.042,-31.955,-1.572,0.0,-0.0,0.0,-0.0,0.0,0.0,0.0,1.0,0.0,0,0.0,1.0,0.0,1,1
272.938,154.042,-31.955,-1.572,0.0,-0.0,0.0,-0.0,0.0,0.0,0.0,1.0,0.0,0,0.0,1.0,0.0,1,1
273.088,154.042,-31.955,-1.572,0.0,-0.0,0.0,-0.0,0.0,0.0,0.0,1.0,0.0,0,0.0,1.0,0.0,1,1
273.188,154.042,-31.955,-1.572,0.0,-0.0,0.0,-0.0,0.0,0.0,0.0,1.0,0.0,0,0.0,1.0,0.0,1,1
273.288,154.042,-31.955,-1.572,0.0,-0.0,0.0,-0.0,0.0,0.0,0.0,1.0,0.0,0,0.0,1.0,0.0,1,1
273.388,154.042,-31.955,-1.572,0.0,-0.0,0.0,-0.0,0.0,0.0,0.0,1.0,0.0,0,0.0,1.0,0.0,1,1
273.488,154.042,-31.955,-1.572,0.0,-0.0,0.0,-0.0,0.0,0.0,0.0,1.0,0.0,0,0.0,1.0,0.0,1,1
273.588,154.042,-31.955,-1.572,0.0,-0.0,0.0,-0.0,0.0,0.0,0.0,1.0,0.0,0,0.0,1.0,0.0,1,1
273.738,154.042,-31.955,-1.572,0.0,-0.0,0.0,-0.0,0.0,0.0,0.0,1.0,0.0,0,0.0,1.0,0.0,1,1
273.838,154.042,-31.955,-1.572,0.0,-0.0,0.0,-0.0,0.0,0.0,0.0,1.0,0.0,0,0.0,1.0,0.0,1,1
273.938,154.042,-31.955,-1.572,0.0,-0.0,0.0,-0.0,0.0,0.0,0.0,1.0,0.0,0,0.0,1.0,0.0,1,1
274.038,154.042,-31.955,-1.572,0.0,-0.0,0.0,-0.0,0.0,0.0,0.0,1.0,0.0,0,0.0,1.0,0.0,1,1
274.138,154.042,-31.955,-1.572,0.0,-0.0,0.0,-0.0,0.0,0.0,0.0,1.0,0.0,0,0.0,1.0,0.0,1,1
274.288,154.042,-31.955,-1.572,0.0,-0.0,0.0,-0.0,0.0,0.0,0.0,1.0,0.0,0,0.0,1.0,0.0,1,1
274.388,154.042,-31.955,-1.572,0.0,-0.0,0.0,-0.0,0.0,0.0,0.0,1.0,0.0,0,0.0,1.0,0.0,1,1
274.488,154.042,-31.955,-1.572,0.0,-0.0,0.0,-0.0,0.0,0.0,0.0,1.0,0.0,0,0.0,1.0,0.0,1,1
274.588,154.042,-31.955,-1.572,0.0,-0.0,0.0,-0.0,0.0,0.0,0.0,1.0,0.0,0,0.0,1.0,0.0,1,1
274.688,154.042,-31.955,-1.572,0.0,-0.0,0.0,-0.0,0.0,0.0,0.0,1.0,0.0,0,0.0,1.0,0.0,1,1
274.838,154.042,-31.955,-1.572,0.0,-0.0,0.0,-0.0,0.0,0.0,0.0,1.0,0.0,0,0.0,1.0,0.0,1,1
274.938,154.042,-31.955,-1.572,0.0,-0.0,0.0,-0.0,0.0,0.0,0.0,1.0,0.0,0,0.0,1.0,0.0,1,1
275.038,154.042,-31.955,-1.572,0.0,-0.0,0.0,-0.0,0.0,0.0,0.0,1.0,0.0,0,0.0,1.0,0.0,1,1
275.138,154.042,-31.955,-1.572,0.0,-0.0,0.0,-0.0,0.0,0.0,0.0,1.0,0.0,0,0.0,1.0,0.0,1,1
275.238,154.042,-31.955,-1.572,0.0,-0.0,0.0,-0.0,0.0,0.0,0.0,1.0,0.0,0,0.0,1.0,0.0,1,1
275.388,154.042,-31.955,-1.572,0.0,-0.0,0.0,-0.0,0.0,0.0,0.0,1.0,0.0,0,0.0,1.0,0.0,1,1
275.488,154.042,-31.955,-1.572,0.0,-0.0,0.0,-0.0,0.0,0.0,0.0,1.0,0.0,0,0.0,1.0,0.0,1,1
275.588,154.042,-31.955,-1.572,0.0,-0.0,0.0,-0.0,0.0,0.0,0.0,1.0,0.0,0,0.0,1.0,0.0,1,1
275.688,154.042,-31.955,-1.572,0.0,-0.0,0.0,-0.0,0.0,0.0,0.0,1.0,0.0,0,0.0,1.0,0.0,1,1
275.788,154.042,-31.955,-1.572,0.0,-0.0,0.0,-0.0,0.0,0.0,0.0,1.0,0.0,0,0.0,1.0,0.0,1,1
275.938,154.042,-31.955,-1.572,0.0,-0.0,0.0,-0.0,0.0,0.0,0.0,1.0,0.0,0,0.0,1.0,0.0,1,1
276.038,154.042,-31.955,-1.572,0.0,-0.0,0.0,-0.0,0.0,0.0,0.0,1.0,0.0,0,0.0,1.0,0.0,1,1
276.138,154.042,-31.955,-1.572,0.0,-0.0,0.0,-0.0,0.0,0.0,0.0,1.0,0.0,0,0.0,1.0,0.0,1,1
276.238,154.042,-31.955,-1.572,0.0,-0.0,0.0,-0.0,0.0,0.0,0.0,1.0,0.0,0,0.0,1.0,0.0,1,1
276.338,154.042,-31.955,-1.572,0.0,-0.0,0.0,-0.0,0.0,0.0,0.0,1.0,0.0,0,0.0,1.0,0.0,1,1
276.488,154.042,-31.955,-1.572,0.0,-0.0,0.0,-0.0,0.0,0.0,0.0,1.0,0.0,0,0.0,1.0,0.0,1,1
276.588,154.042,-31.955,-1.572,0.0,-0.0,0.0,-0.0,0.0,0.0,0.0,1.0,0.0,0,0.0,1.0,0.0,1,1
276.688,154.042,-31.955,-1.572,0.0,-0.0,0.0,-0.0,0.0,0.0,0.0,1.0,0.0,0,0.0,1.0,0.0,1,1
276.788,154.042,-31.955,-1.572,0.0,-0.0,0.0,-0.0,0.0,0.0,0.0,1.0,0.0,0,0.0,1.0,0.0,1,1
276.888,154.042,-31.955,-1.572,0.0,-0.0,0.0,-0.0,0.0,0.0,0.0,1.0,0.0,0,0.0,1.0,0.0,1,1
276.988,154.042,-31.955,-1.572,0.0,-0.0,0.0,-0.0,0.0,0.0,0.0,1.0,0.0,0,0.0,1.0,0.0,1,1
277.088,154.042,-31.955,-1.572,0.0,-0.0,0.0,-0.0,0.0,0.0,0.0,1.0,0.0,0,0.0,1.0,0.0,1,1
277.188,154.042,-31.955,-1.572,0.0,-0.0,0.0,-0.0,0.0,0.0,0.0,1.0,0.0,0,0.0,1.0,0.0,1,1
277.288,154.042,-31.955,-1.572,0.0,-0.0,0.0,-0.0,0.0,0.0,0.0,1.0,0.0,0,0.0,1.0,0.0,1,1
277.388,154.042,-31.955,-1.572,0.0,-0.0,0.0,-0.0,0.0,0.0,0.0,1.0,0.0,0,0.0,1.0,0.0,1,1
277.538,154.042,-31.955,-1.572,0.0,-0.0,0.0,-0.0,0.0,0.0,0.0,1.0,0.0,0,0.0,1.0,0.0,1,1
277.638,154.042,-31.955,-1.572,0.0,-0.0,0.0,-0.0,0.0,0.0,0.0,1.0,0.0,0,0.0,1.0,0.0,1,1
277.688,154.042,-31.955,-1.572,0.0,-0.0,0.0,-0.0,0.0,0.0,0.0,1.0,0.0,0,0.0,1.0,0.0,1,1
277.788,154.042,-31.955,-1.572,0.0,-0.0,0.0,-0.0,0.0,0.0,0.0,1.0,0.0,0,0.0,1.0,0.0,1,1
277.888,154.042,-31.955,-1.572,0.0,-0.0,0.0,-0.0,0.0,0.0,0.0,1.0,0.0,0,0.0,1.0,0.0,1,1
277.988,154.042,-31.955,-1.572,0.0,-0.0,0.0,-0.0,0.0,0.0,0.0,1.0,0.0,0,0.0,1.0,0.0,1,1
278.138,154.042,-31.955,-1.572,0.0,-0.0,0.0,-0.0,0.0,0.0,0.0,1.0,0.0,0,0.0,1.0,0.0,1,1
278.238,154.042,-31.955,-1.572,0.0,-0.0,0.0,-0.0,0.0,0.0,0.0,1.0,0.0,0,0.0,1.0,0.0,1,1
278.338,154.042,-31.955,-1.572,0.0,-0.0,0.0,-0.0,0.0,0.0,0.0,1.0,0.0,0,0.0,1.0,0.0,1,1
278.438,154.042,-31.955,-1.572,0.0,-0.0,0.0,-0.0,0.0,0.0,0.0,1.0,0.0,0,0.0,1.0,0.0,1,1
278.588,154.042,-31.955,-1.572,0.0,-0.0,0.0,-0.0,0.0,0.0,0.0,1.0,0.0,0,0.0,1.0,0.0,1,1
278.688,154.042,-31.955,-1.572,0.0,-0.0,0.0,-0.0,0.0,0.0,0.0,1.0,0.0,0,0.0,1.0,0.0,1,1
278.788,154.042,-31.955,-1.572,0.0,-0.0,0.0,-0.0,0.0,0.0,0.0,1.0,0.0,0,0.0,1.0,0.0,1,1
278.888,154.042,-31.955,-1.572,0.0,-0.0,0.0,-0.0,0.0,0.0,0.0,1.0,0.0,0,0.0,1.0,0.0,1,1
278.988,154.042,-31.955,-1.572,0.0,-0.0,0.0,-0.0,0.0,0.0,0.0,1.0,0.0,0,0.0,1.0,0.0,1,1
279.138,154.042,-31.955,-1.572,0.0,-0.0,0.0,-0.0,0.0,0.0,0.0,1.0,0.0,0,0.0,1.0,0.0,1,1
279.238,154.042,-31.955,-1.572,0.0,-0.0,0.0,-0.0,0.0,0.0,0.0,1.0,0.0,0,0.0,1.0,0.0,1,1
279.338,154.042,-31.955,-1.572,0.0,-0.0,0.0,-0.0,0.0,0.0,0.0,1.0,0.0,0,0.0,1.0,0.0,1,1
279.438,154.042,-31.955,-1.572,0.0,-0.0,0.0,-0.0,0.0,0.0,0.0,1.0,0.0,0,0.0,1.0,0.0,1,1
279.538,154.042,-31.955,-1.572,0.0,-0.0,0.0,-0.0,0.0,0.0,0.0,1.0,0.0,0,0.0,1.0,0.0,1,1
279.688,154.042,-31.955,-1.572,0.0,-0.0,0.0,-0.0,0.0,0.0,0.0,1.0,0.0,0,0.0,1.0,0.0,1,1
279.788,154.042,-31.955,-1.572,0.0,-0.0,0.0,-0.0,0.0,0.0,0.0,1.0,0.0,0,0.0,1.0,0.0,1,1
279.888,154.042,-31.955,-1.572,0.0,-0.0,0.0,-0.0,0.0,0.0,0.0,1.0,0.0,0,0.0,1.0,0.0,1,1
279.988,154.042,-31.955,-1.572,0.0,-0.0,0.0,-0.0,0.0,0.0,0.0,1.0,0.0,0,0.0,1.0,0.0,1,1
280.088,154.042,-31.955,-1.572,0.0,-0.0,0.0,-0.0,0.0,0.0,0.0,1.0,0.0,0,0.0,1.0,0.0,1,1
280.188,154.042,-31.955,-1.572,0.0,-0.0,0.0,-0.0,0.0,0.0,0.0,1.0,0.0,0,0.0,1.0,0.0,1,1
280.338,154.042,-31.955,-1.572,0.0,-0.0,0.0,-0.0,0.0,0.0,0.0,1.0,0.0,0,0.0,1.0,0.0,1,1
280.438,154.042,-31.955,-1.572,0.0,-0.0,0.0,-0.0,0.0,0.0,0.0,1.0,0.0,0,0.0,1.0,0.0,1,1
280.538,154.042,-31.955,-1.572,0.0,-0.0,0.0,-0.0,0.0,0.0,0.0,1.0,0.0,0,0.0,1.0,0.0,1,1
280.638,154.042,-31.955,-1.572,0.0,-0.0,0.0,-0.0,0.0,0.0,0.0,1.0,0.0,0,0.0,1.0,0.0,1,1
280.738,154.042,-31.955,-1.572,0.0,-0.0,0.0,-0.0,0.0,0.0,0.0,1.0,0.0,0,0.0,1.0,0.0,1,1
280.888,154.042,-31.955,-1.572,0.0,-0.0,0.0,-0.0,0.0,0.0,0.0,1.0,0.0,0,0.0,1.0,0.0,1,1
280.988,154.042,-31.955,-1.572,0.0,-0.0,0.0,-0.0,0.0,0.0,0.0,1.0,0.0,0,0.0,1.0,0.0,1,1
281.088,154.042,-31.955,-1.572,0.0,-0.0,0.0,-0.0,0.0,0.0,0.0,1.0,0.0,0,0.0,1.0,0.0,1,1
281.188,154.042,-31.955,-1.572,0.0,-0.0,0.0,-0.0,0.0,0.0,0.0,1.0,0.0,0,0.0,1.0,0.0,1,1
281.288,154.042,-31.955,-1.572,0.0,-0.0,0.0,-0.0,0.0,0.0,0.0,1.0,0.0,0,0.0,1.0,0.0,1,1
281.388,154.042,-31.955,-1.572,0.0,-0.0,0.0,-0.0,0.0,0.0,0.0,1.0,0.0,0,0.0,1.0,0.0,1,1
281.488,154.042,-31.955,-1.572,0.0,-0.0,0.0,-0.0,0.0,0.0,0.0,1.0,0.0,0,0.0,1.0,0.0,1,1
281.638,154.042,-31.955,-1.572,0.0,-0.0,0.0,-0.0,0.0,0.0,0.0,1.0,0.0,0,0.0,1.0,0.0,1,1
281.738,154.042,-31.955,-1.572,0.0,-0.0,0.0,-0.0,0.0,0.0,0.0,1.0,0.0,0,0.0,1.0,0.0,1,1
281.838,154.042,-31.955,-1.572,0.0,-0.0,0.0,-0.0,0.0,0.0,0.0,1.0,0.0,0,0.0,1.0,0.0,1,1
281.938,154.042,-31.955,-1.572,0.0,-0.0,0.0,-0.0,0.0,0.0,0.0,1.0,0.0,0,0.0,1.0,0.0,1,1
282.038,154.042,-31.955,-1.572,0.0,-0.0,0.0,-0.0,0.0,0.0,0.0,1.0,0.0,0,0.0,1.0,0.0,1,1
282.138,154.042,-31.955,-1.572,0.0,-0.0,0.0,-0.0,0.0,0.0,0.0,1.0,0.0,0,0.0,1.0,0.0,1,1
282.238,154.042,-31.955,-1.572,0.0,-0.0,0.0,-0.0,0.0,0.0,0.0,1.0,0.0,0,0.0,1.0,0.0,1,1
282.388,154.042,-31.955,-1.572,0.0,-0.0,0.0,-0.0,0.0,0.0,0.0,1.0,0.0,0,0.0,1.0,0.0,1,1
282.488,154.042,-31.955,-1.572,0.0,-0.0,0.0,-0.0,0.0,0.0,0.0,1.0,0.0,0,0.0,1.0,0.0,1,1
282.588,154.042,-31.955,-1.572,0.0,-0.0,0.0,-0.0,0.0,0.0,0.0,1.0,0.0,0,0.0,1.0,0.0,1,1
282.688,154.042,-31.955,-1.572,0.0,-0.0,0.0,-0.0,0.0,0.0,0.0,1.0,0.0,0,0.0,1.0,0.0,1,1
282.788,154.042,-31.955,-1.572,0.0,-0.0,0.0,-0.0,0.0,0.0,0.0,1.0,0.0,0,0.0,1.0,0.0,1,1
282.888,154.042,-31.955,-1.572,0.0,-0.0,0.0,-0.0,0.0,0.0,0.0,1.0,0.0,0,0.0,1.0,0.0,1,1
283.038,154.042,-31.955,-1.572,0.0,-0.0,0.0,-0.0,0.0,0.0,0.0,1.0,0.0,0,0.0,1.0,0.0,1,1
283.138,154.042,-31.955,-1.572,0.0,-0.0,0.0,-0.0,0.0,0.0,0.0,1.0,0.0,0,0.0,1.0,0.0,1,1
283.238,154.042,-31.955,-1.572,0.0,-0.0,0.0,-0.0,0.0,0.0,0.0,1.0,0.0,0,0.0,1.0,0.0,1,1
283.338,154.042,-31.955,-1.572,0.0,-0.0,0.0,-0.0,0.0,0.0,0.0,1.0,0.0,0,0.0,1.0,0.0,1,1
283.438,154.042,-31.955,-1.572,0.0,-0.0,0.0,-0.0,0.0,0.0,0.0,1.0,0.0,0,0.0,1.0,0.0,1,1
283.538,154.042,-31.955,-1.572,0.0,-0.0,0.0,-0.0,0.0,0.0,0.0,1.0,0.0,0,0.0,1.0,0.0,1,1
283.688,154.042,-31.955,-1.572,0.0,-0.0,0.0,-0.0,0.0,0.0,0.0,1.0,0.0,0,0.0,1.0,0.0,1,1
283.788,154.042,-31.955,-1.572,0.0,-0.0,0.0,-0.0,0.0,0.0,0.0,1.0,0.0,0,0.0,1.0,0.0,1,1
283.888,154.042,-31.955,-1.572,0.0,-0.0,0.0,-0.0,0.0,0.0,0.0,1.0,0.0,0,0.0,1.0,0.0,1,1
283.988,154.042,-31.955,-1.572,0.0,-0.0,0.0,-0.0,0.0,0.0,0.0,1.0,0.0,0,0.0,1.0,0.0,1,1
284.088,154.042,-31.955,-1.572,0.0,-0.0,0.0,-0.0,0.0,0.0,0.0,1.0,0.0,0,0.0,1.0,0.0,1,1
284.188,154.042,-31.955,-1.572,0.0,-0.0,0.0,-0.0,0.0,0.0,0.0,1.0,0.0,0,0.0,1.0,0.0,1,1
284.338,154.042,-31.955,-1.572,0.0,-0.0,0.0,-0.0,0.0,0.0,0.0,1.0,0.0,0,0.0,1.0,0.0,1,1
284.438,154.042,-31.955,-1.572,0.0,-0.0,0.0,-0.0,0.0,0.0,0.0,1.0,0.0,0,0.0,1.0,0.0,1,1
284.538,154.042,-31.955,-1.572,0.0,-0.0,0.0,-0.0,0.0,0.0,0.0,1.0,0.0,0,0.0,1.0,0.0,1,1
284.638,154.042,-31.955,-1.572,0.0,-0.0,0.0,-0.0,0.0,0.0,0.0,1.0,0.0,0,0.0,1.0,0.0,1,1
284.738,154.042,-31.955,-1.572,0.0,-0.0,0.0,-0.0,0.0,0.0,0.0,1.0,0.0,0,0.0,1.0,0.0,1,1
284.838,154.042,-31.955,-1.572,0.0,-0.0,0.0,-0.0,0.0,0.0,0.0,1.0,0.0,0,0.0,1.0,0.0,1,1
284.988,154.042,-31.955,-1.572,0.0,-0.0,0.0,-0.0,0.0,0.0,0.0,1.0,0.0,0,0.0,1.0,0.0,1,1
285.088,154.042,-31.955,-1.572,0.0,-0.0,0.0,-0.0,0.0,0.0,0.0,1.0,0.0,0,0.0,1.0,0.0,1,1
285.188,154.042,-31.955,-1.572,0.0,-0.0,0.0,-0.0,0.0,0.0,0.0,1.0,0.0,0,0.0,1.0,0.0,1,1
285.288,154.042,-31.955,-1.572,0.0,-0.0,0.0,-0.0,0.0,0.0,0.0,1.0,0.0,0,0.0,1.0,0.0,1,1
285.388,154.042,-31.955,-1.572,0.0,-0.0,0.0,-0.0,0.0,0.0,0.0,1.0,0.0,0,0.0,1.0,0.0,1,1
285.538,154.042,-31.955,-1.572,0.0,-0.0,0.0,-0.0,0.0,0.0,0.0,1.0,0.0,0,0.0,1.0,0.0,1,1
285.638,154.042,-31.955,-1.572,0.0,-0.0,0.0,-0.0,0.0,0.0,0.0,1.0,0.0,0,0.0,1.0,0.0,1,1
285.738,154.042,-31.955,-1.572,0.0,-0.0,0.0,-0.0,0.0,0.0,0.0,1.0,0.0,0,0.0,1.0,0.0,1,1
285.838,154.042,-31.955,-1.572,0.0,-0.0,0.0,-0.0,0.0,0.0,0.0,1.0,0.0,0,0.0,1.0,0.0,1,1
285.938,154.042,-31.955,-1.572,0.0,-0.0,0.0,-0.0,0.0,0.0,0.0,1.0,0.0,0,0.0,1.0,0.0,1,1
286.038,154.042,-31.955,-1.572,0.0,-0.0,0.0,-0.0,0.0,0.0,0.0,1.0,0.0,0,0.0,1.0,0.0,1,1
286.188,154.042,-31.955,-1.572,0.0,-0.0,0.0,-0.0,0.0,0.0,0.0,1.0,0.0,0,0.0,1.0,0.0,1,1
286.288,154.042,-31.955,-1.572,0.0,-0.0,0.0,-0.0,0.0,0.0,0.0,1.0,0.0,0,0.0,1.0,0.0,1,1
286.388,154.042,-31.955,-1.572,0.0,-0.0,0.0,-0.0,0.0,0.0,0.0,1.0,0.0,0,0.0,1.0,0.0,1,1
286.488,154.042,-31.955,-1.572,0.0,-0.0,0.0,-0.0,0.0,0.0,0.0,1.0,0.0,0,0.0,1.0,0.0,1,1
286.588,154.042,-31.955,-1.572,0.0,-0.0,0.0,-0.0,0.0,0.0,0.0,1.0,0.0,0,0.0,1.0,0.0,1,1
286.688,154.042,-31.955,-1.572,0.0,-0.0,0.0,-0.0,0.0,0.0,0.0,1.0,0.0,0,0.0,1.0,0.0,1,1
286.838,154.042,-31.955,-1.572,0.0,-0.0,0.0,-0.0,0.0,0.0,0.0,1.0,0.0,0,0.0,1.0,0.0,1,1
286.938,154.042,-31.955,-1.572,0.0,-0.0,0.0,-0.0,0.0,0.0,0.0,1.0,0.0,0,0.0,1.0,0.0,1,1
287.038,154.042,-31.955,-1.572,0.0,-0.0,0.0,-0.0,0.0,0.0,0.0,1.0,0.0,0,0.0,1.0,0.0,1,1
287.138,154.042,-31.955,-1.572,0.0,-0.0,0.0,-0.0,0.0,0.0,0.0,1.0,0.0,0,0.0,1.0,0.0,1,1
287.238,154.042,-31.955,-1.572,0.0,-0.0,0.0,-0.0,0.0,0.0,0.0,1.0,0.0,0,0.0,1.0,0.0,1,1
287.338,154.042,-31.955,-1.572,0.0,-0.0,0.0,-0.0,0.0,0.0,0.0,1.0,0.0,0,0.0,1.0,0.0,1,1
287.438,154.042,-31.955,-1.572,0.0,-0.0,0.0,-0.0,0.0,0.0,0.0,1.0,0.0,0,0.0,1.0,0.0,1,1
287.588,154.042,-31.955,-1.572,0.0,-0.0,0.0,-0.0,0.0,0.0,0.0,1.0,0.0,0,0.0,1.0,0.0,1,1
287.688,154.042,-31.955,-1.572,0.0,-0.0,0.0,-0.0,0.0,0.0,0.0,1.0,0.0,0,0.0,1.0,0.0,1,1
287.788,154.042,-31.955,-1.572,0.0,-0.0,0.0,-0.0,0.0,0.0,0.0,1.0,0.0,0,0.0,1.0,0.0,1,1
287.888,154.042,-31.955,-1.572,0.0,-0.0,0.0,-0.0,0.0,0.0,0.0,1.0,0.0,0,0.0,1.0,0.0,1,1
287.988,154.042,-31.955,-1.572,0.0,-0.0,0.0,-0.0,0.0,0.0,0.0,1.0,0.0,0,0.0,1.0,0.0,1,1
288.088,154.042,-31.955,-1.572,0.0,-0.0,0.0,-0.0,0.0,0.0,0.0,1.0,0.0,0,0.0,1.0,0.0,1,1
288.238,154.042,-31.955,-1.572,0.0,-0.0,0.0,-0.0,0.0,0.0,0.0,1.0,0.0,0,0.0,1.0,0.0,1,1
288.338,154.042,-31.955,-1.572,0.0,-0.0,0.0,-0.0,0.0,0.0,0.0,1.0,0.0,0,0.0,1.0,0.0,1,1
288.438,154.042,-31.955,-1.572,0.0,-0.0,0.0,-0.0,0.0,0.0,0.0,1.0,0.0,0,0.0,1.0,0.0,1,1
288.538,154.042,-31.955,-1.572,0.0,-0.0,0.0,-0.0,0.0,0.0,0.0,1.0,0.0,0,0.0,1.0,0.0,1,1
288.638,154.042,-31.955,-1.572,0.0,-0.0,0.0,-0.0,0.0,0.0,0.0,1.0,0.0,0,0.0,1.0,0.0,1,1
288.788,154.042,-31.955,-1.572,0.0,-0.0,0.0,-0.0,0.0,0.0,0.0,1.0,0.0,0,0.0,1.0,0.0,1,1
288.888,154.042,-31.955,-1.572,0.0,-0.0,0.0,-0.0,0.0,0.0,0.0,1.0,0.0,0,0.0,1.0,0.0,1,1
288.988,154.042,-31.955,-1.572,0.0,-0.0,0.0,-0.0,0.0,0.0,0.0,1.0,0.0,0,0.0,1.0,0.0,1,1
289.088,154.042,-31.955,-1.572,0.0,-0.0,0.0,-0.0,0.0,0.0,0.0,1.0,0.0,0,0.0,1.0,0.0,1,1
289.188,154.042,-31.955,-1.572,0.0,-0.0,0.0,-0.0,0.0,0.0,0.0,1.0,0.0,0,0.0,1.0,0.0,1,1
289.338,154.042,-31.955,-1.572,0.0,-0.0,0.0,-0.0,0.0,0.0,0.0,1.0,0.0,0,0.0,1.0,0.0,1,1
289.438,154.042,-31.955,-1.572,0.0,-0.0,0.0,-0.0,0.0,0.0,0.0,1.0,0.0,0,0.0,1.0,0.0,1,1
289.538,154.042,-31.955,-1.572,0.0,-0.0,0.0,-0.0,0.0,0.0,0.0,1.0,0.0,0,0.0,1.0,0.0,1,1
289.638,154.042,-31.955,-1.572,0.0,-0.0,0.0,-0.0,0.0,0.0,0.0,1.0,0.0,0,0.0,1.0,0.0,1,1
289.738,154.042,-31.955,-1.572,0.0,-0.0,0.0,-0.0,0.0,0.0,0.0,1.0,0.0,0,0.0,1.0,0.0,1,1
289.838,154.042,-31.955,-1.572,0.0,-0.0,0.0,-0.0,0.0,0.0,0.0,1.0,0.0,0,0.0,1.0,0.0,1,1
289.938,154.042,-31.955,-1.572,0.0,-0.0,0.0,-0.0,0.0,0.0,0.0,1.0,0.0,0,0.0,1.0,0.0,1,1
290.088,154.042,-31.955,-1.572,0.0,-0.0,0.0,-0.0,0.0,0.0,0.0,1.0,0.0,0,0.0,1.0,0.0,1,1
290.188,154.042,-31.955,-1.572,0.0,-0.0,0.0,-0.0,0.0,0.0,0.0,1.0,0.0,0,0.0,1.0,0.0,1,1
290.288,154.042,-31.955,-1.572,0.0,-0.0,0.0,-0.0,0.0,-0.003,1.0,0.0,0.0,0,1.0,0.0,0.0,1,1
290.388,154.042,-31.955,-1.572,0.0,0.0,-0.0,-0.0,0.0,-0.279,1.0,0.0,0.0,0,1.0,0.0,0.0,1,1
290.488,154.042,-31.958,-1.572,0.082,-0.0,0.082,-0.0,0.0,2.075,1.0,0.0,0.0,0,1.0,0.0,0.0,1,1
290.588,154.042,-31.974,-1.572,0.202,0.0,0.202,-0.005,0.005,3.957,1.0,0.0,0.0,0,1.0,0.0,0.0,1,0
290.688,154.042,-32.016,-1.573,0.609,0.0,0.609,-0.005,0.009,4.581,1.0,0.0,-0.0,0,1.0,0.0,0.0,1,0
290.788,154.042,-32.102,-1.572,1.062,0.001,1.062,0.003,-0.007,6.648,1.0,0.0,-0.0,0,1.0,0.0,-0.0,1,0
290.888,154.042,-32.243,-1.572,1.67,-0.0,1.67,-0.007,0.014,7.243,1.0,0.0,0.0,0,1.0,0.0,0.0,1,0
290.988,154.041,-32.449,-1.572,2.379,0.0,2.379,0.008,-0.0,8.026,1.0,0.0,0.0,0,1.0,0.0,0.0,1,0
291.088,154.041,-32.732,-1.572,3.194,-0.001,3.194,-0.0,-0.007,7.746,0.89,0.0,0.001,0,1.0,0.0,0.001,1,0
291.188,154.041,-33.094,-1.572,3.94,-0.001,3.94,-0.001,-0.005,6.163,0.442,0.0,0.001,0,0.653,0.0,0.001,1,0
291.288,154.04,-33.52,-1.572,4.473,-0.001,4.473,-0.001,-0.004,2.601,0.282,0.0,0.0,0,0.306,0.0,0.001,1,0
291.388,154.04,-33.979,-1.572,4.657,-0.001,4.657,-0.001,-0.002,0.305,0.416,0.0,0.0,0,0.34,0.0,0.0,1,0
291.488,154.039,-34.445,-1.572,4.681,-0.001,4.681,-0.001,-0.002,0.378,0.429,0.0,0.0,0,0.451,0.0,0.0,1,0
291.588,154.038,-34.915,-1.572,4.726,-0.001,4.726,-0.001,-0.001,0.372,0.307,0.0,0.0,0,0.368,0.0,0.0,1,0
291.688,154.038,-35.389,-1.572,4.744,-0.001,4.744,-0.0,-0.001,-0.427,0.278,0.0,0.0,0,0.275,0.0,0.0,1,0
291.788,154.037,-35.86,-1.572,4.687,-0.0,4.687,-0.0,-0.0,-0.806,0.33,0.0,0.0,0,0.303,0.0,0.0,1,0
291.888,154.037,-36.324,-1.572,4.61,-0.0,4.61,-0.0,-0.001,-0.577,0.341,0.0,0.0,0,0.344,0.0,0.0,1,0
291.988,154.036,-36.782,-1.572,4.558,-0.0,4.558,-0.0,0.001,-0.438,0.319,0.0,0.0,0,0.33,0.0,0.0,1,0
292.088,154.035,-37.236,-1.572,4.513,-0.0,4.513,0.0,-0.0,-0.508,0.322,0.0,0.0,0,0.317,0.0,0.0,1,0
292.188,154.035,-37.684,-1.572,4.461,-0.0,4.461,0.002,0.001,-0.496,0.342,0.0,0.0,0,0.333,0.0,0.0,1,0
292.288,154.034,-38.127,-1.572,4.415,-0.0,4.415,0.003,0.001,-0.344,0.352,0.0,0.0,0,0.35,0.0,0.0,1,0
292.388,154.034,-38.567,-1.572,4.384,-0.0,4.384,0.003,0.001,-0.225,0.35,0.0,0.0,0,0.352,0.0,0.0,1,0
292.488,154.033,-39.004,-1.572,4.363,-0.0,4.363,0.003,0.001,-0.189,0.352,0.0,0.0,0,0.35,0.0,-0.0,1,0
292.588,154.033,-39.44,-1.572,4.345,-0.0,4.345,0.003,0.001,-0.154,0.359,0.0,-0.0,0,0.356,0.0,-0.0,1,0
292.688,154.032,-39.873,-1.572,4.331,-0.0,4.331,0.003,0.002,-0.095,0.363,0.0,-0.0,0,0.362,0.0,-0.0,1,0
292.788,154.031,-40.306,-1.572,4.323,-0.0,4.323,0.004,0.001,-0.05,0.363,0.0,-0.0,0,0.363,0.0,-0.0,1,0
292.888,154.031,-40.738,-1.572,4.318,-0.0,4.318,0.004,0.002,-0.032,0.363,0.0,-0.0,0,0.363,0.0,-0.0,1,0
292.988,154.03,-41.17,-1.572,4.315,-0.0,4.315,0.004,0.002,-0.02,0.365,0.0,-0.0,0,0.364,0.0,-0.0,1,0
293.088,154.03,-41.601,-1.572,4.314,0.0,4.314,0.004,0.002,-0.005,0.366,0.0,-0.0,0,0.366,0.0,-0.0,1,0
293.188,154.029,-42.033,-1.572,4.313,0.0,4.313,0.004,0.002,0.005,0.366,0.0,-0.0,0,0.366,0.0,-0.0,1,0
293.288,154.028,-42.464,-1.572,4.314,0.0,4.314,0.004,0.002,0.007,0.366,0.0,-0.0,0,0.366,0.0,-0.0,1,0
293.388,154.028,-42.895,-1.572,4.315,0.0,4.315,0.004,0.002,0.008,0.366,0.0,-0.0,0,0.366,0.0,-0.0,1,0
293.488,154.027,-43.327,-1.572,4.315,0.0,4.315,0.004,0.002,0.008,0.366,0.0,-0.0,0,0.366,0.0,-0.0,1,0
293.588,154.027,-43.758,-1.572,4.316,0.0,4.316,0.004,0.002,0.009,0.366,0.0,-0.0,0,0.366,0.0,-0.0,1,0
293.688,154.026,-44.19,-1.572,4.317,0.0,4.317,0.004,0.001,0.007,0.365,0.0,-0.0,0,0.366,0.0,-0.0,1,0
293.788,154.026,-44.622,-1.572,4.318,0.0,4.318,0.004,0.001,0.006,0.365,0.0,-0.0,0,0.365,0.0,-0.0,1,0
293.888,154.025,-45.054,-1.572,4.318,-0.0,4.318,0.004,0.001,0.005,0.365,0.0,-0.0,0,0.365,0.0,-0.0,1,0
293.988,154.025,-45.486,-1.572,4.319,-0.0,4.319,0.004,0.001,0.004,0.365,0.0,0.0,0,0.365,0.0,-0.0,1,0
294.088,154.024,-45.918,-1.572,4.319,-0.0,4.319,0.003,-0.287,0.0,0.365,0.0,0.009,0,0.365,0.0,0.008,1,0
294.188,154.022,-46.349,-1.573,4.319,-0.017,4.319,-0.01,-0.084,0.001,0.365,0.0,0.034,0,0.365,0.0,0.009,1,0
294.288,154.018,-46.781,-1.576,4.319,-0.057,4.318,-0.042,-0.44,-0.014,0.367,0.0,0.034,0,0.365,0.0,0.034,1,0
294.388,154.008,-47.213,-1.581,4.319,-0.071,4.318,-0.05,-0.221,0.004,0.365,0.0,0.071,0,0.367,0.0,0.033,1,0
294.538,153.982,-47.86,-1.593,4.317,-0.144,4.314,-0.113,-0.789,-0.045,0.371,0.0,0.071,0,0.365,0.0,0.072,1,0
294.638,153.954,-48.291,-1.606,4.313,-0.216,4.308,-0.169,-1.996,-0.183,0.365,0.0,0.117,0,0.37,0.0,0.118,1,0
294.738,153.912,-48.72,-1.624,4.316,-0.239,4.309,-0.182,-0.834,-0.019,0.369,0.0,0.111,0,0.38,0.0,0.115,1,0
294.788,153.889,-48.935,-1.632,4.321,-0.235,4.314,-0.17,-2.376,-0.3,0.357,0.0,0.163,0,0.367,0.0,0.165,1,0
294.888,153.828,-49.362,-1.655,4.314,-0.328,4.301,-0.244,-1.092,-0.078,0.372,0.0,0.217,0,0.384,0.0,0.16,1,0
295.038,153.707,-49.996,-1.697,4.308,-0.428,4.287,-0.324,-1.77,-0.192,0.389,0.0,0.209,0,0.371,0.0,0.214,1,0
295.138,153.603,-50.414,-1.731,4.307,-0.505,4.278,-0.383,-2.041,-0.19,0.396,0.0,0.255,0,0.36,0.0,0.262,1,0
295.238,153.477,-50.826,-1.77,4.316,-0.521,4.284,-0.389,-3.283,-0.614,0.366,0.0,0.307,0,0.371,0.0,0.314,1,0
295.338,153.329,-51.23,-1.814,4.309,-0.612,4.266,-0.459,-1.786,-0.138,0.38,0.0,0.287,0,0.395,0.0,0.298,1,0
295.438,153.161,-51.628,-1.858,4.327,-0.592,4.286,-0.436,-3.334,-0.789,0.348,0.0,0.339,0,0.364,0.0,0.347,1,0
295.538,152.971,-52.014,-1.907,4.312,-0.674,4.259,-0.503,-1.925,-0.267,0.385,0.0,0.388,0,0.402,0.0,0.329,1,0
295.638,152.759,-52.388,-1.958,4.303,-0.737,4.24,-0.552,-2.573,-0.433,0.41,0.0,0.367,0,0.373,0.0,0.378,1,0
295.738,152.523,-52.747,-2.013,4.318,-0.743,4.254,-0.55,-3.725,-0.918,0.356,0.0,0.412,0,0.382,0.0,0.424,1,0
295.838,152.263,-53.09,-2.073,4.313,-0.819,4.235,-0.61,-2.259,-0.28,0.375,0.0,0.385,0,0.402,0.0,0.399,1,0
295.938,151.982,-53.417,-2.132,4.336,-0.787,4.264,-0.58,-3.7,-1.09,0.34,0.0,0.429,0,0.359,0.0,0.44,1,0
296.038,151.679,-53.724,-2.194,4.316,-0.851,4.231,-0.634,-2.304,-0.436,0.388,0.0,0.469,0,0.406,0.0,0.415,1,0
296.188,151.188,-54.141,-2.291,4.308,-0.901,4.213,-0.668,-2.883,-0.591,0.381,0.0,0.497,0,0.372,0.0,0.456,1,0
296.288,150.837,-54.388,-2.358,4.311,-0.948,4.205,-0.705,-3.131,-0.684,0.406,0.0,0.465,0,0.353,0.0,0.482,1,0
296.388,150.467,-54.608,-2.429,4.326,-0.937,4.223,-0.69,-2.381,-0.248,0.355,0.0,0.429,0,0.376,0.0,0.447,1,0
296.488,150.083,-54.808,-2.495,4.352,-0.879,4.262,-0.644,-3.809,-1.335,0.332,0.0,0.461,0,0.334,0.0,0.479,1,0
296.638,149.486,-55.055,-2.596,4.32,-0.896,4.226,-0.662,-2.373,-0.541,0.393,0.0,0.423,0,0.409,0.0,0.442,1,0
296.738,149.076,-55.193,-2.659,4.344,-0.83,4.264,-0.61,-1.768,-0.218,0.331,0.0,0.368,0,0.346,0.0,0.385,1,0
296.838,148.659,-55.313,-2.717,4.351,-0.761,4.284,-0.559,-1.603,-0.443,0.344,0.0,0.347,0,0.334,0.0,0.352,1,0
296.938,148.238,-55.415,-2.77,4.334,-0.71,4.275,-0.524,-1.578,-0.432,0.374,0.0,0.318,0,0.361,0.0,0.332,1,0
297.038,147.814,-55.499,-2.82,4.325,-0.655,4.275,-0.483,-1.415,-0.207,0.362,0.0,0.291,0,0.374,0.0,0.304,1,0
297.188,147.174,-55.598,-2.887,4.33,-0.574,4.292,-0.421,-1.256,-0.176,0.354,0.0,0.252,0,0.357,0.0,0.277,1,0
297.288,146.744,-55.647,-2.927,4.327,-0.524,4.295,-0.383,-1.171,-0.195,0.364,0.0,0.23,0,0.354,0.0,0.24,1,0
297.388,146.314,-55.685,-2.963,4.321,-0.479,4.294,-0.351,-0.803,-0.061,1.0,0.0,0.2,0,0.362,0.0,0.211,1,0
297.538,145.664,-55.724,-3.01,4.43,-0.389,4.413,-0.284,-0.939,3.813,1.0,0.0,0.149,0,1.0,0.0,0.165,1,0
297.638,145.198,-55.744,-3.037,4.885,-0.354,4.873,-0.265,-1.097,5.92,1.0,0.0,0.13,0,1.0,0.0,0.139,1,0
297.788,144.4,-55.764,-3.076,5.528,-0.291,5.52,-0.259,-0.967,4.094,1.0,0.0,0.075,0,1.0,0.0,0.106,1,0
297.888,143.829,-55.771,-3.098,5.883,-0.222,5.879,-0.191,-0.004,0.057,1.0,0.0,0.056,0,1.0,0.0,0.065,0,0
298.038,142.935,-55.777,-3.119,6.402,-0.137,6.4,-0.123,-0.624,12.814,1.0,0.0,0.037,0,1.0,0.0,0.042,2,0
298.138,142.225,-55.777,-3.131,7.589,-0.115,7.588,-0.106,-0.498,9.59,1.0,0.0,0.026,0,1.0,0.0,0.031,2,0
298.288,140.976,-55.768,3.139,8.886,-0.072,8.886,-0.077,-0.388,5.098,0.0,0.0,0.015,0,0.0,0.0,0.019,2,0
298.388,140.064,-55.757,3.133,9.226,-0.048,9.226,-0.054,-0.232,-0.723,0.0,0.0,0.01,0,0.0,0.0,0.012,2,0
298.538,138.702,-55.736,3.126,8.916,-0.02,8.916,-0.03,-0.138,-3.156,0.0,0.0,0.005,0,0.0,0.0,0.006,2,0
298.638,137.83,-55.721,3.124,8.57,-0.012,8.57,-0.019,-0.087,-3.509,0.0,0.0,0.003,0,0.0,0.0,0.004,2,0
298.788,136.59,-55.696,3.122,8.014,-0.006,8.014,-0.009,-0.05,-3.61,0.0,0.0,0.001,0,0.0,0.0,0.002,2,0
298.888,135.81,-55.681,3.121,7.633,-0.004,7.633,-0.005,-0.016,-3.961,0.0,0.0,0.001,0,0.0,0.0,0.001,2,0
299.038,134.711,-55.658,3.121,7.066,-0.002,7.066,-0.002,-0.007,-2.061,0.0,0.0,0.0,0,0.0,0.0,0.001,2,0
299.138,134.014,-55.644,3.121,6.96,-0.001,6.96,-0.001,-0.004,-2.082,0.0,0.0,0.0,0,0.0,0.0,0.0,0,0
299.288,133.036,-55.623,3.121,5.985,-0.001,5.985,-0.001,-0.0,-6.429,0.0,0.0,0.0,0,0.0,0.0,0.0,1,0
299.388,132.472,-55.611,3.121,5.407,-0.001,5.407,-0.0,0.0,-4.899,0.0,0.0,0.0,0,0.0,0.0,0.0,1,0
299.538,131.717,-55.595,3.121,4.664,-0.0,4.664,-0.0,-0.0,-6.453,0.0,0.0,0.0,0,0.0,0.0,0.0,1,0
299.638,131.279,-55.586,3.121,4.175,-0.0,4.175,-0.0,-0.0,-4.004,0.0,0.0,0.0,0,0.0,0.0,0.0,1,0
299.788,130.698,-55.574,3.121,3.631,-0.0,3.631,-0.0,-0.0,-2.903,0.0,0.0,0.0,0,0.0,0.0,0.0,1,0
299.888,130.351,-55.567,3.121,3.341,-0.0,3.341,-0.0,-0.0,-2.691,0.0,0.0,0.0,0,0.0,0.0,0.0,1,0
300.038,129.881,-55.557,3.121,2.947,-0.0,2.947,-0.0,-0.0,-2.496,0.0,0.0,0.0,0,0.0,0.0,0.0,1,0
300.138,129.6,-55.551,3.121,2.708,-0.0,2.708,-0.0,-0.0,-2.3,0.0,0.0,0.0,0,0.0,0.0,0.0,1,0
300.288,129.22,-55.543,3.121,2.382,-0.0,2.382,-0.0,0.127,-1.926,0.0,0.0,-0.006,0,0.0,0.0,-0.006,1,0
300.388,128.993,-55.539,3.121,2.188,0.007,2.188,0.005,0.015,-1.766,0.0,0.0,-0.006,0,0.0,0.0,-0.006,1,0
300.538,128.687,-55.533,3.122,1.871,0.006,1.871,0.004,-0.008,-2.432,0.43,0.0,-0.005,0,0.168,0.0,-0.006,1,0
300.638,128.513,-55.53,3.122,1.656,0.005,1.656,0.004,-0.005,-1.075,0.667,0.0,-0.005,0,0.564,0.0,-0.005,1,0
300.738,128.352,-55.528,3.122,1.601,0.005,1.601,0.003,0.003,1.224,0.709,0.0,-0.009,0,0.719,0.0,-0.005,1,0
300.888,128.091,-55.524,3.123,1.9,0.009,1.9,0.006,0.034,2.777,0.45,0.0,-0.009,0,0.564,0.0,-0.009,1,0
300.988,127.886,-55.521,3.124,2.173,0.01,2.173,0.007,0.028,2.091,0.356,0.0,-0.008,0,0.403,0.0,-0.008,1,0
301.138,127.537,-55.517,3.125,2.426,0.011,2.426,0.008,0.013,1.078,0.396,0.0,-0.008,0,0.374,0.0,-0.008,1,0
301.288,127.161,-55.512,3.126,2.572,0.011,2.572,0.007,0.013,0.908,0.392,0.0,-0.01,0,0.394,0.0,-0.008,1,0
301.388,126.899,-55.509,3.127,2.654,0.013,2.654,0.009,0.034,0.7,0.346,0.0,-0.009,0,0.362,0.0,-0.009,1,0
301.538,126.494,-55.506,3.128,2.741,0.013,2.741,0.009,0.028,0.465,0.33,0.0,-0.009,0,0.336,0.0,-0.009,1,0
301.638,126.218,-55.503,3.129,2.772,0.013,2.772,0.009,0.015,0.181,0.324,0.0,-0.009,0,0.326,0.0,-0.008,1,0
301.788,125.8,-55.5,3.131,2.793,0.013,2.793,0.009,0.028,0.09,0.322,0.0,-0.009,0,0.321,0.0,-0.009,1,0
301.888,125.521,-55.499,3.132,2.8,0.013,2.8,0.009,0.025,0.045,0.318,0.0,-0.008,0,0.317,0.0,-0.008,1,0
302.038,125.1,-55.496,3.133,2.802,0.012,2.802,0.009,0.018,-0.031,0.314,0.0,-0.008,0,0.317,0.0,-0.008,1,0
302.138,124.82,-55.495,3.134,2.8,0.012,2.8,0.008,0.012,-0.046,0.315,0.0,-0.007,0,0.317,0.0,-0.008,1,0
302.288,124.401,-55.494,3.135,2.794,0.011,2.794,0.008,0.02,-0.024,0.318,0.0,-0.007,0,0.315,0.0,-0.007,1,0
302.388,124.122,-55.493,3.136,2.791,0.01,2.791,0.007,0.013,-0.022,0.319,0.0,-0.006,0,0.316,0.0,-0.006,1,0
302.538,123.703,-55.492,3.137,2.786,0.009,2.786,0.007,0.009,-0.04,0.317,0.0,-0.006,0,0.319,0.0,-0.006,1,0
302.638,123.425,-55.492,3.137,2.784,0.009,2.784,0.006,0.009,-0.034,0.317,0.0,-0.006,0,0.32,0.0,-0.006,1,0
302.788,123.008,-55.491,3.138,2.78,0.008,2.78,0.005,0.01,-0.002,0.32,0.0,-0.005,0,0.318,0.0,-0.005,1,0
302.938,122.591,-55.491,3.139,2.779,0.007,2.779,0.005,0.012,0.002,0.321,0.0,-0.004,0,0.318,0.0,-0.004,1,0
303.038,122.313,-55.491,3.139,2.778,0.006,2.778,0.005,0.007,-0.017,0.318,0.0,-0.003,0,0.321,0.0,-0.004,1,0
303.138,122.035,-55.491,3.14,2.778,0.006,2.778,0.004,0.001,-0.015,0.318,0.0,-0.003,0,0.321,0.0,-0.003,1,0
303.288,121.618,-55.491,3.14,2.777,0.005,2.777,0.003,0.008,0.011,0.321,0.0,-0.003,0,0.318,0.0,-0.003,1,0
303.388,121.341,-55.491,3.141,2.777,0.004,2.777,0.003,0.008,0.012,0.321,0.0,-0.002,0,0.319,0.0,-0.003,1,0
303.538,120.924,-55.492,3.141,2.778,0.003,2.778,0.002,0.001,-0.011,0.319,0.0,-0.002,0,0.321,0.0,-0.002,1,0
303.688,120.507,-55.492,3.141,2.777,0.003,2.777,0.002,0.006,0.012,0.321,0.0,-0.002,0,0.319,0.0,-0.002,1,0
303.788,120.23,-55.492,-3.142,2.777,0.003,2.777,0.002,0.006,0.012,0.321,0.0,-0.001,0,0.319,0.0,-0.002,1,0
303.888,119.952,-55.492,-3.141,2.777,0.002,2.777,0.001,-0.0,0.012,0.321,0.0,-0.001,0,0.319,0.0,-0.001,1,0
304.038,119.535,-55.493,-3.141,2.778,0.002,2.778,0.001,0.002,-0.011,0.318,0.0,-0.001,0,0.321,0.0,-0.001,1,0
304.188,119.119,-55.493,-3.141,2.777,0.002,2.777,0.001,0.002,-0.011,0.318,0.0,-0.001,0,0.321,0.0,-0.001,1,0
304.288,118.841,-55.493,-3.141,2.777,0.001,2.777,0.001,0.0,0.012,0.321,0.0,-0.001,0,0.318,0.0,-0.001,1,0
304.388,118.563,-55.494,-3.141,2.777,0.001,2.777,0.001,0.001,0.012,0.321,0.0,-0.0,0,0.318,0.0,-0.001,1,0
304.538,118.147,-55.494,-3.141,2.735,0.0,2.735,0.0,-0.003,-2.581,0.0,1.0,0.0,0,0.0,1.0,0.0,1,0
304.638,117.89,-55.494,-3.141,2.42,0.0,2.42,0.0,-0.0,-8.533,0.0,1.0,0.0,0,0.0,1.0,0.0,1,0
304.788,117.704,-55.494,-3.141,0.008,-0.0,0.008,0.0,0.0,-0.204,0.0,1.0,0.0,0,0.0,1.0,0.0,1,1
304.938,117.704,-55.494,-3.141,0.005,-0.0,-0.005,0.0,0.0,0.015,0.0,1.0,0.0,0,0.0,1.0,0.0,1,1
305.038,117.703,-55.494,-3.141,0.004,-0.0,-0.004,0.0,0.0,0.017,0.0,1.0,0.0,0,0.0,1.0,0.0,1,1
305.188,117.702,-55.494,-3.141,0.002,-0.0,-0.002,0.0,0.0,0.008,0.0,1.0,0.0,0,0.0,1.0,0.0,1,1
305.338,117.702,-55.494,-3.141,0.001,-0.0,-0.001,-0.0,0.0,0.012,0.0,1.0,0.0,0,0.0,1.0,0.0,1,1
305.488,117.702,-55.494,-3.141,0.0,-0.0,0.0,-0.0,0.0,0.0,0.0,1.0,0.0,0,0.0,1.0,0.0,1,1
305.588,117.702,-55.494,-3.141,0.0,-0.0,0.0,-0.0,0.0,0.0,0.0,1.0,0.0,0,0.0,1.0,0.0,1,1
305.738,117.702,-55.494,-3.141,0.0,-0.0,0.0,-0.0,0.0,0.0,0.0,1.0,0.0,0,0.0,1.0,0.0,1,1
305.888,117.702,-55.494,-3.141,0.0,-0.0,0.0,-0.0,0.0,0.0,0.0,1.0,0.0,0,0.0,1.0,0.0,1,1
306.038,117.702,-55.494,-3.141,0.0,-0.0,0.0,-0.0,0.0,0.0,0.0,1.0,0.0,0,0.0,1.0,0.0,1,1
306.138,117.702,-55.494,-3.141,0.0,-0.0,0.0,-0.0,0.0,0.0,0.0,1.0,0.0,0,0.0,1.0,0.0,1,1
306.288,117.702,-55.494,-3.141,0.0,-0.0,0.0,-0.0,0.0,0.0,0.0,1.0,0.0,0,0.0,1.0,0.0,1,1
306.438,117.702,-55.494,-3.141,0.0,-0.0,0.0,-0.0,0.0,0.0,0.0,1.0,0.0,0,0.0,1.0,0.0,1,1
306.588,117.702,-55.494,-3.141,0.0,-0.0,0.0,-0.0,0.0,0.0,0.0,1.0,0.0,0,0.0,1.0,0.0,1,1
306.738,117.702,-55.494,-3.141,0.0,-0.0,0.0,-0.0,0.0,0.0,0.0,1.0,0.0,0,0.0,1.0,0.0,1,1
306.888,117.702,-55.494,-3.141,0.0,-0.0,0.0,-0.0,0.0,0.0,0.0,1.0,0.0,0,0.0,1.0,0.0,1,1
307.038,117.702,-55.494,-3.141,0.0,-0.0,0.0,-0.0,0.0,0.0,0.0,1.0,0.0,0,0.0,1.0,0.0,1,1
307.188,117.702,-55.494,-3.141,0.0,-0.0,0.0,-0.0,0.0,0.0,0.0,1.0,0.0,0,0.0,1.0,0.0,1,1
307.288,117.702,-55.494,-3.141,0.0,-0.0,0.0,-0.0,0.0,0.0,0.0,1.0,0.0,0,0.0,1.0,0.0,1,1
307.438,117.702,-55.494,-3.141,0.0,-0.0,0.0,-0.0,0.0,0.0,0.0,1.0,0.0,0,0.0,1.0,0.0,1,1
307.588,117.702,-55.494,-3.141,0.0,-0.0,0.0,-0.0,0.0,0.0,0.0,1.0,0.0,0,0.0,1.0,0.0,1,1
307.738,117.702,-55.494,-3.141,0.0,-0.0,0.0,-0.0,0.0,0.0,0.0,1.0,0.0,0,0.0,1.0,0.0,1,1
307.888,117.702,-55.494,-3.141,0.0,-0.0,0.0,-0.0,0.0,0.0,0.0,1.0,0.0,0,0.0,1.0,0.0,1,1
308.038,117.702,-55.494,-3.141,0.0,-0.0,0.0,-0.0,0.0,0.0,0.0,1.0,0.0,0,0.0,1.0,0.0,1,1
308.188,117.702,-55.494,-3.141,0.0,-0.0,0.0,-0.0,0.0,0.0,0.0,1.0,0.0,0,0.0,1.0,0.0,1,1
308.338,117.702,-55.494,-3.141,0.0,-0.0,0.0,-0.0,0.0,0.0,0.0,1.0,0.0,0,0.0,1.0,0.0,1,1
308.488,117.702,-55.494,-3.141,0.0,-0.0,0.0,-0.0,0.0,0.0,0.0,1.0,0.0,0,0.0,1.0,0.0,1,1
308.638,117.702,-55.494,-3.141,0.0,-0.0,0.0,-0.0,0.0,0.0,0.0,1.0,0.0,0,0.0,1.0,0.0,1,1
308.738,117.702,-55.494,-3.141,0.0,-0.0,0.0,-0.0,0.0,0.0,0.0,1.0,0.0,0,0.0,1.0,0.0,1,1
308.888,117.702,-55.494,-3.141,0.0,-0.0,0.0,-0.0,0.0,0.0,0.0,1.0,0.0,0,0.0,1.0,0.0,1,1
309.038,117.702,-55.494,-3.141,0.0,-0.0,0.0,-0.0,0.0,0.0,0.0,1.0,0.0,0,0.0,1.0,0.0,1,1
309.188,117.702,-55.494,-3.141,0.0,-0.0,0.0,-0.0,0.0,0.0,0.0,1.0,0.0,0,0.0,1.0,0.0,1,1
309.338,117.702,-55.494,-3.141,0.0,-0.0,0.0,-0.0,0.0,0.0,0.0,1.0,0.0,0,0.0,1.0,0.0,1,1
309.488,117.702,-55.494,-3.141,0.0,-0.0,0.0,-0.0,0.0,0.0,0.0,1.0,0.0,0,0.0,1.0,0.0,1,1
309.588,117.702,-55.494,-3.141,0.0,-0.0,0.0,-0.0,0.0,0.0,0.0,1.0,0.0,0,0.0,1.0,0.0,1,1
309.738,117.702,-55.494,-3.141,0.0,-0.0,0.0,-0.0,0.0,0.0,0.0,1.0,0.0,0,0.0,1.0,0.0,1,1
309.888,117.702,-55.494,-3.141,0.0,-0.0,0.0,-0.0,0.0,0.0,0.0,1.0,0.0,0,0.0,1.0,0.0,1,1
310.038,117.702,-55.494,-3.141,0.0,-0.0,0.0,-0.0,0.0,0.0,0.0,1.0,0.0,0,0.0,1.0,0.0,1,1
310.188,117.702,-55.494,-3.141,0.0,-0.0,0.0,-0.0,0.0,0.0,0.0,1.0,0.0,0,0.0,1.0,0.0,1,1
310.338,117.702,-55.494,-3.141,0.0,-0.0,0.0,-0.0,0.0,0.0,0.0,1.0,0.0,0,0.0,1.0,0.0,1,1
310.438,117.702,-55.494,-3.141,0.0,-0.0,0.0,-0.0,0.0,0.0,0.0,1.0,0.0,0,0.0,1.0,0.0,1,1
310.588,117.702,-55.494,-3.141,0.0,-0.0,0.0,-0.0,0.0,0.0,0.0,1.0,0.0,0,0.0,1.0,0.0,1,1
310.738,117.702,-55.494,-3.141,0.0,-0.0,0.0,-0.0,0.0,0.0,0.0,1.0,0.0,0,0.0,1.0,0.0,1,1
310.888,117.702,-55.494,-3.141,0.0,-0.0,0.0,-0.0,0.0,0.0,0.0,1.0,0.0,0,0.0,1.0,0.0,1,1
311.038,117.702,-55.494,-3.141,0.0,-0.0,0.0,-0.0,0.0,0.0,0.0,1.0,0.0,0,0.0,1.0,0.0,1,1
311.188,117.702,-55.494,-3.141,0.0,-0.0,0.0,-0.0,0.0,0.0,0.0,1.0,0.0,0,0.0,1.0,0.0,1,1
311.338,117.702,-55.494,-3.141,0.0,-0.0,0.0,-0.0,0.0,0.0,0.0,1.0,0.0,0,0.0,1.0,0.0,1,1
311.438,117.702,-55.494,-3.141,0.0,-0.0,0.0,-0.0,0.0,0.0,0.0,1.0,0.0,0,0.0,1.0,0.0,1,1
311.588,117.702,-55.494,-3.141,0.0,-0.0,0.0,-0.0,0.0,0.0,0.0,1.0,0.0,0,0.0,1.0,0.0,1,1
311.738,117.702,-55.494,-3.141,0.0,-0.0,0.0,-0.0,0.0,0.0,0.0,1.0,0.0,0,0.0,1.0,0.0,1,1
311.888,117.702,-55.494,-3.141,0.0,-0.0,0.0,-0.0,0.0,0.0,0.0,1.0,0.0,0,0.0,1.0,0.0,1,1
312.038,117.702,-55.494,-3.141,0.0,-0.0,0.0,-0.0,0.0,0.0,0.0,1.0,0.0,0,0.0,1.0,0.0,1,1
312.188,117.702,-55.494,-3.141,0.0,-0.0,0.0,-0.0,0.0,0.0,0.0,1.0,0.0,0,0.0,1.0,0.0,1,1
312.288,117.702,-55.494,-3.141,0.0,-0.0,0.0,-0.0,0.0,0.0,0.0,1.0,0.0,0,0.0,1.0,0.0,1,1
312.438,117.702,-55.494,-3.141,0.0,-0.0,0.0,-0.0,0.0,0.0,0.0,1.0,0.0,0,0.0,1.0,0.0,1,1
312.588,117.702,-55.494,-3.141,0.0,-0.0,0.0,-0.0,0.0,0.0,0.0,1.0,0.0,0,0.0,1.0,0.0,1,1
312.738,117.702,-55.494,-3.141,0.0,-0.0,0.0,-0.0,0.0,0.0,0.0,1.0,0.0,0,0.0,1.0,0.0,1,1
312.888,117.702,-55.494,-3.141,0.0,-0.0,0.0,-0.0,0.0,0.0,0.0,1.0,0.0,0,0.0,1.0,0.0,1,1
313.038,117.702,-55.494,-3.141,0.0,-0.0,0.0,-0.0,0.0,0.0,0.0,1.0,0.0,0,0.0,1.0,0.0,1,1
313.188,117.702,-55.494,-3.141,0.0,-0.0,0.0,-0.0,0.0,0.0,0.0,1.0,0.0,0,0.0,1.0,0.0,1,1
313.288,117.702,-55.494,-3.141,0.0,-0.0,0.0,-0.0,0.0,0.0,0.0,1.0,0.0,0,0.0,1.0,0.0,1,1
313.438,117.702,-55.494,-3.141,0.0,-0.0,0.0,-0.0,0.0,0.0,0.0,1.0,0.0,0,0.0,1.0,0.0,1,1
313.588,117.702,-55.494,-3.141,0.0,-0.0,0.0,-0.0,0.0,0.0,0.0,1.0,0.0,0,0.0,1.0,0.0,1,1
313.738,117.702,-55.494,-3.141,0.0,-0.0,0.0,-0.0,0.0,0.0,0.0,1.0,0.0,0,0.0,1.0,0.0,1,1
313.888,117.702,-55.494,-3.141,0.0,-0.0,0.0,-0.0,0.0,0.0,0.0,1.0,0.0,0,0.0,1.0,0.0,1,1
314.038,117.702,-55.494,-3.141,0.0,-0.0,0.0,-0.0,0.0,0.0,0.0,1.0,0.0,0,0.0,1.0,0.0,1,1
314.138,117.702,-55.494,-3.141,0.0,-0.0,0.0,-0.0,0.0,0.0,0.0,1.0,0.0,0,0.0,1.0,0.0,1,1
314.238,117.702,-55.494,-3.141,0.0,-0.0,0.0,-0.0,0.0,0.0,0.0,1.0,0.0,0,0.0,1.0,0.0,1,1
314.388,117.702,-55.494,-3.141,0.0,-0.0,0.0,-0.0,0.0,0.0,0.0,1.0,0.0,0,0.0,1.0,0.0,1,1
314.538,117.702,-55.494,-3.141,0.0,-0.0,0.0,-0.0,0.0,0.0,0.0,1.0,0.0,0,0.0,1.0,0.0,1,1
314.638,117.702,-55.494,-3.141,0.0,-0.0,0.0,-0.0,0.0,0.0,0.0,1.0,0.0,0,0.0,1.0,0.0,1,1
314.788,117.702,-55.494,-3.141,0.0,-0.0,0.0,-0.0,0.0,0.0,0.0,1.0,0.0,0,0.0,1.0,0.0,1,1
314.938,117.702,-55.494,-3.141,0.0,-0.0,0.0,-0.0,0.0,0.0,0.0,1.0,0.0,0,0.0,1.0,0.0,1,1
315.088,117.702,-55.494,-3.141,0.0,-0.0,0.0,-0.0,0.0,0.0,0.0,1.0,0.0,0,0.0,1.0,0.0,1,1
315.238,117.702,-55.494,-3.141,0.0,-0.0,0.0,-0.0,0.0,0.0,0.0,1.0,0.0,0,0.0,1.0,0.0,1,1
315.388,117.702,-55.494,-3.141,0.0,-0.0,0.0,-0.0,0.0,0.0,0.0,1.0,0.0,0,0.0,1.0,0.0,1,1
315.488,117.702,-55.494,-3.141,0.0,-0.0,0.0,-0.0,0.0,0.0,0.0,1.0,0.0,0,0.0,1.0,0.0,1,1
315.638,117.702,-55.494,-3.141,0.0,-0.0,0.0,-0.0,0.0,0.0,0.0,1.0,0.0,0,0.0,1.0,0.0,1,1
315.788,117.702,-55.494,-3.141,0.0,-0.0,0.0,-0.0,0.0,0.0,0.0,1.0,0.0,0,0.0,1.0,0.0,1,1
315.938,117.702,-55.494,-3.141,0.0,-0.0,0.0,-0.0,0.0,0.0,0.0,1.0,0.0,0,0.0,1.0,0.0,1,1
316.088,117.702,-55.494,-3.141,0.0,-0.0,0.0,-0.0,0.0,0.0,0.0,1.0,0.0,0,0.0,1.0,0.0,1,1
316.238,117.702,-55.494,-3.141,0.0,-0.0,0.0,-0.0,0.0,0.0,0.0,1.0,0.0,0,0.0,1.0,0.0,1,1
316.388,117.702,-55.494,-3.141,0.0,-0.0,0.0,-0.0,0.0,0.0,0.0,1.0,0.0,0,0.0,1.0,0.0,1,1
316.538,117.702,-55.494,-3.141,0.0,-0.0,0.0,-0.0,0.0,0.0,0.0,1.0,0.0,0,0.0,1.0,0.0,1,1
316.688,117.702,-55.494,-3.141,0.0,-0.0,0.0,-0.0,0.0,0.0,0.0,1.0,0.0,0,0.0,1.0,0.0,1,1
316.788,117.702,-55.494,-3.141,0.0,-0.0,0.0,-0.0,0.0,0.0,0.0,1.0,0.0,0,0.0,1.0,0.0,1,1
316.938,117.702,-55.494,-3.141,0.0,-0.0,0.0,-0.0,0.0,0.0,0.0,1.0,0.0,0,0.0,1.0,0.0,1,1
317.088,117.702,-55.494,-3.141,0.0,-0.0,0.0,-0.0,0.0,0.0,0.0,1.0,0.0,0,0.0,1.0,0.0,1,1
317.238,117.702,-55.494,-3.141,0.0,-0.0,0.0,-0.0,0.0,0.0,0.0,1.0,0.0,0,0.0,1.0,0.0,1,1
317.388,117.702,-55.494,-3.141,0.0,-0.0,0.0,-0.0,0.0,0.0,0.0,1.0,0.0,0,0.0,1.0,0.0,1,1
317.538,117.702,-55.494,-3.141,0.0,-0.0,0.0,-0.0,0.0,0.0,0.0,1.0,0.0,0,0.0,1.0,0.0,1,1
317.638,117.702,-55.494,-3.141,0.0,-0.0,0.0,-0.0,0.0,0.0,0.0,1.0,0.0,0,0.0,1.0,0.0,1,1
317.788,117.702,-55.494,-3.141,0.0,-0.0,0.0,-0.0,0.0,0.0,0.0,1.0,0.0,0,0.0,1.0,0.0,1,1
317.938,117.702,-55.494,-3.141,0.0,-0.0,0.0,-0.0,0.0,0.0,0.0,1.0,0.0,0,0.0,1.0,0.0,1,1
318.088,117.702,-55.494,-3.141,0.0,-0.0,0.0,-0.0,0.0,0.0,0.0,1.0,0.0,0,0.0,1.0,0.0,1,1
318.238,117.702,-55.494,-3.141,0.0,-0.0,0.0,-0.0,0.0,0.0,0.0,1.0,0.0,0,0.0,1.0,0.0,1,1
318.388,117.702,-55.494,-3.141,0.0,-0.0,0.0,-0.0,0.0,0.0,0.0,1.0,0.0,0,0.0,1.0,0.0,1,1
318.488,117.702,-55.494,-3.141,0.0,-0.0,0.0,-0.0,0.0,0.0,0.0,1.0,0.0,0,0.0,1.0,0.0,1,1
318.638,117.702,-55.494,-3.141,0.0,-0.0,0.0,-0.0,0.0,0.0,0.0,1.0,0.0,0,0.0,1.0,0.0,1,1
318.788,117.702,-55.494,-3.141,0.0,-0.0,0.0,-0.0,0.0,0.0,0.0,1.0,0.0,0,0.0,1.0,0.0,1,1
318.938,117.702,-55.494,-3.141,0.0,-0.0,0.0,-0.0,0.0,0.0,0.0,1.0,0.0,0,0.0,1.0,0.0,1,1
319.088,117.702,-55.494,-3.141,0.0,-0.0,0.0,-0.0,0.0,0.0,0.0,1.0,0.0,0,0.0,1.0,0.0,1,1
319.188,117.702,-55.494,-3.141,0.0,-0.0,0.0,-0.0,0.0,0.0,0.0,1.0,0.0,0,0.0,1.0,0.0,1,1
319.338,117.702,-55.494,-3.141,0.0,-0.0,0.0,-0.0,0.0,0.0,0.0,1.0,0.0,0,0.0,1.0,0.0,1,1
319.488,117.702,-55.494,-3.141,0.0,-0.0,0.0,-0.0,0.0,0.0,0.0,1.0,0.0,0,0.0,1.0,0.0,1,1
319.638,117.702,-55.494,-3.141,0.0,-0.0,0.0,-0.0,0.0,0.0,0.0,1.0,0.0,0,0.0,1.0,0.0,1,1
319.788,117.702,-55.494,-3.141,0.0,-0.0,0.0,-0.0,0.0,0.0,0.0,1.0,0.0,0,0.0,1.0,0.0,1,1
319.938,117.702,-55.494,-3.141,0.0,-0.0,0.0,-0.0,0.0,0.0,0.0,1.0,0.0,0,0.0,1.0,0.0,1,1
320.038,117.702,-55.494,-3.141,0.0,-0.0,0.0,-0.0,0.0,0.0,0.0,1.0,0.0,0,0.0,1.0,0.0,1,1
320.188,117.702,-55.494,-3.141,0.0,-0.0,0.0,-0.0,0.0,0.0,0.0,1.0,0.0,0,0.0,1.0,0.0,1,1
320.338,117.702,-55.494,-3.141,0.0,-0.0,0.0,-0.0,0.0,0.0,0.0,1.0,0.0,0,0.0,1.0,0.0,1,1
320.488,117.702,-55.494,-3.141,0.0,-0.0,0.0,-0.0,0.0,0.0,0.0,1.0,0.0,0,0.0,1.0,0.0,1,1
320.638,117.702,-55.494,-3.141,0.0,-0.0,0.0,-0.0,0.0,0.0,0.0,1.0,0.0,0,0.0,1.0,0.0,1,1
320.788,117.702,-55.494,-3.141,0.0,-0.0,0.0,-0.0,0.0,0.0,0.0,1.0,0.0,0,0.0,1.0,0.0,1,1
320.938,117.702,-55.494,-3.141,0.0,-0.0,0.0,-0.0,0.0,0.0,0.0,1.0,0.0,0,0.0,1.0,0.0,1,1
321.038,117.702,-55.494,-3.141,0.0,-0.0,0.0,-0.0,0.0,0.0,0.0,1.0,0.0,0,0.0,1.0,0.0,1,1
321.188,117.702,-55.494,-3.141,0.0,-0.0,0.0,-0.0,0.0,0.0,0.0,1.0,0.0,0,0.0,1.0,0.0,1,1
321.338,117.702,-55.494,-3.141,0.0,-0.0,0.0,-0.0,0.0,0.0,0.0,1.0,0.0,0,0.0,1.0,0.0,1,1
321.488,117.702,-55.494,-3.141,0.0,-0.0,0.0,-0.0,0.0,0.0,0.0,1.0,0.0,0,0.0,1.0,0.0,1,1
321.638,117.702,-55.494,-3.141,0.0,-0.0,0.0,-0.0,0.0,0.0,0.0,1.0,0.0,0,0.0,1.0,0.0,1,1
321.788,117.702,-55.494,-3.141,0.0,-0.0,0.0,-0.0,0.0,0.0,0.0,1.0,0.0,0,0.0,1.0,0.0,1,1
321.938,117.702,-55.494,-3.141,0.0,-0.0,0.0,-0.0,0.0,0.0,0.0,1.0,0.0,0,0.0,1.0,0.0,1,1
322.088,117.702,-55.494,-3.141,0.0,-0.0,0.0,-0.0,0.0,0.0,0.0,1.0,0.0,0,0.0,1.0,0.0,1,1
322.188,117.702,-55.494,-3.141,0.0,-0.0,0.0,-0.0,0.0,0.0,0.0,1.0,0.0,0,0.0,1.0,0.0,1,1
322.338,117.702,-55.494,-3.141,0.0,-0.0,0.0,-0.0,0.0,0.0,0.0,1.0,0.0,0,0.0,1.0,0.0,1,1
322.488,117.702,-55.494,-3.141,0.0,-0.0,0.0,-0.0,0.0,0.0,0.0,1.0,0.0,0,0.0,1.0,0.0,1,1
322.638,117.702,-55.494,-3.141,0.0,-0.0,0.0,-0.0,0.0,0.0,0.0,1.0,0.0,0,0.0,1.0,0.0,1,1
322.788,117.702,-55.494,-3.141,0.0,-0.0,0.0,-0.0,0.0,0.0,0.0,1.0,0.0,0,0.0,1.0,0.0,1,1
322.938,117.702,-55.494,-3.141,0.0,-0.0,0.0,-0.0,0.0,0.0,0.0,1.0,0.0,0,0.0,1.0,0.0,1,1
323.038,117.702,-55.494,-3.141,0.0,-0.0,0.0,-0.0,0.0,0.0,0.0,1.0,0.0,0,0.0,1.0,0.0,1,1
323.188,117.702,-55.494,-3.141,0.0,-0.0,0.0,-0.0,0.0,0.0,0.0,1.0,0.0,0,0.0,1.0,0.0,1,1
323.338,117.702,-55.494,-3.141,0.0,-0.0,0.0,-0.0,0.0,0.0,0.0,1.0,0.0,0,0.0,1.0,0.0,1,1
323.488,117.702,-55.494,-3.141,0.0,-0.0,0.0,-0.0,0.0,0.0,0.0,1.0,0.0,0,0.0,1.0,0.0,1,1
323.638,117.702,-55.494,-3.141,0.0,-0.0,0.0,-0.0,0.0,0.0,0.0,1.0,0.0,0,0.0,1.0,0.0,1,1
323.788,117.702,-55.494,-3.141,0.0,-0.0,0.0,-0.0,0.0,0.0,0.0,1.0,0.0,0,0.0,1.0,0.0,1,1
323.938,117.702,-55.494,-3.141,0.0,-0.0,0.0,-0.0,0.0,0.0,0.0,1.0,0.0,0,0.0,1.0,0.0,1,1
324.088,117.702,-55.494,-3.141,0.0,-0.0,0.0,-0.0,0.0,0.0,0.0,1.0,0.0,0,0.0,1.0,0.0,1,1
324.238,117.702,-55.494,-3.141,0.0,-0.0,0.0,-0.0,0.0,0.0,0.0,1.0,0.0,0,0.0,1.0,0.0,1,1
324.338,117.702,-55.494,-3.141,0.0,-0.0,0.0,-0.0,0.0,0.0,0.0,1.0,0.0,0,0.0,1.0,0.0,1,1
324.488,117.702,-55.494,-3.141,0.0,-0.0,0.0,-0.0,0.0,0.0,0.0,1.0,0.0,0,0.0,1.0,0.0,1,1
324.638,117.702,-55.494,-3.141,0.0,-0.0,0.0,-0.0,0.0,0.0,0.0,1.0,0.0,0,0.0,1.0,0.0,1,1
324.788,117.702,-55.494,-3.141,0.0,-0.0,0.0,-0.0,0.0,0.0,0.0,1.0,0.0,0,0.0,1.0,0.0,1,1
324.938,117.702,-55.494,-3.141,0.0,-0.0,0.0,-0.0,0.0,0.0,0.0,1.0,0.0,0,0.0,1.0,0.0,1,1
325.088,117.702,-55.494,-3.141,0.0,-0.0,0.0,-0.0,0.0,0.0,0.0,1.0,0.0,0,0.0,1.0,0.0,1,1
325.238,117.702,-55.494,-3.141,0.0,-0.0,0.0,-0.0,0.0,0.0,0.0,1.0,0.0,0,0.0,1.0,0.0,1,1
325.388,117.702,-55.494,-3.141,0.0,-0.0,0.0,-0.0,0.0,0.0,0.0,1.0,0.0,0,0.0,1.0,0.0,1,1
325.488,117.702,-55.494,-3.141,0.0,-0.0,0.0,-0.0,0.0,0.0,0.0,1.0,0.0,0,0.0,1.0,0.0,1,1
325.638,117.702,-55.494,-3.141,0.0,-0.0,0.0,-0.0,0.0,0.0,0.0,1.0,0.0,0,0.0,1.0,0.0,1,1
325.788,117.702,-55.494,-3.141,0.0,-0.0,0.0,-0.0,0.0,0.0,0.0,1.0,0.0,0,0.0,1.0,0.0,1,1
325.938,117.702,-55.494,-3.141,0.0,-0.0,0.0,-0.0,0.0,0.0,0.0,1.0,0.0,0,0.0,1.0,0.0,1,1
326.088,117.702,-55.494,-3.141,0.0,-0.0,0.0,-0.0,0.0,0.0,0.0,1.0,0.0,0,0.0,1.0,0.0,1,1
326.238,117.702,-55.494,-3.141,0.0,-0.0,0.0,-0.0,0.0,0.0,0.0,1.0,0.0,0,0.0,1.0,0.0,1,1
326.338,117.702,-55.494,-3.141,0.0,-0.0,0.0,-0.0,0.0,0.0,0.0,1.0,0.0,0,0.0,1.0,0.0,1,1
326.488,117.702,-55.494,-3.141,0.0,-0.0,0.0,-0.0,0.0,0.0,0.0,1.0,0.0,0,0.0,1.0,0.0,1,1
326.638,117.702,-55.494,-3.141,0.0,-0.0,0.0,-0.0,0.0,0.0,0.0,1.0,0.0,0,0.0,1.0,0.0,1,1
326.788,117.702,-55.494,-3.141,0.0,-0.0,0.0,-0.0,0.0,0.0,0.0,1.0,0.0,0,0.0,1.0,0.0,1,1
326.938,117.702,-55.494,-3.141,0.0,-0.0,0.0,-0.0,0.0,0.0,0.0,1.0,0.0,0,0.0,1.0,0.0,1,1
327.088,117.702,-55.494,-3.141,0.0,-0.0,0.0,-0.0,0.0,0.0,0.0,1.0,0.0,0,0.0,1.0,0.0,1,1
327.238,117.702,-55.494,-3.141,0.0,-0.0,0.0,-0.0,0.0,0.0,0.0,1.0,0.0,0,0.0,1.0,0.0,1,1
327.338,117.702,-55.494,-3.141,0.0,-0.0,0.0,-0.0,0.0,0.0,0.0,1.0,0.0,0,0.0,1.0,0.0,1,1
327.488,117.702,-55.494,-3.141,0.0,-0.0,0.0,-0.0,0.0,0.0,0.0,1.0,0.0,0,0.0,1.0,0.0,1,1
327.638,117.702,-55.494,-3.141,0.0,-0.0,0.0,-0.0,0.0,0.0,0.0,1.0,0.0,0,0.0,1.0,0.0,1,1
327.788,117.702,-55.494,-3.141,0.0,-0.0,0.0,-0.0,0.0,0.0,0.0,1.0,0.0,0,0.0,1.0,0.0,1,1
327.938,117.702,-55.494,-3.141,0.0,-0.0,0.0,-0.0,0.0,0.0,0.0,1.0,0.0,0,0.0,1.0,0.0,1,1
328.088,117.702,-55.494,-3.141,0.0,-0.0,0.0,-0.0,0.0,0.0,0.0,1.0,0.0,0,0.0,1.0,0.0,1,1
328.238,117.702,-55.494,-3.141,0.0,-0.0,0.0,-0.0,0.0,0.0,0.0,1.0,0.0,0,0.0,1.0,0.0,1,1
328.388,117.702,-55.494,-3.141,0.0,-0.0,0.0,-0.0,0.0,0.0,0.0,1.0,0.0,0,0.0,1.0,0.0,1,1
328.538,117.702,-55.494,-3.141,0.0,-0.0,0.0,-0.0,0.0,0.0,0.0,1.0,0.0,0,0.0,1.0,0.0,1,1
328.638,117.702,-55.494,-3.141,0.0,-0.0,0.0,-0.0,0.0,0.0,0.0,1.0,0.0,0,0.0,1.0,0.0,1,1
328.788,117.702,-55.494,-3.141,0.0,-0.0,0.0,-0.0,0.0,0.0,0.0,1.0,0.0,0,0.0,1.0,0.0,1,1
328.938,117.702,-55.494,-3.141,0.0,-0.0,0.0,-0.0,0.0,0.0,0.0,1.0,0.0,0,0.0,1.0,0.0,1,1
329.088,117.702,-55.494,-3.141,0.0,-0.0,0.0,-0.0,0.0,0.0,0.0,1.0,0.0,0,0.0,1.0,0.0,1,1
329.238,117.702,-55.494,-3.141,0.0,-0.0,0.0,-0.0,0.0,0.0,0.0,1.0,0.0,0,0.0,1.0,0.0,1,1
329.388,117.702,-55.494,-3.141,0.0,-0.0,0.0,-0.0,0.0,0.0,0.0,1.0,0.0,0,0.0,1.0,0.0,1,1
329.538,117.702,-55.494,-3.141,0.0,-0.0,0.0,-0.0,0.0,0.0,0.0,1.0,0.0,0,0.0,1.0,0.0,1,1
329.688,117.702,-55.494,-3.141,0.0,-0.0,0.0,-0.0,0.0,0.0,0.0,1.0,0.0,0,0.0,1.0,0.0,1,1
329.838,117.702,-55.494,-3.141,0.0,-0.0,0.0,-0.0,0.0,0.0,0.0,1.0,0.0,0,0.0,1.0,0.0,1,1
329.938,117.702,-55.494,-3.141,0.0,-0.0,0.0,-0.0,0.0,0.0,0.0,1.0,0.0,0,0.0,1.0,0.0,1,1
330.088,117.702,-55.494,-3.141,0.0,-0.0,0.0,-0.0,0.0,0.0,0.0,1.0,0.0,0,0.0,1.0,0.0,1,1
330.238,117.702,-55.494,-3.141,0.0,-0.0,0.0,-0.0,0.0,0.0,0.0,1.0,0.0,0,0.0,1.0,0.0,1,1
330.388,117.702,-55.494,-3.141,0.0,-0.0,0.0,-0.0,0.0,0.0,0.0,1.0,0.0,0,0.0,1.0,0.0,1,1
330.538,117.702,-55.494,-3.141,0.0,-0.0,0.0,-0.0,0.0,0.0,0.0,1.0,0.0,0,0.0,1.0,0.0,1,1
330.688,117.702,-55.494,-3.141,0.0,-0.0,0.0,-0.0,0.0,0.0,0.0,1.0,0.0,0,0.0,1.0,0.0,1,1
330.838,117.702,-55.494,-3.141,0.0,-0.0,0.0,-0.0,0.0,0.0,0.0,1.0,0.0,0,0.0,1.0,0.0,1,1
330.988,117.702,-55.494,-3.141,0.0,-0.0,0.0,-0.0,0.0,0.0,0.0,1.0,0.0,0,0.0,1.0,0.0,1,1
331.138,117.702,-55.494,-3.141,0.0,-0.0,0.0,-0.0,0.0,0.0,0.0,1.0,0.0,0,0.0,1.0,0.0,1,1
331.238,117.702,-55.494,-3.141,0.0,-0.0,0.0,-0.0,0.0,0.0,0.0,1.0,0.0,0,0.0,1.0,0.0,1,1
331.388,117.702,-55.494,-3.141,0.0,-0.0,0.0,-0.0,0.0,0.0,0.0,1.0,0.0,0,0.0,1.0,0.0,1,1
331.538,117.702,-55.494,-3.141,0.0,-0.0,0.0,-0.0,0.0,0.0,0.0,1.0,0.0,0,0.0,1.0,0.0,1,1
331.688,117.702,-55.494,-3.141,0.0,-0.0,0.0,-0.0,0.0,0.0,0.0,1.0,0.0,0,0.0,1.0,0.0,1,1
331.838,117.702,-55.494,-3.141,0.0,-0.0,0.0,-0.0,0.0,0.0,0.0,1.0,0.0,0,0.0,1.0,0.0,1,1
331.988,117.702,-55.494,-3.141,0.0,-0.0,0.0,-0.0,0.0,0.0,0.0,1.0,0.0,0,0.0,1.0,0.0,1,1
332.138,117.702,-55.494,-3.141,0.0,-0.0,0.0,-0.0,0.0,0.0,0.0,1.0,0.0,0,0.0,1.0,0.0,1,1
332.288,117.702,-55.494,-3.141,0.0,-0.0,0.0,-0.0,0.0,0.0,0.0,1.0,0.0,0,0.0,1.0,0.0,1,1
332.388,117.702,-55.494,-3.141,0.0,-0.0,0.0,-0.0,0.0,0.0,0.0,1.0,0.0,0,0.0,1.0,0.0,1,1
332.538,117.702,-55.494,-3.141,0.0,-0.0,0.0,-0.0,0.0,0.0,0.0,1.0,0.0,0,0.0,1.0,0.0,1,1
332.688,117.702,-55.494,-3.141,0.0,-0.0,0.0,-0.0,0.0,0.0,0.0,1.0,0.0,0,0.0,1.0,0.0,1,1
332.838,117.702,-55.494,-3.141,0.0,-0.0,0.0,-0.0,0.0,0.0,0.0,1.0,0.0,0,0.0,1.0,0.0,1,1
332.938,117.702,-55.494,-3.141,0.0,-0.0,0.0,-0.0,0.0,0.0,0.0,1.0,0.0,0,0.0,1.0,0.0,1,1
333.088,117.702,-55.494,-3.141,0.0,-0.0,0.0,-0.0,0.0,0.0,0.0,1.0,0.0,0,0.0,1.0,0.0,1,1
333.238,117.702,-55.494,-3.141,0.0,-0.0,0.0,-0.0,0.0,0.0,0.0,1.0,0.0,0,0.0,1.0,0.0,1,1
333.388,117.702,-55.494,-3.141,0.0,-0.0,0.0,-0.0,0.0,0.0,0.0,1.0,0.0,0,0.0,1.0,0.0,1,1
333.538,117.702,-55.494,-3.141,0.0,-0.0,0.0,-0.0,0.0,0.0,0.0,1.0,0.0,0,0.0,1.0,0.0,1,1
333.688,117.702,-55.494,-3.141,0.0,-0.0,0.0,-0.0,0.0,0.0,0.0,1.0,0.0,0,0.0,1.0,0.0,1,1
333.788,117.702,-55.494,-3.141,0.0,-0.0,0.0,-0.0,0.0,0.0,0.0,1.0,0.0,0,0.0,1.0,0.0,1,1
333.938,117.702,-55.494,-3.141,0.0,-0.0,0.0,-0.0,0.0,0.0,0.0,1.0,0.0,0,0.0,1.0,0.0,1,1
334.088,117.702,-55.494,-3.141,0.0,-0.0,0.0,-0.0,0.0,0.0,0.0,1.0,0.0,0,0.0,1.0,0.0,1,1
334.238,117.702,-55.494,-3.141,0.0,-0.0,0.0,-0.0,0.0,0.0,0.0,1.0,0.0,0,0.0,1.0,0.0,1,1
334.388,117.702,-55.494,-3.141,0.0,-0.0,0.0,-0.0,0.0,0.0,0.0,1.0,0.0,0,0.0,1.0,0.0,1,1
334.538,117.702,-55.494,-3.141,0.0,-0.0,0.0,-0.0,0.0,0.0,0.0,1.0,0.0,0,0.0,1.0,0.0,1,1
334.638,117.702,-55.494,-3.141,0.0,-0.0,0.0,-0.0,0.0,0.0,0.0,1.0,0.0,0,0.0,1.0,0.0,1,1
334.788,117.702,-55.494,-3.141,0.0,-0.0,0.0,-0.0,0.0,0.0,0.0,1.0,0.0,0,0.0,1.0,0.0,1,1
334.938,117.702,-55.494,-3.141,0.0,-0.0,0.0,-0.0,0.0,0.0,0.0,1.0,0.0,0,0.0,1.0,0.0,1,1
335.088,117.702,-55.494,-3.141,0.0,-0.0,0.0,-0.0,0.0,0.0,0.0,1.0,0.0,0,0.0,1.0,0.0,1,1
335.238,117.702,-55.494,-3.141,0.0,-0.0,0.0,-0.0,0.0,0.0,0.0,1.0,0.0,0,0.0,1.0,0.0,1,1
335.388,117.702,-55.494,-3.141,0.0,-0.0,0.0,-0.0,0.0,0.0,0.0,1.0,0.0,0,0.0,1.0,0.0,1,1
335.538,117.702,-55.494,-3.141,0.0,-0.0,0.0,-0.0,0.0,0.0,1.0,0.0,-0.001,0,0.0,1.0,0.0,1,1
335.638,117.702,-55.494,-3.141,0.0,-0.0,-0.0,0.0,0.0,-0.001,1.0,0.0,-0.0,0,1.0,0.0,-0.0,1,1
335.788,117.698,-55.494,-3.141,0.082,0.0,0.082,0.0,-0.0,-0.875,1.0,0.0,-0.0,0,1.0,0.0,-0.0,1,1
335.888,117.692,-55.494,-3.141,0.206,0.0,0.206,0.0,-0.039,3.612,1.0,0.0,-0.0,0,1.0,0.0,-0.0,1,0
336.038,117.61,-55.494,-3.141,0.87,-0.002,0.87,-0.002,0.029,6.012,1.0,0.0,-0.0,0,1.0,0.0,-0.0,1,0
336.188,117.408,-55.494,-3.141,1.794,0.0,1.794,-0.001,-0.002,5.609,0.871,0.0,-0.0,0,1.0,0.0,-0.0,1,0
336.288,117.195,-55.495,-3.141,2.396,0.0,2.396,-0.008,-0.011,6.472,0.511,0.0,-0.0,0,0.825,0.0,0.0,1,0
336.438,116.766,-55.495,-3.141,3.158,0.0,3.158,0.009,0.005,1.339,0.182,0.0,-0.0,0,0.159,0.0,-0.0,1,0
336.588,116.283,-55.495,-3.141,3.226,0.001,3.226,-0.009,-0.001,-0.183,0.367,0.0,-0.0,0,0.35,0.0,-0.0,1,0
336.688,115.962,-55.495,-3.141,3.216,0.0,3.216,-0.009,-0.003,0.05,0.293,0.0,-0.0,0,0.339,0.0,-0.0,1,0
336.838,115.481,-55.496,-3.141,3.205,-0.0,3.205,0.01,0.002,-0.472,0.223,0.0,-0.0,0,0.227,0.0,-0.0,1,0
336.938,115.163,-55.496,-3.141,3.148,-0.0,3.148,0.01,-0.001,-0.77,0.248,0.0,0.0,0,0.233,0.0,0.0,1,0
337.088,114.7,-55.496,-3.141,3.032,0.0,3.032,-0.01,-0.003,-0.691,0.277,0.0,0.0,0,0.271,0.0,0.0,1,0
337.188,114.401,-55.496,-3.141,2.966,0.0,2.966,-0.011,-0.003,-0.559,0.283,0.0,0.0,0,0.28,0.0,0.0,1,0
337.338,113.963,-55.496,-3.141,2.89,-0.0,2.89,0.011,0.002,-0.417,0.294,0.0,0.0,0,0.29,0.0,0.0,1,0
337.488,113.534,-55.497,-3.141,2.834,-0.0,2.834,-0.011,0.002,-0.33,0.303,0.0,0.0,0,0.299,0.0,0.0,1,0
337.588,113.252,-55.497,-3.141,2.808,-0.0,2.808,-0.011,-0.003,-0.198,0.313,0.0,0.0,0,0.31,0.0,0.0,1,0
337.738,112.833,-55.497,-3.141,2.784,-0.001,2.784,0.011,0.002,-0.1,0.318,0.0,0.0,0,0.317,0.0,0.0,1,0
337.888,112.416,-55.497,-3.141,2.772,-0.0,2.772,-0.011,0.002,-0.057,0.32,0.0,0.0,0,0.319,0.0,0.0,1,0
337.988,112.139,-55.497,-3.141,2.769,-0.0,2.769,-0.011,-0.004,-0.015,0.321,0.0,0.0,0,0.321,0.0,0.0,1,0
338.138,111.724,-55.497,-3.141,2.768,-0.001,2.768,0.011,0.002,0.006,0.322,0.0,0.0,0,0.322,0.0,0.0,1,0
338.238,111.447,-55.497,-3.141,2.768,-0.001,2.768,0.011,0.002,0.013,0.322,0.0,0.0,0,0.322,0.0,0.0,1,0
338.388,111.032,-55.497,-3.141,2.77,-0.0,2.77,-0.011,-0.003,0.016,0.322,0.0,0.0,0,0.322,0.0,0.0,1,0
338.488,110.755,-55.497,-3.141,2.772,-0.0,2.772,-0.011,-0.003,0.015,0.321,0.0,0.0,0,0.322,0.0,0.0,1,0
338.638,110.339,-55.498,-3.141,2.774,-0.0,2.774,0.011,0.002,0.012,0.321,0.0,0.0,0,0.321,0.0,0.0,1,0
338.788,109.922,-55.498,-3.141,2.776,0.0,2.776,-0.011,0.002,0.009,0.321,0.0,0.0,0,0.321,0.0,0.0,1,0
338.888,109.645,-55.498,-3.141,2.776,0.0,2.776,-0.011,-0.003,0.006,0.321,0.0,0.0,0,0.321,0.0,0.0,1,0
339.038,109.228,-55.498,-3.141,2.777,-0.0,2.777,0.011,0.002,0.004,0.32,0.0,0.0,0,0.321,0.0,0.0,1,0
339.138,108.95,-55.498,-3.141,2.778,-0.0,2.778,0.011,0.002,0.002,0.32,0.0,0.0,0,0.32,0.0,0.0,1,0
339.288,108.534,-55.498,-3.141,2.778,0.0,2.778,-0.011,-0.003,0.001,0.32,0.0,0.0,0,0.32,0.0,0.0,1,0
339.438,108.117,-55.498,-3.141,2.778,-0.0,2.778,0.011,-0.003,0.0,0.32,0.0,0.0,0,0.32,0.0,0.0,1,0
339.538,107.839,-55.498,-3.141,2.778,-0.0,2.778,0.011,0.002,-0.0,0.32,0.0,0.0,0,0.32,0.0,0.0,1,0
339.638,107.561,-55.498,-3.141,2.778,-0.0,2.778,0.011,0.002,-0.0,0.32,0.0,0.0,0,0.32,0.0,0.0,1,0
339.788,107.145,-55.498,-3.142,2.778,0.0,2.778,-0.011,-0.002,-0.0,0.32,0.0,0.0,0,0.32,0.0,0.0,1,0
339.938,106.728,-55.498,-3.141,2.778,-0.0,2.778,0.011,-0.003,-0.0,0.32,0.0,0.0,0,0.32,0.0,0.0,1,0
340.038,106.45,-55.498,-3.141,2.778,-0.0,2.778,0.011,0.002,-0.0,0.32,0.0,0.0,0,0.32,0.0,0.0,1,0
340.188,106.033,-55.498,-3.142,2.778,0.0,2.778,-0.011,-0.002,-0.0,0.32,0.0,-0.0,0,0.32,0.0,0.0,1,0
340.338,105.617,-55.498,-3.141,2.778,-0.0,2.778,0.011,0.002,-0.0,0.32,0.0,0.0,0,0.32,0.0,-0.0,1,0
340.438,105.339,-55.498,-3.141,2.778,-0.0,2.778,0.011,0.002,-0.0,0.32,0.0,0.0,0,0.32,0.0,-0.0,1,0
340.588,104.922,-55.498,-3.142,2.778,0.0,2.778,-0.011,-0.003,-0.0,0.32,0.0,-0.0,0,0.32,0.0,0.0,1,0
340.738,104.506,-55.498,-3.141,2.778,-0.0,2.778,0.011,0.002,-0.0,0.32,0.0,0.0,0,0.32,0.0,-0.0,1,0
340.838,104.228,-55.498,-3.141,2.778,-0.0,2.778,0.011,0.002,-0.0,0.32,0.0,0.0,0,0.32,0.0,-0.0,1,0
340.988,103.811,-55.498,-3.142,2.778,0.0,2.778,-0.011,0.002,-0.0,0.32,0.0,0.0,0,0.32,0.0,-0.0,1,0
341.088,103.534,-55.499,-3.142,2.778,0.0,2.778,-0.011,-0.002,0.0,0.32,0.0,-0.0,0,0.32,0.0,0.0,1,0
341.238,103.117,-55.499,-3.141,2.778,-0.0,2.778,0.011,0.003,0.0,0.32,0.0,0.0,0,0.32,0.0,-0.0,1,0
341.388,102.701,-55.499,-3.142,2.778,0.0,2.778,-0.011,-0.003,0.0,0.32,0.0,0.0,0,0.32,0.0,0.0,1,0
341.538,102.284,-55.499,-3.141,2.778,-0.0,2.778,0.011,-0.004,0.0,0.32,0.0,0.0,0,0.32,0.0,0.0,1,0
341.638,102.006,-55.499,-3.141,2.778,-0.0,2.778,0.011,0.002,-0.0,0.32,0.0,0.0,0,0.32,0.0,0.0,1,0
341.788,101.59,-55.499,3.142,2.778,-0.0,2.778,-0.011,-0.353,-0.004,0.32,0.0,0.015,0,0.32,0.0,0.015,1,0
341.938,101.173,-55.496,3.14,2.778,-0.023,2.778,-0.005,-0.081,0.003,0.321,0.0,0.015,0,0.321,0.0,0.016,1,0
342.038,100.895,-55.493,3.138,2.778,-0.023,2.778,-0.005,-0.034,-0.003,0.32,0.0,0.048,0,0.321,0.0,0.015,1,0
342.188,100.479,-55.484,3.133,2.776,-0.068,2.775,-0.062,-0.34,-0.02,0.323,0.0,0.05,0,0.321,0.0,0.049,1,0
342.288,100.201,-55.474,3.128,2.777,-0.072,2.776,-0.063,-0.13,0.021,0.321,0.0,0.047,0,0.32,0.0,0.048,1,0
342.438,99.785,-55.454,3.119,2.776,-0.117,2.773,-0.076,-0.531,-0.054,0.326,0.0,0.094,0,0.321,0.0,0.094,1,0
342.538,99.508,-55.434,3.11,2.776,-0.136,2.773,-0.086,-0.265,-0.009,0.32,0.0,0.091,0,0.326,0.0,0.092,1,0
342.688,99.094,-55.397,3.094,2.784,-0.185,2.778,-0.146,-1.867,0.994,1.0,0.0,0.192,0,1.0,0.0,0.193,1,0
342.838,98.654,-55.328,3.063,3.267,-0.371,3.245,-0.263,-1.953,6.778,0.99,0.0,0.231,0,1.0,0.0,0.236,1,0
342.988,98.092,-55.208,3.016,4.287,-0.461,4.262,-0.34,-1.741,6.288,0.314,0.0,0.215,0,0.577,0.0,0.223,1,0
343.088,97.657,-55.098,2.98,4.586,-0.526,4.555,-0.396,-1.962,-0.478,0.287,0.0,0.246,0,0.118,0.0,0.254,1,0
343.238,97.009,-54.894,2.92,4.478,-0.577,4.44,-0.434,-2.084,-0.316,0.519,0.0,0.275,0,0.51,0.0,0.284,1,0
343.388,96.385,-54.642,2.853,4.537,-0.645,4.491,-0.486,-3.376,0.006,0.261,0.0,0.306,0,0.409,0.0,0.324,1,0
343.488,95.976,-54.445,2.804,4.54,-0.644,4.494,-0.48,-1.693,-0.918,0.269,0.0,0.348,0,0.239,0.0,0.294,1,0
343.638,95.395,-54.115,2.73,4.397,-0.686,4.343,-0.514,-1.889,-0.944,0.375,0.0,0.384,0,0.387,0.0,0.329,1,0
343.788,94.86,-53.744,2.651,4.318,-0.744,4.254,-0.553,-2.495,-0.753,0.367,0.0,0.364,0,0.351,0.0,0.375,1,0
343.888,94.529,-53.471,2.595,4.284,-0.795,4.21,-0.592,-2.676,-0.929,0.36,0.0,0.396,0,0.305,0.0,0.408,1,0
344.038,94.074,-53.027,2.505,4.22,-0.848,4.134,-0.632,-2.621,-0.881,0.393,0.0,0.424,0,0.342,0.0,0.438,1,0
344.188,93.671,-52.544,2.412,4.207,-0.815,4.127,-0.595,-3.828,-1.341,0.325,0.0,0.458,0,0.342,0.0,0.47,1,0
344.338,93.322,-52.026,2.316,4.169,-0.872,4.077,-0.642,-2.414,-0.602,0.359,0.0,0.473,0,0.391,0.0,0.444,1,0
344.438,93.118,-51.664,2.252,4.159,-0.893,4.062,-0.661,-2.522,-0.664,0.387,0.0,0.443,0,0.34,0.0,0.459,1,0
344.588,92.858,-51.099,2.157,4.167,-0.843,4.081,-0.614,-3.193,-0.935,0.339,0.0,0.44,0,0.351,0.0,0.457,1,0
344.738,92.65,-50.513,2.062,4.158,-0.834,4.074,-0.611,-1.732,-0.263,0.351,0.0,0.386,0,0.364,0.0,0.404,1,0
344.888,92.485,-49.912,1.977,4.17,-0.737,4.104,-0.535,-1.534,-0.301,0.345,0.0,0.34,0,0.342,0.0,0.37,1,0
344.988,92.394,-49.507,1.926,4.163,-0.678,4.107,-0.493,-1.502,-0.33,0.36,0.0,0.316,0,0.348,0.0,0.327,1,0
345.138,92.287,-48.893,1.856,4.155,-0.607,4.11,-0.444,-1.239,-0.215,0.353,0.0,0.279,0,0.364,0.0,0.29,1,0
345.288,92.21,-48.276,1.794,4.154,-0.537,4.119,-0.391,-0.957,-0.078,0.357,0.0,0.238,0,0.348,0.0,0.249,1,0
345.438,92.158,-47.655,1.741,4.154,-0.461,4.129,-0.338,-1.009,-0.122,1.0,0.0,0.197,0,0.346,0.0,0.227,1,0
345.588,92.126,-47.031,1.695,4.24,-0.39,4.222,-0.283,-0.834,1.348,0.502,0.0,0.17,0,0.666,0.0,0.187,1,0
345.688,92.114,-46.594,1.667,4.465,-0.368,4.45,-0.271,-0.568,2.292,1.0,0.0,0.11,0,1.0,0.0,0.149,1,0
345.838,92.101,-45.888,1.635,5.013,-0.249,5.006,-0.185,-0.571,5.832,1.0,0.0,0.08,0,1.0,0.0,0.09,1,0
345.988,92.09,-45.084,1.61,5.453,-0.183,5.449,-0.098,-0.409,1.313,1.0,0.0,0.061,0,1.0,0.0,0.067,1,0
346.138,92.088,-44.254,1.59,5.559,-0.13,5.557,-0.168,-0.509,4.175,1.0,0.0,0.043,0,1.0,0.0,0.051,0,0
346.288,92.096,-43.316,1.573,7.128,-0.112,7.127,-0.105,-0.57,10.504,1.0,0.0,0.029,0,1.0,0.0,0.033,2,0
346.438,92.116,-42.127,1.559,8.544,-0.075,8.544,-0.077,-0.355,8.489,1.0,0.0,0.019,0,1.0,0.0,0.022,2,0
346.538,92.135,-41.24,1.553,9.034,-0.043,9.034,-0.053,-0.125,-3.401,1.0,0.0,0.008,0,1.0,0.0,0.01,0,0
346.688,92.167,-39.864,1.547,9.715,-0.012,9.715,-0.021,-0.037,7.51,0.119,0.0,0.0,0,0.0,0.0,0.002,3,0
346.838,92.204,-38.333,1.546,10.45,0.005,10.45,0.002,0.113,0.203,0.0,0.0,-0.003,0,0.0,0.0,-0.003,3,0
346.988,92.24,-36.773,1.548,10.318,0.011,10.318,0.014,0.176,-1.941,0.0,1.0,0.0,0,0.0,0.0,-0.005,3,0
347.138,92.273,-35.253,1.549,9.973,-0.001,9.973,0.004,0.016,-4.434,0.0,1.0,0.0,0,0.0,1.0,0.0,0,0
347.288,92.303,-33.851,1.549,8.623,-0.001,8.623,0.001,0.016,-10.833,0.0,1.0,0.0,0,0.0,1.0,0.0,2,0
347.438,92.329,-32.66,1.55,7.415,-0.0,7.415,0.0,0.004,-7.214,0.0,1.0,0.0,0,0.0,1.0,0.0,2,0
347.588,92.35,-31.666,1.55,5.367,0.0,5.367,0.0,0.001,-23.076,0.0,1.0,0.0,0,0.0,1.0,0.0,0,0
347.688,92.358,-31.277,1.55,2.74,0.0,2.74,0.0,0.0,-26.104,0.0,1.0,0.0,0,0.0,1.0,0.0,1,0
347.838,92.361,-31.148,1.55,0.008,-0.0,-0.008,-0.0,-0.0,-0.084,0.0,1.0,0.0,0,0.0,1.0,0.0,1,1
347.988,92.361,-31.145,1.55,0.01,-0.0,-0.01,-0.0,0.0,0.041,0.0,1.0,0.0,0,0.0,1.0,0.0,1,1
348.138,92.361,-31.143,1.55,0.005,0.0,-0.005,-0.0,-0.0,0.024,0.0,1.0,0.0,0,0.0,1.0,0.0,1,1
348.288,92.361,-31.142,1.55,0.002,0.0,-0.002,-0.0,-0.0,0.014,0.0,1.0,0.0,0,0.0,1.0,0.0,1,1
348.438,92.361,-31.142,1.55,0.001,0.0,-0.001,-0.0,-0.0,0.005,0.0,1.0,0.0,0,0.0,1.0,0.0,1,1
348.588,92.361,-31.142,1.55,0.0,-0.0,0.0,-0.0,-0.0,0.0,0.0,1.0,0.0,0,0.0,1.0,0.0,1,1
348.738,92.361,-31.142,1.55,0.0,-0.0,0.0,-0.0,-0.0,0.0,0.0,1.0,0.0,0,0.0,1.0,0.0,1,1
348.888,92.361,-31.142,1.55,0.0,-0.0,0.0,-0.0,-0.0,0.0,0.0,1.0,0.0,0,0.0,1.0,0.0,1,1
349.088,92.361,-31.142,1.55,0.0,-0.0,0.0,-0.0,-0.0,0.0,0.0,1.0,0.0,0,0.0,1.0,0.0,1,1
349.238,92.361,-31.142,1.55,0.0,-0.0,0.0,-0.0,-0.0,0.0,0.0,1.0,0.0,0,0.0,1.0,0.0,1,1
349.388,92.361,-31.142,1.55,0.0,-0.0,0.0,-0.0,-0.0,0.0,0.0,1.0,0.0,0,0.0,1.0,0.0,1,1
349.538,92.361,-31.142,1.55,0.0,-0.0,0.0,-0.0,-0.0,0.0,0.0,1.0,0.0,0,0.0,1.0,0.0,1,1
349.688,92.361,-31.142,1.55,0.0,-0.0,0.0,-0.0,-0.0,0.0,0.0,1.0,0.0,0,0.0,1.0,0.0,1,1
349.888,92.361,-31.142,1.55,0.0,-0.0,0.0,-0.0,-0.0,0.0,0.0,1.0,0.0,0,0.0,1.0,0.0,1,1
350.038,92.361,-31.142,1.55,0.0,-0.0,0.0,-0.0,-0.0,0.0,0.0,1.0,0.0,0,0.0,1.0,0.0,1,1
350.188,92.361,-31.142,1.55,0.0,-0.0,0.0,-0.0,-0.0,0.0,0.0,1.0,0.0,0,0.0,1.0,0.0,1,1
350.338,92.361,-31.142,1.55,0.0,-0.0,0.0,-0.0,-0.0,0.0,0.0,1.0,0.0,0,0.0,1.0,0.0,1,1
350.538,92.361,-31.142,1.55,0.0,-0.0,0.0,-0.0,-0.0,0.0,0.0,1.0,0.0,0,0.0,1.0,0.0,1,1
350.688,92.361,-31.142,1.55,0.0,-0.0,0.0,-0.0,-0.0,0.0,0.0,1.0,0.0,0,0.0,1.0,0.0,1,1
350.838,92.361,-31.142,1.55,0.0,-0.0,0.0,-0.0,-0.0,0.0,0.0,1.0,0.0,0,0.0,1.0,0.0,1,1
350.988,92.361,-31.142,1.55,0.0,-0.0,0.0,-0.0,-0.0,0.0,0.0,1.0,0.0,0,0.0,1.0,0.0,1,1
351.138,92.361,-31.142,1.55,0.0,-0.0,0.0,-0.0,-0.0,0.0,0.0,1.0,0.0,0,0.0,1.0,0.0,1,1
351.288,92.361,-31.142,1.55,0.0,-0.0,0.0,-0.0,-0.0,0.0,0.0,1.0,0.0,0,0.0,1.0,0.0,1,1
351.438,92.361,-31.142,1.55,0.0,-0.0,0.0,-0.0,-0.0,0.0,0.0,1.0,0.0,0,0.0,1.0,0.0,1,1
351.638,92.361,-31.142,1.55,0.0,-0.0,0.0,-0.0,-0.0,0.0,0.0,1.0,0.0,0,0.0,1.0,0.0,1,1
351.788,92.361,-31.142,1.55,0.0,-0.0,0.0,-0.0,-0.0,0.0,0.0,1.0,0.0,0,0.0,1.0,0.0,1,1
351.938,92.361,-31.142,1.55,0.0,-0.0,0.0,-0.0,-0.0,0.0,0.0,1.0,0.0,0,0.0,1.0,0.0,1,1
352.138,92.361,-31.142,1.55,0.0,-0.0,0.0,-0.0,-0.0,0.0,0.0,1.0,0.0,0,0.0,1.0,0.0,1,1
352.288,92.361,-31.142,1.55,0.0,-0.0,0.0,-0.0,-0.0,0.0,0.0,1.0,0.0,0,0.0,1.0,0.0,1,1
352.438,92.361,-31.142,1.55,0.0,-0.0,0.0,-0.0,-0.0,0.0,0.0,1.0,0.0,0,0.0,1.0,0.0,1,1
352.588,92.361,-31.142,1.55,0.0,-0.0,0.0,-0.0,-0.0,0.0,0.0,1.0,0.0,0,0.0,1.0,0.0,1,1
352.738,92.361,-31.142,1.55,0.0,-0.0,0.0,-0.0,-0.0,0.0,0.0,1.0,0.0,0,0.0,1.0,0.0,1,1
352.888,92.361,-31.142,1.55,0.0,0.0,-0.0,0.0,-0.0,-0.0,1.0,0.0,-0.016,0,1.0,0.0,-0.016,1,1
353.038,92.361,-31.138,1.55,0.082,0.001,0.082,0.001,-0.032,-0.994,1.0,0.0,-0.016,0,1.0,0.0,-0.016,1,1
353.188,92.362,-31.112,1.55,0.428,0.004,0.428,0.005,0.065,4.657,1.0,0.0,-0.016,0,1.0,0.0,-0.016,1,0
353.338,92.363,-30.992,1.55,1.126,0.01,1.126,0.009,0.064,4.782,1.0,0.0,-0.016,0,1.0,0.0,-0.016,1,0
353.488,92.366,-30.757,1.552,2.005,0.018,2.005,0.02,0.105,7.887,1.0,0.0,-0.016,0,1.0,0.0,-0.016,1,0
353.638,92.369,-30.361,1.554,3.199,0.026,3.199,0.018,0.099,8.332,0.878,0.0,-0.014,0,1.0,0.0,-0.015,1,0
353.788,92.374,-29.792,1.557,4.248,0.029,4.248,0.021,0.098,6.097,0.437,0.0,-0.013,0,0.646,0.0,-0.013,1,0
353.888,92.377,-29.346,1.559,4.597,0.028,4.596,0.021,0.07,1.062,0.346,0.0,-0.011,0,0.287,0.0,-0.012,1,0
354.038,92.38,-28.649,1.562,4.676,0.024,4.676,0.018,0.058,0.396,0.425,0.0,-0.009,0,0.45,0.0,-0.01,1,0
354.188,92.382,-27.943,1.565,4.739,0.02,4.739,0.015,0.044,-0.024,0.275,0.0,-0.008,0,0.305,0.0,-0.008,1,0
354.338,92.383,-27.236,1.567,4.679,0.016,4.679,0.012,0.026,-0.8,0.331,0.0,-0.006,0,0.305,0.0,-0.006,1,0
354.488,92.383,-26.543,1.568,4.575,0.013,4.575,0.009,0.008,-0.468,0.329,0.0,-0.004,0,0.34,0.0,-0.005,1,0
354.638,92.383,-25.862,1.569,4.506,0.01,4.506,0.006,0.017,-0.519,0.322,0.0,-0.004,0,0.317,0.0,-0.004,1,0
354.788,92.383,-25.194,1.57,4.376,0.002,4.376,0.005,-0.028,-3.632,0.0,1.0,0.0,0,0.0,1.0,0.0,1,0
354.938,92.383,-24.591,1.57,3.635,0.0,3.635,-0.008,-0.002,-5.949,0.0,1.0,0.0,0,0.0,1.0,0.0,1,0
355.088,92.384,-24.118,1.57,2.76,-0.0,2.76,0.013,-0.0,-5.701,0.0,1.0,0.0,0,0.0,1.0,0.0,1,0
355.238,92.383,-23.824,1.568,0.596,0.007,0.596,-0.012,0.121,-25.119,0.0,1.0,0.0,0,0.0,1.0,0.0,1,0
355.338,92.383,-23.82,1.568,0.005,0.0,-0.005,0.0,-0.004,-0.037,0.0,1.0,0.0,0,0.0,1.0,0.0,1,1
355.488,92.383,-23.818,1.568,0.005,-0.0,-0.005,0.0,0.0,0.023,0.0,1.0,0.0,0,0.0,1.0,0.0,1,1
355.638,92.383,-23.817,1.568,0.002,-0.0,-0.002,0.0,0.0,0.012,0.0,1.0,0.0,0,0.0,1.0,0.0,1,1
355.788,92.383,-23.816,1.568,0.001,-0.0,-0.001,-0.0,0.0,0.005,0.0,1.0,0.0,0,0.0,1.0,0.0,1,1
355.938,92.383,-23.816,1.568,0.0,-0.0,0.0,-0.0,-0.0,0.0,0.0,1.0,0.0,0,0.0,1.0,0.0,1,1
356.088,92.383,-23.816,1.568,0.0,-0.0,0.0,-0.0,-0.0,0.0,0.0,1.0,0.0,0,0.0,1.0,0.0,1,1
356.238,92.383,-23.816,1.568,0.0,-0.0,0.0,-0.0,-0.0,0.0,0.0,1.0,0.0,0,0.0,1.0,0.0,1,1
356.388,92.383,-23.816,1.568,0.0,-0.0,0.0,-0.0,-0.0,0.0,0.0,1.0,0.0,0,0.0,1.0,0.0,1,1
356.588,92.383,-23.816,1.568,0.0,-0.0,0.0,-0.0,-0.0,0.0,0.0,1.0,0.0,0,0.0,1.0,0.0,1,1
356.738,92.383,-23.816,1.568,0.0,-0.0,0.0,-0.0,-0.0,0.0,0.0,1.0,0.0,0,0.0,1.0,0.0,1,1
356.888,92.383,-23.816,1.568,0.0,-0.0,0.0,-0.0,-0.0,0.0,0.0,1.0,0.0,0,0.0,1.0,0.0,1,1
357.038,92.383,-23.816,1.568,0.0,-0.0,0.0,-0.0,-0.0,0.0,0.0,1.0,0.0,0,0.0,1.0,0.0,1,1
357.188,92.383,-23.816,1.568,0.0,-0.0,0.0,-0.0,-0.0,0.0,0.0,1.0,0.0,0,0.0,1.0,0.0,1,1
357.388,92.383,-23.816,1.568,0.0,-0.0,0.0,-0.0,-0.0,0.0,0.0,1.0,0.0,0,0.0,1.0,0.0,1,1
357.538,92.383,-23.816,1.568,0.0,-0.0,0.0,-0.0,-0.0,0.0,0.0,1.0,0.0,0,0.0,1.0,0.0,1,1
357.688,92.383,-23.816,1.568,0.0,-0.0,0.0,-0.0,-0.0,0.0,0.0,1.0,0.0,0,0.0,1.0,0.0,1,1
357.838,92.383,-23.816,1.568,0.0,-0.0,0.0,-0.0,-0.0,0.0,0.0,1.0,0.0,0,0.0,1.0,0.0,1,1
358.038,92.383,-23.816,1.568,0.0,-0.0,0.0,-0.0,-0.0,0.0,0.0,1.0,0.0,0,0.0,1.0,0.0,1,1
358.188,92.383,-23.816,1.568,0.0,-0.0,0.0,-0.0,-0.0,0.0,0.0,1.0,0.0,0,0.0,1.0,0.0,1,1
358.338,92.383,-23.816,1.568,0.0,-0.0,0.0,-0.0,-0.0,0.0,0.0,1.0,0.0,0,0.0,1.0,0.0,1,1
358.488,92.383,-23.816,1.568,0.0,-0.0,0.0,-0.0,-0.0,0.0,0.0,1.0,0.0,0,0.0,1.0,0.0,1,1
358.638,92.383,-23.816,1.568,0.0,-0.0,0.0,-0.0,-0.0,0.0,0.0,1.0,0.0,0,0.0,1.0,0.0,1,1
358.788,92.383,-23.816,1.568,0.0,-0.0,0.0,-0.0,-0.0,0.0,0.0,1.0,0.0,0,0.0,1.0,0.0,1,1
358.988,92.383,-23.816,1.568,0.0,-0.0,0.0,-0.0,-0.0,0.0,0.0,1.0,0.0,0,0.0,1.0,0.0,1,1
359.138,92.383,-23.816,1.568,0.0,-0.0,0.0,-0.0,-0.0,0.0,0.0,1.0,0.0,0,0.0,1.0,0.0,1,1
359.288,92.383,-23.816,1.568,0.0,-0.0,0.0,-0.0,-0.0,0.0,0.0,1.0,0.0,0,0.0,1.0,0.0,1,1
359.488,92.383,-23.816,1.568,0.0,-0.0,0.0,-0.0,-0.0,0.0,0.0,1.0,0.0,0,0.0,1.0,0.0,1,1
359.638,92.383,-23.816,1.568,0.0,-0.0,0.0,-0.0,-0.0,0.0,0.0,1.0,0.0,0,0.0,1.0,0.0,1,1
359.788,92.383,-23.816,1.568,0.0,-0.0,0.0,-0.0,-0.0,0.0,0.0,1.0,0.0,0,0.0,1.0,0.0,1,1
359.938,92.383,-23.816,1.568,0.0,-0.0,0.0,-0.0,-0.0,0.0,0.0,1.0,0.0,0,0.0,1.0,0.0,1,1
360.088,92.383,-23.816,1.568,0.0,-0.0,0.0,-0.0,-0.0,0.0,0.0,1.0,0.0,0,0.0,1.0,0.0,1,1
360.238,92.383,-23.816,1.568,0.0,-0.0,0.0,-0.0,-0.0,0.0,0.0,1.0,0.0,0,0.0,1.0,0.0,1,1
360.388,92.383,-23.816,1.568,0.0,-0.0,0.0,-0.0,-0.0,0.0,0.0,1.0,0.0,0,0.0,1.0,0.0,1,1
360.538,92.383,-23.816,1.568,0.0,-0.0,0.0,-0.0,-0.0,0.0,0.0,1.0,0.0,0,0.0,1.0,0.0,1,1
360.688,92.383,-23.816,1.568,0.0,-0.0,0.0,-0.0,-0.0,0.0,0.0,1.0,0.0,0,0.0,1.0,0.0,1,1
360.838,92.383,-23.816,1.568,0.0,-0.0,0.0,-0.0,-0.0,0.0,0.0,1.0,0.0,0,0.0,1.0,0.0,1,1
361.038,92.383,-23.816,1.568,0.0,-0.0,0.0,-0.0,-0.0,0.0,0.0,1.0,0.0,0,0.0,1.0,0.0,1,1
361.188,92.383,-23.816,1.568,0.0,-0.0,0.0,-0.0,-0.0,0.0,0.0,1.0,0.0,0,0.0,1.0,0.0,1,1
361.338,92.383,-23.816,1.568,0.0,-0.0,0.0,-0.0,-0.0,0.0,0.0,1.0,0.0,0,0.0,1.0,0.0,1,1
361.538,92.383,-23.816,1.568,0.0,-0.0,0.0,-0.0,-0.0,0.0,0.0,1.0,0.0,0,0.0,1.0,0.0,1,1
361.688,92.383,-23.816,1.568,0.0,-0.0,0.0,-0.0,-0.0,0.0,0.0,1.0,0.0,0,0.0,1.0,0.0,1,1
361.838,92.383,-23.816,1.568,0.0,-0.0,0.0,-0.0,-0.0,0.0,0.0,1.0,0.0,0,0.0,1.0,0.0,1,1
361.988,92.383,-23.816,1.568,0.0,-0.0,0.0,-0.0,-0.0,0.0,0.0,1.0,0.0,0,0.0,1.0,0.0,1,1
362.138,92.383,-23.816,1.568,0.0,-0.0,0.0,-0.0,-0.0,0.0,0.0,1.0,0.0,0,0.0,1.0,0.0,1,1
362.288,92.383,-23.816,1.568,0.0,-0.0,0.0,-0.0,-0.0,0.0,0.0,1.0,0.0,0,0.0,1.0,0.0,1,1
362.488,92.383,-23.816,1.568,0.0,-0.0,0.0,-0.0,-0.0,0.0,0.0,1.0,0.0,0,0.0,1.0,0.0,1,1
362.638,92.383,-23.816,1.568,0.0,-0.0,0.0,-0.0,-0.0,0.0,0.0,1.0,0.0,0,0.0,1.0,0.0,1,1
362.788,92.383,-23.816,1.568,0.0,-0.0,0.0,-0.0,-0.0,0.0,0.0,1.0,0.0,0,0.0,1.0,0.0,1,1
362.938,92.383,-23.816,1.568,0.0,-0.0,0.0,-0.0,-0.0,0.0,0.0,1.0,0.0,0,0.0,1.0,0.0,1,1
363.138,92.383,-23.816,1.568,0.0,-0.0,0.0,-0.0,-0.0,0.0,0.0,1.0,0.0,0,0.0,1.0,0.0,1,1
363.288,92.383,-23.816,1.568,0.0,-0.0,0.0,-0.0,-0.0,0.0,0.0,1.0,0.0,0,0.0,1.0,0.0,1,1
363.438,92.383,-23.816,1.568,0.0,-0.0,0.0,-0.0,-0.0,0.0,0.0,1.0,0.0,0,0.0,1.0,0.0,1,1
363.588,92.383,-23.816,1.568,0.0,-0.0,0.0,-0.0,-0.0,0.0,0.0,1.0,0.0,0,0.0,1.0,0.0,1,1
363.738,92.383,-23.816,1.568,0.0,-0.0,0.0,-0.0,-0.0,0.0,0.0,1.0,0.0,0,0.0,1.0,0.0,1,1
363.938,92.383,-23.816,1.568,0.0,-0.0,0.0,-0.0,-0.0,0.0,0.0,1.0,0.0,0,0.0,1.0,0.0,1,1
364.088,92.383,-23.816,1.568,0.0,-0.0,0.0,-0.0,-0.0,0.0,0.0,1.0,0.0,0,0.0,1.0,0.0,1,1
364.238,92.383,-23.816,1.568,0.0,-0.0,0.0,-0.0,-0.0,0.0,0.0,1.0,0.0,0,0.0,1.0,0.0,1,1
364.438,92.383,-23.816,1.568,0.0,-0.0,0.0,-0.0,-0.0,0.0,0.0,1.0,0.0,0,0.0,1.0,0.0,1,1
364.588,92.383,-23.816,1.568,0.0,-0.0,0.0,-0.0,-0.0,0.0,0.0,1.0,0.0,0,0.0,1.0,0.0,1,1
364.738,92.383,-23.816,1.568,0.0,-0.0,0.0,-0.0,-0.0,0.0,0.0,1.0,0.0,0,0.0,1.0,0.0,1,1
364.888,92.383,-23.816,1.568,0.0,-0.0,0.0,-0.0,-0.0,0.0,0.0,1.0,0.0,0,0.0,1.0,0.0,1,1
365.038,92.383,-23.816,1.568,0.0,-0.0,0.0,-0.0,-0.0,0.0,0.0,1.0,0.0,0,0.0,1.0,0.0,1,1
365.188,92.383,-23.816,1.568,0.0,-0.0,0.0,-0.0,-0.0,0.0,0.0,1.0,0.0,0,0.0,1.0,0.0,1,1
365.338,92.383,-23.816,1.568,0.0,-0.0,0.0,-0.0,-0.0,0.0,0.0,1.0,0.0,0,0.0,1.0,0.0,1,1
365.488,92.383,-23.816,1.568,0.0,-0.0,0.0,-0.0,-0.0,0.0,0.0,1.0,0.0,0,0.0,1.0,0.0,1,1
365.688,92.383,-23.816,1.568,0.0,-0.0,0.0,-0.0,-0.0,0.0,0.0,1.0,0.0,0,0.0,1.0,0.0,1,1
365.838,92.383,-23.816,1.568,0.0,-0.0,0.0,-0.0,-0.0,0.0,0.0,1.0,0.0,0,0.0,1.0,0.0,1,1
365.988,92.383,-23.816,1.568,0.0,-0.0,0.0,-0.0,-0.0,0.0,0.0,1.0,0.0,0,0.0,1.0,0.0,1,1
366.138,92.383,-23.816,1.568,0.0,-0.0,0.0,-0.0,-0.0,0.0,0.0,1.0,0.0,0,0.0,1.0,0.0,1,1
366.338,92.383,-23.816,1.568,0.0,-0.0,0.0,-0.0,-0.0,0.0,0.0,1.0,0.0,0,0.0,1.0,0.0,1,1
366.488,92.383,-23.816,1.568,0.0,-0.0,0.0,-0.0,-0.0,0.0,0.0,1.0,0.0,0,0.0,1.0,0.0,1,1
366.638,92.383,-23.816,1.568,0.0,-0.0,0.0,-0.0,-0.0,0.0,0.0,1.0,0.0,0,0.0,1.0,0.0,1,1
366.788,92.383,-23.816,1.568,0.0,-0.0,0.0,-0.0,-0.0,0.0,0.0,1.0,0.0,0,0.0,1.0,0.0,1,1
366.938,92.383,-23.816,1.568,0.0,-0.0,0.0,-0.0,-0.0,0.0,0.0,1.0,0.0,0,0.0,1.0,0.0,1,1
367.088,92.383,-23.816,1.568,0.0,-0.0,0.0,-0.0,-0.0,0.0,0.0,1.0,0.0,0,0.0,1.0,0.0,1,1
367.288,92.383,-23.816,1.568,0.0,-0.0,0.0,-0.0,-0.0,0.0,0.0,1.0,0.0,0,0.0,1.0,0.0,1,1
367.438,92.383,-23.816,1.568,0.0,-0.0,0.0,-0.0,-0.0,0.0,0.0,1.0,0.0,0,0.0,1.0,0.0,1,1
367.588,92.383,-23.816,1.568,0.0,-0.0,0.0,-0.0,-0.0,0.0,0.0,1.0,0.0,0,0.0,1.0,0.0,1,1
367.738,92.383,-23.816,1.568,0.0,-0.0,0.0,-0.0,-0.0,0.0,0.0,1.0,0.0,0,0.0,1.0,0.0,1,1
367.938,92.383,-23.816,1.568,0.0,-0.0,0.0,-0.0,-0.0,0.0,0.0,1.0,0.0,0,0.0,1.0,0.0,1,1
368.088,92.383,-23.816,1.568,0.0,-0.0,0.0,-0.0,-0.0,0.0,0.0,1.0,0.0,0,0.0,1.0,0.0,1,1
368.238,92.383,-23.816,1.568,0.0,-0.0,0.0,-0.0,-0.0,0.0,0.0,1.0,0.0,0,0.0,1.0,0.0,1,1
368.388,92.383,-23.816,1.568,0.0,-0.0,0.0,-0.0,-0.0,0.0,0.0,1.0,0.0,0,0.0,1.0,0.0,1,1
368.538,92.383,-23.816,1.568,0.0,-0.0,0.0,-0.0,-0.0,0.0,0.0,1.0,0.0,0,0.0,1.0,0.0,1,1
368.738,92.383,-23.816,1.568,0.0,-0.0,0.0,-0.0,-0.0,0.0,0.0,1.0,0.0,0,0.0,1.0,0.0,1,1
368.888,92.383,-23.816,1.568,0.0,-0.0,0.0,-0.0,-0.0,0.0,0.0,1.0,0.0,0,0.0,1.0,0.0,1,1
369.038,92.383,-23.816,1.568,0.0,-0.0,0.0,-0.0,-0.0,0.0,0.0,1.0,0.0,0,0.0,1.0,0.0,1,1
369.188,92.383,-23.816,1.568,0.0,-0.0,0.0,-0.0,-0.0,0.0,0.0,1.0,0.0,0,0.0,1.0,0.0,1,1
369.338,92.383,-23.816,1.568,0.0,-0.0,0.0,-0.0,-0.0,0.0,0.0,1.0,0.0,0,0.0,1.0,0.0,1,1
369.538,92.383,-23.816,1.568,0.0,-0.0,0.0,-0.0,-0.0,0.0,0.0,1.0,0.0,0,0.0,1.0,0.0,1,1
369.688,92.383,-23.816,1.568,0.0,-0.0,0.0,-0.0,-0.0,0.0,0.0,1.0,0.0,0,0.0,1.0,0.0,1,1
369.838,92.383,-23.816,1.568,0.0,-0.0,0.0,-0.0,-0.0,0.0,0.0,1.0,0.0,0,0.0,1.0,0.0,1,1
369.988,92.383,-23.816,1.568,0.0,-0.0,0.0,-0.0,-0.0,0.0,0.0,1.0,0.0,0,0.0,1.0,0.0,1,1
370.138,92.383,-23.816,1.568,0.0,-0.0,0.0,-0.0,-0.0,0.0,0.0,1.0,0.0,0,0.0,1.0,0.0,1,1
370.338,92.383,-23.816,1.568,0.0,-0.0,0.0,-0.0,-0.0,0.0,0.0,1.0,0.0,0,0.0,1.0,0.0,1,1
370.488,92.383,-23.816,1.568,0.0,-0.0,0.0,-0.0,-0.0,0.0,0.0,1.0,0.0,0,0.0,1.0,0.0,1,1
370.638,92.383,-23.816,1.568,0.0,-0.0,0.0,-0.0,-0.0,0.0,0.0,1.0,0.0,0,0.0,1.0,0.0,1,1
370.788,92.383,-23.816,1.568,0.0,-0.0,0.0,-0.0,-0.0,0.0,0.0,1.0,0.0,0,0.0,1.0,0.0,1,1
370.938,92.383,-23.816,1.568,0.0,-0.0,0.0,-0.0,-0.0,0.0,0.0,1.0,0.0,0,0.0,1.0,0.0,1,1
371.138,92.383,-23.816,1.568,0.0,-0.0,0.0,-0.0,-0.0,0.0,0.0,1.0,0.0,0,0.0,1.0,0.0,1,1
371.288,92.383,-23.816,1.568,0.0,-0.0,0.0,-0.0,-0.0,0.0,0.0,1.0,0.0,0,0.0,1.0,0.0,1,1
371.438,92.383,-23.816,1.568,0.0,-0.0,0.0,-0.0,-0.0,0.0,0.0,1.0,0.0,0,0.0,1.0,0.0,1,1
371.588,92.383,-23.816,1.568,0.0,-0.0,0.0,-0.0,-0.0,0.0,0.0,1.0,0.0,0,0.0,1.0,0.0,1,1
371.738,92.383,-23.816,1.568,0.0,-0.0,0.0,-0.0,-0.0,0.0,0.0,1.0,0.0,0,0.0,1.0,0.0,1,1
371.888,92.383,-23.816,1.568,0.0,-0.0,0.0,-0.0,-0.0,0.0,0.0,1.0,0.0,0,0.0,1.0,0.0,1,1
372.038,92.383,-23.816,1.568,0.0,-0.0,0.0,-0.0,-0.0,0.0,0.0,1.0,0.0,0,0.0,1.0,0.0,1,1
372.238,92.383,-23.816,1.568,0.0,-0.0,0.0,-0.0,-0.0,0.0,0.0,1.0,0.0,0,0.0,1.0,0.0,1,1
372.388,92.383,-23.816,1.568,0.0,-0.0,0.0,-0.0,-0.0,0.0,0.0,1.0,0.0,0,0.0,1.0,0.0,1,1
372.538,92.383,-23.816,1.568,0.0,-0.0,0.0,-0.0,-0.0,0.0,0.0,1.0,0.0,0,0.0,1.0,0.0,1,1
372.688,92.383,-23.816,1.568,0.0,-0.0,0.0,-0.0,-0.0,0.0,0.0,1.0,0.0,0,0.0,1.0,0.0,1,1
372.838,92.383,-23.816,1.568,0.0,-0.0,0.0,-0.0,-0.0,0.0,0.0,1.0,0.0,0,0.0,1.0,0.0,1,1
372.988,92.383,-23.816,1.568,0.0,-0.0,0.0,-0.0,-0.0,0.0,0.0,1.0,0.0,0,0.0,1.0,0.0,1,1
373.138,92.383,-23.816,1.568,0.0,-0.0,0.0,-0.0,-0.0,0.0,0.0,1.0,0.0,0,0.0,1.0,0.0,1,1
373.338,92.383,-23.816,1.568,0.0,-0.0,0.0,-0.0,-0.0,0.0,0.0,1.0,0.0,0,0.0,1.0,0.0,1,1
373.488,92.383,-23.816,1.568,0.0,-0.0,0.0,-0.0,-0.0,0.0,0.0,1.0,0.0,0,0.0,1.0,0.0,1,1
373.638,92.383,-23.816,1.568,0.0,-0.0,0.0,-0.0,-0.0,0.0,0.0,1.0,0.0,0,0.0,1.0,0.0,1,1
373.838,92.383,-23.816,1.568,0.0,-0.0,0.0,-0.0,-0.0,0.0,0.0,1.0,0.0,0,0.0,1.0,0.0,1,1
373.988,92.383,-23.816,1.568,0.0,-0.0,0.0,-0.0,-0.0,0.0,0.0,1.0,0.0,0,0.0,1.0,0.0,1,1
374.138,92.383,-23.816,1.568,0.0,-0.0,0.0,-0.0,-0.0,0.0,0.0,1.0,0.0,0,0.0,1.0,0.0,1,1
374.288,92.383,-23.816,1.568,0.0,-0.0,0.0,-0.0,-0.0,0.0,0.0,1.0,0.0,0,0.0,1.0,0.0,1,1
374.438,92.383,-23.816,1.568,0.0,-0.0,0.0,-0.0,-0.0,0.0,0.0,1.0,0.0,0,0.0,1.0,0.0,1,1
374.588,92.383,-23.816,1.568,0.0,-0.0,0.0,-0.0,-0.0,0.0,0.0,1.0,0.0,0,0.0,1.0,0.0,1,1
374.738,92.383,-23.816,1.568,0.0,-0.0,0.0,-0.0,-0.0,0.0,0.0,1.0,0.0,0,0.0,1.0,0.0,1,1
374.888,92.383,-23.816,1.568,0.0,-0.0,0.0,-0.0,-0.0,0.0,0.0,1.0,0.0,0,0.0,1.0,0.0,1,1
375.038,92.383,-23.816,1.568,0.0,-0.0,0.0,-0.0,-0.0,0.0,0.0,1.0,0.0,0,0.0,1.0,0.0,1,1
375.238,92.383,-23.816,1.568,0.0,-0.0,0.0,-0.0,-0.0,0.0,0.0,1.0,0.0,0,0.0,1.0,0.0,1,1
375.388,92.383,-23.816,1.568,0.0,-0.0,0.0,-0.0,-0.0,0.0,0.0,1.0,0.0,0,0.0,1.0,0.0,1,1
375.538,92.383,-23.816,1.568,0.0,-0.0,0.0,-0.0,-0.0,0.0,0.0,1.0,0.0,0,0.0,1.0,0.0,1,1
375.688,92.383,-23.816,1.568,0.0,-0.0,0.0,-0.0,-0.0,0.0,0.0,1.0,0.0,0,0.0,1.0,0.0,1,1
375.888,92.383,-23.816,1.568,0.0,-0.0,0.0,-0.0,-0.0,0.0,0.0,1.0,0.0,0,0.0,1.0,0.0,1,1
376.038,92.383,-23.816,1.568,0.0,-0.0,0.0,-0.0,-0.0,0.0,0.0,1.0,0.0,0,0.0,1.0,0.0,1,1
376.138,92.383,-23.816,1.568,0.0,-0.0,0.0,-0.0,-0.0,0.0,0.0,1.0,0.0,0,0.0,1.0,0.0,1,1
376.338,92.383,-23.816,1.568,0.0,-0.0,0.0,-0.0,-0.0,0.0,0.0,1.0,0.0,0,0.0,1.0,0.0,1,1
376.488,92.383,-23.816,1.568,0.0,-0.0,0.0,-0.0,-0.0,0.0,0.0,1.0,0.0,0,0.0,1.0,0.0,1,1
376.638,92.383,-23.816,1.568,0.0,-0.0,0.0,-0.0,-0.0,0.0,0.0,1.0,0.0,0,0.0,1.0,0.0,1,1
376.788,92.383,-23.816,1.568,0.0,-0.0,0.0,-0.0,-0.0,0.0,0.0,1.0,0.0,0,0.0,1.0,0.0,1,1
376.988,92.383,-23.816,1.568,0.0,-0.0,0.0,-0.0,-0.0,0.0,0.0,1.0,0.0,0,0.0,1.0,0.0,1,1
377.138,92.383,-23.816,1.568,0.0,-0.0,0.0,-0.0,-0.0,0.0,0.0,1.0,0.0,0,0.0,1.0,0.0,1,1
377.288,92.383,-23.816,1.568,0.0,-0.0,0.0,-0.0,-0.0,0.0,0.0,1.0,0.0,0,0.0,1.0,0.0,1,1
377.438,92.383,-23.816,1.568,0.0,-0.0,0.0,-0.0,-0.0,0.0,0.0,1.0,0.0,0,0.0,1.0,0.0,1,1
377.588,92.383,-23.816,1.568,0.0,-0.0,0.0,-0.0,-0.0,0.0,0.0,1.0,0.0,0,0.0,1.0,0.0,1,1
377.738,92.383,-23.816,1.568,0.0,-0.0,0.0,-0.0,-0.0,0.0,0.0,1.0,0.0,0,0.0,1.0,0.0,1,1
377.938,92.383,-23.816,1.568,0.0,-0.0,0.0,-0.0,-0.0,0.0,0.0,1.0,0.0,0,0.0,1.0,0.0,1,1
378.088,92.383,-23.816,1.568,0.0,-0.0,0.0,-0.0,-0.0,0.0,0.0,1.0,0.0,0,0.0,1.0,0.0,1,1
378.238,92.383,-23.816,1.568,0.0,-0.0,0.0,-0.0,-0.0,0.0,0.0,1.0,0.0,0,0.0,1.0,0.0,1,1
378.388,92.383,-23.816,1.568,0.0,-0.0,0.0,-0.0,-0.0,0.0,0.0,1.0,0.0,0,0.0,1.0,0.0,1,1
378.588,92.383,-23.816,1.568,0.0,-0.0,0.0,-0.0,-0.0,0.0,0.0,1.0,0.0,0,0.0,1.0,0.0,1,1
378.738,92.383,-23.816,1.568,0.0,-0.0,0.0,-0.0,-0.0,0.0,0.0,1.0,0.0,0,0.0,1.0,0.0,1,1
378.888,92.383,-23.816,1.568,0.0,-0.0,0.0,-0.0,-0.0,0.0,0.0,1.0,0.0,0,0.0,1.0,0.0,1,1
379.038,92.383,-23.816,1.568,0.0,-0.0,0.0,-0.0,-0.0,0.0,0.0,1.0,0.0,0,0.0,1.0,0.0,1,1
379.188,92.383,-23.816,1.568,0.0,-0.0,0.0,-0.0,-0.0,0.0,0.0,1.0,0.0,0,0.0,1.0,0.0,1,1
379.388,92.383,-23.816,1.568,0.0,-0.0,0.0,-0.0,-0.0,0.0,0.0,1.0,0.0,0,0.0,1.0,0.0,1,1
379.538,92.383,-23.816,1.568,0.0,-0.0,0.0,-0.0,-0.0,0.0,0.0,1.0,0.0,0,0.0,1.0,0.0,1,1
379.688,92.383,-23.816,1.568,0.0,-0.0,0.0,-0.0,-0.0,0.0,0.0,1.0,0.0,0,0.0,1.0,0.0,1,1
379.838,92.383,-23.816,1.568,0.0,-0.0,0.0,-0.0,-0.0,0.0,0.0,1.0,0.0,0,0.0,1.0,0.0,1,1
380.038,92.383,-23.816,1.568,0.0,-0.0,0.0,-0.0,-0.0,0.0,0.0,1.0,0.0,0,0.0,1.0,0.0,1,1
380.188,92.383,-23.816,1.568,0.0,-0.0,0.0,-0.0,-0.0,0.0,0.0,1.0,0.0,0,0.0,1.0,0.0,1,1
380.338,92.383,-23.816,1.568,0.0,-0.0,0.0,-0.0,-0.0,0.0,0.0,1.0,0.0,0,0.0,1.0,0.0,1,1
380.488,92.383,-23.816,1.568,0.0,-0.0,0.0,-0.0,-0.0,0.0,0.0,1.0,0.0,0,0.0,1.0,0.0,1,1
380.688,92.383,-23.816,1.568,0.0,-0.0,0.0,-0.0,-0.0,0.0,0.0,1.0,0.0,0,0.0,1.0,0.0,1,1
380.838,92.383,-23.816,1.568,0.0,-0.0,0.0,-0.0,-0.0,0.0,0.0,1.0,0.0,0,0.0,1.0,0.0,1,1
380.988,92.383,-23.816,1.568,0.0,-0.0,-0.0,-0.0,-0.0,-0.001,1.0,0.0,-0.004,0,1.0,0.0,-0.004,1,1
381.138,92.383,-23.809,1.568,0.14,0.0,0.14,0.0,0.004,1.165,1.0,0.0,-0.004,0,1.0,0.0,-0.004,1,0
381.288,92.383,-23.757,1.568,0.592,0.001,0.592,0.003,-0.003,4.115,1.0,0.0,-0.004,0,1.0,0.0,-0.004,1,0
381.388,92.383,-23.672,1.569,1.056,0.003,1.056,0.021,0.028,6.216,1.0,0.0,-0.004,0,1.0,0.0,-0.005,1,0
381.538,92.383,-23.433,1.569,2.067,0.004,2.067,0.002,0.021,6.731,1.0,0.0,-0.004,0,1.0,0.0,-0.004,1,0
381.688,92.383,-23.035,1.569,3.203,0.007,3.203,0.005,0.033,7.699,0.888,0.0,-0.004,0,1.0,0.0,-0.004,1,0
381.838,92.383,-22.466,1.57,4.251,0.008,4.251,0.006,0.008,4.458,0.301,0.0,-0.003,0,0.436,0.0,-0.003,1,0
381.988,92.382,-21.788,1.571,4.654,0.007,4.654,0.005,0.014,0.273,0.417,0.0,-0.002,0,0.34,0.0,-0.003,1,0
382.138,92.381,-21.088,1.571,4.694,0.004,4.694,0.003,0.007,0.507,0.367,0.0,-0.002,0,0.429,0.0,-0.002,1,0
382.288,92.38,-20.38,1.572,4.737,0.004,4.737,0.003,0.008,-0.008,0.274,0.0,-0.001,0,0.306,0.0,-0.002,1,0
382.388,92.38,-19.909,1.572,4.679,0.002,4.679,0.002,0.002,-0.809,0.33,0.0,-0.001,0,0.303,0.0,-0.001,1,0
382.538,92.379,-19.217,1.572,4.574,0.001,4.574,0.001,-0.003,-0.465,0.329,0.0,-0.0,0,0.341,0.0,-0.0,1,0
382.688,92.378,-18.536,1.572,4.505,0.001,4.505,-0.001,-0.01,-0.516,0.322,0.0,0.0,0,0.316,0.0,0.0,1,0
382.838,92.377,-17.866,1.572,4.429,-0.0,4.429,0.003,-0.0,-0.414,0.35,0.0,0.0,0,0.344,0.0,0.0,1,0
382.988,92.376,-17.207,1.572,4.378,-0.0,4.378,-0.004,-0.007,-0.266,0.35,0.0,0.0,0,0.351,0.0,0.0,1,0
383.138,92.375,-16.552,1.572,4.347,-0.001,4.347,0.003,-0.003,-0.194,0.353,0.0,0.001,0,0.35,0.0,0.0,1,0
383.288,92.375,-15.902,1.572,4.324,-0.001,4.324,-0.004,-0.004,-0.092,0.362,0.0,0.0,0,0.361,0.0,0.0,1,0
383.438,92.374,-15.255,1.572,4.314,-0.001,4.314,0.003,-0.003,-0.05,0.362,0.0,0.0,0,0.362,0.0,0.0,1,0
383.588,92.374,-14.608,1.572,4.309,-0.001,4.309,-0.004,-0.0,-0.027,0.364,0.0,0.0,0,0.363,0.0,0.0,1,0
383.688,92.373,-14.177,1.572,4.307,-0.001,4.307,-0.004,-0.003,-0.005,0.366,0.0,0.0,0,0.365,0.0,0.0,1,0
383.838,92.373,-13.531,1.572,4.307,-0.001,4.307,0.003,-0.002,0.006,0.365,0.0,0.0,0,0.365,0.0,0.0,1,0
383.988,92.372,-12.885,1.571,4.308,-0.001,4.308,-0.004,-0.003,0.008,0.366,0.0,0.0,0,0.366,0.0,0.0,1,0
384.138,92.372,-12.239,1.571,4.31,-0.001,4.31,0.003,-0.001,0.009,0.366,0.0,0.0,0,0.366,0.0,0.0,1,0
384.288,92.372,-11.592,1.571,4.311,-0.001,4.311,-0.004,-0.394,0.004,0.365,0.0,0.012,0,0.365,0.0,0.012,1,0
384.438,92.375,-10.945,1.569,4.312,-0.025,4.312,-0.015,-1.016,-0.032,0.365,0.0,0.04,0,0.366,0.0,0.039,1,0
384.588,92.389,-10.299,1.561,4.311,-0.081,4.311,-0.065,-0.249,0.021,0.366,0.0,0.077,0,0.366,0.0,0.038,1,0
384.738,92.417,-9.653,1.547,4.31,-0.154,4.307,-0.114,-0.583,-0.017,0.367,0.0,0.122,0,0.373,0.0,0.076,1,0
384.888,92.468,-9.009,1.525,4.307,-0.244,4.3,-0.188,-0.854,0.019,0.373,0.0,0.115,0,0.376,0.0,0.119,1,0
385.038,92.544,-8.367,1.496,4.309,-0.315,4.297,-0.235,-2.37,-0.26,0.379,0.0,0.162,0,0.363,0.0,0.168,1,0
385.188,92.654,-7.731,1.456,4.301,-0.41,4.281,-0.312,-2.735,-0.431,0.365,0.0,0.215,0,0.377,0.0,0.218,1,0
385.338,92.803,-7.103,1.409,4.318,-0.42,4.297,-0.306,-1.157,0.074,0.366,0.0,0.26,0,0.372,0.0,0.201,1,0
385.438,92.926,-6.69,1.373,4.307,-0.511,4.277,-0.378,-1.558,-0.187,0.376,0.0,0.308,0,0.393,0.0,0.249,1,0
385.588,93.148,-6.085,1.311,4.3,-0.6,4.257,-0.451,-1.809,-0.061,0.382,0.0,0.352,0,0.4,0.0,0.293,1,0
385.738,93.421,-5.501,1.24,4.303,-0.681,4.249,-0.506,-2.03,-0.185,0.379,0.0,0.39,0,0.399,0.0,0.333,1,0
385.888,93.746,-4.946,1.16,4.303,-0.754,4.236,-0.562,-2.101,-0.221,0.38,0.0,0.354,0,0.407,0.0,0.368,1,0
386.088,94.257,-4.253,1.048,4.31,-0.796,4.236,-0.593,-2.703,-0.603,0.402,0.0,0.388,0,0.34,0.0,0.401,1,0
386.238,94.696,-3.783,0.956,4.301,-0.852,4.216,-0.632,-2.771,-0.549,0.382,0.0,0.471,0,0.372,0.0,0.432,1,0
386.388,95.183,-3.363,0.859,4.31,-0.907,4.213,-0.675,-2.982,-0.595,0.402,0.0,0.442,0,0.354,0.0,0.457,1,0
386.488,95.532,-3.109,0.794,4.334,-0.868,4.246,-0.639,-3.882,-1.267,0.337,0.0,0.468,0,0.355,0.0,0.482,1,0
386.638,96.085,-2.778,0.692,4.313,-0.908,4.216,-0.669,-2.314,-0.27,0.372,0.0,0.462,0,0.39,0.0,0.435,1,0
386.788,96.669,-2.502,0.593,4.325,-0.896,4.231,-0.664,-2.577,-0.518,0.379,0.0,0.428,0,0.344,0.0,0.445,1,0
386.888,97.071,-2.346,0.529,4.336,-0.84,4.254,-0.618,-1.855,-0.335,0.344,0.0,0.399,0,0.353,0.0,0.393,1,0
387.038,97.689,-2.15,0.441,4.326,-0.778,4.255,-0.572,-1.858,-0.386,0.369,0.0,0.352,0,0.37,0.0,0.367,1,0
387.138,98.107,-2.044,0.386,4.325,-0.721,4.265,-0.528,-1.68,-0.248,0.357,0.0,0.329,0,0.361,0.0,0.337,1,0
387.288,98.743,-1.916,0.311,4.326,-0.649,4.277,-0.478,-1.58,-0.271,0.359,0.0,0.301,0,0.35,0.0,0.315,1,0
387.388,99.169,-1.851,0.266,4.322,-0.597,4.281,-0.439,-1.289,-0.248,0.358,0.0,0.259,0,0.361,0.0,0.276,1,0
387.488,99.598,-1.799,0.225,4.32,-0.542,4.286,-0.398,-1.088,-0.181,0.356,0.0,0.235,0,0.363,0.0,0.247,1,0
387.638,100.242,-1.743,0.17,4.316,-0.469,4.29,-0.343,-1.034,-0.177,0.357,0.0,0.205,0,0.361,0.0,0.225,1,0
387.738,100.673,-1.718,0.138,4.315,-0.411,4.296,-0.3,-0.852,-0.084,1.0,0.0,0.176,0,0.355,0.0,0.185,1,0
387.838,101.104,-1.701,0.11,4.328,-0.373,4.312,-0.273,-0.323,1.784,1.0,0.0,0.133,0,1.0,0.0,0.149,1,0
387.938,101.549,-1.689,0.086,4.61,-0.308,4.6,-0.225,-0.036,5.239,1.0,0.0,0.093,0,1.0,0.0,0.103,1,0
388.038,102.04,-1.676,0.067,5.171,-0.238,5.165,-0.178,-0.64,6.175,1.0,0.0,0.076,0,1.0,0.0,0.085,1,0
388.138,102.582,-1.665,0.05,5.484,-0.187,5.481,-0.157,-0.596,0.932,1.0,0.0,0.062,0,1.0,0.0,0.069,1,0
388.288,103.42,-1.655,0.03,5.634,-0.141,5.632,-0.124,-0.432,-0.969,1.0,0.0,0.044,0,1.0,0.0,0.056,0,0
388.388,104.002,-1.653,0.019,6.323,-0.121,6.322,-0.107,-0.622,12.826,1.0,0.0,0.034,0,1.0,0.0,0.04,2,0
388.488,104.705,-1.654,0.009,7.511,-0.106,7.511,-0.097,-0.502,9.6,1.0,0.0,0.026,0,1.0,0.0,0.03,2,0
388.588,105.509,-1.66,-0.0,8.426,-0.082,8.426,-0.082,-0.378,8.065,1.0,0.0,0.017,0,1.0,0.0,0.021,2,0
388.738,106.84,-1.675,-0.01,8.91,-0.039,8.91,-0.052,-0.206,-3.435,1.0,0.0,0.01,0,1.0,0.0,0.014,0,0
388.838,107.76,-1.689,-0.014,9.587,-0.022,9.587,-0.034,-0.124,8.303,1.0,0.0,0.003,0,1.0,0.0,0.005,3,0
388.938,108.764,-1.706,-0.017,10.369,-0.009,10.369,-0.017,-0.016,6.675,1.0,0.0,-0.0,0,1.0,0.0,0.001,3,0
389.038,109.837,-1.724,-0.017,11.015,0.0,11.015,-0.005,0.062,5.941,1.0,0.0,-0.002,0,1.0,0.0,-0.002,3,0
389.138,110.97,-1.744,-0.017,11.599,0.005,11.599,0.004,0.116,5.616,1.0,0.0,-0.003,0,1.0,0.0,-0.003,3,0
389.238,112.161,-1.763,-0.017,12.156,0.007,12.156,0.01,0.153,5.475,1.0,0.0,-0.003,0,1.0,0.0,-0.003,3,0
389.338,113.406,-1.782,-0.015,12.702,0.006,12.702,0.013,0.165,1.111,1.0,0.0,-0.004,0,1.0,0.0,-0.004,3,0
389.488,115.317,-1.809,-0.013,12.924,0.004,12.924,0.015,0.168,4.812,1.0,0.0,-0.003,0,1.0,0.0,-0.003,0,0
389.588,116.642,-1.825,-0.012,13.488,0.003,13.488,0.014,0.178,5.102,1.0,0.0,-0.003,0,1.0,0.0,-0.003,4,0
389.688,118.019,-1.84,-0.01,13.988,0.002,13.988,0.014,0.158,4.749,1.0,0.0,-0.002,0,1.0,0.0,-0.002,4,0
389.788,119.443,-1.854,-0.009,14.458,-0.0,14.458,0.012,0.168,4.593,1.0,0.0,-0.002,0,1.0,0.0,-0.002,4,0
389.888,120.914,-1.866,-0.008,14.915,-0.001,14.915,0.012,0.146,4.525,1.0,0.0,-0.002,0,1.0,0.0,-0.002,4,0
389.988,122.431,-1.878,-0.007,15.367,-0.002,15.367,0.01,0.147,4.497,1.0,0.0,-0.001,0,1.0,0.0,-0.002,4,0
390.088,123.992,-1.888,-0.006,15.816,-0.003,15.816,0.009,0.127,4.488,1.0,0.0,-0.001,0,1.0,0.0,-0.001,4,0
390.188,125.595,-1.897,-0.005,16.101,-0.004,16.101,0.008,0.123,0.105,1.0,0.0,-0.001,0,0.872,0.0,-0.001,0,0
390.338,128.025,-1.909,-0.004,16.466,-0.004,16.466,0.006,0.099,4.372,0.517,0.0,-0.001,0,0.942,0.0,-0.001,5,0
390.438,129.695,-1.916,-0.004,16.871,-0.004,16.871,0.006,0.093,2.55,0.31,0.0,-0.001,0,0.404,0.0,-0.001,5,0
390.538,131.395,-1.922,-0.003,17.074,-0.003,17.074,0.005,0.08,0.746,0.311,0.0,-0.001,0,0.3,0.0,-0.001,5,0
390.688,133.962,-1.929,-0.002,17.126,-0.003,17.126,0.004,0.073,0.012,0.319,0.0,-0.001,0,0.321,0.0,-0.001,5,0
390.788,135.673,-1.933,-0.002,17.106,-0.003,17.106,0.003,0.06,-0.346,0.284,0.0,-0.0,0,0.297,0.0,-0.001,5,0
390.888,137.381,-1.936,-0.002,17.067,-0.002,17.067,0.003,0.025,-1.357,0.0,1.0,0.0,0,0.0,1.0,0.0,5,0
390.988,139.078,-1.939,-0.001,16.831,-0.003,16.831,0.001,0.023,-4.961,0.0,1.0,0.0,0,0.0,1.0,0.0,5,0
391.088,140.731,-1.942,-0.001,16.288,-0.002,16.288,0.0,0.015,-5.964,0.0,1.0,0.0,0,0.0,1.0,0.0,0,0
391.238,143.085,-1.946,-0.001,15.115,-0.001,15.115,0.0,0.008,-8.465,0.0,1.0,0.0,0,0.0,1.0,0.0,4,0
391.338,144.551,-1.948,-0.001,14.307,-0.0,14.307,0.0,0.003,-7.833,0.0,1.0,0.0,0,0.0,1.0,0.0,4,0
391.438,145.939,-1.95,-0.001,13.529,-0.0,13.529,0.0,0.014,-4.877,1.0,0.0,-0.001,0,1.0,0.0,-0.0,4,0
391.588,147.927,-1.952,-0.001,13.021,0.002,13.021,0.003,0.036,-4.241,1.0,0.0,-0.001,0,1.0,0.0,-0.001,0,0
391.688,149.217,-1.953,-0.001,12.868,0.001,12.868,0.003,0.033,1.686,1.0,0.0,-0.001,0,1.0,0.0,-0.001,3,0
391.838,151.176,-1.954,-0.0,13.282,0.0,13.282,0.002,0.026,3.746,1.0,0.0,-0.0,0,1.0,0.0,-0.0,3,0
391.938,152.523,-1.955,-0.0,13.536,-0.0,13.536,0.001,0.013,-1.051,1.0,0.0,-0.0,0,1.0,0.0,-0.0,0,0
392.038,153.878,-1.955,-0.0,13.694,-0.0,13.694,0.001,0.007,5.441,1.0,0.0,0.0,0,1.0,0.0,-0.0,4,0
392.188,155.996,-1.955,-0.0,14.468,-0.0,14.468,0.0,0.001,4.771,1.0,0.0,0.0,0,1.0,0.0,0.0,4,0
392.288,157.47,-1.955,-0.0,14.94,-0.0,14.94,-0.0,-0.001,4.608,1.0,0.0,0.0,0,1.0,0.0,0.0,4,0
392.388,158.989,-1.956,-0.0,15.399,-0.0,15.399,-0.0,-0.002,4.536,1.0,0.0,0.0,0,1.0,0.0,0.0,4,0
392.488,160.554,-1.956,-0.0,15.852,0.0,15.852,-0.0,-0.002,4.506,1.0,0.0,0.0,0,1.0,0.0,0.0,4,0
392.638,162.963,-1.956,-0.0,16.09,0.0,16.09,-0.0,-0.001,3.493,1.0,0.0,-0.0,0,1.0,0.0,-0.0,0,0
392.738,164.591,-1.956,-0.0,16.505,0.0,16.505,0.0,0.0,4.191,0.5,0.0,-0.0,0,0.798,0.0,-0.0,5,0
392.888,167.112,-1.957,-0.0,16.989,0.0,16.989,0.0,0.001,1.306,0.338,0.0,-0.0,0,0.341,0.0,-0.0,5,0
392.988,168.817,-1.957,-0.0,17.089,0.0,17.089,0.0,0.001,0.32,0.343,0.0,-0.0,0,0.344,0.0,-0.0,5,0
393.138,171.382,-1.957,-0.0,17.106,-0.0,17.106,0.0,0.001,-0.063,0.319,0.0,-0.0,0,0.333,0.0,-0.0,5,0
393.238,173.091,-1.957,-0.0,17.083,-0.0,17.083,0.0,0.001,-0.378,0.278,0.0,-0.0,0,0.288,0.0,-0.0,5,0
393.338,174.797,-1.958,-0.0,17.041,-0.0,17.041,0.0,0.0,-0.522,0.267,0.0,0.0,0,0.271,0.0,-0.0,5,0
393.488,177.346,-1.958,-0.0,16.956,-0.0,16.956,0.0,0.0,-0.604,0.269,0.0,0.0,0,0.267,0.0,0.0,5,0
393.588,179.039,-1.958,-0.0,16.894,-0.0,16.894,-0.0,0.0,-0.62,0.285,0.0,0.0,0,0.278,0.0,0.0,5,0
393.688,180.724,-1.958,-0.0,16.833,-0.0,16.833,-0.0,0.0,-0.579,0.302,0.0,-0.0,0,0.293,0.0,0.0,5,0
393.788,182.405,-1.958,-0.0,16.776,-0.0,16.776,0.0,0.0,-0.512,0.32,0.0,-0.0,0,0.311,0.0,-0.0,5,0
393.938,184.915,-1.959,-0.0,16.706,0.0,16.706,0.0,0.0,-0.385,0.348,0.0,-0.0,0,0.339,0.0,-0.0,5,0
394.038,186.584,-1.959,-0.0,16.669,-0.0,16.669,0.0,0.0,-0.295,0.365,0.0,-0.0,0,0.357,0.0,-0.0,5,0
394.188,189.081,-1.959,-0.0,16.632,-0.0,16.632,0.0,0.0,-0.167,0.386,0.0,-0.0,0,0.379,0.0,-0.0,5,0
394.288,190.743,-1.959,-0.0,16.617,-0.0,16.617,0.0,0.0,-0.093,0.396,0.0,-0.0,0,0.391,0.0,-0.0,5,0
394.438,193.235,-1.96,-0.0,16.608,-0.0,16.608,0.0,0.0,-0.006,0.407,0.0,-0.0,0,0.404,0.0,-0.0,5,0
394.538,194.896,-1.96,-0.0,16.608,-0.0,16.608,0.0,0.0,0.035,0.411,0.0,-0.0,0,0.409,0.0,-0.0,5,0
394.688,197.387,-1.96,-0.0,16.616,-0.0,16.616,0.0,0.0,0.063,0.413,0.0,-0.0,0,0.412,0.0,-0.0,5,0
394.788,199.049,-1.96,-0.0,16.623,-0.0,16.623,0.0,0.0,0.084,0.413,0.0,-0.0,0,0.413,0.0,-0.0,5,0
394.938,201.544,-1.961,-0.0,16.636,-0.0,16.636,0.0,0.0,0.087,0.411,0.0,-0.0,0,0.412,0.0,-0.0,5,0
395.038,203.208,-1.961,-0.0,16.644,-0.0,16.644,0.0,0.0,0.079,0.408,0.0,-0.0,0,0.409,0.0,-0.0,5,0
395.188,205.706,-1.961,-0.0,16.656,0.0,16.656,0.0,0.0,0.069,0.405,0.0,-0.0,0,0.407,0.0,-0.0,5,0
395.288,207.371,-1.961,-0.0,16.662,0.0,16.662,0.0,0.0,0.051,0.402,0.0,-0.0,0,0.403,0.0,-0.0,5,0
395.438,209.871,-1.961,-0.0,16.668,-0.0,16.668,0.0,0.0,0.039,0.399,0.0,-0.0,0,0.401,0.0,-0.0,5,0
395.538,211.538,-1.962,-0.0,16.671,-0.0,16.671,0.0,0.0,0.021,0.397,0.0,-0.0,0,0.398,0.0,-0.0,5,0
395.638,213.206,-1.962,-0.0,16.673,-0.0,16.673,0.0,0.0,0.012,0.395,0.0,-0.0,0,0.396,0.0,-0.0,5,0
395.788,215.707,-1.962,-0.0,16.674,-0.0,16.674,0.0,0.0,0.0,0.394,0.0,-0.0,0,0.394,0.0,-0.0,5,0
395.888,217.374,-1.962,-0.0,16.674,0.0,16.674,0.0,0.0,-0.005,0.394,0.0,-0.0,0,0.394,0.0,-0.0,5,0
396.038,219.875,-1.962,-0.0,16.673,0.0,16.673,0.0,0.0,-0.008,0.393,0.0,-0.0,0,0.394,0.0,-0.0,5,0
396.138,221.542,-1.963,-0.0,16.672,0.0,16.672,0.0,0.0,-0.011,0.393,0.0,-0.0,0,0.393,0.0,-0.0,5,0
396.238,223.21,-1.963,-0.0,16.671,0.0,16.671,0.0,0.0,-0.011,0.394,0.0,-0.0,0,0.394,0.0,-0.0,5,0
396.388,225.71,-1.963,-0.0,16.669,0.0,16.669,0.0,0.0,-0.01,0.394,0.0,-0.0,0,0.394,0.0,-0.0,5,0
396.538,228.21,-1.963,-0.0,16.668,0.0,16.668,0.0,0.0,-0.009,0.394,0.0,-0.0,0,0.394,0.0,-0.0,5,0
396.638,229.877,-1.964,-0.0,16.667,0.0,16.667,0.0,0.0,-0.007,0.395,0.0,-0.0,0,0.395,0.0,-0.0,5,0
396.788,232.377,-1.964,-0.0,16.666,0.0,16.666,0.0,0.0,-0.005,0.395,0.0,-0.0,0,0.395,0.0,-0.0,5,0
396.888,234.044,-1.964,-0.0,16.666,-0.0,16.666,0.0,-0.0,-0.003,0.395,0.0,0.0,0,0.395,0.0,0.0,5,0
397.038,236.544,-1.964,-0.0,16.666,-0.0,16.666,-0.0,-0.0,-0.001,0.396,0.0,0.0,0,0.396,0.0,0.0,5,0
397.138,238.21,-1.964,-0.0,16.666,0.0,16.666,-0.0,-0.0,0.0,0.396,0.0,0.0,0,0.396,0.0,0.0,5,0
397.288,240.71,-1.965,-0.0,16.666,-0.0,16.666,-0.0,-0.0,0.001,0.396,0.0,0.0,0,0.396,0.0,0.0,5,0
397.388,242.377,-1.965,-0.0,16.666,0.0,16.666,-0.0,0.0,0.001,0.396,0.0,-0.0,0,0.396,0.0,-0.0,5,0
397.538,244.877,-1.965,-0.0,16.666,0.0,16.666,0.0,0.0,0.001,0.396,0.0,-0.0,0,0.396,0.0,-0.0,5,0
397.638,246.543,-1.965,-0.0,16.666,0.0,16.666,0.0,0.0,0.001,0.396,0.0,-0.0,0,0.396,0.0,-0.0,5,0
397.788,249.043,-1.966,-0.0,16.666,0.0,16.666,0.0,0.0,0.001,0.396,0.0,-0.0,0,0.396,0.0,-0.0,5,0
397.938,251.543,-1.966,-0.0,16.667,0.0,16.667,0.0,0.0,0.001,0.396,0.0,-0.0,0,0.396,0.0,-0.0,5,0
398.038,253.21,-1.966,-0.0,16.667,0.0,16.667,0.0,0.0,0.001,0.396,0.0,-0.0,0,0.396,0.0,-0.0,5,0
398.188,255.71,-1.966,-0.0,16.667,0.0,16.667,0.0,0.0,0.0,0.396,0.0,-0.0,0,0.396,0.0,-0.0,5,0
398.288,257.376,-1.966,-0.0,16.667,0.0,16.667,0.0,0.0,0.0,0.396,0.0,-0.0,0,0.396,0.0,-0.0,5,0
398.438,259.876,-1.967,-0.0,16.667,0.0,16.667,0.0,0.0,0.0,0.396,0.0,-0.0,0,0.396,0.0,-0.0,5,0
398.538,261.543,-1.967,-0.0,16.667,0.0,16.667,0.0,0.0,-0.0,0.396,0.0,-0.0,0,0.396,0.0,-0.0,5,0
398.688,264.043,-1.967,-0.0,16.667,0.0,16.667,-0.0,-0.0,-0.0,0.396,0.0,0.0,0,0.396,0.0,0.0,5,0
398.838,266.542,-1.967,-0.0,16.667,0.0,16.667,-0.0,-0.0,-0.0,0.396,0.0,0.0,0,0.396,0.0,0.0,5,0
398.938,268.209,-1.968,-0.0,16.667,0.0,16.667,-0.0,-0.0,-0.0,0.396,0.0,0.0,0,0.396,0.0,0.0,5,0
399.088,270.709,-1.968,-0.0,16.667,0.0,16.667,-0.0,-0.0,-0.0,0.396,0.0,0.0,0,0.396,0.0,0.0,5,0
399.238,273.209,-1.968,-0.0,16.667,0.0,16.667,-0.0,-0.0,-0.0,0.396,0.0,0.0,0,0.396,0.0,0.0,5,0
399.338,274.875,-1.968,-0.0,16.667,0.0,16.667,-0.0,-0.0,-0.0,0.396,0.0,0.0,0,0.396,0.0,0.0,5,0
399.488,277.375,-1.969,-0.0,16.667,0.0,16.667,-0.0,-0.001,-0.0,0.396,0.0,0.0,0,0.396,0.0,0.0,5,0
399.638,279.875,-1.969,-0.0,16.667,-0.0,16.667,-0.0,-0.004,0.0,0.396,0.0,0.0,0,0.396,0.0,0.0,5,0
399.738,281.542,-1.969,-0.0,16.667,-0.0,16.667,-0.0,-0.006,0.0,0.396,0.0,0.0,0,0.396,0.0,0.0,5,0
399.888,284.042,-1.97,-0.0,16.667,0.0,16.667,-0.001,-0.007,0.0,0.396,0.0,0.0,0,0.396,0.0,0.0,5,0
399.988,285.708,-1.97,-0.0,16.667,0.0,16.667,-0.001,-0.007,0.0,0.396,0.0,0.0,0,0.396,0.0,0.0,5,0
400.138,288.208,-1.971,-0.0,16.667,0.0,16.667,-0.0,-0.006,0.0,0.396,0.0,0.0,0,0.396,0.0,0.0,5,0
400.288,290.708,-1.972,-0.0,16.667,0.0,16.667,-0.0,-0.005,0.0,0.396,0.0,0.0,0,0.396,0.0,0.0,5,0
400.388,292.375,-1.972,-0.0,16.667,0.0,16.667,-0.0,-0.004,0.0,0.396,0.0,0.0,0,0.396,0.0,0.0,5,0
400.538,294.875,-1.973,-0.0,16.667,0.0,16.667,-0.0,-0.003,0.0,0.396,0.0,0.0,0,0.396,0.0,0.0,5,0
400.688,297.375,-1.974,-0.0,16.667,0.0,16.667,-0.0,-0.002,0.0,0.0,0.0,0.0,0,0.396,0.0,0.0,5,0
400.788,299.039,-1.975,-0.0,16.616,0.0,16.616,-0.0,-0.001,-1.213,0.0,0.0,0.0,0,0.0,0.0,0.0,5,0
400.938,301.519,-1.976,-0.0,16.494,0.0,16.494,-0.0,-0.001,-0.093,0.0,0.0,-0.0,0,0.0,0.0,0.0,0,0
401.088,303.966,-1.978,-0.0,16.054,0.0,16.054,0.0,-0.0,-3.834,0.0,0.0,-0.0,0,0.0,0.0,-0.0,4,0
401.188,305.553,-1.978,-0.0,15.729,0.0,15.729,0.0,-0.0,-3.106,0.0,0.0,-0.0,0,0.0,0.0,-0.0,4,0
401.288,307.11,-1.979,-0.0,15.443,-0.0,15.443,0.0,0.0,-2.719,0.0,0.0,-0.0,0,0.0,0.0,-0.0,4,0
401.438,309.394,-1.98,-0.0,15.043,-0.0,15.043,0.0,-0.001,-2.581,0.0,0.0,0.0,0,0.0,0.0,0.0,4,0
401.588,311.62,-1.981,-0.0,14.661,-0.0,14.661,-0.0,-0.002,-2.5,0.0,0.0,0.0,0,0.0,0.0,0.0,4,0
401.738,313.789,-1.982,-0.001,14.289,-0.0,14.289,-0.0,-0.002,-2.434,0.0,0.0,0.0,0,0.0,0.0,0.0,4,0
401.888,315.903,-1.983,-0.001,13.927,-0.0,13.927,-0.0,-0.002,-2.393,0.0,0.0,0.0,0,0.0,0.0,0.0,4,0
401.988,317.283,-1.984,-0.001,13.691,0.0,13.691,-0.0,-0.001,-2.333,0.0,0.0,-0.0,0,0.0,0.0,0.0,4,0
402.138,319.308,-1.985,-0.001,13.351,0.0,13.351,-0.0,-0.0,-3.318,0.0,1.0,0.0,0,0.0,1.0,0.0,0,0
402.288,321.259,-1.986,-0.001,12.496,0.0,12.496,0.0,-0.0,-8.997,0.0,1.0,0.0,0,0.0,1.0,0.0,3,0
402.388,322.459,-1.987,-0.001,11.616,-0.0,11.616,0.0,0.0,-8.312,0.0,1.0,0.0,0,0.0,1.0,0.0,3,0
402.538,324.102,-1.988,-0.001,10.399,-0.0,10.399,0.0,0.0,-7.916,0.0,1.0,0.0,0,0.0,1.0,0.0,3,0
402.638,325.109,-1.989,-0.001,9.891,-0.0,9.891,0.0,0.0,-11.608,0.0,1.0,0.0,0,0.0,1.0,0.0,0,0
402.788,326.455,-1.984,0.003,8.247,0.143,8.246,0.129,-0.902,-5.575,0.0,0.0,0.036,0,0.0,0.0,0.006,2,0
402.938,327.63,-1.976,0.006,7.509,-0.089,7.508,-0.076,-1.524,-4.206,0.0,0.0,0.149,0,0.0,0.0,0.047,2,0
403.038,328.366,-1.996,-0.011,7.309,-0.283,7.303,-0.273,-3.009,-0.411,0.0,0.0,0.215,0,0.0,0.0,0.157,0,0
403.188,329.39,-2.09,-0.067,6.218,-0.46,6.201,-0.42,-3.881,-7.775,0.0,0.0,0.274,0,0.0,0.0,0.275,1,0
403.338,330.226,-2.251,-0.14,5.304,-0.564,5.274,-0.526,-3.286,-5.34,0.0,0.0,0.325,0,0.0,0.0,0.33,1,0
403.438,330.712,-2.388,-0.194,4.81,-0.604,4.772,-0.523,-4.192,-6.783,0.0,0.0,0.366,0,0.0,0.0,0.373,1,0
403.588,331.319,-2.633,-0.273,4.06,-0.687,4.001,-0.502,-2.752,-4.676,0.0,0.0,0.398,0,0.0,0.0,0.408,1,0
403.688,331.66,-2.809,-0.325,3.69,-0.715,3.62,-0.511,-0.947,-3.317,0.0,0.0,0.439,0,0.0,0.0,0.387,1,0
403.838,332.097,-3.079,-0.399,3.229,-0.683,3.156,-0.486,-0.961,-2.759,0.377,0.0,0.404,0,0.221,0.0,0.417,1,0
403.988,332.466,-3.351,-0.468,2.963,-0.664,2.888,-0.472,-2.23,-1.698,0.576,0.0,0.447,0,0.502,0.0,0.458,1,0
404.088,332.693,-3.544,-0.515,3.025,-0.668,2.951,-0.47,-1.254,1.718,0.573,0.0,0.412,0,0.623,0.0,0.424,1,0
404.238,333.041,-3.872,-0.587,3.336,-0.73,3.255,-0.524,-2.402,1.381,0.473,0.0,0.445,0,0.445,0.0,0.457,1,0
404.338,333.274,-4.124,-0.641,3.517,-0.758,3.434,-0.54,-1.938,1.232,0.461,0.0,0.49,0,0.458,0.0,0.431,1,0
404.488,333.612,-4.547,-0.727,3.706,-0.843,3.608,-0.613,-2.604,0.606,0.48,0.0,0.449,0,0.448,0.0,0.478,1,0
404.588,333.825,-4.858,-0.787,3.847,-0.833,3.756,-0.602,-1.922,0.971,0.399,0.0,0.484,0,0.45,0.0,0.434,1,0
404.738,334.122,-5.366,-0.88,3.987,-0.878,3.889,-0.641,-2.543,0.106,0.429,0.0,0.455,0,0.378,0.0,0.47,1,0
404.838,334.297,-5.727,-0.943,4.061,-0.847,3.971,-0.615,-2.033,0.269,0.375,0.0,0.46,0,0.395,0.0,0.423,1,0
404.938,334.456,-6.102,-1.004,4.104,-0.862,4.012,-0.633,-2.456,-0.244,0.406,0.0,0.426,0,0.356,0.0,0.443,1,0
405.038,334.591,-6.49,-1.067,4.136,-0.833,4.051,-0.608,-1.941,0.013,0.37,0.0,0.391,0,0.383,0.0,0.408,1,0
405.138,334.71,-6.887,-1.125,4.174,-0.777,4.101,-0.565,-1.725,-0.103,0.343,0.0,0.359,0,0.346,0.0,0.374,1,0
405.238,334.812,-7.292,-1.179,4.188,-0.717,4.126,-0.522,-1.596,-0.288,0.352,0.0,0.336,0,0.339,0.0,0.345,1,0
405.338,334.899,-7.701,-1.229,4.183,-0.669,4.129,-0.488,-1.517,-0.278,0.367,0.0,0.309,0,0.354,0.0,0.322,1,0
405.488,335.001,-8.319,-1.298,4.183,-0.597,4.141,-0.437,-1.382,-0.164,0.346,0.0,0.267,0,0.357,0.0,0.296,1,0
405.588,335.052,-8.733,-1.339,4.185,-0.544,4.149,-0.398,-1.041,-0.211,0.697,0.0,0.244,0,0.351,0.0,0.255,1,0
405.688,335.091,-9.149,-1.377,4.197,-0.498,4.167,-0.364,-1.132,0.817,0.433,0.0,0.213,0,0.472,0.0,0.233,1,0
405.788,335.121,-9.573,-1.411,4.297,-0.451,4.273,-0.33,-0.896,0.569,1.0,0.0,0.193,0,0.341,0.0,0.202,1,0
405.888,335.143,-10.006,-1.442,4.362,-0.41,4.343,-0.301,-0.976,1.155,0.533,0.0,0.163,0,0.54,0.0,0.184,1,0
405.988,335.157,-10.449,-1.471,4.504,-0.364,4.489,-0.267,-0.768,1.374,0.355,0.0,0.145,0,0.441,0.0,0.154,1,0
406.088,335.165,-10.906,-1.496,4.622,-0.326,4.61,-0.242,-0.737,0.266,0.322,0.0,0.131,0,0.314,0.0,0.138,1,0
406.188,335.165,-11.37,-1.518,4.634,-0.294,4.625,-0.219,-0.176,-0.184,0.394,0.0,0.103,0,0.361,0.0,0.11,1,0
406.288,335.16,-11.832,-1.537,4.622,-0.237,4.616,-0.175,-0.449,0.04,0.393,0.0,0.092,0,0.405,0.0,0.097,1,0
406.388,335.151,-12.295,-1.553,4.634,-0.209,4.629,-0.155,0.01,0.138,0.352,0.0,0.068,0,0.373,0.0,0.073,1,0
406.488,335.14,-12.758,-1.566,4.642,-0.16,4.639,-0.117,-0.263,-0.139,0.347,0.0,0.06,0,0.344,0.0,0.064,1,0
406.588,335.125,-13.221,-1.577,4.626,-0.138,4.624,-0.102,0.142,-0.208,0.369,0.0,0.041,0,0.36,0.0,0.045,1,0
406.688,335.11,-13.683,-1.585,4.608,-0.098,4.607,-0.071,-0.13,-0.115,0.37,0.0,0.036,0,0.374,0.0,0.038,1,0
406.788,335.094,-14.143,-1.591,4.6,-0.082,4.599,-0.061,-0.165,-0.075,0.361,0.0,0.021,0,0.368,0.0,0.034,1,0
406.888,335.077,-14.602,-1.597,4.593,-0.056,4.593,-0.04,0.024,-0.107,0.362,0.0,0.017,0,0.363,0.0,0.019,1,0
406.988,335.06,-15.06,-1.6,4.583,-0.041,4.583,-0.03,-0.03,-0.093,0.368,0.0,0.007,0,0.362,0.0,0.017,1,0
407.088,335.043,-15.518,-1.602,4.574,-0.021,4.574,-0.014,0.248,-0.063,0.373,0.0,0.005,0,0.368,0.0,0.007,1,0
407.188,335.027,-15.975,-1.603,4.569,-0.011,4.569,-0.008,0.027,-0.026,0.372,0.0,0.004,0,0.37,0.0,0.004,1,0
407.238,335.019,-16.203,-1.603,4.567,-0.009,4.567,-0.007,0.238,-0.018,0.371,0.0,-0.004,0,0.368,0.0,-0.003,1,0
407.338,335.004,-16.659,-1.603,4.564,0.006,4.564,0.005,0.059,-0.017,0.373,0.0,-0.004,0,0.369,0.0,-0.004,1,0
407.438,334.991,-17.115,-1.603,4.561,0.008,4.561,0.006,0.027,-0.006,0.374,0.0,-0.009,0,0.37,0.0,-0.004,1,0
407.538,334.977,-17.571,-1.602,4.559,0.017,4.559,0.013,0.107,0.005,0.374,0.0,-0.009,0,0.371,0.0,-0.009,1,0
407.638,334.965,-18.027,-1.6,4.559,0.019,4.559,0.014,0.058,0.01,0.374,0.0,-0.012,0,0.371,0.0,-0.008,1,0
407.738,334.954,-18.483,-1.599,4.558,0.024,4.558,0.018,0.106,0.009,0.374,0.0,-0.011,0,0.371,0.0,-0.011,1,0
407.838,334.944,-18.938,-1.597,4.558,0.025,4.558,0.019,0.066,0.013,0.374,0.0,-0.013,0,0.371,0.0,-0.011,1,0
407.938,334.935,-19.394,-1.595,4.558,0.027,4.558,0.02,0.096,0.015,0.374,0.0,-0.012,0,0.371,0.0,-0.012,1,0
408.038,334.927,-19.85,-1.593,4.558,0.027,4.558,0.02,0.065,0.016,0.374,0.0,-0.011,0,0.371,0.0,-0.011,1,0
408.138,334.92,-20.306,-1.591,4.558,0.024,4.558,0.018,0.122,0.014,0.374,0.0,-0.011,0,0.371,0.0,-0.012,1,0
408.238,334.913,-20.761,-1.589,4.558,0.026,4.558,0.019,0.067,0.015,0.374,0.0,-0.01,0,0.371,0.0,-0.011,1,0
408.338,334.908,-21.217,-1.587,4.558,0.024,4.558,0.017,0.097,0.015,0.374,0.0,-0.01,0,0.371,0.0,-0.011,1,0
408.438,334.903,-21.673,-1.586,4.559,0.024,4.559,0.018,0.058,0.015,0.374,0.0,-0.009,0,0.371,0.0,-0.01,1,0
408.538,334.898,-22.129,-1.584,4.559,0.022,4.559,0.016,0.049,0.015,0.374,0.0,-0.009,0,0.371,0.0,-0.009,1,0
408.638,334.895,-22.585,-1.582,4.559,0.02,4.559,0.015,0.053,0.015,0.374,0.0,-0.008,0,0.371,0.0,-0.009,1,0
408.738,334.892,-23.041,-1.581,4.559,0.019,4.559,0.014,0.043,0.015,0.374,0.0,-0.008,0,0.371,0.0,-0.008,1,0
408.838,334.889,-23.497,-1.58,4.559,0.017,4.559,0.013,0.042,0.014,0.374,0.0,-0.007,0,0.371,0.0,-0.007,1,0
408.938,334.887,-23.953,-1.579,4.559,0.016,4.559,0.012,0.035,0.014,0.374,0.0,-0.006,0,0.371,0.0,-0.006,1,0
409.038,334.885,-24.409,-1.577,4.559,0.014,4.559,0.01,0.032,0.014,0.374,0.0,-0.006,0,0.371,0.0,-0.006,1,0
409.138,334.883,-24.865,-1.576,4.559,0.013,4.559,0.009,0.028,0.014,0.374,0.0,-0.005,0,0.371,0.0,-0.005,1,0
409.238,334.882,-25.321,-1.576,4.559,0.011,4.559,0.008,0.021,0.014,0.374,0.0,-0.004,0,0.371,0.0,-0.005,1,0
409.338,334.881,-25.776,-1.575,4.559,0.01,4.559,0.007,0.021,0.014,0.374,0.0,-0.004,0,0.371,0.0,-0.004,1,0
409.438,334.88,-26.232,-1.574,4.559,0.009,4.559,0.006,0.012,0.014,0.374,0.0,-0.003,0,0.371,0.0,-0.003,1,0
409.538,334.88,-26.688,-1.574,4.559,0.007,4.559,0.005,0.015,0.014,0.374,0.0,-0.003,0,0.371,0.0,-0.003,1,0
409.638,334.879,-27.144,-1.573,4.559,0.007,4.559,0.005,0.006,0.014,0.374,0.0,-0.002,0,0.371,0.0,-0.002,1,0
409.738,334.879,-27.6,-1.573,4.559,0.005,4.559,0.004,0.01,0.014,0.374,0.0,-0.002,0,0.371,0.0,-0.002,1,0
409.838,334.878,-28.056,-1.572,4.559,0.005,4.559,0.004,0.011,0.014,0.374,0.0,-0.002,0,0.371,0.0,-0.002,1,0
409.938,334.878,-28.512,-1.572,4.559,0.004,4.559,0.003,0.005,0.014,0.374,0.0,-0.001,0,0.371,0.0,-0.002,1,0
410.038,334.878,-28.968,-1.572,4.559,0.003,4.559,0.002,0.006,0.014,0.374,0.0,-0.001,0,0.371,0.0,-0.001,1,0
410.138,334.878,-29.424,-1.571,4.559,0.002,4.559,0.002,0.002,0.014,0.374,0.0,-0.001,0,0.371,0.0,-0.001,1,0
410.238,334.878,-29.88,-1.571,4.559,0.002,4.559,0.001,0.004,0.014,0.374,0.0,-0.001,0,0.371,0.0,-0.001,1,0
410.338,334.878,-30.336,-1.571,4.559,0.002,4.559,0.001,-0.003,0.014,0.0,1.0,0.0,0,0.371,0.0,-0.001,1,0
410.438,334.878,-30.791,-1.571,4.504,0.0,4.504,0.0,-0.005,-3.438,0.0,1.0,0.0,0,0.0,1.0,0.0,1,0
410.538,334.878,-31.22,-1.571,4.071,0.0,4.071,0.0,-0.001,-6.26,0.0,1.0,0.0,0,0.0,1.0,0.0,1,0
410.638,334.878,-31.591,-1.571,3.454,-0.0,3.454,0.0,-0.0,-5.729,0.0,1.0,0.0,0,0.0,1.0,0.0,1,0
410.738,334.878,-31.905,-1.571,2.876,-0.0,2.876,0.0,0.0,-5.488,0.0,1.0,0.0,0,0.0,1.0,0.0,1,0
410.838,334.878,-32.162,-1.571,2.328,-0.0,2.328,0.0,0.0,-18.275,0.0,1.0,0.0,0,0.0,1.0,0.0,1,0
410.938,334.878,-32.282,-1.571,0.204,-0.0,0.204,0.0,0.0,-4.094,1.0,0.0,-0.0,0,0.0,1.0,0.0,1,0
411.038,334.878,-32.282,-1.571,0.006,-0.0,-0.006,0.0,-0.0,-0.097,1.0,0.0,-0.0,0,1.0,0.0,-0.0,1,1
411.138,334.878,-32.287,-1.571,0.14,0.0,0.14,-0.014,-0.002,3.475,1.0,0.0,-0.0,0,1.0,0.0,-0.0,1,0
411.238,334.878,-32.322,-1.571,0.52,0.001,0.52,-0.006,-0.03,3.36,1.0,0.0,-0.0,0,1.0,0.0,-0.0,1,0
411.338,334.878,-32.394,-1.571,0.915,0.0,0.915,0.013,-0.006,5.003,1.0,0.0,0.0,0,1.0,0.0,-0.0,1,0
411.438,334.878,-32.515,-1.571,1.487,-0.0,1.487,-0.008,-0.01,6.774,1.0,0.0,-0.0,0,1.0,0.0,0.0,1,0
411.538,334.878,-32.702,-1.571,2.168,0.0,2.168,-0.011,-0.001,6.172,1.0,0.0,-0.0,0,1.0,0.0,-0.0,1,0
411.638,334.878,-32.954,-1.571,2.838,0.001,2.838,-0.006,-0.002,8.616,1.0,0.0,-0.0,0,1.0,0.0,-0.0,1,0
411.738,334.878,-33.285,-1.571,3.67,0.0,3.67,0.0,0.001,7.559,0.739,0.0,-0.0,0,0.983,0.0,-0.0,1,0
411.838,334.878,-33.693,-1.571,4.39,0.0,4.39,0.0,0.0,5.291,0.316,0.0,-0.0,0,0.502,0.0,-0.0,1,0
411.938,334.878,-34.159,-1.571,4.818,0.0,4.818,0.0,-0.002,1.402,0.302,0.0,-0.0,0,0.256,0.0,-0.0,1,0
412.038,334.878,-34.646,-1.571,4.903,0.0,4.903,0.0,-0.001,-0.008,0.466,0.0,0.0,0,0.4,0.0,0.0,1,0
412.138,334.878,-35.136,-1.571,4.915,-0.0,4.915,-0.0,-0.002,0.543,0.411,0.0,0.0,0,0.469,0.0,0.0,1,0
412.238,334.878,-35.63,-1.571,4.97,-0.0,4.97,-0.0,-0.001,0.242,0.28,0.0,0.0,0,0.334,0.0,0.0,1,0
412.338,334.878,-36.127,-1.571,4.969,-0.0,4.969,-0.0,0.0,-0.68,0.296,0.0,0.0,0,0.27,0.0,0.0,1,0
412.438,334.877,-36.62,-1.571,4.892,-0.0,4.892,-0.0,0.0,-0.815,0.357,0.0,0.0,0,0.332,0.0,0.0,1,0
412.538,334.877,-37.105,-1.571,4.819,-0.0,4.819,-0.0,0.001,-0.462,0.348,0.0,0.0,0,0.361,0.0,-0.0,1,0
412.638,334.876,-37.584,-1.571,4.777,-0.0,4.777,-0.0,0.001,-0.408,0.323,0.0,-0.0,0,0.332,0.0,-0.0,1,0
412.738,334.876,-38.059,-1.571,4.733,0.0,4.733,0.0,0.001,-0.523,0.336,0.0,-0.0,0,0.325,0.0,-0.0,1,0
412.838,334.876,-38.53,-1.571,4.681,0.0,4.681,0.0,-0.001,-0.442,0.358,0.0,0.0,0,0.349,0.0,-0.0,1,0
412.938,334.876,-38.996,-1.571,4.642,-0.0,4.642,-0.0,-0.001,-0.269,0.359,0.0,0.0,0,0.361,0.0,0.0,1,0
413.038,334.876,-39.458,-1.571,4.617,-0.0,4.617,-0.0,-0.001,-0.202,0.356,0.0,0.0,0,0.356,0.0,0.0,1,0
413.138,334.875,-39.919,-1.571,4.597,-0.0,4.597,-0.0,0.001,-0.188,0.362,0.0,0.0,0,0.358,0.0,0.0,1,0
413.238,334.875,-40.378,-1.571,4.579,-0.0,4.579,-0.001,0.001,-0.139,0.369,0.0,-0.0,0,0.366,0.0,0.0,1,0
413.338,334.874,-40.835,-1.571,4.567,0.0,4.567,-0.002,0.0,-0.079,0.371,0.0,-0.0,0,0.37,0.0,-0.0,1,0
413.488,334.874,-41.519,-1.571,4.559,-0.0,4.559,0.002,-0.002,-0.037,0.371,0.0,0.0,0,0.371,0.0,-0.0,1,0
413.588,334.874,-41.975,-1.571,4.556,-0.0,4.556,0.002,-0.002,-0.025,0.371,0.0,0.0,0,0.37,0.0,0.0,1,0
413.688,334.873,-42.431,-1.571,4.554,-0.0,4.554,0.002,0.0,-0.017,0.373,0.0,-0.0,0,0.372,0.0,0.0,1,0
413.788,334.873,-42.886,-1.571,4.553,0.0,4.553,0.002,0.0,0.003,0.373,0.0,0.0,0,0.373,0.0,-0.0,1,0
413.888,334.873,-43.341,-1.571,4.554,-0.0,4.554,0.002,-0.0,0.007,0.373,0.0,0.0,0,0.373,0.0,0.0,1,0
413.988,334.873,-43.797,-1.571,4.555,-0.0,4.555,0.002,-0.001,0.007,0.373,0.0,0.0,0,0.373,0.0,0.0,1,0
414.088,334.872,-44.252,-1.571,4.555,-0.0,4.555,0.002,-0.0,0.007,0.373,0.0,-0.0,0,0.373,0.0,0.0,1,0
414.188,334.872,-44.708,-1.571,4.556,-0.0,4.556,0.002,0.0,0.008,0.373,0.0,0.007,0,0.373,0.0,-0.0,1,0
414.288,334.871,-45.163,-1.572,4.557,-0.012,4.557,-0.008,-0.262,0.007,0.373,0.0,0.007,0,0.373,0.0,0.007,1,0
414.388,334.869,-45.619,-1.573,4.558,-0.016,4.558,-0.011,-0.877,-0.019,0.373,0.0,0.031,0,0.373,0.0,0.03,1,0
414.488,334.862,-46.075,-1.577,4.557,-0.063,4.557,-0.047,-0.288,0.003,0.373,0.0,0.029,0,0.375,0.0,0.03,1,0
414.588,334.852,-46.53,-1.582,4.559,-0.065,4.558,-0.047,-1.429,-0.073,0.372,0.0,0.064,0,0.373,0.0,0.064,1,0
414.688,334.834,-46.986,-1.591,4.557,-0.134,4.555,-0.102,-0.545,-0.007,0.375,0.0,0.106,0,0.379,0.0,0.063,1,0
414.788,334.807,-47.44,-1.603,4.554,-0.203,4.55,-0.155,-1.114,-0.058,0.383,0.0,0.103,0,0.374,0.0,0.105,1,0
414.888,334.767,-47.894,-1.62,4.557,-0.224,4.551,-0.166,-2.326,-0.24,0.371,0.0,0.148,0,0.378,0.0,0.15,1,0
414.988,334.712,-48.346,-1.641,4.553,-0.312,4.543,-0.235,-1.079,-0.024,0.377,0.0,0.138,0,0.389,0.0,0.144,1,0
415.088,334.646,-48.797,-1.665,4.562,-0.305,4.551,-0.225,-2.625,-0.367,0.363,0.0,0.188,0,0.373,0.0,0.191,1,0
415.188,334.561,-49.244,-1.693,4.553,-0.394,4.536,-0.296,-1.324,-0.079,0.383,0.0,0.237,0,0.394,0.0,0.182,1,0
415.288,334.46,-49.687,-1.724,4.546,-0.466,4.523,-0.353,-2.0,-0.195,0.403,0.0,0.225,0,0.375,0.0,0.232,1,0
415.388,334.337,-50.125,-1.76,4.554,-0.481,4.529,-0.359,-3.254,-0.526,0.371,0.0,0.273,0,0.384,0.0,0.28,1,0
415.488,334.192,-50.556,-1.801,4.551,-0.568,4.515,-0.427,-1.822,-0.098,0.382,0.0,0.318,0,0.399,0.0,0.264,1,0
415.588,334.025,-50.979,-1.845,4.549,-0.631,4.505,-0.475,-2.43,-0.337,0.405,0.0,0.299,0,0.367,0.0,0.31,1,0
415.638,333.932,-51.186,-1.869,4.551,-0.644,4.505,-0.485,-1.949,-0.162,0.384,0.0,0.351,0,0.405,0.0,0.299,1,0
415.738,333.73,-51.593,-1.918,4.549,-0.7,4.495,-0.528,-2.532,-0.376,0.406,0.0,0.329,0,0.37,0.0,0.341,1,0
415.838,333.503,-51.987,-1.971,4.561,-0.698,4.507,-0.521,-1.859,-0.072,0.365,0.0,0.368,0,0.384,0.0,0.316,1,0
415.938,333.256,-52.369,-2.023,4.56,-0.737,4.5,-0.555,-2.584,-0.535,0.404,0.0,0.346,0,0.351,0.0,0.358,1,0
416.038,332.986,-52.735,-2.078,4.559,-0.73,4.5,-0.546,-3.736,-0.944,0.377,0.0,0.385,0,0.391,0.0,0.396,1,0
416.138,332.693,-53.082,-2.137,4.55,-0.796,4.479,-0.599,-2.33,-0.217,0.416,0.0,0.371,0,0.416,0.0,0.371,1,0
416.238,332.378,-53.409,-2.197,4.553,-0.839,4.475,-0.633,-3.899,-0.92,0.362,0.0,0.406,0,0.386,0.0,0.419,1,0
416.288,332.212,-53.564,-2.229,4.558,-0.841,4.479,-0.63,-2.487,-0.323,0.378,0.0,0.438,0,0.403,0.0,0.392,1,0
416.388,331.865,-53.858,-2.292,4.555,-0.876,4.47,-0.658,-2.968,-0.61,0.409,0.0,0.408,0,0.363,0.0,0.423,1,0
416.488,331.498,-54.127,-2.357,4.565,-0.857,4.483,-0.638,-2.303,-0.208,0.365,0.0,0.441,0,0.385,0.0,0.391,1,0
416.588,331.116,-54.374,-2.421,4.563,-0.883,4.477,-0.662,-3.001,-0.654,0.419,0.0,0.411,0,0.378,0.0,0.427,1,0
416.688,330.717,-54.594,-2.486,4.573,-0.865,4.49,-0.644,-2.507,-0.318,0.386,0.0,0.449,0,0.419,0.0,0.411,1,0
416.738,330.512,-54.696,-2.518,4.597,-0.841,4.519,-0.626,-4.104,-0.864,0.344,0.0,0.432,0,0.386,0.0,0.449,1,0
416.838,330.09,-54.876,-2.585,4.604,-0.901,4.515,-0.678,-2.492,-0.361,0.369,0.0,0.393,0,0.388,0.0,0.413,1,0
416.938,329.657,-55.031,-2.649,4.621,-0.845,4.543,-0.629,-2.255,-0.284,0.359,0.0,0.374,0,0.369,0.0,0.393,1,0
416.988,329.438,-55.101,-2.68,4.626,-0.806,4.555,-0.598,-1.912,-0.356,0.351,0.0,0.338,0,0.35,0.0,0.355,1,0
417.088,328.993,-55.226,-2.736,4.622,-0.732,4.564,-0.542,-1.734,-0.406,0.367,0.0,0.319,0,0.358,0.0,0.322,1,0
417.188,328.545,-55.333,-2.788,4.608,-0.682,4.557,-0.507,-1.747,-0.34,0.383,0.0,0.29,0,0.372,0.0,0.304,1,0
417.288,328.094,-55.422,-2.836,4.605,-0.628,4.562,-0.466,-1.533,-0.168,0.368,0.0,0.263,0,0.374,0.0,0.276,1,0
417.388,327.64,-55.495,-2.881,4.609,-0.574,4.573,-0.425,-1.418,-0.176,0.36,0.0,0.252,0,0.368,0.0,0.263,1,0
417.438,327.412,-55.526,-2.901,4.608,-0.551,4.575,-0.409,-1.269,-0.224,0.364,0.0,0.228,0,0.361,0.0,0.24,1,0
417.538,326.955,-55.578,-2.94,4.602,-0.5,4.575,-0.371,-1.15,-0.201,0.371,0.0,0.202,0,0.37,0.0,0.217,1,0
417.638,326.497,-55.618,-2.975,4.599,-0.447,4.577,-0.332,-0.95,-0.111,0.369,0.0,0.181,0,0.376,0.0,0.191,1,0
417.688,326.268,-55.634,-2.99,4.598,-0.422,4.579,-0.312,-0.954,-0.08,1.0,0.0,0.172,0,0.369,0.0,0.181,1,0
417.788,325.808,-55.659,-3.02,4.614,-0.382,4.599,-0.283,-0.565,1.825,1.0,0.0,0.139,0,1.0,0.0,0.149,1,0
417.888,325.335,-55.678,-3.045,4.9,-0.331,4.889,-0.247,-1.011,5.113,1.0,0.0,0.122,0,1.0,0.0,0.13,1,0
417.988,324.815,-55.691,-3.069,5.45,-0.311,5.441,-0.238,-0.289,0.289,1.0,0.0,0.077,0,1.0,0.0,0.108,1,0
418.088,324.268,-55.7,-3.09,5.465,-0.215,5.461,-0.158,-0.409,6.185,1.0,0.0,0.06,0,1.0,0.0,0.068,1,0
418.188,323.691,-55.708,-3.105,5.794,-0.154,5.792,-0.131,-0.417,-0.139,1.0,0.0,0.046,0,1.0,0.0,0.053,0,0
418.288,323.107,-55.713,-3.117,6.148,-0.125,6.147,-0.11,-0.638,13.683,1.0,0.0,0.037,0,1.0,0.0,0.041,2,0
418.338,322.777,-55.715,-3.122,6.833,-0.12,6.832,-0.107,-0.594,11.523,1.0,0.0,0.031,0,1.0,0.0,0.037,2,0
418.438,322.031,-55.715,-3.132,7.911,-0.099,7.91,-0.094,-0.487,8.98,1.0,0.0,0.023,0,1.0,0.0,0.027,2,0
418.538,321.19,-55.711,-3.141,8.774,-0.074,8.773,-0.078,-0.326,5.117,1.0,0.0,0.015,0,1.0,0.0,0.018,2,0
418.638,320.298,-55.703,3.136,8.857,-0.043,8.857,-0.056,-0.256,3.74,1.0,0.0,0.009,0,1.0,0.0,0.012,0,0
418.738,319.383,-55.693,3.131,9.539,-0.025,9.539,-0.038,-0.196,8.352,1.0,0.0,0.004,0,1.0,0.0,0.007,3,0
418.838,318.384,-55.68,3.129,10.325,-0.012,10.325,-0.021,-0.083,6.695,1.0,0.0,0.001,0,1.0,0.0,0.002,3,0
418.938,317.315,-55.665,3.127,10.972,-0.002,10.972,-0.008,-0.001,5.95,1.0,0.0,-0.002,0,1.0,0.0,-0.0,3,0
419.038,316.185,-55.649,3.127,11.557,0.004,11.557,0.001,0.059,5.619,1.0,0.0,-0.003,0,1.0,0.0,-0.002,3,0
419.138,314.999,-55.632,3.128,12.115,0.006,12.115,0.008,0.106,5.532,1.0,0.0,-0.003,0,1.0,0.0,-0.003,3,0
419.238,313.758,-55.616,3.128,12.66,0.006,12.66,0.011,0.137,5.44,1.0,0.0,-0.003,0,1.0,0.0,-0.003,3,0
419.338,312.491,-55.601,3.13,12.641,0.005,12.641,0.013,0.133,-1.515,1.0,0.0,-0.003,0,1.0,0.0,-0.003,0,0
419.388,311.853,-55.594,3.13,12.882,0.005,12.882,0.013,0.177,5.867,1.0,0.0,-0.003,0,1.0,0.0,-0.003,4,0
419.488,310.533,-55.58,3.132,13.446,0.003,13.446,0.013,0.165,5.1,1.0,0.0,-0.002,0,1.0,0.0,-0.003,4,0
419.588,309.16,-55.568,3.133,13.945,0.001,13.945,0.012,0.149,4.748,1.0,0.0,-0.002,0,1.0,0.0,-0.002,4,0
419.688,307.74,-55.557,3.134,14.415,-0.0,14.415,0.011,0.128,4.592,1.0,0.0,-0.002,0,1.0,0.0,-0.002,4,0
419.788,306.273,-55.546,3.135,14.873,-0.001,14.873,0.009,0.131,4.524,1.0,0.0,-0.002,0,1.0,0.0,-0.002,4,0
419.888,304.761,-55.537,3.136,15.324,-0.002,15.324,0.008,0.111,4.497,1.0,0.0,-0.001,0,1.0,0.0,-0.001,4,0
419.988,303.204,-55.529,3.137,15.774,-0.002,15.774,0.007,0.111,4.487,1.0,0.0,-0.001,0,1.0,0.0,-0.001,4,0
420.088,301.604,-55.521,3.137,16.123,-0.003,16.123,0.007,0.095,-0.412,0.996,0.0,-0.001,0,0.904,0.0,-0.001,0,0
420.188,299.993,-55.515,3.138,16.174,-0.003,16.174,0.006,0.089,4.952,1.0,0.0,-0.001,0,1.0,0.0,-0.001,5,0
420.288,298.349,-55.509,3.139,16.647,-0.003,16.647,0.005,0.084,3.953,0.42,0.0,-0.001,0,0.547,0.0,-0.001,5,0
420.388,296.664,-55.504,3.139,16.983,-0.003,16.983,0.004,0.074,2.77,0.296,0.0,-0.001,0,0.42,0.0,-0.001,5,0
420.488,294.957,-55.499,3.139,17.109,-0.003,17.109,0.004,0.07,0.843,0.319,0.0,-0.001,0,0.296,0.0,-0.001,5,0
420.538,294.102,-55.498,3.14,17.125,-0.003,17.125,0.004,0.063,0.038,0.32,0.0,-0.001,0,0.319,0.0,-0.001,5,0
420.638,292.39,-55.494,3.14,17.121,-0.002,17.121,0.003,0.056,-0.245,0.299,0.0,-0.0,0,0.312,0.0,-0.001,5,0
420.738,290.679,-55.491,3.14,17.092,-0.002,17.092,0.003,0.045,-0.415,0.275,0.0,-0.0,0,0.286,0.0,-0.0,5,0
420.838,288.973,-55.489,3.14,17.047,-0.002,17.047,0.002,0.039,-0.546,0.264,0.0,-0.0,0,0.268,0.0,-0.0,5,0
420.938,287.271,-55.487,3.141,16.99,-0.002,16.99,0.002,0.033,-0.623,0.266,0.0,-0.0,0,0.264,0.0,-0.0,5,0
420.988,286.423,-55.486,3.141,16.958,-0.001,16.958,0.002,0.03,-0.639,0.27,0.0,-0.0,0,0.266,0.0,-0.0,5,0
421.088,284.731,-55.485,3.141,16.894,-0.001,16.894,0.001,0.024,-0.634,0.283,0.0,-0.0,0,0.276,0.0,-0.0,5,0
421.188,283.045,-55.484,3.141,16.832,-0.001,16.832,0.001,0.02,-0.59,0.301,0.0,-0.0,0,0.292,0.0,-0.0,5,0
421.288,281.365,-55.483,3.141,16.774,-0.001,16.774,0.001,0.017,-0.519,0.32,0.0,-0.0,0,0.31,0.0,-0.0,5,0
421.388,279.69,-55.482,3.141,16.725,-0.001,16.725,0.001,0.013,-0.433,0.339,0.0,-0.0,0,0.329,0.0,-0.0,5,0
421.488,278.02,-55.482,3.141,16.684,-0.0,16.684,0.001,0.011,-0.341,0.357,0.0,-0.0,0,0.348,0.0,-0.0,5,0
421.588,276.353,-55.481,3.141,16.652,-0.0,16.652,0.001,0.01,-0.249,0.373,0.0,-0.0,0,0.365,0.0,-0.0,5,0
421.688,274.689,-55.481,3.141,16.629,-0.0,16.629,0.0,0.008,-0.164,0.386,0.0,-0.0,0,0.38,0.0,-0.0,5,0
421.788,273.027,-55.48,3.141,16.615,-0.0,16.615,0.0,0.007,-0.089,0.397,0.0,-0.0,0,0.392,0.0,-0.0,5,0
421.888,271.366,-55.48,3.141,16.607,-0.0,16.607,0.0,0.006,-0.028,0.405,0.0,-0.0,0,0.401,0.0,-0.0,5,0
421.988,269.706,-55.48,3.142,16.606,-0.0,16.606,0.0,0.005,0.02,0.41,0.0,-0.0,0,0.408,0.0,-0.0,5,0
422.088,268.045,-55.48,3.142,16.609,-0.0,16.609,0.0,0.004,0.054,0.413,0.0,-0.0,0,0.411,0.0,-0.0,5,0
422.188,266.384,-55.48,3.142,16.615,-0.0,16.615,0.0,0.004,0.076,0.413,0.0,-0.0,0,0.413,0.0,-0.0,5,0
422.288,264.722,-55.48,-3.142,16.623,-0.0,16.623,0.0,0.003,0.087,0.413,0.0,-0.0,0,0.413,0.0,-0.0,5,0
422.388,263.059,-55.48,-3.142,16.631,-0.0,16.631,0.0,0.003,-0.117,0.172,0.0,-0.0,0,0.0,0.0,-0.0,5,0
422.488,261.397,-55.48,-3.142,16.593,-0.0,16.593,0.0,0.002,-0.948,0.0,0.0,-0.0,0,0.0,0.0,-0.0,5,0
422.588,259.744,-55.48,-3.142,16.481,-0.0,16.481,0.0,0.002,-0.483,0.0,0.0,-0.0,0,0.0,0.0,-0.0,5,0
422.688,258.098,-55.48,-3.142,16.447,-0.0,16.447,0.0,0.001,-2.232,0.0,0.0,-0.0,0,0.0,0.0,-0.0,0,0
422.788,256.468,-55.48,-3.142,16.122,-0.0,16.122,0.0,0.001,-3.615,0.0,0.0,-0.0,0,0.0,0.0,-0.0,4,0
422.888,254.876,-55.48,-3.142,15.779,-0.0,15.779,0.0,0.001,-3.012,0.0,0.0,-0.0,0,0.0,0.0,-0.0,4,0
422.988,253.314,-55.481,-3.142,15.486,-0.0,15.486,0.0,0.001,-2.757,0.0,0.0,-0.0,0,0.0,0.0,-0.0,4,0
423.138,251.024,-55.481,-3.141,15.082,-0.0,15.082,0.0,0.001,-2.634,0.0,0.0,-0.0,0,0.0,0.0,-0.0,4,0
423.238,249.53,-55.481,-3.141,14.824,-0.0,14.824,0.0,0.001,-2.561,0.0,0.0,-0.0,0,0.0,0.0,-0.0,4,0
423.338,248.062,-55.481,-3.141,14.572,-0.0,14.572,0.0,0.0,-2.484,0.0,0.0,-0.0,0,0.0,0.0,-0.0,4,0
423.438,246.618,-55.481,-3.141,14.325,-0.0,14.325,0.0,0.0,-2.441,0.0,0.0,-0.0,0,0.0,0.0,-0.0,4,0
423.538,245.199,-55.481,-3.141,14.082,-0.0,14.082,0.0,0.0,-2.399,0.0,0.0,-0.0,0,0.0,0.0,-0.0,4,0
423.638,243.804,-55.481,-3.141,13.843,-0.0,13.843,0.0,0.0,-2.358,0.0,0.0,-0.0,0,0.0,0.0,-0.0,4,0
423.738,242.433,-55.482,-3.141,13.608,-0.0,13.608,0.0,0.0,-2.319,0.0,0.0,-0.0,0,0.0,0.0,-0.0,4,0
423.838,241.085,-55.482,-3.141,13.377,-0.0,13.377,0.0,0.0,-1.479,0.0,0.0,-0.0,0,0.0,0.0,-0.0,4,0
423.938,239.752,-55.482,-3.141,13.335,-0.0,13.335,0.0,0.0,-2.332,0.0,0.0,-0.0,0,0.0,0.0,-0.0,0,0
424.038,238.434,-55.482,-3.141,12.965,-0.0,12.965,0.0,0.0,-4.611,0.0,0.0,-0.0,0,0.0,0.0,-0.0,3,0
424.138,237.163,-55.482,-3.141,12.535,-0.0,12.535,0.0,0.0,-4.317,0.0,1.0,0.0,0,0.0,1.0,0.0,3,0
424.238,235.934,-55.482,-3.141,12.054,-0.0,12.054,0.0,0.0,-6.699,0.0,1.0,0.0,0,0.0,1.0,0.0,3,0
424.388,234.211,-55.483,-3.141,11.025,-0.0,11.025,-0.0,0.0,-6.407,0.0,1.0,0.0,0,0.0,1.0,0.0,3,0
424.488,233.143,-55.483,-3.141,10.269,-0.0,10.269,0.0,0.0,-12.392,0.0,1.0,0.0,0,0.0,1.0,0.0,2,0
424.588,232.185,-55.483,-3.141,9.087,-0.0,9.087,0.0,0.0,-9.934,0.0,1.0,0.0,0,0.0,1.0,0.0,2,0
424.688,231.33,-55.483,-3.141,8.157,-0.0,8.157,-0.0,0.0,-7.27,0.0,1.0,0.0,0,0.0,1.0,0.0,2,0
424.788,230.554,-55.483,-3.141,7.426,-0.0,7.426,0.0,0.0,-5.54,0.0,1.0,0.0,0,0.0,1.0,0.0,0,0
424.888,229.842,-55.483,-3.141,6.845,-0.0,6.845,0.0,0.0,-27.039,0.0,1.0,0.0,0,0.0,1.0,0.0,1,0
424.988,229.308,-55.483,-3.141,4.182,-0.0,4.182,0.0,0.0,-26.35,0.0,1.0,0.0,0,0.0,1.0,0.0,1,0
425.088,229.038,-55.483,-3.141,1.558,-0.0,1.558,0.0,0.0,-25.571,0.0,1.0,0.0,0,0.0,1.0,0.0,1,0
425.238,228.996,-55.483,-3.141,0.012,-0.0,-0.012,-0.0,-0.001,-0.101,0.0,1.0,0.0,0,0.0,1.0,0.0,1,1
425.338,228.994,-55.483,-3.141,0.01,-0.0,-0.01,-0.0,0.0,0.034,0.0,1.0,0.0,0,0.0,1.0,0.0,1,1
425.438,228.992,-55.483,-3.141,0.006,-0.0,-0.006,-0.0,0.0,0.031,0.0,1.0,0.0,0,0.0,1.0,0.0,1,1
425.538,228.992,-55.483,-3.141,0.004,-0.0,-0.004,-0.0,0.0,0.019,0.0,1.0,0.0,0,0.0,1.0,0.0,1,1
425.638,228.991,-55.483,-3.141,0.002,-0.0,-0.002,-0.0,0.0,0.01,0.0,1.0,0.0,0,0.0,1.0,0.0,1,1
425.738,228.991,-55.483,-3.141,0.001,-0.0,-0.001,-0.0,0.0,0.006,0.0,1.0,0.0,0,0.0,1.0,0.0,1,1
425.838,228.991,-55.483,-3.141,0.001,-0.0,-0.001,-0.0,0.0,0.011,0.0,1.0,0.0,0,0.0,1.0,0.0,1,1
425.988,228.991,-55.483,-3.141,0.0,-0.0,0.0,-0.0,0.0,0.0,0.0,1.0,0.0,0,0.0,1.0,0.0,1,1
426.088,228.991,-55.483,-3.141,0.0,-0.0,0.0,-0.0,0.0,0.0,0.0,1.0,0.0,0,0.0,1.0,0.0,1,1
426.188,228.991,-55.483,-3.141,0.0,-0.0,0.0,-0.0,0.0,0.0,0.0,1.0,0.0,0,0.0,1.0,0.0,1,1
426.338,228.991,-55.483,-3.141,0.0,-0.0,0.0,-0.0,0.0,0.0,0.0,1.0,0.0,0,0.0,1.0,0.0,1,1
426.438,228.991,-55.483,-3.141,0.0,-0.0,0.0,-0.0,0.0,0.0,0.0,1.0,0.0,0,0.0,1.0,0.0,1,1
426.538,228.991,-55.483,-3.141,0.0,-0.0,0.0,-0.0,0.0,0.0,0.0,1.0,0.0,0,0.0,1.0,0.0,1,1
426.688,228.991,-55.483,-3.141,0.0,-0.0,0.0,-0.0,0.0,0.0,0.0,1.0,0.0,0,0.0,1.0,0.0,1,1
426.788,228.991,-55.483,-3.141,0.0,-0.0,0.0,-0.0,0.0,0.0,0.0,1.0,0.0,0,0.0,1.0,0.0,1,1
426.888,228.991,-55.483,-3.141,0.0,-0.0,0.0,-0.0,0.0,0.0,0.0,1.0,0.0,0,0.0,1.0,0.0,1,1
426.988,228.991,-55.483,-3.141,0.0,-0.0,0.0,-0.0,0.0,0.0,0.0,1.0,0.0,0,0.0,1.0,0.0,1,1
427.088,228.991,-55.483,-3.141,0.0,-0.0,0.0,-0.0,0.0,0.0,0.0,1.0,0.0,0,0.0,1.0,0.0,1,1
427.238,228.991,-55.483,-3.141,0.0,-0.0,0.0,-0.0,0.0,0.0,0.0,1.0,0.0,0,0.0,1.0,0.0,1,1
427.338,228.991,-55.483,-3.141,0.0,-0.0,0.0,-0.0,0.0,0.0,0.0,1.0,0.0,0,0.0,1.0,0.0,1,1
427.488,228.991,-55.483,-3.141,0.0,-0.0,0.0,-0.0,0.0,0.0,0.0,1.0,0.0,0,0.0,1.0,0.0,1,1
427.588,228.991,-55.483,-3.141,0.0,-0.0,0.0,-0.0,0.0,0.0,0.0,1.0,0.0,0,0.0,1.0,0.0,1,1
427.688,228.991,-55.483,-3.141,0.0,-0.0,0.0,-0.0,0.0,0.0,0.0,1.0,0.0,0,0.0,1.0,0.0,1,1
427.788,228.991,-55.483,-3.141,0.0,-0.0,0.0,-0.0,0.0,0.0,0.0,1.0,0.0,0,0.0,1.0,0.0,1,1
427.888,228.991,-55.483,-3.141,0.0,-0.0,0.0,-0.0,0.0,0.0,0.0,1.0,0.0,0,0.0,1.0,0.0,1,1
428.038,228.991,-55.483,-3.141,0.0,-0.0,0.0,-0.0,0.0,0.0,0.0,1.0,0.0,0,0.0,1.0,0.0,1,1
428.138,228.991,-55.483,-3.141,0.0,-0.0,0.0,-0.0,0.0,0.0,0.0,1.0,0.0,0,0.0,1.0,0.0,1,1
428.238,228.991,-55.483,-3.141,0.0,-0.0,0.0,-0.0,0.0,0.0,0.0,1.0,0.0,0,0.0,1.0,0.0,1,1
428.388,228.991,-55.483,-3.141,0.0,-0.0,0.0,-0.0,0.0,0.0,0.0,1.0,0.0,0,0.0,1.0,0.0,1,1
428.488,228.991,-55.483,-3.141,0.0,-0.0,0.0,-0.0,0.0,0.0,0.0,1.0,0.0,0,0.0,1.0,0.0,1,1
428.638,228.991,-55.483,-3.141,0.0,-0.0,0.0,-0.0,0.0,0.0,0.0,1.0,0.0,0,0.0,1.0,0.0,1,1
428.738,228.991,-55.483,-3.141,0.0,-0.0,0.0,-0.0,0.0,0.0,0.0,1.0,0.0,0,0.0,1.0,0.0,1,1
428.838,228.991,-55.483,-3.141,0.0,-0.0,0.0,-0.0,0.0,0.0,1.0,0.0,1.0,0,0.0,1.0,0.0,1,1
428.988,228.991,-55.483,-3.141,0.0,0.0,-0.0,-0.0,-0.0,-0.001,0.43,0.0,0.0,0,0.339,0.0,0.0,1,1
429.088,228.987,-55.483,-3.141,0.077,-0.0,0.077,-0.0,-0.0,1.893,1.0,0.0,0.0,0,1.0,0.0,0.0,1,1
429.188,228.983,-55.483,-3.141,0.075,-0.0,0.075,0.0,-0.0,1.925,1.0,0.0,0.0,0,1.0,0.0,0.0,1,1
429.288,228.951,-55.483,-3.141,0.411,0.001,0.411,0.007,-0.024,5.458,1.0,0.0,0.0,0,1.0,0.0,0.0,1,0
429.388,228.881,-55.483,-3.141,0.882,0.001,0.882,0.001,-0.031,4.743,1.0,0.0,0.0,0,1.0,0.0,0.0,1,0
429.488,228.766,-55.483,-3.141,1.378,-0.0,1.378,0.014,0.005,5.711,1.0,0.0,0.001,0,1.0,0.0,0.0,1,0
429.588,228.596,-55.483,-3.141,1.953,-0.0,1.953,-0.002,-0.005,8.93,1.0,0.0,0.001,0,1.0,0.0,0.001,1,0
429.738,228.199,-55.484,-3.141,3.207,-0.001,3.207,-0.001,-0.008,7.693,1.0,0.0,0.001,0,1.0,0.0,0.001,1,0
429.838,227.838,-55.484,-3.141,3.93,-0.001,3.93,-0.001,-0.005,7.109,1.0,0.0,0.001,0,1.0,0.0,0.001,1,0
429.938,227.406,-55.484,-3.141,4.64,-0.001,4.64,-0.001,-0.005,7.102,1.0,0.0,0.001,0,1.0,0.0,0.001,1,0
430.038,226.902,-55.484,-3.141,5.351,-0.001,5.351,-0.001,-0.005,6.46,1.0,0.0,0.0,0,1.0,0.0,0.0,1,0
430.138,226.341,-55.484,-3.141,5.687,-0.001,5.687,-0.001,-0.004,1.529,1.0,0.0,0.0,0,1.0,0.0,0.0,1,0
430.238,225.767,-55.484,-3.141,5.777,-0.001,5.777,-0.001,-0.003,-0.093,1.0,0.0,0.0,0,1.0,0.0,0.0,0,0
430.338,225.185,-55.484,-3.141,6.131,-0.001,6.131,-0.001,-0.004,13.694,1.0,0.0,0.0,0,1.0,0.0,0.0,2,0
430.438,224.497,-55.485,-3.141,7.392,-0.001,7.392,-0.001,-0.003,10.019,1.0,0.0,0.0,0,1.0,0.0,0.0,2,0
430.538,223.703,-55.485,-3.141,8.342,-0.001,8.342,-0.001,-0.003,8.264,1.0,0.0,0.0,0,1.0,0.0,0.0,2,0
430.688,222.383,-55.485,-3.141,8.837,-0.0,8.837,-0.0,-0.001,-3.47,1.0,0.0,0.0,0,1.0,0.0,0.0,0,0
430.788,221.47,-55.485,-3.141,9.519,-0.0,9.519,-0.0,-0.001,8.343,1.0,0.0,0.0,0,1.0,0.0,0.0,3,0
430.888,220.472,-55.485,-3.142,10.304,-0.0,10.304,-0.0,-0.001,6.69,1.0,0.0,0.0,0,1.0,0.0,0.0,3,0
430.988,219.406,-55.485,-3.142,10.951,-0.0,10.951,-0.0,-0.0,5.947,1.0,0.0,-0.0,0,1.0,0.0,0.0,3,0
431.088,218.278,-55.485,-3.142,11.536,0.0,11.536,-0.0,0.0,5.617,1.0,0.0,-0.0,0,1.0,0.0,-0.0,3,0
431.188,217.094,-55.485,-3.142,12.093,0.0,12.093,0.0,0.0,5.475,1.0,0.0,-0.0,0,1.0,0.0,-0.0,3,0
431.288,215.855,-55.485,-3.142,12.639,0.0,12.639,0.0,0.001,0.867,1.0,0.0,-0.0,0,1.0,0.0,-0.0,3,0
431.438,213.947,-55.485,-3.142,12.847,0.0,12.847,0.0,0.001,2.019,1.0,0.0,-0.0,0,1.0,0.0,-0.0,0,0
431.538,212.629,-55.486,-3.142,13.426,0.0,13.426,0.0,0.001,5.154,1.0,0.0,-0.0,0,1.0,0.0,-0.0,4,0
431.638,211.258,-55.486,-3.142,13.93,0.0,13.93,0.0,0.001,4.772,1.0,0.0,-0.0,0,1.0,0.0,-0.0,4,0
431.738,209.839,-55.486,-3.142,14.402,0.0,14.402,0.0,0.001,4.603,1.0,0.0,-0.0,0,1.0,0.0,-0.0,4,0
431.838,208.374,-55.486,-3.141,14.86,0.0,14.86,0.0,0.001,4.529,1.0,0.0,-0.0,0,1.0,0.0,-0.0,4,0
431.938,206.863,-55.486,-3.141,15.312,0.0,15.312,0.0,0.0,4.499,1.0,0.0,-0.0,0,1.0,0.0,-0.0,4,0
432.088,204.512,-55.486,-3.141,15.986,0.0,15.986,0.0,0.0,2.937,0.913,0.0,-0.0,0,1.0,0.0,-0.0,4,0
432.188,202.9,-55.486,-3.141,16.145,-0.0,16.145,0.0,0.0,-0.257,1.0,0.0,-0.0,0,0.947,0.0,-0.0,0,0
432.288,201.278,-55.487,-3.141,16.407,-0.0,16.407,0.0,0.0,4.599,0.0,0.0,-0.0,0,1.0,0.0,-0.0,5,0
432.388,199.612,-55.487,-3.141,16.838,-0.0,16.838,0.0,0.0,2.639,0.0,0.0,-0.0,0,0.0,0.0,-0.0,5,0
432.488,197.916,-55.487,-3.141,17.016,-0.0,17.016,0.0,0.0,-0.199,0.0,0.0,-0.0,0,0.0,0.0,-0.0,5,0
432.638,195.371,-55.487,-3.141,16.9,-0.0,16.9,0.0,0.0,-1.259,0.0,0.0,0.0,0,0.0,0.0,-0.0,5,0
432.738,193.69,-55.487,-3.141,16.771,-0.0,16.771,0.0,0.0,-0.261,0.0,0.0,0.0,0,0.0,0.0,0.0,0,0
432.838,192.014,-55.488,-3.141,16.753,-0.0,16.753,-0.0,-0.0,-5.052,0.0,0.0,0.0,0,0.0,0.0,0.0,4,0
432.938,190.366,-55.488,-3.141,16.302,-0.0,16.302,-0.0,-0.0,-3.485,0.0,0.0,0.0,0,0.0,0.0,0.0,4,0
433.088,187.961,-55.488,-3.141,15.82,-0.0,15.82,-0.0,-0.0,-2.854,0.0,0.0,0.0,0,0.0,0.0,0.0,4,0
433.188,186.395,-55.488,-3.141,15.539,-0.0,15.539,-0.0,-0.001,-2.704,0.0,0.0,0.0,0,0.0,0.0,0.0,4,0
433.288,184.856,-55.488,-3.141,15.271,-0.0,15.271,-0.0,0.0,-2.621,0.0,0.0,-0.0,0,0.0,0.0,-0.0,4,0
433.388,183.343,-55.489,-3.141,15.01,0.0,15.01,0.0,0.001,-2.563,0.0,0.0,-0.0,0,0.0,0.0,-0.0,4,0
433.488,181.856,-55.489,-3.141,14.755,0.0,14.755,0.0,0.002,-2.514,0.0,0.0,-0.0,0,0.0,0.0,-0.0,4,0
433.638,179.673,-55.489,-3.141,14.381,0.0,14.381,0.0,0.002,-2.47,0.0,0.0,-0.0,0,0.0,0.0,-0.0,4,0
433.738,178.248,-55.489,-3.141,14.137,-0.0,14.137,0.0,0.001,-2.408,0.0,0.0,0.0,0,0.0,0.0,0.0,4,0
433.838,176.848,-55.489,-3.141,13.897,-0.0,13.897,-0.0,-0.0,-2.368,0.0,1.0,0.0,0,0.0,0.0,0.0,4,0
433.988,174.796,-55.49,-3.141,13.439,-0.0,13.439,-0.0,0.0,-4.808,0.0,1.0,0.0,0,0.0,1.0,0.0,0,0
434.088,173.48,-55.49,-3.141,12.92,-0.0,12.92,0.0,0.0,-9.852,0.0,1.0,0.0,0,0.0,1.0,0.0,3,0
434.238,171.657,-55.49,-3.141,11.551,-0.0,11.551,0.0,0.0,-8.574,0.0,1.0,0.0,0,0.0,1.0,0.0,3,0
434.338,170.548,-55.49,-3.141,10.732,-0.0,10.732,0.0,0.0,-7.896,0.0,1.0,0.0,0,0.0,1.0,0.0,3,0
434.438,169.516,-55.491,-3.141,9.987,-0.0,9.987,0.0,0.0,-3.133,0.0,1.0,0.0,0,0.0,1.0,0.0,0,0
434.538,168.547,-55.491,-3.141,9.251,-0.0,9.251,0.0,-3.878,-10.833,0.0,0.0,0.0,0,1.0,0.0,1.0,2,0
434.638,167.677,-55.477,3.132,8.358,-0.064,8.358,-0.082,0.686,-4.831,0.0,0.0,-0.013,0,0.0,0.0,-0.005,2,0
434.788,166.481,-55.466,3.131,7.661,0.037,7.661,0.03,0.567,-4.167,0.0,0.0,-0.02,0,0.0,0.0,-0.018,2,0
434.888,165.737,-55.463,3.135,7.252,0.045,7.252,0.045,0.2,-1.614,0.0,0.0,-0.016,0,0.0,0.0,-0.016,2,0
434.988,165.019,-55.464,3.139,7.167,0.04,7.166,0.042,0.22,-5.178,0.0,0.0,-0.011,0,0.0,0.0,-0.016,0,0
435.138,164.027,-55.468,-3.139,6.021,0.024,6.021,0.042,0.052,-8.036,0.0,0.0,-0.005,0,0.0,0.0,-0.01,1,0
435.238,163.463,-55.471,-3.139,5.376,0.013,5.376,0.021,-0.072,-6.369,0.0,0.0,-0.005,0,0.0,0.0,-0.005,1,0
435.338,162.957,-55.474,-3.139,4.828,0.011,4.828,0.017,0.008,-4.943,0.0,0.0,-0.003,0,0.0,0.0,-0.004,1,0
435.488,162.288,-55.477,-3.138,4.176,0.006,4.176,0.005,0.002,-3.693,1.0,0.0,0.003,0,1.0,0.0,-0.003,1,0
435.588,161.879,-55.478,-3.138,4.072,-0.004,4.072,-0.003,-0.036,2.624,1.0,0.0,0.003,0,1.0,0.0,0.003,1,0
435.688,161.454,-55.479,-3.138,4.433,-0.006,4.433,-0.004,-0.021,5.638,1.0,0.0,0.002,0,1.0,0.0,0.002,1,0
435.788,160.978,-55.48,-3.139,5.027,-0.006,5.027,-0.004,-0.019,6.611,1.0,0.0,0.002,0,1.0,0.0,0.002,1,0
435.888,160.443,-55.481,-3.139,5.458,-0.005,5.458,-0.004,-0.017,0.469,1.0,0.0,0.002,0,1.0,0.0,0.002,1,0
436.038,159.615,-55.483,-3.14,5.575,-0.004,5.575,-0.003,-0.005,-0.049,1.0,0.0,0.001,0,1.0,0.0,0.001,0,0
436.138,159.046,-55.483,-3.14,6.093,-0.003,6.093,-0.003,-0.018,13.468,1.0,0.0,0.001,0,1.0,0.0,0.001,2,0
436.288,157.98,-55.485,-3.14,7.831,-0.003,7.831,-0.003,-0.015,9.908,1.0,0.0,0.001,0,1.0,0.0,0.001,2,0
436.388,157.149,-55.485,-3.14,8.686,-0.002,8.686,-0.002,-0.014,7.748,1.0,0.0,0.001,0,1.0,0.0,0.001,2,0
436.488,156.254,-55.486,-3.141,8.923,-0.001,8.923,-0.002,-0.009,3.26,1.0,0.0,0.0,0,1.0,0.0,0.0,0,0
436.588,155.344,-55.487,-3.141,9.413,-0.001,9.413,-0.001,-0.009,8.791,1.0,0.0,0.0,0,1.0,0.0,0.0,3,0
436.738,153.832,-55.488,-3.141,10.58,-0.001,10.58,-0.001,-0.007,6.383,1.0,0.0,0.0,0,1.0,0.0,0.0,3,0
436.838,152.74,-55.488,-3.141,11.201,-0.0,11.201,-0.001,-0.006,5.811,1.0,0.0,0.0,0,1.0,0.0,0.0,3,0
436.938,151.588,-55.489,-3.141,11.775,-0.0,11.775,-0.0,-0.005,5.559,1.0,0.0,0.0,0,1.0,0.0,0.0,3,0
437.088,149.755,-55.49,-3.141,12.6,-0.0,12.6,-0.0,-0.003,0.858,1.0,0.0,0.0,0,1.0,0.0,0.0,3,0
437.188,148.489,-55.49,-3.141,12.708,-0.0,12.708,-0.0,-0.003,2.007,1.0,0.0,0.0,0,1.0,0.0,0.0,0,0
437.338,146.54,-55.491,-3.141,13.388,-0.0,13.388,-0.0,-0.003,5.497,1.0,0.0,0.0,0,1.0,0.0,0.0,4,0
437.438,145.172,-55.491,-3.141,13.892,-0.0,13.892,-0.0,-0.003,4.772,1.0,0.0,0.0,0,1.0,0.0,0.0,4,0
437.588,143.032,-55.492,-3.141,14.594,-0.0,14.594,-0.0,-0.002,4.602,1.0,0.0,0.0,0,1.0,0.0,0.0,4,0
437.688,141.548,-55.492,-3.141,15.048,0.0,15.048,-0.0,-0.002,4.51,1.0,0.0,0.0,0,1.0,0.0,0.0,4,0
437.788,140.018,-55.493,-3.141,15.499,0.0,15.499,-0.0,-0.003,4.491,1.0,0.0,0.0,0,1.0,0.0,0.0,4,0
437.938,137.639,-55.493,-3.141,16.172,0.0,16.172,-0.0,-0.002,4.491,0.774,0.0,0.0,0,1.0,0.0,0.0,4,0
438.038,136.025,-55.494,-3.141,16.144,0.0,16.144,-0.0,-0.002,4.365,1.0,0.0,0.0,0,1.0,0.0,0.0,0,0
438.138,134.387,-55.494,-3.141,16.594,0.0,16.594,-0.0,-0.002,4.042,0.448,0.0,0.0,0,0.645,0.0,0.0,5,0
438.288,131.857,-55.494,-3.141,17.035,0.0,17.035,-0.0,-0.002,1.837,0.323,0.0,0.0,0,0.344,0.0,0.0,5,0
438.388,130.149,-55.495,-3.141,17.109,0.0,17.109,-0.0,-0.001,-0.054,0.0,0.0,0.0,0,0.0,0.0,0.0,5,0
438.538,127.588,-55.495,-3.141,17.008,0.0,17.008,-0.0,-0.001,-1.46,0.0,0.0,0.0,0,0.0,0.0,0.0,5,0
438.638,125.896,-55.495,-3.141,16.854,0.0,16.854,-0.0,-0.001,-0.358,0.0,0.0,-0.0,0,0.0,0.0,0.0,5,0
438.788,123.375,-55.496,-3.141,16.664,0.0,16.664,-0.0,-0.0,-4.242,0.0,0.0,-0.0,0,0.0,0.0,-0.0,4,0
438.888,121.732,-55.496,-3.141,16.268,0.0,16.268,0.0,0.0,-3.304,0.0,0.0,-0.0,0,0.0,0.0,-0.0,4,0
439.038,119.33,-55.496,-3.141,15.803,-0.0,15.803,0.0,0.0,-2.811,0.0,0.0,0.0,0,0.0,0.0,-0.0,4,0
439.138,117.765,-55.497,-3.141,15.526,-0.0,15.526,0.0,-0.0,-2.687,0.0,0.0,0.0,0,0.0,0.0,0.0,4,0
439.288,115.468,-55.497,-3.141,15.129,-0.0,15.129,-0.0,-0.001,-2.613,0.0,0.0,0.0,0,0.0,0.0,0.0,4,0
439.388,113.969,-55.497,-3.141,14.871,-0.0,14.871,-0.0,-0.002,-2.535,0.0,0.0,0.0,0,0.0,0.0,0.0,4,0
439.488,112.496,-55.497,-3.141,14.619,-0.0,14.619,-0.0,-0.002,-2.49,0.0,0.0,0.0,0,0.0,0.0,0.0,4,0
439.638,110.333,-55.498,-3.141,14.249,0.0,14.249,-0.0,-0.0,-3.084,0.0,1.0,0.0,0,0.0,1.0,0.0,4,0
439.788,108.242,-55.498,-3.141,13.596,0.0,13.596,-0.0,-0.0,-5.438,0.0,1.0,0.0,0,0.0,1.0,0.0,4,0
439.888,106.916,-55.498,-3.141,13.003,0.0,13.003,0.0,-0.0,-9.882,0.0,1.0,0.0,0,0.0,1.0,0.0,3,0
440.038,105.08,-55.498,-3.141,11.628,-0.0,11.628,0.0,0.0,-8.318,0.0,1.0,0.0,0,0.0,1.0,0.0,3,0
440.138,103.963,-55.498,-3.141,10.807,-0.0,10.807,0.0,0.0,-7.924,0.0,1.0,0.0,0,0.0,1.0,0.0,3,0
440.288,102.425,-55.493,3.138,9.946,-0.156,9.945,-0.145,0.923,-8.748,0.0,0.0,-0.03,0,0.0,0.0,-0.003,0,0
440.388,101.477,-55.482,3.131,9.119,0.043,9.119,0.013,1.19,-6.837,0.0,0.0,-0.08,0,0.0,0.0,-0.039,2,0
440.538,100.183,-55.497,-3.134,8.245,0.181,8.243,0.191,1.997,-4.472,0.0,0.0,-0.13,0,0.0,0.0,-0.085,2,0
440.638,99.384,-55.533,-3.111,7.787,0.248,7.783,0.27,2.954,-4.208,0.0,0.0,-0.126,0,0.0,0.0,-0.129,2,0
440.788,98.27,-55.634,-3.064,7.172,0.35,7.163,0.372,2.783,-1.872,0.0,0.0,-0.164,0,0.0,0.0,-0.17,2,0
440.938,97.225,-55.801,-3.004,6.807,0.425,6.794,0.441,3.822,-5.654,0.0,0.0,-0.206,0,0.0,0.0,-0.213,0,0
441.038,96.613,-55.941,-2.961,5.923,0.432,5.907,0.4,1.698,-6.069,0.0,0.0,-0.235,0,0.0,0.0,-0.186,1,0
441.188,95.827,-56.169,-2.904,5.144,0.427,5.126,0.429,1.679,-4.48,0.0,0.0,-0.209,0,0.0,0.0,-0.219,1,0
441.338,95.16,-56.413,-2.85,4.36,0.496,4.332,0.379,1.602,-4.225,0.675,0.0,-0.245,0,0.48,0.0,-0.254,1,0
441.438,94.781,-56.584,-2.813,4.052,0.483,4.023,0.35,1.113,-0.06,0.816,0.0,-0.223,0,0.801,0.0,-0.233,1,0
441.588,94.226,-56.862,-2.761,4.306,0.539,4.272,0.399,2.26,2.769,0.441,0.0,-0.259,0,0.539,0.0,-0.27,1,0
441.688,93.838,-57.085,-2.72,4.576,0.559,4.542,0.416,1.58,1.372,0.427,0.0,-0.234,0,0.387,0.0,-0.247,1,0
441.788,93.442,-57.329,-2.68,4.708,0.524,4.679,0.388,1.341,0.9,0.562,0.0,-0.28,0,0.502,0.0,-0.222,1,0
441.938,92.849,-57.735,-2.618,4.89,0.605,4.852,0.452,2.41,1.591,0.517,0.0,-0.247,0,0.59,0.0,-0.26,1,0
442.038,92.455,-58.042,-2.573,5.086,0.555,5.055,0.437,1.33,-0.485,0.394,0.0,-0.292,0,0.453,0.0,-0.233,1,0
442.188,91.878,-58.536,-2.506,5.052,0.603,5.016,0.485,2.526,0.106,0.725,0.0,-0.257,0,0.641,0.0,-0.27,1,0
442.288,91.514,-58.889,-2.459,5.123,0.574,5.091,0.466,1.891,1.858,0.597,0.0,-0.302,0,0.66,0.0,-0.243,1,0
442.438,90.987,-59.457,-2.388,5.095,0.58,5.062,0.444,2.135,-1.106,0.877,0.0,-0.267,0,0.842,0.0,-0.28,1,0
442.538,90.667,-59.847,-2.34,5.043,0.552,5.013,0.421,3.71,0.174,0.89,0.0,-0.314,0,0.909,0.0,-0.325,1,0
442.688,90.224,-60.474,-2.262,5.18,0.623,5.142,0.582,2.378,0.008,0.664,0.0,-0.287,0,0.813,0.0,-0.301,1,0
442.788,89.948,-60.919,-2.209,5.562,0.622,5.527,0.549,6.203,12.533,0.0,0.0,-0.308,0,0.857,0.0,-0.321,2,0
442.888,89.653,-61.472,-2.146,6.743,0.789,6.697,0.687,4.702,5.821,0.0,0.0,-0.273,0,0.0,0.0,-0.292,2,0
442.988,89.357,-62.109,-2.078,7.082,0.704,7.047,0.705,4.219,-1.892,0.0,0.0,-0.281,0,0.0,0.0,-0.298,2,0
443.088,89.097,-62.756,-2.011,6.916,0.633,6.887,0.703,3.492,-2.598,0.0,0.0,-0.277,0,0.0,0.0,-0.264,2,0
443.188,88.881,-63.397,-1.947,6.67,0.58,6.645,0.666,3.493,-3.152,0.0,0.0,-0.245,0,0.0,0.0,-0.261,2,0
443.288,88.709,-64.024,-1.889,6.386,0.522,6.365,0.604,3.566,-0.627,0.0,0.0,-0.228,0,0.0,0.0,-0.244,0,0
443.438,88.52,-64.95,-1.811,6.005,0.484,5.986,0.43,2.317,-7.565,0.0,0.0,-0.206,0,0.0,0.0,-0.214,0,0
443.538,88.436,-65.51,-1.77,5.462,0.402,5.447,0.328,1.259,-4.575,0.0,0.0,-0.179,0,0.0,0.0,-0.193,1,0
443.638,88.374,-66.03,-1.736,5.052,0.335,5.041,0.262,1.215,-5.788,0.197,0.0,-0.15,0,0.022,0.0,-0.159,1,0
443.738,88.333,-66.502,-1.708,4.483,0.316,4.472,0.246,0.65,-3.792,0.893,0.0,-0.131,0,0.608,0.0,-0.141,1,0
443.838,88.306,-66.931,-1.686,4.231,0.282,4.221,0.203,0.611,1.382,1.0,0.0,-0.117,0,0.933,0.0,-0.124,1,0
443.938,88.285,-67.365,-1.667,4.484,0.264,4.477,0.191,0.777,4.644,1.0,0.0,-0.102,0,0.8,0.0,-0.111,1,0
444.038,88.268,-67.841,-1.648,4.971,0.247,4.965,0.185,0.475,5.829,1.0,0.0,-0.079,0,1.0,0.0,-0.087,1,0
444.138,88.252,-68.368,-1.632,5.4,0.206,5.396,0.163,0.21,0.695,1.0,0.0,-0.066,0,1.0,0.0,-0.072,1,0
444.238,88.24,-68.912,-1.617,5.515,0.168,5.512,0.135,0.335,2.532,1.0,0.0,-0.05,0,1.0,0.0,-0.06,1,0
444.338,88.231,-69.471,-1.605,5.533,0.127,5.531,0.132,0.432,7.22,1.0,0.0,-0.04,0,1.0,0.0,-0.045,0,0
444.488,88.223,-70.42,-1.59,7.165,0.106,7.164,0.096,0.552,11.691,1.0,0.0,-0.031,0,1.0,0.0,-0.035,2,0
444.588,88.22,-71.192,-1.581,8.123,0.086,8.123,0.084,0.412,8.292,1.0,0.0,-0.019,0,1.0,0.0,-0.023,2,0
444.688,88.222,-72.05,-1.574,8.927,0.062,8.927,0.068,0.287,4.921,1.0,0.0,-0.012,0,1.0,0.0,-0.015,2,0
444.788,88.226,-72.956,-1.568,9.004,0.035,9.004,0.048,0.219,3.688,1.0,0.0,-0.007,0,1.0,0.0,-0.01,0,0
444.888,88.232,-73.886,-1.565,9.675,0.02,9.675,0.032,0.17,8.248,1.0,0.0,-0.003,0,1.0,0.0,-0.005,3,0
444.988,88.241,-74.898,-1.562,10.453,0.01,10.453,0.018,0.077,6.653,1.0,0.0,-0.001,0,1.0,0.0,-0.002,3,0
445.088,88.251,-75.98,-1.561,11.096,0.002,11.096,0.007,0.011,5.934,1.0,0.0,0.001,0,1.0,0.0,0.0,3,0
445.188,88.263,-77.121,-1.561,11.68,-0.003,11.68,-0.0,-0.037,5.614,1.0,0.0,0.002,0,1.0,0.0,0.001,3,0
445.288,88.274,-78.32,-1.561,12.237,-0.004,12.237,-0.005,-0.069,5.476,1.0,0.0,0.002,0,1.0,0.0,0.002,3,0
445.388,88.286,-79.572,-1.562,12.668,-0.004,12.668,-0.008,-0.107,1.227,1.0,0.0,0.002,0,1.0,0.0,0.002,0,0
445.538,88.301,-81.485,-1.563,13.017,-0.003,13.017,-0.009,-0.117,7.275,1.0,0.0,0.002,0,1.0,0.0,0.002,4,0
445.638,88.311,-82.818,-1.564,13.565,-0.002,13.565,-0.009,-0.114,5.008,1.0,0.0,0.002,0,1.0,0.0,0.002,4,0
445.738,88.32,-84.202,-1.565,14.056,-0.0,14.056,-0.008,-0.103,4.707,1.0,0.0,0.001,0,1.0,0.0,0.001,4,0
445.838,88.328,-85.634,-1.566,14.523,0.0,14.523,-0.007,-0.102,4.574,1.0,0.0,0.001,0,1.0,0.0,0.001,4,0
445.938,88.335,-87.111,-1.566,14.979,0.001,14.979,-0.006,-0.089,4.517,0.0,0.0,0.001,0,1.0,0.0,0.001,4,0
446.088,88.344,-89.409,-1.567,15.555,0.002,15.555,-0.005,-0.075,2.786,0.0,0.0,0.001,0,0.0,0.0,0.001,4,0
446.188,88.35,-90.966,-1.568,15.566,0.002,15.566,-0.003,-0.052,-0.573,0.0,0.0,0.0,0,0.0,0.0,0.0,4,0
446.288,88.355,-92.514,-1.568,15.403,0.002,15.403,-0.002,-0.031,-1.869,0.0,0.0,-0.0,0,0.0,0.0,0.0,4,0
446.388,88.36,-94.041,-1.568,15.179,0.002,15.179,-0.0,-0.008,-2.412,0.0,0.0,-0.0,0,0.0,0.0,-0.0,4,0
446.488,88.365,-95.545,-1.568,14.936,0.001,14.936,0.0,0.001,-2.479,0.0,0.0,-0.0,0,0.0,0.0,-0.0,4,0
446.588,88.369,-97.025,-1.568,14.688,0.0,14.688,0.001,0.006,-2.478,0.0,0.0,-0.0,0,0.0,0.0,-0.0,4,0
446.688,88.374,-98.48,-1.568,14.441,0.0,14.441,0.001,0.008,-2.451,0.0,0.0,0.0,0,0.0,0.0,-0.0,4,0
446.788,88.378,-99.911,-1.568,14.196,-0.001,14.196,-0.001,-0.05,-2.415,0.0,0.0,0.001,0,0.0,0.0,0.001,4,0
446.938,88.384,-102.011,-1.568,13.837,-0.003,13.837,-0.006,-0.072,-2.377,0.0,0.0,0.002,0,0.0,0.0,0.002,4,0
447.038,88.386,-103.382,-1.569,13.602,-0.003,13.602,-0.008,-0.095,-2.318,0.0,0.0,0.002,0,0.0,0.0,0.002,4,0
447.138,88.388,-104.729,-1.57,13.371,-0.002,13.371,-0.008,-0.087,-0.417,0.0,0.0,0.001,0,0.0,0.0,0.002,4,0
447.238,88.389,-106.063,-1.57,13.306,-0.001,13.306,-0.007,-0.066,-2.077,0.0,0.0,0.001,0,0.0,0.0,0.001,0,0
447.338,88.389,-107.379,-1.571,12.931,0.001,12.931,-0.005,-0.046,-4.412,0.0,0.0,0.0,0,0.0,0.0,0.001,3,0
447.438,88.389,-108.648,-1.571,12.511,0.001,12.511,-0.003,-0.017,-3.536,0.0,0.0,-0.0,0,0.0,0.0,0.0,3,0
447.588,88.388,-110.483,-1.571,12.009,0.001,12.009,0.0,0.008,-3.24,0.0,0.0,-0.0,0,0.0,0.0,-0.0,3,0
447.688,88.388,-111.666,-1.571,11.702,0.001,11.702,0.001,0.015,-3.125,0.0,0.0,-0.0,0,0.0,0.0,-0.0,3,0
447.788,88.387,-112.82,-1.571,11.405,0.001,11.405,0.002,0.017,-3.042,0.0,0.0,-0.0,0,0.0,0.0,-0.0,3,0
447.888,88.387,-113.944,-1.571,11.116,0.001,11.116,0.002,0.016,-2.972,0.0,0.0,-0.0,0,0.0,0.0,-0.0,3,0
448.038,88.387,-115.577,-1.571,10.688,0.0,10.688,0.001,0.013,-2.908,0.0,0.0,-0.0,0,0.0,0.0,-0.0,3,0
448.138,88.387,-116.637,-1.571,10.585,0.0,10.585,0.001,0.008,-0.076,0.0,0.0,-0.0,0,0.0,0.0,-0.0,0,0
448.238,88.387,-117.679,-1.571,10.066,0.0,10.066,0.001,0.004,-7.296,0.0,0.0,-0.006,0,0.0,0.0,-0.0,2,0
448.338,88.388,-118.645,-1.57,9.373,0.01,9.373,0.01,0.209,-5.208,0.0,0.0,-0.03,0,0.0,0.0,-0.006,2,0
448.438,88.392,-119.553,-1.568,8.848,0.052,8.847,0.052,0.961,-4.487,0.0,0.0,-0.032,0,0.0,0.0,-0.032,2,0
448.538,88.405,-120.413,-1.56,8.388,0.072,8.388,0.083,2.246,-4.216,0.0,0.0,-0.071,0,0.0,0.0,-0.069,2,0
448.688,88.454,-121.619,-1.536,7.756,0.227,7.753,0.24,3.207,-4.144,0.0,0.0,-0.112,0,0.0,0.0,-0.115,2,0
448.788,88.514,-122.37,-1.509,7.358,0.255,7.354,0.279,3.036,-4.315,0.0,0.0,-0.153,0,0.0,0.0,-0.157,2,0
448.888,88.598,-123.078,-1.477,6.991,0.335,6.983,0.353,2.247,-0.15,0.0,0.0,-0.193,0,0.0,0.0,-0.148,0,0
448.988,88.709,-123.768,-1.44,6.97,0.406,6.958,0.412,2.576,-11.619,0.0,0.0,-0.178,0,0.0,0.0,-0.186,1,0
449.138,88.91,-124.675,-1.383,5.767,0.356,5.756,0.295,1.335,-4.926,0.0,0.0,-0.213,0,0.0,0.0,-0.168,1,0
449.238,89.057,-125.207,-1.348,5.31,0.381,5.296,0.31,1.51,-4.069,0.0,0.0,-0.188,0,0.0,0.0,-0.197,1,0
449.338,89.21,-125.691,-1.313,4.852,0.365,4.838,0.333,3.095,-6.929,0.316,0.0,-0.229,0,0.0,0.0,-0.236,1,0
449.438,89.372,-126.111,-1.278,4.277,0.452,4.253,0.343,1.152,-2.986,0.889,0.0,-0.209,0,0.767,0.0,-0.22,1,0
449.538,89.536,-126.492,-1.246,4.118,0.429,4.096,0.309,1.059,2.02,0.798,0.0,-0.251,0,0.909,0.0,-0.199,1,0
449.638,89.717,-126.877,-1.214,4.393,0.495,4.365,0.368,2.176,3.428,0.44,0.0,-0.234,0,0.593,0.0,-0.243,1,0
449.738,89.931,-127.283,-1.176,4.72,0.517,4.691,0.387,1.524,1.571,0.384,0.0,-0.21,0,0.351,0.0,-0.222,1,0
449.838,90.167,-127.702,-1.139,4.854,0.482,4.83,0.36,3.256,0.102,0.572,0.0,-0.253,0,0.481,0.0,-0.263,1,0
449.938,90.426,-128.116,-1.097,4.932,0.561,4.9,0.429,1.995,1.525,0.605,0.0,-0.229,0,0.651,0.0,-0.242,1,0
450.088,90.859,-128.741,-1.035,5.116,0.491,5.092,0.438,1.059,-0.398,0.429,0.0,-0.271,0,0.518,0.0,-0.216,1,0
450.188,91.169,-129.142,-0.993,5.07,0.546,5.04,0.425,2.164,0.031,0.742,0.0,-0.237,0,0.905,0.0,-0.25,1,0
450.288,91.494,-129.529,-0.951,5.033,0.509,5.008,0.358,2.351,4.753,0.989,0.0,-0.282,0,0.79,0.0,-0.225,1,0
450.388,91.851,-129.92,-0.907,5.496,0.588,5.464,0.536,2.641,0.024,0.185,0.0,-0.26,0,0.271,0.0,-0.272,1,0
450.488,92.242,-130.308,-0.858,5.536,0.565,5.507,0.538,2.134,-0.44,0.517,0.0,-0.3,0,0.542,0.0,-0.247,1,0
450.588,92.65,-130.679,-0.809,5.501,0.582,5.47,0.562,3.072,-0.671,0.644,0.0,-0.276,0,0.59,0.0,-0.289,1,0
450.688,93.076,-131.023,-0.757,5.499,0.584,5.468,0.564,2.514,0.3,0.587,0.0,-0.247,0,0.642,0.0,-0.262,1,0
450.788,93.521,-131.351,-0.707,5.577,0.548,5.55,0.529,3.943,0.164,0.468,0.0,-0.29,0,0.539,0.0,-0.302,1,0
450.888,93.991,-131.658,-0.655,5.651,0.614,5.618,0.585,2.874,0.232,0.416,0.0,-0.263,0,0.476,0.0,-0.278,1,0
450.988,94.481,-131.944,-0.602,5.706,0.583,5.676,0.565,3.859,-0.575,0.391,0.0,-0.294,0,0.414,0.0,-0.307,1,0
451.088,94.988,-132.202,-0.547,5.697,0.62,5.663,0.603,2.814,-0.6,0.434,0.0,-0.265,0,0.445,0.0,-0.28,1,0
451.188,95.507,-132.434,-0.493,5.673,0.578,5.643,0.571,3.84,-1.099,0.454,0.0,-0.296,0,0.454,0.0,-0.31,1,0
451.338,96.299,-132.722,-0.412,5.605,0.605,5.572,0.493,2.767,-0.698,0.498,0.0,-0.265,0,0.511,0.0,-0.281,1,0
451.438,96.835,-132.881,-0.36,5.592,0.552,5.565,0.444,2.272,-0.346,0.495,0.0,-0.234,0,0.508,0.0,-0.249,1,0
451.488,97.105,-132.953,-0.336,5.592,0.518,5.568,0.513,2.47,-0.324,0.484,0.0,-0.224,0,0.49,0.0,-0.238,1,0
451.588,97.649,-133.078,-0.291,5.589,0.491,5.567,0.488,1.94,-0.17,0.482,0.0,-0.198,0,0.491,0.0,-0.211,1,0
451.688,98.197,-133.185,-0.249,5.592,0.443,5.574,0.445,1.956,-0.176,0.477,0.0,-0.185,0,0.481,0.0,-0.197,1,0
451.788,98.749,-133.272,-0.211,5.592,0.41,5.577,0.416,1.572,-0.121,0.478,0.0,-0.167,0,0.48,0.0,-0.174,1,0
451.888,99.303,-133.344,-0.177,5.592,0.372,5.579,0.382,1.42,-0.117,0.48,0.0,-0.146,0,0.477,0.0,-0.157,1,0
451.988,99.859,-133.401,-0.145,5.59,0.331,5.58,0.346,1.207,-0.09,1.0,0.0,-0.128,0,0.482,0.0,-0.137,1,0
452.088,100.416,-133.445,-0.118,5.593,0.292,5.585,0.311,1.11,0.67,0.814,0.0,-0.11,0,0.799,0.0,-0.12,1,0
452.188,100.98,-133.479,-0.093,5.708,0.26,5.702,0.277,0.902,0.607,0.63,0.0,-0.094,0,0.749,0.0,-0.102,1,0
452.288,101.553,-133.503,-0.072,5.743,0.221,5.739,0.251,0.995,3.883,1.0,0.0,-0.078,0,0.706,0.0,-0.087,0,0
452.388,102.162,-133.521,-0.052,6.617,0.214,6.614,0.198,0.799,11.097,1.0,0.0,-0.053,0,1.0,0.0,-0.061,2,0
452.488,102.885,-133.534,-0.035,7.658,0.167,7.656,0.156,0.733,8.717,1.0,0.0,-0.038,0,1.0,0.0,-0.045,2,0
452.588,103.698,-133.543,-0.021,8.496,0.124,8.496,0.128,0.622,7.572,1.0,0.0,-0.027,0,1.0,0.0,-0.032,2,0
452.688,104.587,-133.548,-0.01,9.05,0.083,9.05,0.101,0.389,2.733,1.0,0.0,-0.017,0,1.0,0.0,-0.021,0,0
452.788,105.497,-133.548,-0.003,9.02,0.046,9.02,0.067,0.384,11.618,1.0,0.0,-0.01,0,1.0,0.0,-0.013,3,0
452.888,106.46,-133.544,0.003,10.023,0.028,10.023,0.044,0.219,7.434,1.0,0.0,-0.005,0,1.0,0.0,-0.007,3,0
452.988,107.503,-133.538,0.006,10.732,0.013,10.732,0.025,0.103,6.285,1.0,0.0,-0.001,0,1.0,0.0,-0.003,3,0
453.088,108.611,-133.53,0.008,11.345,0.003,11.345,0.012,0.02,5.77,1.0,0.0,0.001,0,1.0,0.0,-0.0,3,0
453.188,109.777,-133.521,0.008,11.915,-0.002,11.915,0.002,-0.038,5.542,1.0,0.0,0.002,0,1.0,0.0,0.001,3,0
453.288,110.998,-133.511,0.008,12.467,-0.004,12.467,-0.004,-0.076,5.453,1.0,0.0,0.002,0,1.0,0.0,0.002,3,0
453.388,112.264,-133.502,0.007,12.67,-0.004,12.67,-0.007,-0.092,1.324,1.0,0.0,0.002,0,1.0,0.0,0.002,0,0
453.488,113.541,-133.493,0.007,12.966,-0.003,12.966,-0.009,-0.099,5.8,1.0,0.0,0.002,0,1.0,0.0,0.002,4,0
453.588,114.869,-133.486,0.006,13.523,-0.002,13.523,-0.009,-0.112,5.054,1.0,0.0,0.002,0,1.0,0.0,0.002,4,0
453.688,116.249,-133.478,0.005,14.019,-0.001,14.019,-0.008,-0.102,4.728,1.0,0.0,0.001,0,1.0,0.0,0.002,4,0
453.788,117.677,-133.472,0.004,14.488,0.0,14.488,-0.007,-0.087,4.583,1.0,0.0,0.001,0,1.0,0.0,0.001,4,0
453.888,119.151,-133.466,0.003,14.944,0.001,14.944,-0.006,-0.085,4.521,1.0,0.0,0.001,0,1.0,0.0,0.001,4,0
453.988,120.67,-133.461,0.003,15.395,0.002,15.395,-0.005,-0.072,4.496,1.0,0.0,0.001,0,1.0,0.0,0.001,4,0
454.088,122.235,-133.457,0.002,15.845,0.002,15.845,-0.004,-0.067,4.487,1.0,0.0,0.001,0,1.0,0.0,0.001,4,0
454.188,123.84,-133.453,0.002,16.129,0.002,16.129,-0.004,-0.057,0.101,1.0,0.0,0.001,0,0.851,0.0,0.001,0,0
454.288,125.454,-133.45,0.002,16.249,0.002,16.249,-0.003,-0.053,4.915,0.921,0.0,0.001,0,1.0,0.0,0.001,5,0
454.388,127.106,-133.447,0.001,16.712,0.002,16.712,-0.003,-0.051,4.351,0.383,0.0,0.0,0,0.921,0.0,0.001,5,0
454.488,128.796,-133.444,0.001,17.019,0.002,17.019,-0.003,-0.043,1.412,0.288,0.0,0.0,0,0.294,0.0,0.0,5,0
454.588,130.505,-133.443,0.001,17.122,0.002,17.122,-0.002,-0.041,0.661,0.313,0.0,0.0,0,0.288,0.0,0.0,5,0
454.688,132.217,-133.441,0.001,17.13,0.001,17.13,-0.002,-0.035,-0.2,0.304,0.0,0.0,0,0.313,0.0,0.0,5,0
454.788,133.929,-133.44,0.001,17.105,0.001,17.105,-0.002,-0.029,-0.382,0.28,0.0,0.0,0,0.292,0.0,0.0,5,0
454.888,135.637,-133.439,0.0,17.063,0.001,17.063,-0.001,-0.025,-0.52,0.265,0.0,0.0,0,0.271,0.0,0.0,5,0
454.988,137.34,-133.438,0.0,17.009,0.001,17.009,-0.001,-0.021,-0.612,0.263,0.0,0.0,0,0.263,0.0,0.0,5,0
455.088,139.037,-133.438,0.0,16.946,0.001,16.946,-0.001,-0.017,-0.647,0.272,0.0,0.0,0,0.267,0.0,0.0,5,0
455.188,140.728,-133.438,0.0,16.882,0.001,16.882,-0.001,-0.015,-0.632,0.286,0.0,0.0,0,0.278,0.0,0.0,5,0
455.288,142.413,-133.438,-0.0,16.82,0.001,16.82,-0.001,-0.012,-0.58,0.304,0.0,0.0,0,0.295,0.0,0.0,5,0
455.388,144.092,-133.438,-0.0,16.763,0.0,16.763,-0.001,-0.009,-0.505,0.323,0.0,0.0,0,0.314,0.0,0.0,5,0
455.488,145.765,-133.438,-0.0,16.715,0.0,16.715,-0.0,-0.008,-0.416,0.343,0.0,0.0,0,0.333,0.0,0.0,5,0
455.588,147.435,-133.438,-0.0,16.676,0.0,16.676,-0.0,-0.007,-0.322,0.361,0.0,0.0,0,0.352,0.0,0.0,5,0
455.688,149.1,-133.438,-0.0,16.646,0.0,16.646,-0.0,-0.006,-0.231,0.376,0.0,0.0,0,0.369,0.0,0.0,5,0
455.788,150.764,-133.439,-0.0,16.625,0.0,16.625,-0.0,-0.005,-0.147,0.389,0.0,0.0,0,0.383,0.0,0.0,5,0
455.888,152.426,-133.439,-0.0,16.612,0.0,16.612,-0.0,-0.004,-0.075,0.399,0.0,0.0,0,0.394,0.0,0.0,5,0
455.988,154.086,-133.44,-0.0,16.606,0.0,16.606,-0.0,-0.004,-0.016,0.406,0.0,0.0,0,0.403,0.0,0.0,5,0
456.088,155.747,-133.44,-0.0,16.606,0.0,16.606,-0.0,-0.003,0.029,0.411,0.0,0.0,0,0.409,0.0,0.0,5,0
456.188,157.408,-133.441,-0.0,16.609,0.0,16.609,-0.0,-0.003,0.061,0.413,0.0,0.0,0,0.412,0.0,0.0,5,0
456.288,159.069,-133.442,-0.0,16.616,0.0,16.616,-0.0,-0.002,0.08,0.414,0.0,0.0,0,0.413,0.0,0.0,5,0
456.388,160.731,-133.442,-0.0,16.624,0.0,16.624,-0.0,-0.002,0.089,0.413,0.0,0.0,0,0.413,0.0,0.0,5,0
456.538,163.226,-133.443,-0.0,16.638,0.0,16.638,-0.0,-0.002,0.089,0.411,0.0,0.0,0,0.412,0.0,0.0,5,0
456.638,164.89,-133.444,-0.0,16.646,0.0,16.646,-0.0,-0.001,0.084,0.409,0.0,0.0,0,0.41,0.0,0.0,5,0
456.738,166.555,-133.444,-0.0,16.654,0.0,16.654,-0.0,-0.001,0.074,0.405,0.0,0.0,0,0.407,0.0,0.0,5,0
456.838,168.221,-133.445,-0.0,16.66,0.0,16.66,-0.0,-0.001,0.055,0.402,0.0,0.0,0,0.404,0.0,0.0,5,0
456.938,169.887,-133.446,-0.0,16.666,0.0,16.666,-0.0,-0.001,0.042,0.4,0.0,0.0,0,0.401,0.0,0.0,5,0
457.038,171.554,-133.446,-0.0,16.67,0.0,16.67,-0.0,-0.001,0.03,0.398,0.0,0.0,0,0.399,0.0,0.0,5,0
457.138,173.221,-133.447,-0.0,16.672,0.0,16.672,-0.0,-0.001,0.019,0.396,0.0,0.0,0,0.397,0.0,0.0,5,0
457.238,174.888,-133.448,-0.0,16.674,0.0,16.674,-0.0,-0.001,0.009,0.395,0.0,0.0,0,0.396,0.0,0.0,5,0
457.388,177.39,-133.449,-0.0,16.675,0.0,16.675,-0.0,-0.001,0.002,0.394,0.0,0.0,0,0.395,0.0,0.0,5,0
457.488,179.057,-133.45,-0.0,16.674,0.0,16.674,-0.0,-0.001,-0.006,0.393,0.0,0.0,0,0.394,0.0,0.0,5,0
457.588,180.724,-133.45,-0.0,16.674,0.0,16.674,-0.0,-0.001,-0.009,0.393,0.0,0.0,0,0.393,0.0,0.0,5,0
457.688,182.392,-133.451,-0.0,16.673,0.0,16.673,-0.0,-0.0,-0.011,0.393,0.0,-0.0,0,0.393,0.0,-0.0,5,0
457.788,184.059,-133.452,-0.0,16.672,0.0,16.672,-0.0,0.0,-0.012,0.393,0.0,-0.0,0,0.393,0.0,-0.0,5,0
457.888,185.726,-133.453,-0.0,16.67,0.0,16.67,0.0,0.0,-0.011,0.394,0.0,-0.0,0,0.394,0.0,-0.0,5,0
457.988,187.393,-133.453,-0.0,16.669,0.0,16.669,0.0,0.0,-0.01,0.394,0.0,-0.0,0,0.394,0.0,-0.0,5,0
458.088,189.06,-133.454,-0.0,16.668,0.0,16.668,0.0,0.001,-0.213,0.236,0.0,-0.0,0,0.0,0.0,-0.0,5,0
458.188,190.725,-133.455,-0.0,16.622,-0.0,16.622,0.0,0.0,-0.916,0.039,0.0,-0.0,0,0.0,0.0,-0.0,5,0
458.288,192.382,-133.456,-0.0,16.515,-0.0,16.515,0.0,0.0,-0.945,0.0,0.0,0.0,0,0.0,0.0,0.0,5,0
458.388,194.028,-133.456,-0.0,16.455,-0.0,16.455,-0.0,-0.0,-0.092,0.0,0.0,0.0,0,0.0,0.0,0.0,0,0
458.488,195.665,-133.457,-0.0,16.208,-0.0,16.208,-0.0,-0.0,-3.816,0.0,0.0,0.0,0,0.0,0.0,0.0,4,0
458.638,198.053,-133.458,-0.0,15.694,-0.0,15.694,-0.0,-0.0,-3.095,0.0,0.0,0.0,0,0.0,0.0,0.0,4,0
458.738,199.606,-133.459,-0.0,15.408,-0.0,15.408,-0.0,-0.0,-2.712,0.0,0.0,0.0,0,0.0,0.0,0.0,4,0
458.838,201.132,-133.459,-0.0,15.14,-0.0,15.14,-0.0,-0.0,-2.61,0.0,0.0,0.0,0,0.0,0.0,0.0,4,0
458.938,202.632,-133.46,-0.0,14.881,0.0,14.881,-0.0,-0.0,-2.545,0.0,0.0,-0.0,0,0.0,0.0,0.0,4,0
459.038,204.106,-133.461,-0.0,14.627,0.0,14.627,-0.0,0.0,-2.495,0.0,0.0,-0.0,0,0.0,0.0,-0.0,4,0
459.188,206.27,-133.462,-0.0,14.257,0.0,14.257,0.0,0.0,-2.45,0.0,0.0,-0.0,0,0.0,0.0,-0.0,4,0
459.288,207.683,-133.462,-0.0,14.015,0.0,14.015,0.0,0.0,-2.388,0.0,0.0,-0.0,0,0.0,0.0,-0.0,4,0
459.388,209.071,-133.463,-0.0,13.777,-0.0,13.777,0.0,0.0,-2.347,0.0,0.0,0.0,0,0.0,0.0,-0.0,4,0
459.488,210.436,-133.464,-0.0,13.543,-0.0,13.543,0.0,-0.0,-2.308,0.0,0.0,0.0,0,0.0,0.0,0.0,4,0
459.588,211.778,-133.464,-0.0,13.314,-0.0,13.314,-0.0,-0.0,0.515,0.0,0.0,0.0,0,0.0,0.0,0.0,0,0
459.688,213.11,-133.465,-0.0,13.29,-0.0,13.29,-0.0,-0.0,-4.327,0.0,0.0,0.0,0,0.0,0.0,0.0,0,0
459.788,214.415,-133.465,-0.0,12.827,-0.0,12.827,-0.0,-0.0,-4.183,0.0,0.0,0.0,0,0.0,0.0,0.0,3,0
459.888,215.675,-133.466,-0.0,12.426,-0.0,12.426,-0.0,0.0,-4.013,0.0,1.0,0.0,0,0.0,1.0,0.0,3,0
459.988,216.893,-133.467,-0.0,11.957,-0.0,11.957,-0.0,0.0,-6.257,0.0,1.0,0.0,0,0.0,1.0,0.0,3,0
460.138,218.606,-133.467,-0.0,10.965,-0.0,10.965,0.0,0.0,-5.838,0.0,1.0,0.0,0,0.0,1.0,0.0,3,0
460.238,219.664,-133.468,-0.0,10.138,-0.0,10.138,0.0,0.0,-12.217,0.0,1.0,0.0,0,0.0,1.0,0.0,2,0
460.338,220.611,-133.468,-0.0,8.98,-0.0,8.98,0.0,0.0,-10.08,0.0,1.0,0.0,0,0.0,1.0,0.0,2,0
460.438,221.457,-133.469,-0.0,8.092,-0.0,8.092,-0.0,0.0,-7.96,0.0,1.0,0.0,0,0.0,1.0,0.0,2,0
460.538,222.224,-133.469,-0.0,7.379,-0.0,7.379,0.0,0.0,-6.133,0.0,1.0,0.0,0,0.0,1.0,0.0,0,0
460.638,222.927,-133.469,-0.0,6.566,-0.0,6.566,0.0,0.0,-26.912,0.0,1.0,0.0,0,0.0,1.0,0.0,1,0
460.788,223.589,-133.469,-0.0,2.597,-0.0,2.597,0.0,0.0,-26.3,0.0,1.0,0.0,0,0.0,1.0,0.0,1,0
460.888,223.705,-133.469,-0.0,0.186,-0.0,0.186,0.0,0.0,-3.902,0.0,1.0,0.0,0,0.0,1.0,0.0,1,0
460.988,223.707,-133.469,-0.0,0.012,-0.0,-0.012,-0.0,-0.0,0.011,0.0,1.0,0.0,0,0.0,1.0,0.0,1,1
461.088,223.709,-133.469,-0.0,0.01,-0.0,-0.01,-0.0,0.0,0.041,0.0,1.0,0.0,0,0.0,1.0,0.0,1,1
461.188,223.711,-133.469,-0.0,0.006,-0.0,-0.006,-0.0,0.0,0.03,0.0,1.0,0.0,0,0.0,1.0,0.0,1,1
461.338,223.712,-133.469,-0.0,0.002,-0.0,-0.002,-0.0,0.0,0.018,0.0,1.0,0.0,0,0.0,1.0,0.0,1,1
461.438,223.712,-133.469,-0.0,0.001,-0.0,-0.001,-0.0,0.0,0.007,0.0,1.0,0.0,0,0.0,1.0,0.0,1,1
461.538,223.712,-133.469,-0.0,0.001,-0.0,-0.001,-0.0,0.0,0.004,0.0,1.0,0.0,0,0.0,1.0,0.0,1,1
461.688,223.712,-133.469,-0.0,0.0,-0.0,0.0,-0.0,0.0,0.0,0.0,1.0,0.0,0,0.0,1.0,0.0,1,1
461.788,223.712,-133.469,-0.0,0.0,-0.0,0.0,-0.0,0.0,0.0,0.0,1.0,0.0,0,0.0,1.0,0.0,1,1
461.888,223.712,-133.469,-0.0,0.0,-0.0,0.0,-0.0,0.0,0.0,0.0,1.0,0.0,0,0.0,1.0,0.0,1,1
462.038,223.712,-133.469,-0.0,0.0,-0.0,0.0,-0.0,0.0,0.0,0.0,1.0,0.0,0,0.0,1.0,0.0,1,1
462.138,223.712,-133.469,-0.0,0.0,-0.0,0.0,-0.0,0.0,0.0,0.0,1.0,0.0,0,0.0,1.0,0.0,1,1
462.288,223.712,-133.469,-0.0,0.0,-0.0,0.0,-0.0,0.0,0.0,0.0,1.0,0.0,0,0.0,1.0,0.0,1,1
462.388,223.712,-133.469,-0.0,0.0,-0.0,0.0,-0.0,0.0,0.0,0.0,1.0,0.0,0,0.0,1.0,0.0,1,1
462.488,223.712,-133.469,-0.0,0.0,-0.0,0.0,-0.0,0.0,0.0,0.0,1.0,0.0,0,0.0,1.0,0.0,1,1
462.638,223.712,-133.469,-0.0,0.0,-0.0,0.0,-0.0,0.0,0.0,0.0,1.0,0.0,0,0.0,1.0,0.0,1,1
462.738,223.712,-133.469,-0.0,0.0,-0.0,0.0,-0.0,0.0,0.0,0.0,1.0,0.0,0,0.0,1.0,0.0,1,1
462.838,223.712,-133.469,-0.0,0.0,-0.0,0.0,-0.0,0.0,0.0,0.0,1.0,0.0,0,0.0,1.0,0.0,1,1
462.988,223.712,-133.469,-0.0,0.0,-0.0,0.0,-0.0,0.0,0.0,0.0,1.0,0.0,0,0.0,1.0,0.0,1,1
463.088,223.712,-133.469,-0.0,0.0,-0.0,0.0,-0.0,0.0,0.0,0.0,1.0,0.0,0,0.0,1.0,0.0,1,1
463.188,223.712,-133.469,-0.0,0.0,-0.0,0.0,-0.0,0.0,0.0,0.0,1.0,0.0,0,0.0,1.0,0.0,1,1
463.338,223.712,-133.469,-0.0,0.0,-0.0,0.0,-0.0,0.0,0.0,0.0,1.0,0.0,0,0.0,1.0,0.0,1,1
463.438,223.712,-133.469,-0.0,0.0,-0.0,0.0,-0.0,0.0,0.0,0.0,1.0,0.0,0,0.0,1.0,0.0,1,1
463.588,223.712,-133.469,-0.0,0.0,-0.0,0.0,-0.0,0.0,0.0,0.0,1.0,0.0,0,0.0,1.0,0.0,1,1
463.688,223.712,-133.469,-0.0,0.0,-0.0,0.0,-0.0,0.0,0.0,0.0,1.0,0.0,0,0.0,1.0,0.0,1,1
463.788,223.712,-133.469,-0.0,0.0,-0.0,0.0,-0.0,0.0,0.0,0.0,1.0,0.0,0,0.0,1.0,0.0,1,1
463.938,223.712,-133.469,-0.0,0.0,-0.0,0.0,-0.0,0.0,0.0,0.0,1.0,0.0,0,0.0,1.0,0.0,1,1
464.038,223.712,-133.469,-0.0,0.0,-0.0,0.0,-0.0,0.0,0.0,0.0,1.0,0.0,0,0.0,1.0,0.0,1,1
464.188,223.712,-133.469,-0.0,0.0,-0.0,0.0,-0.0,0.0,0.0,0.0,1.0,0.0,0,0.0,1.0,0.0,1,1
464.288,223.712,-133.469,-0.0,0.0,-0.0,0.0,-0.0,0.0,0.0,0.0,1.0,0.0,0,0.0,1.0,0.0,1,1
464.388,223.712,-133.469,-0.0,0.0,-0.0,0.0,-0.0,0.0,0.0,0.0,1.0,0.0,0,0.0,1.0,0.0,1,1
464.538,223.712,-133.469,-0.0,0.0,-0.0,0.0,-0.0,0.0,0.0,0.0,1.0,0.0,0,0.0,1.0,0.0,1,1
464.638,223.712,-133.469,-0.0,0.0,-0.0,0.0,-0.0,0.0,0.0,0.0,1.0,0.0,0,0.0,1.0,0.0,1,1
464.788,223.712,-133.469,-0.0,0.0,-0.0,0.0,-0.0,0.0,0.0,0.0,1.0,0.0,0,0.0,1.0,0.0,1,1
464.888,223.712,-133.469,-0.0,0.0,-0.0,0.0,-0.0,0.0,0.0,0.0,1.0,0.0,0,0.0,1.0,0.0,1,1
465.038,223.712,-133.469,-0.0,0.0,-0.0,0.0,-0.0,0.0,0.0,0.0,1.0,0.0,0,0.0,1.0,0.0,1,1
465.138,223.712,-133.469,-0.0,0.0,-0.0,0.0,-0.0,0.0,0.0,0.0,1.0,0.0,0,0.0,1.0,0.0,1,1
465.288,223.712,-133.469,-0.0,0.0,-0.0,0.0,-0.0,0.0,0.0,0.0,1.0,0.0,0,0.0,1.0,0.0,1,1
465.388,223.712,-133.469,-0.0,0.0,-0.0,0.0,-0.0,0.0,0.0,0.0,1.0,0.0,0,0.0,1.0,0.0,1,1
465.538,223.712,-133.469,-0.0,0.0,-0.0,0.0,-0.0,0.0,0.0,0.0,1.0,0.0,0,0.0,1.0,0.0,1,1
465.638,223.712,-133.469,-0.0,0.0,-0.0,0.0,-0.0,0.0,0.0,0.0,1.0,0.0,0,0.0,1.0,0.0,1,1
465.738,223.712,-133.469,-0.0,0.0,-0.0,0.0,-0.0,0.0,0.0,0.0,1.0,0.0,0,0.0,1.0,0.0,1,1
465.888,223.712,-133.469,-0.0,0.0,-0.0,0.0,-0.0,0.0,0.0,0.0,1.0,0.0,0,0.0,1.0,0.0,1,1
465.988,223.712,-133.469,-0.0,0.0,-0.0,0.0,-0.0,0.0,0.0,0.0,1.0,0.0,0,0.0,1.0,0.0,1,1
466.138,223.712,-133.469,-0.0,0.0,-0.0,0.0,-0.0,0.0,0.0,0.0,1.0,0.0,0,0.0,1.0,0.0,1,1
466.238,223.712,-133.469,-0.0,0.0,-0.0,0.0,-0.0,0.0,0.0,0.0,1.0,0.0,0,0.0,1.0,0.0,1,1
466.388,223.712,-133.469,-0.0,0.0,-0.0,0.0,-0.0,0.0,0.0,0.0,1.0,0.0,0,0.0,1.0,0.0,1,1
466.488,223.712,-133.469,-0.0,0.0,-0.0,0.0,-0.0,0.0,0.0,0.0,1.0,0.0,0,0.0,1.0,0.0,1,1
466.588,223.712,-133.469,-0.0,0.0,-0.0,0.0,-0.0,0.0,0.0,0.0,1.0,0.0,0,0.0,1.0,0.0,1,1
466.738,223.712,-133.469,-0.0,0.0,-0.0,0.0,-0.0,0.0,0.0,0.0,1.0,0.0,0,0.0,1.0,0.0,1,1
466.838,223.712,-133.469,-0.0,0.0,-0.0,0.0,-0.0,0.0,0.0,0.0,1.0,0.0,0,0.0,1.0,0.0,1,1
466.988,223.712,-133.469,-0.0,0.0,-0.0,0.0,-0.0,0.0,0.0,0.0,1.0,0.0,0,0.0,1.0,0.0,1,1
467.088,223.712,-133.469,-0.0,0.0,-0.0,0.0,-0.0,0.0,0.0,0.0,1.0,0.0,0,0.0,1.0,0.0,1,1
467.238,223.712,-133.469,-0.0,0.0,-0.0,0.0,-0.0,0.0,0.0,0.0,1.0,0.0,0,0.0,1.0,0.0,1,1
467.338,223.712,-133.469,-0.0,0.0,-0.0,0.0,-0.0,0.0,0.0,0.0,1.0,0.0,0,0.0,1.0,0.0,1,1
467.488,223.712,-133.469,-0.0,0.0,-0.0,0.0,-0.0,0.0,0.0,0.0,1.0,0.0,0,0.0,1.0,0.0,1,1
467.588,223.712,-133.469,-0.0,0.0,-0.0,0.0,-0.0,0.0,0.0,0.0,1.0,0.0,0,0.0,1.0,0.0,1,1
467.688,223.712,-133.469,-0.0,0.0,-0.0,0.0,-0.0,0.0,0.0,0.0,1.0,0.0,0,0.0,1.0,0.0,1,1
467.838,223.712,-133.469,-0.0,0.0,-0.0,0.0,-0.0,0.0,0.0,0.0,1.0,0.0,0,0.0,1.0,0.0,1,1
467.938,223.712,-133.469,-0.0,0.0,-0.0,0.0,-0.0,0.0,0.0,0.0,1.0,0.0,0,0.0,1.0,0.0,1,1
468.088,223.712,-133.469,-0.0,0.0,-0.0,0.0,-0.0,0.0,0.0,0.0,1.0,0.0,0,0.0,1.0,0.0,1,1
468.188,223.712,-133.469,-0.0,0.0,-0.0,0.0,-0.0,0.0,0.0,0.0,1.0,0.0,0,0.0,1.0,0.0,1,1
468.288,223.712,-133.469,-0.0,0.0,-0.0,0.0,-0.0,0.0,0.0,0.0,1.0,0.0,0,0.0,1.0,0.0,1,1
468.438,223.712,-133.469,-0.0,0.0,-0.0,0.0,-0.0,0.0,0.0,0.0,1.0,0.0,0,0.0,1.0,0.0,1,1
468.538,223.712,-133.469,-0.0,0.0,-0.0,0.0,-0.0,0.0,0.0,0.0,1.0,0.0,0,0.0,1.0,0.0,1,1
468.688,223.712,-133.469,-0.0,0.0,-0.0,0.0,-0.0,0.0,0.0,0.0,1.0,0.0,0,0.0,1.0,0.0,1,1
468.788,223.712,-133.469,-0.0,0.0,-0.0,0.0,-0.0,0.0,0.0,0.0,1.0,0.0,0,0.0,1.0,0.0,1,1
468.938,223.712,-133.469,-0.0,0.0,-0.0,0.0,-0.0,0.0,0.0,0.0,1.0,0.0,0,0.0,1.0,0.0,1,1
469.038,223.712,-133.469,-0.0,0.0,-0.0,0.0,-0.0,0.0,0.0,0.0,1.0,0.0,0,0.0,1.0,0.0,1,1
469.188,223.712,-133.469,-0.0,0.0,-0.0,0.0,-0.0,0.0,0.0,0.0,1.0,0.0,0,0.0,1.0,0.0,1,1
469.288,223.712,-133.469,-0.0,0.0,-0.0,0.0,-0.0,0.0,0.0,0.0,1.0,0.0,0,0.0,1.0,0.0,1,1
469.388,223.712,-133.469,-0.0,0.0,-0.0,0.0,-0.0,0.0,0.0,0.0,1.0,0.0,0,0.0,1.0,0.0,1,1
469.538,223.712,-133.469,-0.0,0.0,-0.0,0.0,-0.0,0.0,0.0,0.0,1.0,0.0,0,0.0,1.0,0.0,1,1
469.638,223.712,-133.469,-0.0,0.0,-0.0,0.0,-0.0,0.0,0.0,0.0,1.0,0.0,0,0.0,1.0,0.0,1,1
469.738,223.712,-133.469,-0.0,0.0,-0.0,0.0,-0.0,0.0,0.0,0.0,1.0,0.0,0,0.0,1.0,0.0,1,1
469.888,223.712,-133.469,-0.0,0.0,-0.0,0.0,-0.0,0.0,0.0,0.0,1.0,0.0,0,0.0,1.0,0.0,1,1
469.988,223.712,-133.469,-0.0,0.0,-0.0,0.0,-0.0,0.0,0.0,0.0,1.0,0.0,0,0.0,1.0,0.0,1,1
470.138,223.712,-133.469,-0.0,0.0,-0.0,0.0,-0.0,0.0,0.0,0.0,1.0,0.0,0,0.0,1.0,0.0,1,1
470.238,223.712,-133.469,-0.0,0.0,-0.0,0.0,-0.0,0.0,0.0,0.0,1.0,0.0,0,0.0,1.0,0.0,1,1
470.338,223.712,-133.469,-0.0,0.0,-0.0,0.0,-0.0,0.0,0.0,0.0,1.0,0.0,0,0.0,1.0,0.0,1,1
470.488,223.712,-133.469,-0.0,0.0,-0.0,0.0,-0.0,0.0,0.0,0.0,1.0,0.0,0,0.0,1.0,0.0,1,1
470.588,223.712,-133.469,-0.0,0.0,-0.0,0.0,-0.0,0.0,0.0,0.0,1.0,0.0,0,0.0,1.0,0.0,1,1
470.738,223.712,-133.469,-0.0,0.0,-0.0,0.0,-0.0,0.0,0.0,0.0,1.0,0.0,0,0.0,1.0,0.0,1,1
470.838,223.712,-133.469,-0.0,0.0,-0.0,0.0,-0.0,0.0,0.0,0.0,1.0,0.0,0,0.0,1.0,0.0,1,1
470.938,223.712,-133.469,-0.0,0.0,-0.0,0.0,-0.0,0.0,0.0,0.0,1.0,0.0,0,0.0,1.0,0.0,1,1
471.088,223.712,-133.469,-0.0,0.0,-0.0,0.0,-0.0,0.0,0.0,0.0,1.0,0.0,0,0.0,1.0,0.0,1,1
471.188,223.712,-133.469,-0.0,0.0,-0.0,0.0,-0.0,0.0,0.0,0.0,1.0,0.0,0,0.0,1.0,0.0,1,1
471.338,223.712,-133.469,-0.0,0.0,-0.0,0.0,-0.0,0.0,0.0,0.0,1.0,0.0,0,0.0,1.0,0.0,1,1
471.438,223.712,-133.469,-0.0,0.0,-0.0,0.0,-0.0,0.0,0.0,0.0,1.0,0.0,0,0.0,1.0,0.0,1,1
471.588,223.712,-133.469,-0.0,0.0,-0.0,0.0,-0.0,0.0,0.0,0.0,1.0,0.0,0,0.0,1.0,0.0,1,1
471.688,223.712,-133.469,-0.0,0.0,-0.0,0.0,-0.0,0.0,0.0,0.0,1.0,0.0,0,0.0,1.0,0.0,1,1
471.788,223.712,-133.469,-0.0,0.0,-0.0,0.0,-0.0,0.0,0.0,0.0,1.0,0.0,0,0.0,1.0,0.0,1,1
471.938,223.712,-133.469,-0.0,0.0,-0.0,0.0,-0.0,0.0,0.0,0.0,1.0,0.0,0,0.0,1.0,0.0,1,1
472.038,223.712,-133.469,-0.0,0.0,-0.0,0.0,-0.0,0.0,0.0,0.0,1.0,0.0,0,0.0,1.0,0.0,1,1
472.188,223.712,-133.469,-0.0,0.0,-0.0,0.0,-0.0,0.0,0.0,0.0,1.0,0.0,0,0.0,1.0,0.0,1,1
472.288,223.712,-133.469,-0.0,0.0,-0.0,0.0,-0.0,0.0,0.0,0.0,1.0,0.0,0,0.0,1.0,0.0,1,1
472.438,223.712,-133.469,-0.0,0.0,-0.0,0.0,-0.0,0.0,0.0,0.0,1.0,0.0,0,0.0,1.0,0.0,1,1
472.538,223.712,-133.469,-0.0,0.0,-0.0,0.0,-0.0,0.0,0.0,0.0,1.0,0.0,0,0.0,1.0,0.0,1,1
472.688,223.712,-133.469,-0.0,0.0,-0.0,0.0,-0.0,0.0,0.0,0.0,1.0,0.0,0,0.0,1.0,0.0,1,1
472.788,223.712,-133.469,-0.0,0.0,-0.0,0.0,-0.0,0.0,0.0,0.0,1.0,0.0,0,0.0,1.0,0.0,1,1
472.888,223.712,-133.469,-0.0,0.0,-0.0,0.0,-0.0,0.0,0.0,0.0,1.0,0.0,0,0.0,1.0,0.0,1,1
473.038,223.712,-133.469,-0.0,0.0,-0.0,0.0,-0.0,0.0,0.0,0.0,1.0,0.0,0,0.0,1.0,0.0,1,1
473.138,223.712,-133.469,-0.0,0.0,-0.0,0.0,-0.0,0.0,0.0,0.0,1.0,0.0,0,0.0,1.0,0.0,1,1
473.288,223.712,-133.469,-0.0,0.0,-0.0,0.0,-0.0,0.0,0.0,0.0,1.0,0.0,0,0.0,1.0,0.0,1,1
473.388,223.712,-133.469,-0.0,0.0,-0.0,0.0,-0.0,0.0,0.0,0.0,1.0,0.0,0,0.0,1.0,0.0,1,1
473.488,223.712,-133.469,-0.0,0.0,-0.0,0.0,-0.0,0.0,0.0,0.0,1.0,0.0,0,0.0,1.0,0.0,1,1
473.638,223.712,-133.469,-0.0,0.0,-0.0,0.0,-0.0,0.0,0.0,0.0,1.0,0.0,0,0.0,1.0,0.0,1,1
473.738,223.712,-133.469,-0.0,0.0,-0.0,0.0,-0.0,0.0,0.0,0.0,1.0,0.0,0,0.0,1.0,0.0,1,1
473.838,223.712,-133.469,-0.0,0.0,-0.0,0.0,-0.0,0.0,0.0,0.0,1.0,0.0,0,0.0,1.0,0.0,1,1
473.988,223.712,-133.469,-0.0,0.0,-0.0,0.0,-0.0,0.0,0.0,0.0,1.0,0.0,0,0.0,1.0,0.0,1,1
474.088,223.712,-133.469,-0.0,0.0,-0.0,0.0,-0.0,0.0,0.0,0.0,1.0,0.0,0,0.0,1.0,0.0,1,1
474.188,223.712,-133.469,-0.0,0.0,-0.0,0.0,-0.0,0.0,0.0,0.0,1.0,0.0,0,0.0,1.0,0.0,1,1
474.338,223.712,-133.469,-0.0,0.0,-0.0,0.0,-0.0,0.0,0.0,0.0,1.0,0.0,0,0.0,1.0,0.0,1,1
474.438,223.712,-133.469,-0.0,0.0,-0.0,0.0,-0.0,0.0,0.0,0.0,1.0,0.0,0,0.0,1.0,0.0,1,1
474.588,223.712,-133.469,-0.0,0.0,-0.0,0.0,-0.0,0.0,0.0,0.0,1.0,0.0,0,0.0,1.0,0.0,1,1
474.688,223.712,-133.469,-0.0,0.0,-0.0,0.0,-0.0,0.0,0.0,0.0,1.0,0.0,0,0.0,1.0,0.0,1,1
474.838,223.712,-133.469,-0.0,0.0,-0.0,0.0,-0.0,0.0,0.0,0.0,1.0,0.0,0,0.0,1.0,0.0,1,1
474.938,223.712,-133.469,-0.0,0.0,-0.0,0.0,-0.0,0.0,0.0,0.0,1.0,0.0,0,0.0,1.0,0.0,1,1
475.088,223.712,-133.469,-0.0,0.0,-0.0,0.0,-0.0,0.0,0.0,0.0,1.0,0.0,0,0.0,1.0,0.0,1,1
475.188,223.712,-133.469,-0.0,0.0,-0.0,0.0,-0.0,0.0,0.0,0.0,1.0,0.0,0,0.0,1.0,0.0,1,1
475.288,223.712,-133.469,-0.0,0.0,-0.0,0.0,-0.0,0.0,0.0,0.0,1.0,0.0,0,0.0,1.0,0.0,1,1
475.438,223.712,-133.469,-0.0,0.0,-0.0,0.0,-0.0,0.0,0.0,0.0,1.0,0.0,0,0.0,1.0,0.0,1,1
475.538,223.712,-133.469,-0.0,0.0,-0.0,0.0,-0.0,0.0,0.0,0.0,1.0,0.0,0,0.0,1.0,0.0,1,1
475.638,223.712,-133.469,-0.0,0.0,-0.0,0.0,-0.0,0.0,0.0,0.0,1.0,0.0,0,0.0,1.0,0.0,1,1
475.788,223.712,-133.469,-0.0,0.0,-0.0,0.0,-0.0,0.0,0.0,0.0,1.0,0.0,0,0.0,1.0,0.0,1,1
475.888,223.712,-133.469,-0.0,0.0,-0.0,0.0,-0.0,0.0,0.0,0.0,1.0,0.0,0,0.0,1.0,0.0,1,1
476.038,223.712,-133.469,-0.0,0.0,-0.0,0.0,-0.0,0.0,0.0,0.0,1.0,0.0,0,0.0,1.0,0.0,1,1
476.138,223.712,-133.469,-0.0,0.0,-0.0,0.0,-0.0,0.0,0.0,0.0,1.0,0.0,0,0.0,1.0,0.0,1,1
476.238,223.712,-133.469,-0.0,0.0,-0.0,0.0,-0.0,0.0,0.0,0.0,1.0,0.0,0,0.0,1.0,0.0,1,1
476.338,223.712,-133.469,-0.0,0.0,-0.0,0.0,-0.0,0.0,0.0,0.0,1.0,0.0,0,0.0,1.0,0.0,1,1
476.388,223.712,-133.469,-0.0,0.0,-0.0,0.0,-0.0,0.0,0.0,0.0,1.0,0.0,0,0.0,1.0,0.0,1,1
476.538,223.712,-133.469,-0.0,0.0,-0.0,0.0,-0.0,0.0,0.0,0.0,1.0,0.0,0,0.0,1.0,0.0,1,1
476.638,223.712,-133.469,-0.0,0.0,-0.0,0.0,-0.0,0.0,0.0,0.0,1.0,0.0,0,0.0,1.0,0.0,1,1
476.788,223.712,-133.469,-0.0,0.0,-0.0,0.0,-0.0,0.0,0.0,0.0,1.0,0.0,0,0.0,1.0,0.0,1,1
476.888,223.712,-133.469,-0.0,0.0,-0.0,0.0,-0.0,0.0,0.0,0.0,1.0,0.0,0,0.0,1.0,0.0,1,1
477.038,223.712,-133.469,-0.0,0.0,-0.0,0.0,-0.0,0.0,0.0,0.0,1.0,0.0,0,0.0,1.0,0.0,1,1
477.138,223.712,-133.469,-0.0,0.0,-0.0,0.0,-0.0,0.0,0.0,0.0,1.0,0.0,0,0.0,1.0,0.0,1,1
477.288,223.712,-133.469,-0.0,0.0,-0.0,0.0,-0.0,0.0,0.0,0.0,1.0,0.0,0,0.0,1.0,0.0,1,1
477.388,223.712,-133.469,-0.0,0.0,-0.0,0.0,-0.0,0.0,0.0,0.0,1.0,0.0,0,0.0,1.0,0.0,1,1
477.538,223.712,-133.469,-0.0,0.0,-0.0,0.0,-0.0,0.0,0.0,0.0,1.0,0.0,0,0.0,1.0,0.0,1,1
477.638,223.712,-133.469,-0.0,0.0,-0.0,0.0,-0.0,0.0,0.0,0.0,1.0,0.0,0,0.0,1.0,0.0,1,1
477.738,223.712,-133.469,-0.0,0.0,-0.0,0.0,-0.0,0.0,0.0,0.0,1.0,0.0,0,0.0,1.0,0.0,1,1
477.888,223.712,-133.469,-0.0,0.0,-0.0,0.0,-0.0,0.0,0.0,0.0,1.0,0.0,0,0.0,1.0,0.0,1,1
477.988,223.712,-133.469,-0.0,0.0,-0.0,0.0,-0.0,0.0,0.0,0.0,1.0,0.0,0,0.0,1.0,0.0,1,1
478.138,223.712,-133.469,-0.0,0.0,-0.0,0.0,-0.0,0.0,0.0,0.0,1.0,0.0,0,0.0,1.0,0.0,1,1
478.238,223.712,-133.469,-0.0,0.0,-0.0,0.0,-0.0,0.0,0.0,0.0,1.0,0.0,0,0.0,1.0,0.0,1,1
478.388,223.712,-133.469,-0.0,0.0,-0.0,0.0,-0.0,0.0,0.0,0.0,1.0,0.0,0,0.0,1.0,0.0,1,1
478.488,223.712,-133.469,-0.0,0.0,-0.0,0.0,-0.0,0.0,0.0,0.0,1.0,0.0,0,0.0,1.0,0.0,1,1
478.638,223.712,-133.469,-0.0,0.0,-0.0,0.0,-0.0,0.0,0.0,0.0,1.0,0.0,0,0.0,1.0,0.0,1,1
478.738,223.712,-133.469,-0.0,0.0,-0.0,0.0,-0.0,0.0,0.0,0.0,1.0,0.0,0,0.0,1.0,0.0,1,1
478.838,223.712,-133.469,-0.0,0.0,-0.0,0.0,-0.0,0.0,0.0,0.0,1.0,0.0,0,0.0,1.0,0.0,1,1
478.988,223.712,-133.469,-0.0,0.0,-0.0,0.0,-0.0,0.0,0.0,0.0,1.0,0.0,0,0.0,1.0,0.0,1,1
479.088,223.712,-133.469,-0.0,0.0,-0.0,0.0,-0.0,0.0,0.0,0.0,1.0,0.0,0,0.0,1.0,0.0,1,1
479.238,223.712,-133.469,-0.0,0.0,-0.0,0.0,-0.0,0.0,0.0,0.0,1.0,0.0,0,0.0,1.0,0.0,1,1
479.338,223.712,-133.469,-0.0,0.0,-0.0,0.0,-0.0,0.0,0.0,0.0,1.0,0.0,0,0.0,1.0,0.0,1,1
479.488,223.712,-133.469,-0.0,0.0,-0.0,0.0,-0.0,0.0,0.0,0.0,1.0,0.0,0,0.0,1.0,0.0,1,1
479.588,223.712,-133.469,-0.0,0.0,-0.0,0.0,-0.0,0.0,0.0,0.0,1.0,0.0,0,0.0,1.0,0.0,1,1
479.688,223.712,-133.469,-0.0,0.0,-0.0,0.0,-0.0,0.0,0.0,0.0,1.0,0.0,0,0.0,1.0,0.0,1,1
479.838,223.712,-133.469,-0.0,0.0,-0.0,0.0,-0.0,0.0,0.0,0.0,1.0,0.0,0,0.0,1.0,0.0,1,1
479.938,223.712,-133.469,-0.0,0.0,-0.0,0.0,-0.0,0.0,0.0,0.0,1.0,0.0,0,0.0,1.0,0.0,1,1
480.088,223.712,-133.469,-0.0,0.0,-0.0,0.0,-0.0,0.0,0.0,0.0,1.0,0.0,0,0.0,1.0,0.0,1,1
480.188,223.712,-133.469,-0.0,0.0,-0.0,0.0,-0.0,0.0,0.0,0.0,1.0,0.0,0,0.0,1.0,0.0,1,1
480.288,223.712,-133.469,-0.0,0.0,-0.0,0.0,-0.0,0.0,0.0,0.0,1.0,0.0,0,0.0,1.0,0.0,1,1
480.438,223.712,-133.469,-0.0,0.0,-0.0,0.0,-0.0,0.0,0.0,0.0,1.0,0.0,0,0.0,1.0,0.0,1,1
480.538,223.712,-133.469,-0.0,0.0,-0.0,0.0,-0.0,0.0,0.0,0.0,1.0,0.0,0,0.0,1.0,0.0,1,1
480.688,223.712,-133.469,-0.0,0.0,-0.0,0.0,-0.0,0.0,0.0,0.0,1.0,0.0,0,0.0,1.0,0.0,1,1
480.788,223.712,-133.469,-0.0,0.0,-0.0,0.0,-0.0,0.0,0.0,0.0,1.0,0.0,0,0.0,1.0,0.0,1,1
480.938,223.712,-133.469,-0.0,0.0,-0.0,0.0,-0.0,0.0,0.0,0.0,1.0,0.0,0,0.0,1.0,0.0,1,1
481.038,223.712,-133.469,-0.0,0.0,-0.0,0.0,-0.0,0.0,0.0,0.0,1.0,0.0,0,0.0,1.0,0.0,1,1
481.188,223.712,-133.469,-0.0,0.0,-0.0,0.0,-0.0,0.0,0.0,0.0,1.0,0.0,0,0.0,1.0,0.0,1,1
481.288,223.712,-133.469,-0.0,0.0,-0.0,0.0,-0.0,0.0,0.0,0.0,1.0,0.0,0,0.0,1.0,0.0,1,1
481.388,223.712,-133.469,-0.0,0.0,-0.0,0.0,-0.0,0.0,0.0,0.0,1.0,0.0,0,0.0,1.0,0.0,1,1
481.538,223.712,-133.469,-0.0,0.0,-0.0,0.0,-0.0,0.0,0.0,0.0,1.0,0.0,0,0.0,1.0,0.0,1,1
481.638,223.712,-133.469,-0.0,0.0,-0.0,0.0,-0.0,0.0,0.0,0.0,1.0,0.0,0,0.0,1.0,0.0,1,1
481.788,223.712,-133.469,-0.0,0.0,-0.0,0.0,-0.0,0.0,0.0,0.0,1.0,0.0,0,0.0,1.0,0.0,1,1
481.888,223.712,-133.469,-0.0,0.0,-0.0,0.0,-0.0,0.0,0.0,0.0,1.0,0.0,0,0.0,1.0,0.0,1,1
481.988,223.712,-133.469,-0.0,0.0,-0.0,0.0,-0.0,0.0,0.0,0.0,1.0,0.0,0,0.0,1.0,0.0,1,1
482.138,223.712,-133.469,-0.0,0.0,-0.0,0.0,-0.0,0.0,0.0,0.0,1.0,0.0,0,0.0,1.0,0.0,1,1
482.238,223.712,-133.469,-0.0,0.0,-0.0,0.0,-0.0,0.0,0.0,0.0,1.0,0.0,0,0.0,1.0,0.0,1,1
482.388,223.712,-133.469,-0.0,0.0,-0.0,0.0,-0.0,0.0,0.0,0.0,1.0,0.0,0,0.0,1.0,0.0,1,1
482.488,223.712,-133.469,-0.0,0.0,-0.0,0.0,-0.0,0.0,0.0,0.0,1.0,0.0,0,0.0,1.0,0.0,1,1
482.638,223.712,-133.469,-0.0,0.0,-0.0,0.0,-0.0,0.0,0.0,0.0,1.0,0.0,0,0.0,1.0,0.0,1,1
482.738,223.712,-133.469,-0.0,0.0,-0.0,0.0,-0.0,0.0,0.0,0.0,1.0,0.0,0,0.0,1.0,0.0,1,1
482.888,223.712,-133.469,-0.0,0.0,-0.0,0.0,-0.0,0.0,0.0,0.0,1.0,0.0,0,0.0,1.0,0.0,1,1
482.988,223.712,-133.469,-0.0,0.0,-0.0,0.0,-0.0,0.0,0.0,0.0,1.0,0.0,0,0.0,1.0,0.0,1,1
483.138,223.712,-133.469,-0.0,0.0,-0.0,0.0,-0.0,0.0,0.0,0.0,1.0,0.0,0,0.0,1.0,0.0,1,1
483.238,223.712,-133.469,-0.0,0.0,-0.0,0.0,-0.0,0.0,0.0,0.0,1.0,0.0,0,0.0,1.0,0.0,1,1
483.338,223.712,-133.469,-0.0,0.0,-0.0,0.0,-0.0,0.0,0.0,0.0,1.0,0.0,0,0.0,1.0,0.0,1,1
483.488,223.712,-133.469,-0.0,0.0,-0.0,0.0,-0.0,0.0,0.0,0.0,1.0,0.0,0,0.0,1.0,0.0,1,1
483.588,223.712,-133.469,-0.0,0.0,-0.0,0.0,-0.0,0.0,0.0,0.0,1.0,0.0,0,0.0,1.0,0.0,1,1
483.688,223.712,-133.469,-0.0,0.0,-0.0,0.0,-0.0,0.0,0.0,0.0,1.0,0.0,0,0.0,1.0,0.0,1,1
483.838,223.712,-133.469,-0.0,0.0,-0.0,0.0,-0.0,0.0,0.0,0.0,1.0,0.0,0,0.0,1.0,0.0,1,1
483.938,223.712,-133.469,-0.0,0.0,-0.0,0.0,-0.0,0.0,0.0,0.0,1.0,0.0,0,0.0,1.0,0.0,1,1
484.038,223.712,-133.469,-0.0,0.0,-0.0,0.0,-0.0,0.0,0.0,0.0,1.0,0.0,0,0.0,1.0,0.0,1,1
484.188,223.712,-133.469,-0.0,0.0,-0.0,0.0,-0.0,0.0,0.0,0.0,1.0,0.0,0,0.0,1.0,0.0,1,1
484.288,223.712,-133.469,-0.0,0.0,-0.0,0.0,-0.0,0.0,0.0,0.0,1.0,0.0,0,0.0,1.0,0.0,1,1
484.438,223.712,-133.469,-0.0,0.0,-0.0,0.0,-0.0,0.0,0.0,0.0,1.0,0.0,0,0.0,1.0,0.0,1,1
484.538,223.712,-133.469,-0.0,0.0,-0.0,0.0,-0.0,0.0,0.0,0.0,1.0,0.0,0,0.0,1.0,0.0,1,1
484.638,223.712,-133.469,-0.0,0.0,-0.0,0.0,-0.0,0.0,0.0,0.0,1.0,0.0,0,0.0,1.0,0.0,1,1
484.738,223.712,-133.469,-0.0,0.0,-0.0,0.0,-0.0,0.0,0.0,0.0,1.0,0.0,0,0.0,1.0,0.0,1,1
484.838,223.712,-133.469,-0.0,0.0,-0.0,0.0,-0.0,0.0,0.0,0.0,1.0,0.0,0,0.0,1.0,0.0,1,1
484.988,223.712,-133.469,-0.0,0.0,-0.0,0.0,-0.0,0.0,0.0,0.0,1.0,0.0,0,0.0,1.0,0.0,1,1
485.088,223.712,-133.469,-0.0,0.0,-0.0,0.0,-0.0,0.0,0.0,0.0,1.0,0.0,0,0.0,1.0,0.0,1,1
485.238,223.712,-133.469,-0.0,0.0,-0.0,0.0,-0.0,0.0,0.0,0.0,1.0,0.0,0,0.0,1.0,0.0,1,1
485.338,223.712,-133.469,-0.0,0.0,-0.0,0.0,-0.0,0.0,0.0,0.0,1.0,0.0,0,0.0,1.0,0.0,1,1
485.488,223.712,-133.469,-0.0,0.0,-0.0,0.0,-0.0,0.0,0.0,0.0,1.0,0.0,0,0.0,1.0,0.0,1,1
485.588,223.712,-133.469,-0.0,0.0,-0.0,0.0,-0.0,0.0,0.0,0.0,1.0,0.0,0,0.0,1.0,0.0,1,1
485.688,223.712,-133.469,-0.0,0.0,-0.0,0.0,-0.0,0.0,0.0,0.0,1.0,0.0,0,0.0,1.0,0.0,1,1
485.838,223.712,-133.469,-0.0,0.0,-0.0,0.0,-0.0,0.0,0.0,0.0,1.0,0.0,0,0.0,1.0,0.0,1,1
485.938,223.712,-133.469,-0.0,0.0,-0.0,0.0,-0.0,0.0,0.0,0.0,1.0,0.0,0,0.0,1.0,0.0,1,1
486.088,223.712,-133.469,-0.0,0.0,-0.0,0.0,-0.0,0.0,0.0,0.0,1.0,0.0,0,0.0,1.0,0.0,1,1
486.188,223.712,-133.469,-0.0,0.0,-0.0,0.0,-0.0,0.0,0.0,0.0,1.0,0.0,0,0.0,1.0,0.0,1,1
486.288,223.712,-133.469,-0.0,0.0,-0.0,0.0,-0.0,0.0,0.0,0.0,1.0,0.0,0,0.0,1.0,0.0,1,1
486.438,223.712,-133.469,-0.0,0.0,-0.0,0.0,-0.0,0.0,0.0,0.0,1.0,0.0,0,0.0,1.0,0.0,1,1
486.538,223.712,-133.469,-0.0,0.0,-0.0,0.0,-0.0,0.0,0.0,0.0,1.0,0.0,0,0.0,1.0,0.0,1,1
486.688,223.712,-133.469,-0.0,0.0,-0.0,0.0,-0.0,0.0,0.0,0.0,1.0,0.0,0,0.0,1.0,0.0,1,1
486.788,223.712,-133.469,-0.0,0.0,-0.0,0.0,-0.0,0.0,0.0,0.0,1.0,0.0,0,0.0,1.0,0.0,1,1
486.938,223.712,-133.469,-0.0,0.0,-0.0,0.0,-0.0,0.0,0.0,0.0,1.0,0.0,0,0.0,1.0,0.0,1,1
487.038,223.712,-133.469,-0.0,0.0,-0.0,0.0,-0.0,0.0,0.0,0.0,1.0,0.0,0,0.0,1.0,0.0,1,1
487.188,223.712,-133.469,-0.0,0.0,-0.0,0.0,-0.0,0.0,0.0,0.0,1.0,0.0,0,0.0,1.0,0.0,1,1
487.288,223.712,-133.469,-0.0,0.0,-0.0,0.0,-0.0,0.0,0.0,0.0,1.0,0.0,0,0.0,1.0,0.0,1,1
487.438,223.712,-133.469,-0.0,0.0,-0.0,0.0,-0.0,0.0,0.0,0.0,1.0,0.0,0,0.0,1.0,0.0,1,1
487.538,223.712,-133.469,-0.0,0.0,-0.0,0.0,-0.0,0.0,0.0,0.0,1.0,0.0,0,0.0,1.0,0.0,1,1
487.638,223.712,-133.469,-0.0,0.0,-0.0,0.0,-0.0,0.0,0.0,0.0,1.0,0.0,0,0.0,1.0,0.0,1,1
487.788,223.712,-133.469,-0.0,0.0,-0.0,0.0,-0.0,0.0,0.0,0.0,1.0,0.0,0,0.0,1.0,0.0,1,1
487.888,223.712,-133.469,-0.0,0.0,-0.0,0.0,-0.0,0.0,0.0,0.0,1.0,0.0,0,0.0,1.0,0.0,1,1
488.038,223.712,-133.469,-0.0,0.0,-0.0,0.0,-0.0,0.0,0.0,0.0,1.0,0.0,0,0.0,1.0,0.0,1,1
488.138,223.712,-133.469,-0.0,0.0,-0.0,0.0,-0.0,0.0,0.0,0.0,1.0,0.0,0,0.0,1.0,0.0,1,1
488.238,223.712,-133.469,-0.0,0.0,-0.0,0.0,-0.0,0.0,0.0,0.0,1.0,0.0,0,0.0,1.0,0.0,1,1
488.388,223.712,-133.469,-0.0,0.0,-0.0,0.0,-0.0,0.0,0.0,0.0,1.0,0.0,0,0.0,1.0,0.0,1,1
488.488,223.712,-133.469,-0.0,0.0,-0.0,0.0,-0.0,0.0,0.0,0.0,1.0,0.0,0,0.0,1.0,0.0,1,1
488.588,223.712,-133.469,-0.0,0.0,-0.0,0.0,-0.0,0.0,0.0,0.0,1.0,0.0,0,0.0,1.0,0.0,1,1
488.738,223.712,-133.469,-0.0,0.0,-0.0,0.0,-0.0,0.0,0.0,0.0,1.0,0.0,0,0.0,1.0,0.0,1,1
488.838,223.712,-133.469,-0.0,0.0,-0.0,0.0,-0.0,0.0,0.0,0.0,1.0,0.0,0,0.0,1.0,0.0,1,1
488.988,223.712,-133.469,-0.0,0.0,-0.0,0.0,-0.0,0.0,0.0,0.0,1.0,0.0,0,0.0,1.0,0.0,1,1
489.088,223.712,-133.469,-0.0,0.0,-0.0,0.0,-0.0,0.0,0.0,0.0,1.0,0.0,0,0.0,1.0,0.0,1,1
489.238,223.712,-133.469,-0.0,0.0,-0.0,0.0,-0.0,0.0,0.0,0.0,1.0,0.0,0,0.0,1.0,0.0,1,1
489.338,223.712,-133.469,-0.0,0.0,-0.0,0.0,-0.0,0.0,0.0,0.0,1.0,0.0,0,0.0,1.0,0.0,1,1
489.488,223.712,-133.469,-0.0,0.0,-0.0,0.0,-0.0,0.0,0.0,0.0,1.0,0.0,0,0.0,1.0,0.0,1,1
489.588,223.712,-133.469,-0.0,0.0,-0.0,0.0,-0.0,0.0,0.0,0.0,1.0,0.0,0,0.0,1.0,0.0,1,1
489.688,223.712,-133.469,-0.0,0.0,-0.0,0.0,-0.0,0.0,0.0,0.0,1.0,0.0,0,0.0,1.0,0.0,1,1
489.838,223.712,-133.469,-0.0,0.0,-0.0,0.0,-0.0,0.0,0.0,0.0,1.0,0.0,0,0.0,1.0,0.0,1,1
489.938,223.712,-133.469,-0.0,0.0,-0.0,0.0,-0.0,0.0,0.0,0.0,1.0,0.0,0,0.0,1.0,0.0,1,1
490.088,223.712,-133.469,-0.0,0.0,-0.0,0.0,-0.0,0.0,0.0,0.0,1.0,0.0,0,0.0,1.0,0.0,1,1
490.188,223.712,-133.469,-0.0,0.0,-0.0,0.0,-0.0,0.0,0.0,0.0,1.0,0.0,0,0.0,1.0,0.0,1,1
490.338,223.712,-133.469,-0.0,0.0,-0.0,0.0,-0.0,0.0,0.0,0.0,1.0,0.0,0,0.0,1.0,0.0,1,1
490.438,223.712,-133.469,-0.0,0.0,-0.0,0.0,-0.0,0.0,0.0,0.0,1.0,0.0,0,0.0,1.0,0.0,1,1
490.588,223.712,-133.469,-0.0,0.0,-0.0,0.0,-0.0,0.0,0.0,0.0,1.0,0.0,0,0.0,1.0,0.0,1,1
490.688,223.712,-133.469,-0.0,0.0,-0.0,0.0,-0.0,0.0,0.0,0.0,1.0,0.0,0,0.0,1.0,0.0,1,1
490.788,223.712,-133.469,-0.0,0.0,-0.0,0.0,-0.0,0.0,0.0,0.0,1.0,0.0,0,0.0,1.0,0.0,1,1
490.938,223.712,-133.469,-0.0,0.0,-0.0,0.0,-0.0,0.0,0.0,0.0,1.0,0.0,0,0.0,1.0,0.0,1,1
491.038,223.712,-133.469,-0.0,0.0,-0.0,0.0,-0.0,0.0,0.0,0.0,1.0,0.0,0,0.0,1.0,0.0,1,1
491.138,223.712,-133.469,-0.0,0.0,-0.0,0.0,-0.0,0.0,0.0,0.0,1.0,0.0,0,0.0,1.0,0.0,1,1
491.288,223.712,-133.469,-0.0,0.0,-0.0,0.0,-0.0,0.0,0.0,0.0,1.0,0.0,0,0.0,1.0,0.0,1,1
491.388,223.712,-133.469,-0.0,0.0,-0.0,0.0,-0.0,0.0,0.0,0.0,1.0,0.0,0,0.0,1.0,0.0,1,1
491.538,223.712,-133.469,-0.0,0.0,-0.0,0.0,-0.0,0.0,0.0,0.0,1.0,0.0,0,0.0,1.0,0.0,1,1
491.638,223.712,-133.469,-0.0,0.0,-0.0,0.0,-0.0,0.0,0.0,0.0,1.0,0.0,0,0.0,1.0,0.0,1,1
491.788,223.712,-133.469,-0.0,0.0,-0.0,0.0,-0.0,0.0,0.0,0.0,1.0,0.0,0,0.0,1.0,0.0,1,1
491.888,223.712,-133.469,-0.0,0.0,-0.0,0.0,-0.0,0.0,0.0,0.0,1.0,0.0,0,0.0,1.0,0.0,1,1
492.038,223.712,-133.469,-0.0,0.0,-0.0,0.0,-0.0,0.0,0.0,0.0,1.0,0.0,0,0.0,1.0,0.0,1,1
492.138,223.712,-133.469,-0.0,0.0,-0.0,0.0,-0.0,0.0,0.0,0.0,1.0,0.0,0,0.0,1.0,0.0,1,1
492.238,223.712,-133.469,-0.0,0.0,-0.0,0.0,-0.0,0.0,0.0,0.0,1.0,0.0,0,0.0,1.0,0.0,1,1
492.388,223.712,-133.469,-0.0,0.0,-0.0,0.0,-0.0,0.0,0.0,0.0,1.0,0.0,0,0.0,1.0,0.0,1,1
492.488,223.712,-133.469,-0.0,0.0,-0.0,0.0,-0.0,0.0,0.0,0.0,1.0,0.0,0,0.0,1.0,0.0,1,1
492.638,223.712,-133.469,-0.0,0.0,-0.0,0.0,-0.0,0.0,0.0,0.0,1.0,0.0,0,0.0,1.0,0.0,1,1
492.738,223.712,-133.469,-0.0,0.0,-0.0,0.0,-0.0,0.0,0.0,0.0,1.0,0.0,0,0.0,1.0,0.0,1,1
492.838,223.712,-133.469,-0.0,0.0,-0.0,0.0,-0.0,0.0,0.0,0.0,1.0,0.0,0,0.0,1.0,0.0,1,1
492.988,223.712,-133.469,-0.0,0.0,-0.0,0.0,-0.0,0.0,0.0,0.0,1.0,0.0,0,0.0,1.0,0.0,1,1
493.088,223.712,-133.469,-0.0,0.0,-0.0,0.0,-0.0,0.0,0.0,0.0,1.0,0.0,0,0.0,1.0,0.0,1,1
493.238,223.712,-133.469,-0.0,0.0,-0.0,0.0,-0.0,0.0,0.0,0.0,1.0,0.0,0,0.0,1.0,0.0,1,1
493.338,223.712,-133.469,-0.0,0.0,-0.0,0.0,-0.0,0.0,0.0,0.0,1.0,0.0,0,0.0,1.0,0.0,1,1
493.488,223.712,-133.469,-0.0,0.0,-0.0,0.0,-0.0,0.0,0.0,0.0,1.0,0.0,0,0.0,1.0,0.0,1,1
493.588,223.712,-133.469,-0.0,0.0,-0.0,0.0,-0.0,0.0,0.0,0.0,1.0,0.0,0,0.0,1.0,0.0,1,1
493.688,223.712,-133.469,-0.0,0.0,-0.0,0.0,-0.0,0.0,0.0,0.0,1.0,0.0,0,0.0,1.0,0.0,1,1
493.838,223.712,-133.469,-0.0,0.0,-0.0,0.0,-0.0,0.0,0.0,0.0,1.0,0.0,0,0.0,1.0,0.0,1,1
493.938,223.712,-133.469,-0.0,0.0,-0.0,0.0,-0.0,0.0,0.0,0.0,1.0,0.0,0,0.0,1.0,0.0,1,1
494.088,223.712,-133.469,-0.0,0.0,-0.0,0.0,-0.0,0.0,0.0,0.0,1.0,0.0,0,0.0,1.0,0.0,1,1
494.188,223.712,-133.469,-0.0,0.0,-0.0,0.0,-0.0,0.0,0.0,0.0,1.0,0.0,0,0.0,1.0,0.0,1,1
494.338,223.712,-133.469,-0.0,0.0,-0.0,0.0,-0.0,0.0,0.0,0.0,1.0,0.0,0,0.0,1.0,0.0,1,1
494.438,223.712,-133.469,-0.0,0.0,-0.0,0.0,-0.0,0.0,0.0,0.0,1.0,0.0,0,0.0,1.0,0.0,1,1
494.538,223.712,-133.469,-0.0,0.0,-0.0,0.0,-0.0,0.0,0.0,0.0,1.0,0.0,0,0.0,1.0,0.0,1,1
494.688,223.712,-133.469,-0.0,0.0,-0.0,0.0,-0.0,0.0,0.0,0.0,1.0,0.0,0,0.0,1.0,0.0,1,1
494.788,223.712,-133.469,-0.0,0.0,-0.0,0.0,-0.0,0.0,0.0,0.0,1.0,0.0,0,0.0,1.0,0.0,1,1
494.938,223.712,-133.469,-0.0,0.0,-0.0,0.0,-0.0,0.0,0.0,0.0,1.0,0.0,0,0.0,1.0,0.0,1,1
495.038,223.712,-133.469,-0.0,0.0,-0.0,0.0,-0.0,0.0,0.0,0.0,1.0,0.0,0,0.0,1.0,0.0,1,1
495.138,223.712,-133.469,-0.0,0.0,-0.0,0.0,-0.0,0.0,0.0,0.0,1.0,0.0,0,0.0,1.0,0.0,1,1
495.288,223.712,-133.469,-0.0,0.0,-0.0,0.0,-0.0,0.0,0.0,0.0,1.0,0.0,0,0.0,1.0,0.0,1,1
495.388,223.712,-133.469,-0.0,0.0,-0.0,0.0,-0.0,0.0,0.0,0.0,1.0,0.0,0,0.0,1.0,0.0,1,1
495.538,223.712,-133.469,-0.0,0.0,-0.0,0.0,-0.0,0.0,0.0,0.0,1.0,0.0,0,0.0,1.0,0.0,1,1
495.638,223.712,-133.469,-0.0,0.0,-0.0,0.0,-0.0,0.0,0.0,0.0,1.0,0.0,0,0.0,1.0,0.0,1,1
495.738,223.712,-133.469,-0.0,0.0,-0.0,0.0,-0.0,0.0,0.0,0.0,1.0,0.0,0,0.0,1.0,0.0,1,1
495.888,223.712,-133.469,-0.0,0.0,-0.0,0.0,-0.0,0.0,0.0,0.0,1.0,0.0,0,0.0,1.0,0.0,1,1
495.988,223.712,-133.469,-0.0,0.0,-0.0,0.0,-0.0,0.0,0.0,0.0,1.0,0.0,0,0.0,1.0,0.0,1,1
496.138,223.712,-133.469,-0.0,0.0,-0.0,0.0,-0.0,0.0,0.0,0.0,1.0,0.0,0,0.0,1.0,0.0,1,1
496.238,223.712,-133.469,-0.0,0.0,-0.0,0.0,-0.0,0.0,0.0,0.0,1.0,0.0,0,0.0,1.0,0.0,1,1
496.388,223.712,-133.469,-0.0,0.0,-0.0,0.0,-0.0,0.0,0.0,0.0,1.0,0.0,0,0.0,1.0,0.0,1,1
496.488,223.712,-133.469,-0.0,0.0,-0.0,0.0,-0.0,0.0,0.0,0.0,1.0,0.0,0,0.0,1.0,0.0,1,1
496.588,223.712,-133.469,-0.0,0.0,-0.0,0.0,-0.0,0.0,0.0,0.0,1.0,0.0,0,0.0,1.0,0.0,1,1
496.738,223.712,-133.469,-0.0,0.0,-0.0,0.0,-0.0,0.0,0.0,0.0,1.0,0.0,0,0.0,1.0,0.0,1,1
496.838,223.712,-133.469,-0.0,0.0,-0.0,0.0,-0.0,0.0,0.0,0.0,1.0,0.0,0,0.0,1.0,0.0,1,1
496.938,223.712,-133.469,-0.0,0.0,-0.0,0.0,-0.0,0.0,0.0,0.0,1.0,0.0,0,0.0,1.0,0.0,1,1
497.088,223.712,-133.469,-0.0,0.0,-0.0,0.0,-0.0,0.0,0.0,0.0,1.0,0.0,0,0.0,1.0,0.0,1,1
497.188,223.712,-133.469,-0.0,0.0,-0.0,0.0,-0.0,0.0,0.0,0.0,1.0,0.0,0,0.0,1.0,0.0,1,1
497.338,223.712,-133.469,-0.0,0.0,-0.0,0.0,-0.0,0.0,0.0,0.0,1.0,0.0,0,0.0,1.0,0.0,1,1
497.438,223.712,-133.469,-0.0,0.0,-0.0,0.0,-0.0,0.0,0.0,0.0,1.0,0.0,0,0.0,1.0,0.0,1,1
497.588,223.712,-133.469,-0.0,0.0,-0.0,0.0,-0.0,0.0,0.0,0.0,1.0,0.0,0,0.0,1.0,0.0,1,1
497.688,223.712,-133.469,-0.0,0.0,-0.0,0.0,-0.0,0.0,0.0,0.0,1.0,0.0,0,0.0,1.0,0.0,1,1
497.838,223.712,-133.469,-0.0,0.0,-0.0,0.0,-0.0,0.0,0.0,0.0,1.0,0.0,0,0.0,1.0,0.0,1,1
497.938,223.712,-133.469,-0.0,0.0,-0.0,0.0,-0.0,0.0,0.0,0.0,1.0,0.0,0,0.0,1.0,0.0,1,1
498.038,223.712,-133.469,-0.0,0.0,-0.0,0.0,-0.0,0.0,0.0,0.0,1.0,0.0,0,0.0,1.0,0.0,1,1
498.188,223.712,-133.469,-0.0,0.0,-0.0,0.0,-0.0,0.0,0.0,0.0,1.0,0.0,0,0.0,1.0,0.0,1,1
498.288,223.712,-133.469,-0.0,0.0,-0.0,0.0,-0.0,0.0,0.0,0.0,1.0,0.0,0,0.0,1.0,0.0,1,1
498.438,223.712,-133.469,-0.0,0.0,-0.0,0.0,-0.0,0.0,0.0,0.0,1.0,0.0,0,0.0,1.0,0.0,1,1
498.538,223.712,-133.469,-0.0,0.0,-0.0,0.0,-0.0,0.0,0.0,0.0,1.0,0.0,0,0.0,1.0,0.0,1,1
498.638,223.712,-133.469,-0.0,0.0,-0.0,0.0,-0.0,0.0,0.0,0.0,1.0,0.0,0,0.0,1.0,0.0,1,1
498.788,223.712,-133.469,-0.0,0.0,-0.0,0.0,-0.0,0.0,0.0,0.0,1.0,0.0,0,0.0,1.0,0.0,1,1
498.888,223.712,-133.469,-0.0,0.0,-0.0,0.0,-0.0,0.0,0.0,0.0,1.0,0.0,0,0.0,1.0,0.0,1,1
499.038,223.712,-133.469,-0.0,0.0,-0.0,0.0,-0.0,0.0,0.0,0.0,1.0,0.0,0,0.0,1.0,0.0,1,1
499.138,223.712,-133.469,-0.0,0.0,-0.0,0.0,-0.0,0.0,0.0,0.0,1.0,0.0,0,0.0,1.0,0.0,1,1
499.288,223.712,-133.469,-0.0,0.0,-0.0,0.0,-0.0,0.0,0.0,0.0,1.0,0.0,0,0.0,1.0,0.0,1,1
499.388,223.712,-133.469,-0.0,0.0,-0.0,0.0,-0.0,0.0,0.0,0.0,1.0,0.0,0,0.0,1.0,0.0,1,1
499.488,223.712,-133.469,-0.0,0.0,-0.0,0.0,-0.0,0.0,0.0,0.0,1.0,0.0,0,0.0,1.0,0.0,1,1
499.638,223.712,-133.469,-0.0,0.0,-0.0,0.0,-0.0,0.0,0.0,0.0,1.0,0.0,0,0.0,1.0,0.0,1,1
499.738,223.712,-133.469,-0.0,0.0,-0.0,0.0,-0.0,0.0,0.0,0.0,1.0,0.0,0,0.0,1.0,0.0,1,1
499.888,223.712,-133.469,-0.0,0.0,-0.0,0.0,-0.0,0.0,0.0,0.0,1.0,0.0,0,0.0,1.0,0.0,1,1
499.988,223.712,-133.469,-0.0,0.0,-0.0,0.0,-0.0,0.0,0.0,0.0,1.0,0.0,0,0.0,1.0,0.0,1,1
500.088,223.712,-133.469,-0.0,0.0,-0.0,0.0,-0.0,0.0,0.0,0.0,1.0,0.0,0,0.0,1.0,0.0,1,1
500.238,223.712,-133.469,-0.0,0.0,-0.0,0.0,-0.0,0.0,0.0,0.0,1.0,0.0,0,0.0,1.0,0.0,1,1
500.338,223.712,-133.469,-0.0,0.0,-0.0,0.0,-0.0,0.0,0.0,0.0,1.0,0.0,0,0.0,1.0,0.0,1,1
500.488,223.712,-133.469,-0.0,0.0,-0.0,0.0,-0.0,0.0,0.0,0.0,1.0,0.0,0,0.0,1.0,0.0,1,1
500.588,223.712,-133.469,-0.0,0.0,-0.0,0.0,-0.0,0.0,0.0,0.0,1.0,0.0,0,0.0,1.0,0.0,1,1
500.738,223.712,-133.469,-0.0,0.0,-0.0,0.0,-0.0,0.0,0.0,0.0,1.0,0.0,0,0.0,1.0,0.0,1,1
500.838,223.712,-133.469,-0.0,0.0,-0.0,0.0,-0.0,0.0,0.0,0.0,1.0,0.0,0,0.0,1.0,0.0,1,1
500.988,223.712,-133.469,-0.0,0.0,-0.0,0.0,-0.0,0.0,0.0,0.0,1.0,0.0,0,0.0,1.0,0.0,1,1
501.088,223.712,-133.469,-0.0,0.0,-0.0,0.0,-0.0,0.0,0.0,0.0,1.0,0.0,0,0.0,1.0,0.0,1,1
501.238,223.712,-133.469,-0.0,0.0,-0.0,0.0,-0.0,0.0,0.0,0.0,1.0,0.0,0,0.0,1.0,0.0,1,1
501.338,223.712,-133.469,-0.0,0.0,-0.0,0.0,-0.0,0.0,0.0,0.0,1.0,0.0,0,0.0,1.0,0.0,1,1
501.488,223.712,-133.469,-0.0,0.0,-0.0,0.0,-0.0,0.0,0.0,0.0,1.0,0.0,0,0.0,1.0,0.0,1,1
501.588,223.712,-133.469,-0.0,0.0,-0.0,0.0,-0.0,0.0,0.0,0.0,1.0,0.0,0,0.0,1.0,0.0,1,1
501.688,223.712,-133.469,-0.0,0.0,-0.0,0.0,-0.0,0.0,0.0,0.0,1.0,0.0,0,0.0,1.0,0.0,1,1
501.788,223.712,-133.469,-0.0,0.0,-0.0,0.0,-0.0,0.0,0.0,0.0,1.0,0.0,0,0.0,1.0,0.0,1,1
501.938,223.712,-133.469,-0.0,0.0,-0.0,0.0,-0.0,0.0,0.0,0.0,1.0,0.0,0,0.0,1.0,0.0,1,1
502.038,223.712,-133.469,-0.0,0.0,-0.0,0.0,-0.0,0.0,0.0,0.0,1.0,0.0,0,0.0,1.0,0.0,1,1
502.188,223.712,-133.469,-0.0,0.0,-0.0,0.0,-0.0,0.0,0.0,0.0,1.0,0.0,0,0.0,1.0,0.0,1,1
502.288,223.712,-133.469,-0.0,0.0,-0.0,0.0,-0.0,0.0,0.0,0.0,1.0,0.0,0,0.0,1.0,0.0,1,1
502.438,223.712,-133.469,-0.0,0.0,-0.0,0.0,-0.0,0.0,0.0,0.0,1.0,0.0,0,0.0,1.0,0.0,1,1
502.538,223.712,-133.469,-0.0,0.0,-0.0,0.0,-0.0,0.0,0.0,0.0,1.0,0.0,0,0.0,1.0,0.0,1,1
502.688,223.712,-133.469,-0.0,0.0,-0.0,0.0,-0.0,0.0,0.0,0.0,1.0,0.0,0,0.0,1.0,0.0,1,1
502.788,223.712,-133.469,-0.0,0.0,-0.0,0.0,-0.0,0.0,0.0,0.0,1.0,0.0,0,0.0,1.0,0.0,1,1
502.888,223.712,-133.469,-0.0,0.0,-0.0,0.0,-0.0,0.0,0.0,0.0,1.0,0.0,0,0.0,1.0,0.0,1,1
503.038,223.712,-133.469,-0.0,0.0,-0.0,0.0,-0.0,0.0,0.0,0.0,1.0,0.0,0,0.0,1.0,0.0,1,1
503.138,223.712,-133.469,-0.0,0.0,-0.0,0.0,-0.0,0.0,0.0,0.0,1.0,0.0,0,0.0,1.0,0.0,1,1
503.288,223.712,-133.469,-0.0,0.0,-0.0,0.0,-0.0,0.0,0.0,0.0,1.0,0.0,0,0.0,1.0,0.0,1,1
503.388,223.712,-133.469,-0.0,0.0,-0.0,0.0,-0.0,0.0,0.0,0.0,1.0,0.0,0,0.0,1.0,0.0,1,1
503.538,223.712,-133.469,-0.0,0.0,-0.0,0.0,-0.0,0.0,0.0,0.0,1.0,0.0,0,0.0,1.0,0.0,1,1
503.638,223.712,-133.469,-0.0,0.0,-0.0,0.0,-0.0,0.0,0.0,0.0,1.0,0.0,0,0.0,1.0,0.0,1,1
503.738,223.712,-133.469,-0.0,0.0,-0.0,0.0,-0.0,0.0,0.0,0.0,1.0,0.0,0,0.0,1.0,0.0,1,1
503.888,223.712,-133.469,-0.0,0.0,-0.0,0.0,-0.0,0.0,0.0,0.0,1.0,0.0,0,0.0,1.0,0.0,1,1
503.988,223.712,-133.469,-0.0,0.0,-0.0,0.0,-0.0,0.0,0.0,0.0,1.0,0.0,0,0.0,1.0,0.0,1,1
504.138,223.712,-133.469,-0.0,0.0,-0.0,0.0,-0.0,0.0,0.0,0.0,1.0,0.0,0,0.0,1.0,0.0,1,1
504.238,223.712,-133.469,-0.0,0.0,-0.0,0.0,-0.0,0.0,0.0,0.0,1.0,0.0,0,0.0,1.0,0.0,1,1
504.338,223.712,-133.469,-0.0,0.0,-0.0,0.0,-0.0,0.0,0.0,0.0,1.0,0.0,0,0.0,1.0,0.0,1,1
504.488,223.712,-133.469,-0.0,0.0,-0.0,0.0,-0.0,0.0,0.0,0.0,1.0,0.0,0,0.0,1.0,0.0,1,1
504.638,223.712,-133.469,-0.0,0.0,-0.0,0.0,-0.0,0.0,0.0,0.0,1.0,0.0,0,0.0,1.0,0.0,1,1
504.738,223.712,-133.469,-0.0,0.0,-0.0,0.0,-0.0,0.0,0.0,0.0,1.0,0.0,0,0.0,1.0,0.0,1,1
504.838,223.712,-133.469,-0.0,0.0,-0.0,0.0,-0.0,0.0,0.0,0.0,1.0,0.0,0,0.0,1.0,0.0,1,1
504.988,223.712,-133.469,-0.0,0.0,-0.0,0.0,-0.0,0.0,0.0,0.0,1.0,0.0,0,0.0,1.0,0.0,1,1
505.088,223.712,-133.469,-0.0,0.0,-0.0,0.0,-0.0,0.0,0.0,0.0,1.0,0.0,0,0.0,1.0,0.0,1,1
505.238,223.712,-133.469,-0.0,0.0,-0.0,0.0,-0.0,0.0,0.0,0.0,1.0,0.0,0,0.0,1.0,0.0,1,1
505.338,223.712,-133.469,-0.0,0.0,-0.0,0.0,-0.0,0.0,0.0,0.0,1.0,0.0,0,0.0,1.0,0.0,1,1
505.488,223.712,-133.469,-0.0,0.0,-0.0,0.0,-0.0,0.0,0.0,0.0,1.0,0.0,0,0.0,1.0,0.0,1,1
505.588,223.712,-133.469,-0.0,0.0,-0.0,0.0,-0.0,0.0,0.0,0.0,1.0,0.0,0,0.0,1.0,0.0,1,1
505.688,223.712,-133.469,-0.0,0.0,-0.0,0.0,-0.0,0.0,0.0,0.0,1.0,0.0,0,0.0,1.0,0.0,1,1
505.838,223.712,-133.469,-0.0,0.0,-0.0,0.0,-0.0,0.0,0.0,0.0,1.0,0.0,0,0.0,1.0,0.0,1,1
505.938,223.712,-133.469,-0.0,0.0,-0.0,0.0,-0.0,0.0,0.0,0.0,1.0,0.0,0,0.0,1.0,0.0,1,1
506.088,223.712,-133.469,-0.0,0.0,-0.0,0.0,-0.0,0.0,0.0,0.0,1.0,0.0,0,0.0,1.0,0.0,1,1
506.188,223.712,-133.469,-0.0,0.0,-0.0,0.0,-0.0,0.0,0.0,0.0,1.0,0.0,0,0.0,1.0,0.0,1,1
506.338,223.712,-133.469,-0.0,0.0,-0.0,0.0,-0.0,0.0,0.0,0.0,1.0,0.0,0,0.0,1.0,0.0,1,1
506.438,223.712,-133.469,-0.0,0.0,-0.0,0.0,-0.0,0.0,0.0,0.0,1.0,0.0,0,0.0,1.0,0.0,1,1
506.538,223.712,-133.469,-0.0,0.0,-0.0,0.0,-0.0,0.0,0.0,0.0,1.0,0.0,0,0.0,1.0,0.0,1,1
506.688,223.712,-133.469,-0.0,0.0,-0.0,0.0,-0.0,0.0,0.0,0.0,1.0,0.0,0,0.0,1.0,0.0,1,1
506.788,223.712,-133.469,-0.0,0.0,-0.0,0.0,-0.0,0.0,0.0,0.0,1.0,0.0,0,0.0,1.0,0.0,1,1
506.938,223.712,-133.469,-0.0,0.0,-0.0,0.0,-0.0,0.0,0.0,0.0,1.0,0.0,0,0.0,1.0,0.0,1,1
507.038,223.712,-133.469,-0.0,0.0,-0.0,0.0,-0.0,0.0,0.0,0.0,1.0,0.0,0,0.0,1.0,0.0,1,1
507.188,223.712,-133.469,-0.0,0.0,-0.0,0.0,-0.0,0.0,0.0,0.0,1.0,0.0,0,0.0,1.0,0.0,1,1
507.288,223.712,-133.469,-0.0,0.0,-0.0,0.0,-0.0,0.0,0.0,0.0,1.0,0.0,0,0.0,1.0,0.0,1,1
507.388,223.712,-133.469,-0.0,0.0,-0.0,0.0,-0.0,0.0,0.0,0.0,1.0,0.0,0,0.0,1.0,0.0,1,1
507.538,223.712,-133.469,-0.0,0.0,-0.0,0.0,-0.0,0.0,0.0,0.0,1.0,0.0,0,0.0,1.0,0.0,1,1
507.638,223.712,-133.469,-0.0,0.0,-0.0,0.0,-0.0,0.0,0.0,0.0,1.0,0.0,0,0.0,1.0,0.0,1,1
507.738,223.712,-133.469,-0.0,0.0,-0.0,0.0,-0.0,0.0,0.0,0.0,1.0,0.0,0,0.0,1.0,0.0,1,1
507.888,223.712,-133.469,-0.0,0.0,-0.0,0.0,-0.0,0.0,0.0,0.0,1.0,0.0,0,0.0,1.0,0.0,1,1
507.988,223.712,-133.469,-0.0,0.0,-0.0,0.0,-0.0,0.0,0.0,0.0,1.0,0.0,0,0.0,1.0,0.0,1,1
508.138,223.712,-133.469,-0.0,0.0,-0.0,0.0,-0.0,0.0,0.0,0.0,1.0,0.0,0,0.0,1.0,0.0,1,1
508.238,223.712,-133.469,-0.0,0.0,-0.0,0.0,-0.0,0.0,0.0,0.0,1.0,0.0,0,0.0,1.0,0.0,1,1
508.338,223.712,-133.469,-0.0,0.0,-0.0,0.0,-0.0,0.0,0.0,0.0,1.0,0.0,0,0.0,1.0,0.0,1,1
508.488,223.712,-133.469,-0.0,0.0,-0.0,0.0,-0.0,0.0,0.0,0.0,1.0,0.0,0,0.0,1.0,0.0,1,1
508.638,223.712,-133.469,-0.0,0.0,-0.0,0.0,-0.0,0.0,0.0,0.0,1.0,0.0,0,0.0,1.0,0.0,1,1
508.738,223.712,-133.469,-0.0,0.0,-0.0,0.0,-0.0,0.0,0.0,0.0,1.0,0.0,0,0.0,1.0,0.0,1,1
508.838,223.712,-133.469,-0.0,0.0,-0.0,0.0,-0.0,0.0,0.0,0.0,1.0,0.0,0,0.0,1.0,0.0,1,1
508.988,223.712,-133.469,-0.0,0.0,-0.0,0.0,-0.0,0.0,0.0,0.0,1.0,0.0,0,0.0,1.0,0.0,1,1
509.088,223.712,-133.469,-0.0,0.0,-0.0,0.0,-0.0,0.0,0.0,0.0,1.0,0.0,0,0.0,1.0,0.0,1,1
509.188,223.712,-133.469,-0.0,0.0,-0.0,0.0,-0.0,0.0,0.0,0.0,1.0,0.0,0,0.0,1.0,0.0,1,1
509.338,223.712,-133.469,-0.0,0.0,-0.0,0.0,-0.0,0.0,0.0,0.0,1.0,0.0,0,0.0,1.0,0.0,1,1
509.438,223.712,-133.469,-0.0,0.0,-0.0,0.0,-0.0,0.0,0.0,0.0,1.0,0.0,0,0.0,1.0,0.0,1,1
509.538,223.712,-133.469,-0.0,0.0,-0.0,0.0,-0.0,0.0,0.0,0.0,1.0,0.0,0,0.0,1.0,0.0,1,1
509.688,223.712,-133.469,-0.0,0.0,-0.0,0.0,-0.0,0.0,0.0,0.0,1.0,0.0,0,0.0,1.0,0.0,1,1
509.788,223.712,-133.469,-0.0,0.0,-0.0,0.0,-0.0,0.0,0.0,0.0,1.0,0.0,0,0.0,1.0,0.0,1,1
509.938,223.712,-133.469,-0.0,0.0,-0.0,0.0,-0.0,0.0,0.0,0.0,1.0,0.0,0,0.0,1.0,0.0,1,1
510.038,223.712,-133.469,-0.0,0.0,-0.0,0.0,-0.0,0.0,0.0,0.0,1.0,0.0,0,0.0,1.0,0.0,1,1
510.188,223.712,-133.469,-0.0,0.0,-0.0,0.0,-0.0,0.0,0.0,0.0,1.0,0.0,0,0.0,1.0,0.0,1,1
510.288,223.712,-133.469,-0.0,0.0,-0.0,0.0,-0.0,0.0,0.0,0.0,1.0,0.0,0,0.0,1.0,0.0,1,1
510.438,223.712,-133.469,-0.0,0.0,-0.0,0.0,-0.0,0.0,0.0,0.0,1.0,0.0,0,0.0,1.0,0.0,1,1
510.538,223.712,-133.469,-0.0,0.0,-0.0,0.0,-0.0,0.0,0.0,0.0,1.0,0.0,0,0.0,1.0,0.0,1,1
510.688,223.712,-133.469,-0.0,0.0,-0.0,0.0,-0.0,0.0,0.0,0.0,1.0,0.0,0,0.0,1.0,0.0,1,1
510.788,223.712,-133.469,-0.0,0.0,-0.0,0.0,-0.0,0.0,0.0,0.0,1.0,0.0,0,0.0,1.0,0.0,1,1
510.938,223.712,-133.469,-0.0,0.0,-0.0,0.0,-0.0,0.0,0.0,0.0,1.0,0.0,0,0.0,1.0,0.0,1,1
511.038,223.712,-133.469,-0.0,0.0,-0.0,0.0,-0.0,0.0,0.0,0.0,1.0,0.0,0,0.0,1.0,0.0,1,1
511.138,223.712,-133.469,-0.0,0.0,-0.0,0.0,-0.0,0.0,0.0,0.0,1.0,0.0,0,0.0,1.0,0.0,1,1
511.288,223.712,-133.469,-0.0,0.0,-0.0,0.0,-0.0,0.0,0.0,0.0,1.0,0.0,0,0.0,1.0,0.0,1,1
511.388,223.712,-133.469,-0.0,0.0,-0.0,0.0,-0.0,0.0,0.0,0.0,1.0,0.0,0,0.0,1.0,0.0,1,1
511.488,223.712,-133.469,-0.0,0.0,-0.0,0.0,-0.0,0.0,0.0,0.0,1.0,0.0,0,0.0,1.0,0.0,1,1
511.638,223.712,-133.469,-0.0,0.0,-0.0,0.0,-0.0,0.0,0.0,0.0,1.0,0.0,0,0.0,1.0,0.0,1,1
511.738,223.712,-133.469,-0.0,0.0,-0.0,0.0,-0.0,0.0,0.0,0.0,1.0,0.0,0,0.0,1.0,0.0,1,1
511.888,223.712,-133.469,-0.0,0.0,-0.0,0.0,-0.0,0.0,0.0,0.0,1.0,0.0,0,0.0,1.0,0.0,1,1
511.988,223.712,-133.469,-0.0,0.0,-0.0,0.0,-0.0,0.0,0.0,0.0,1.0,0.0,0,0.0,1.0,0.0,1,1
512.138,223.712,-133.469,-0.0,0.0,-0.0,0.0,-0.0,0.0,0.0,0.0,1.0,0.0,0,0.0,1.0,0.0,1,1
512.238,223.712,-133.469,-0.0,0.0,-0.0,0.0,-0.0,0.0,0.0,0.0,1.0,0.0,0,0.0,1.0,0.0,1,1
512.338,223.712,-133.469,-0.0,0.0,-0.0,0.0,-0.0,0.0,0.0,0.0,1.0,0.0,0,0.0,1.0,0.0,1,1
512.488,223.712,-133.469,-0.0,0.0,-0.0,0.0,-0.0,0.0,0.0,0.0,1.0,0.0,0,0.0,1.0,0.0,1,1
512.588,223.712,-133.469,-0.0,0.0,-0.0,0.0,-0.0,0.0,0.0,0.0,1.0,0.0,0,0.0,1.0,0.0,1,1
512.738,223.712,-133.469,-0.0,0.0,-0.0,0.0,-0.0,0.0,0.0,0.0,1.0,0.0,0,0.0,1.0,0.0,1,1
512.838,223.712,-133.469,-0.0,0.0,-0.0,0.0,-0.0,0.0,0.0,0.0,1.0,0.0,0,0.0,1.0,0.0,1,1
512.938,223.712,-133.469,-0.0,0.0,-0.0,0.0,-0.0,0.0,0.0,0.0,1.0,0.0,0,0.0,1.0,0.0,1,1
513.088,223.712,-133.469,-0.0,0.0,-0.0,0.0,-0.0,0.0,0.0,0.0,1.0,0.0,0,0.0,1.0,0.0,1,1
513.188,223.712,-133.469,-0.0,0.0,-0.0,0.0,-0.0,0.0,0.0,0.0,1.0,0.0,0,0.0,1.0,0.0,1,1
513.338,223.712,-133.469,-0.0,0.0,-0.0,0.0,-0.0,0.0,0.0,0.0,1.0,0.0,0,0.0,1.0,0.0,1,1
513.438,223.712,-133.469,-0.0,0.0,-0.0,0.0,-0.0,0.0,0.0,0.0,1.0,0.0,0,0.0,1.0,0.0,1,1
513.588,223.712,-133.469,-0.0,0.0,-0.0,0.0,-0.0,0.0,0.0,0.0,1.0,0.0,0,0.0,1.0,0.0,1,1
513.688,223.712,-133.469,-0.0,0.0,-0.0,0.0,-0.0,0.0,0.0,0.0,1.0,0.0,0,0.0,1.0,0.0,1,1
513.788,223.712,-133.469,-0.0,0.0,-0.0,0.0,-0.0,0.0,0.0,0.0,1.0,0.0,0,0.0,1.0,0.0,1,1
513.938,223.712,-133.469,-0.0,0.0,-0.0,0.0,-0.0,0.0,0.0,0.0,1.0,0.0,0,0.0,1.0,0.0,1,1
514.038,223.712,-133.469,-0.0,0.0,-0.0,0.0,-0.0,0.0,0.0,0.0,1.0,0.0,0,0.0,1.0,0.0,1,1
514.188,223.712,-133.469,-0.0,0.0,-0.0,0.0,-0.0,0.0,0.0,0.0,1.0,0.0,0,0.0,1.0,0.0,1,1
514.288,223.712,-133.469,-0.0,0.0,-0.0,0.0,-0.0,0.0,0.0,0.0,1.0,0.0,0,0.0,1.0,0.0,1,1
514.438,223.712,-133.469,-0.0,0.0,-0.0,0.0,-0.0,0.0,0.0,0.0,1.0,0.0,0,0.0,1.0,0.0,1,1
514.538,223.712,-133.469,-0.0,0.0,-0.0,0.0,-0.0,0.0,0.0,0.0,1.0,0.0,0,0.0,1.0,0.0,1,1
514.688,223.712,-133.469,-0.0,0.0,-0.0,0.0,-0.0,0.0,0.0,0.0,1.0,0.0,0,0.0,1.0,0.0,1,1
514.788,223.712,-133.469,-0.0,0.0,-0.0,0.0,-0.0,0.0,0.0,0.0,1.0,0.0,0,0.0,1.0,0.0,1,1
514.888,223.712,-133.469,-0.0,0.0,-0.0,0.0,-0.0,0.0,0.0,0.0,1.0,0.0,0,0.0,1.0,0.0,1,1
515.038,223.712,-133.469,-0.0,0.0,-0.0,0.0,-0.0,0.0,0.0,0.0,1.0,0.0,0,0.0,1.0,0.0,1,1
515.138,223.712,-133.469,-0.0,0.0,-0.0,0.0,-0.0,0.0,0.0,0.0,1.0,0.0,0,0.0,1.0,0.0,1,1
515.288,223.712,-133.469,-0.0,0.0,-0.0,0.0,-0.0,0.0,0.0,0.0,1.0,0.0,0,0.0,1.0,0.0,1,1
515.388,223.712,-133.469,-0.0,0.0,-0.0,0.0,-0.0,0.0,0.0,0.0,1.0,0.0,0,0.0,1.0,0.0,1,1
515.488,223.712,-133.469,-0.0,0.0,-0.0,0.0,-0.0,0.0,0.0,0.0,1.0,0.0,0,0.0,1.0,0.0,1,1
515.638,223.712,-133.469,-0.0,0.0,-0.0,0.0,-0.0,0.0,0.0,0.0,1.0,0.0,0,0.0,1.0,0.0,1,1
515.738,223.712,-133.469,-0.0,0.0,-0.0,0.0,-0.0,0.0,0.0,0.0,1.0,0.0,0,0.0,1.0,0.0,1,1
515.888,223.712,-133.469,-0.0,0.0,-0.0,0.0,-0.0,0.0,0.0,0.0,1.0,0.0,0,0.0,1.0,0.0,1,1
515.988,223.712,-133.469,-0.0,0.0,-0.0,0.0,-0.0,0.0,0.0,0.0,1.0,0.0,0,0.0,1.0,0.0,1,1
516.088,223.712,-133.469,-0.0,0.0,-0.0,0.0,-0.0,0.0,0.0,0.0,1.0,0.0,0,0.0,1.0,0.0,1,1
516.238,223.712,-133.469,-0.0,0.0,-0.0,0.0,-0.0,0.0,0.0,0.0,1.0,0.0,0,0.0,1.0,0.0,1,1
516.338,223.712,-133.469,-0.0,0.0,-0.0,0.0,-0.0,0.0,0.0,0.0,1.0,0.0,0,0.0,1.0,0.0,1,1
516.438,223.712,-133.469,-0.0,0.0,-0.0,0.0,-0.0,0.0,0.0,0.0,1.0,0.0,0,0.0,1.0,0.0,1,1
516.588,223.712,-133.469,-0.0,0.0,-0.0,0.0,-0.0,0.0,0.0,0.0,1.0,0.0,0,0.0,1.0,0.0,1,1
516.688,223.712,-133.469,-0.0,0.0,-0.0,0.0,-0.0,0.0,0.0,0.0,1.0,0.0,0,0.0,1.0,0.0,1,1
516.838,223.712,-133.469,-0.0,0.0,-0.0,0.0,-0.0,0.0,0.0,0.0,1.0,0.0,0,0.0,1.0,0.0,1,1
516.938,223.712,-133.469,-0.0,0.0,-0.0,0.0,-0.0,0.0,0.0,0.0,1.0,0.0,0,0.0,1.0,0.0,1,1
517.038,223.712,-133.469,-0.0,0.0,-0.0,0.0,-0.0,0.0,0.0,0.0,1.0,0.0,0,0.0,1.0,0.0,1,1
517.188,223.712,-133.469,-0.0,0.0,-0.0,0.0,-0.0,0.0,0.0,0.0,1.0,0.0,0,0.0,1.0,0.0,1,1
517.288,223.712,-133.469,-0.0,0.0,-0.0,0.0,-0.0,0.0,0.0,0.0,1.0,0.0,0,0.0,1.0,0.0,1,1
517.388,223.712,-133.469,-0.0,0.0,-0.0,0.0,-0.0,0.0,0.0,0.0,1.0,0.0,0,0.0,1.0,0.0,1,1
517.538,223.712,-133.469,-0.0,0.0,-0.0,0.0,-0.0,0.0,0.0,0.0,1.0,0.0,0,0.0,1.0,0.0,1,1
517.638,223.712,-133.469,-0.0,0.0,-0.0,0.0,-0.0,0.0,0.0,0.0,1.0,0.0,0,0.0,1.0,0.0,1,1
517.788,223.712,-133.469,-0.0,0.0,-0.0,0.0,-0.0,0.0,0.0,0.0,1.0,0.0,0,0.0,1.0,0.0,1,1
517.888,223.712,-133.469,-0.0,0.0,-0.0,0.0,-0.0,0.0,0.0,0.0,1.0,0.0,0,0.0,1.0,0.0,1,1
517.988,223.712,-133.469,-0.0,0.0,-0.0,0.0,-0.0,0.0,0.0,0.0,1.0,0.0,0,0.0,1.0,0.0,1,1
518.138,223.712,-133.469,-0.0,0.0,-0.0,0.0,-0.0,0.0,0.0,0.0,1.0,0.0,0,0.0,1.0,0.0,1,1
518.238,223.712,-133.469,-0.0,0.0,-0.0,0.0,-0.0,0.0,0.0,0.0,1.0,0.0,0,0.0,1.0,0.0,1,1
518.388,223.712,-133.469,-0.0,0.0,-0.0,0.0,-0.0,0.0,0.0,0.0,1.0,0.0,0,0.0,1.0,0.0,1,1
518.488,223.712,-133.469,-0.0,0.0,-0.0,0.0,-0.0,0.0,0.0,0.0,1.0,0.0,0,0.0,1.0,0.0,1,1
518.588,223.712,-133.469,-0.0,0.0,-0.0,0.0,-0.0,0.0,0.0,0.0,1.0,0.0,0,0.0,1.0,0.0,1,1
518.688,223.712,-133.469,-0.0,0.0,-0.0,0.0,-0.0,0.0,0.0,0.0,1.0,0.0,0,0.0,1.0,0.0,1,1
518.838,223.712,-133.469,-0.0,0.0,-0.0,0.0,-0.0,0.0,0.0,0.0,1.0,0.0,0,0.0,1.0,0.0,1,1
518.938,223.712,-133.469,-0.0,0.0,-0.0,0.0,-0.0,0.0,0.0,0.0,1.0,0.0,0,0.0,1.0,0.0,1,1
519.088,223.712,-133.469,-0.0,0.0,-0.0,0.0,-0.0,0.0,0.0,0.0,1.0,0.0,0,0.0,1.0,0.0,1,1
519.188,223.712,-133.469,-0.0,0.0,-0.0,0.0,-0.0,0.0,0.0,0.0,1.0,0.0,0,0.0,1.0,0.0,1,1
519.338,223.712,-133.469,-0.0,0.0,-0.0,0.0,-0.0,0.0,0.0,0.0,1.0,0.0,0,0.0,1.0,0.0,1,1
519.438,223.712,-133.469,-0.0,0.0,-0.0,0.0,-0.0,0.0,0.0,0.0,1.0,0.0,0,0.0,1.0,0.0,1,1
519.588,223.712,-133.469,-0.0,0.0,-0.0,0.0,-0.0,0.0,0.0,0.0,1.0,0.0,0,0.0,1.0,0.0,1,1
519.688,223.712,-133.469,-0.0,0.0,-0.0,0.0,-0.0,0.0,0.0,0.0,1.0,0.0,0,0.0,1.0,0.0,1,1
519.788,223.712,-133.469,-0.0,0.0,-0.0,0.0,-0.0,0.0,0.0,0.0,1.0,0.0,0,0.0,1.0,0.0,1,1
519.888,223.712,-133.469,-0.0,0.0,-0.0,0.0,-0.0,0.0,0.0,0.0,1.0,0.0,0,0.0,1.0,0.0,1,1
520.038,223.712,-133.469,-0.0,0.0,-0.0,0.0,-0.0,0.0,0.0,0.0,1.0,0.0,0,0.0,1.0,0.0,1,1
520.138,223.712,-133.469,-0.0,0.0,-0.0,0.0,-0.0,0.0,0.0,0.0,1.0,0.0,0,0.0,1.0,0.0,1,1
520.288,223.712,-133.469,-0.0,0.0,-0.0,0.0,-0.0,0.0,0.0,0.0,1.0,0.0,0,0.0,1.0,0.0,1,1
520.388,223.712,-133.469,-0.0,0.0,-0.0,0.0,-0.0,0.0,0.0,0.0,1.0,0.0,0,0.0,1.0,0.0,1,1
520.538,223.712,-133.469,-0.0,0.0,-0.0,0.0,-0.0,0.0,0.0,0.0,1.0,0.0,0,0.0,1.0,0.0,1,1
520.638,223.712,-133.469,-0.0,0.0,-0.0,0.0,-0.0,0.0,0.0,0.0,1.0,0.0,0,0.0,1.0,0.0,1,1
520.788,223.712,-133.469,-0.0,0.0,-0.0,0.0,-0.0,0.0,0.0,0.0,1.0,0.0,0,0.0,1.0,0.0,1,1
520.888,223.712,-133.469,-0.0,0.0,-0.0,0.0,-0.0,0.0,0.0,0.0,1.0,0.0,0,0.0,1.0,0.0,1,1
520.988,223.712,-133.469,-0.0,0.0,-0.0,0.0,-0.0,0.0,0.0,0.0,1.0,0.0,0,0.0,1.0,0.0,1,1
521.138,223.712,-133.469,-0.0,0.0,-0.0,0.0,-0.0,0.0,0.0,0.0,1.0,0.0,0,0.0,1.0,0.0,1,1
521.238,223.712,-133.469,-0.0,0.0,-0.0,0.0,-0.0,0.0,0.0,0.0,1.0,0.0,0,0.0,1.0,0.0,1,1
521.388,223.712,-133.469,-0.0,0.0,-0.0,0.0,-0.0,0.0,0.0,0.0,1.0,0.0,0,0.0,1.0,0.0,1,1
521.488,223.712,-133.469,-0.0,0.0,-0.0,0.0,-0.0,0.0,0.0,0.0,1.0,0.0,0,0.0,1.0,0.0,1,1
521.638,223.712,-133.469,-0.0,0.0,-0.0,0.0,-0.0,0.0,0.0,0.0,1.0,0.0,0,0.0,1.0,0.0,1,1
521.738,223.712,-133.469,-0.0,0.0,-0.0,0.0,-0.0,0.0,0.0,0.0,1.0,0.0,0,0.0,1.0,0.0,1,1
521.838,223.712,-133.469,-0.0,0.0,-0.0,0.0,-0.0,0.0,0.0,0.0,1.0,0.0,0,0.0,1.0,0.0,1,1
521.988,223.712,-133.469,-0.0,0.0,-0.0,0.0,-0.0,0.0,0.0,0.0,1.0,0.0,0,0.0,1.0,0.0,1,1
522.088,223.712,-133.469,-0.0,0.0,-0.0,0.0,-0.0,0.0,0.0,0.0,1.0,0.0,0,0.0,1.0,0.0,1,1
522.238,223.712,-133.469,-0.0,0.0,-0.0,0.0,-0.0,0.0,0.0,0.0,1.0,0.0,0,0.0,1.0,0.0,1,1
522.338,223.712,-133.469,-0.0,0.0,-0.0,0.0,-0.0,0.0,0.0,0.0,1.0,0.0,0,0.0,1.0,0.0,1,1
522.488,223.712,-133.469,-0.0,0.0,-0.0,0.0,-0.0,0.0,0.0,0.0,1.0,0.0,0,0.0,1.0,0.0,1,1
522.588,223.712,-133.469,-0.0,0.0,-0.0,0.0,-0.0,0.0,0.0,0.0,1.0,0.0,0,0.0,1.0,0.0,1,1
522.688,223.712,-133.469,-0.0,0.0,-0.0,0.0,-0.0,0.0,0.0,0.0,1.0,0.0,0,0.0,1.0,0.0,1,1
522.838,223.712,-133.469,-0.0,0.0,-0.0,0.0,-0.0,0.0,0.0,0.0,1.0,0.0,0,0.0,1.0,0.0,1,1
522.938,223.712,-133.469,-0.0,0.0,-0.0,0.0,-0.0,0.0,0.0,0.0,1.0,0.0,0,0.0,1.0,0.0,1,1
523.038,223.712,-133.469,-0.0,0.0,-0.0,0.0,-0.0,0.0,0.0,0.0,1.0,0.0,0,0.0,1.0,0.0,1,1
523.188,223.712,-133.469,-0.0,0.0,-0.0,0.0,-0.0,0.0,0.0,0.0,1.0,0.0,0,0.0,1.0,0.0,1,1
523.288,223.712,-133.469,-0.0,0.0,-0.0,0.0,-0.0,0.0,0.0,0.0,1.0,0.0,0,0.0,1.0,0.0,1,1
523.438,223.712,-133.469,-0.0,0.0,-0.0,0.0,-0.0,0.0,0.0,0.0,1.0,0.0,0,0.0,1.0,0.0,1,1
523.538,223.712,-133.469,-0.0,0.0,-0.0,0.0,-0.0,0.0,0.0,0.0,1.0,0.0,0,0.0,1.0,0.0,1,1
523.638,223.712,-133.469,-0.0,0.0,-0.0,0.0,-0.0,0.0,0.0,0.0,1.0,0.0,0,0.0,1.0,0.0,1,1
523.788,223.712,-133.469,-0.0,0.0,-0.0,0.0,-0.0,0.0,0.0,0.0,1.0,0.0,0,0.0,1.0,0.0,1,1
523.888,223.712,-133.469,-0.0,0.0,-0.0,0.0,-0.0,0.0,0.0,0.0,1.0,0.0,0,0.0,1.0,0.0,1,1
524.038,223.712,-133.469,-0.0,0.0,-0.0,0.0,-0.0,0.0,0.0,0.0,1.0,0.0,0,0.0,1.0,0.0,1,1
524.138,223.712,-133.469,-0.0,0.0,-0.0,0.0,-0.0,0.0,0.0,0.0,1.0,0.0,0,0.0,1.0,0.0,1,1
524.288,223.712,-133.469,-0.0,0.0,-0.0,0.0,-0.0,0.0,0.0,0.0,1.0,0.0,0,0.0,1.0,0.0,1,1
524.388,223.712,-133.469,-0.0,0.0,-0.0,0.0,-0.0,0.0,0.0,0.0,1.0,0.0,0,0.0,1.0,0.0,1,1
524.488,223.712,-133.469,-0.0,0.0,-0.0,0.0,-0.0,0.0,0.0,0.0,1.0,0.0,0,0.0,1.0,0.0,1,1
524.588,223.712,-133.469,-0.0,0.0,-0.0,0.0,-0.0,0.0,0.0,0.0,1.0,0.0,0,0.0,1.0,0.0,1,1
524.738,223.712,-133.469,-0.0,0.0,-0.0,0.0,-0.0,0.0,0.0,0.0,1.0,0.0,0,0.0,1.0,0.0,1,1
524.838,223.712,-133.469,-0.0,0.0,-0.0,0.0,-0.0,0.0,0.0,0.0,1.0,0.0,0,0.0,1.0,0.0,1,1
524.988,223.712,-133.469,-0.0,0.0,-0.0,0.0,-0.0,0.0,0.0,0.0,1.0,0.0,0,0.0,1.0,0.0,1,1
525.088,223.712,-133.469,-0.0,0.0,-0.0,0.0,-0.0,0.0,0.0,0.0,1.0,0.0,0,0.0,1.0,0.0,1,1
525.188,223.712,-133.469,-0.0,0.0,-0.0,0.0,-0.0,0.0,0.0,0.0,1.0,0.0,0,0.0,1.0,0.0,1,1
525.338,223.712,-133.469,-0.0,0.0,-0.0,0.0,-0.0,0.0,0.0,0.0,1.0,0.0,0,0.0,1.0,0.0,1,1
525.438,223.712,-133.469,-0.0,0.0,-0.0,0.0,-0.0,0.0,0.0,0.0,1.0,0.0,0,0.0,1.0,0.0,1,1
525.538,223.712,-133.469,-0.0,0.0,-0.0,0.0,-0.0,0.0,0.0,0.0,1.0,0.0,0,0.0,1.0,0.0,1,1
525.688,223.712,-133.469,-0.0,0.0,-0.0,0.0,-0.0,0.0,0.0,0.0,1.0,0.0,0,0.0,1.0,0.0,1,1
525.788,223.712,-133.469,-0.0,0.0,-0.0,0.0,-0.0,0.0,0.0,0.0,1.0,0.0,0,0.0,1.0,0.0,1,1
525.888,223.712,-133.469,-0.0,0.0,-0.0,0.0,-0.0,0.0,0.0,0.0,1.0,0.0,0,0.0,1.0,0.0,1,1
526.038,223.712,-133.469,-0.0,0.0,-0.0,0.0,-0.0,0.0,0.0,0.0,1.0,0.0,0,0.0,1.0,0.0,1,1
526.138,223.712,-133.469,-0.0,0.0,-0.0,0.0,-0.0,0.0,0.0,0.0,1.0,0.0,0,0.0,1.0,0.0,1,1
526.288,223.712,-133.469,-0.0,0.0,-0.0,0.0,-0.0,0.0,0.0,0.0,1.0,0.0,0,0.0,1.0,0.0,1,1
526.388,223.712,-133.469,-0.0,0.0,-0.0,0.0,-0.0,0.0,0.0,0.0,1.0,0.0,0,0.0,1.0,0.0,1,1
526.538,223.712,-133.469,-0.0,0.0,-0.0,0.0,-0.0,0.0,0.0,0.0,1.0,0.0,0,0.0,1.0,0.0,1,1
526.638,223.712,-133.469,-0.0,0.0,-0.0,0.0,-0.0,0.0,0.0,0.0,1.0,0.0,0,0.0,1.0,0.0,1,1
526.738,223.712,-133.469,-0.0,0.0,-0.0,0.0,-0.0,0.0,0.0,0.0,1.0,0.0,0,0.0,1.0,0.0,1,1
526.888,223.712,-133.469,-0.0,0.0,-0.0,0.0,-0.0,0.0,0.0,0.0,1.0,0.0,0,0.0,1.0,0.0,1,1
526.988,223.712,-133.469,-0.0,0.0,-0.0,0.0,-0.0,0.0,0.0,0.0,1.0,0.0,0,0.0,1.0,0.0,1,1
527.088,223.712,-133.469,-0.0,0.0,-0.0,0.0,-0.0,0.0,0.0,0.0,1.0,0.0,0,0.0,1.0,0.0,1,1
527.238,223.712,-133.469,-0.0,0.0,-0.0,0.0,-0.0,0.0,0.0,0.0,1.0,0.0,0,0.0,1.0,0.0,1,1
527.338,223.712,-133.469,-0.0,0.0,-0.0,0.0,-0.0,0.0,0.0,0.0,1.0,0.0,0,0.0,1.0,0.0,1,1
527.488,223.712,-133.469,-0.0,0.0,-0.0,0.0,-0.0,0.0,0.0,0.0,1.0,0.0,0,0.0,1.0,0.0,1,1
527.588,223.712,-133.469,-0.0,0.0,-0.0,0.0,-0.0,0.0,0.0,0.0,1.0,0.0,0,0.0,1.0,0.0,1,1
527.738,223.712,-133.469,-0.0,0.0,-0.0,0.0,-0.0,0.0,0.0,0.0,1.0,0.0,0,0.0,1.0,0.0,1,1
527.838,223.712,-133.469,-0.0,0.0,-0.0,0.0,-0.0,0.0,0.0,0.0,1.0,0.0,0,0.0,1.0,0.0,1,1
527.938,223.712,-133.469,-0.0,0.0,-0.0,0.0,-0.0,0.0,0.0,0.0,1.0,0.0,0,0.0,1.0,0.0,1,1
528.088,223.712,-133.469,-0.0,0.0,-0.0,0.0,-0.0,0.0,0.0,0.0,1.0,0.0,0,0.0,1.0,0.0,1,1
528.188,223.712,-133.469,-0.0,0.0,-0.0,0.0,-0.0,0.0,0.0,0.0,1.0,0.0,0,0.0,1.0,0.0,1,1
528.288,223.712,-133.469,-0.0,0.0,-0.0,0.0,-0.0,0.0,0.0,0.0,1.0,0.0,0,0.0,1.0,0.0,1,1
528.438,223.712,-133.469,-0.0,0.0,-0.0,0.0,-0.0,0.0,0.0,0.0,1.0,0.0,0,0.0,1.0,0.0,1,1
528.538,223.712,-133.469,-0.0,0.0,-0.0,0.0,-0.0,0.0,0.0,0.0,1.0,0.0,0,0.0,1.0,0.0,1,1
528.688,223.712,-133.469,-0.0,0.0,-0.0,0.0,-0.0,0.0,0.0,0.0,1.0,0.0,0,0.0,1.0,0.0,1,1
528.788,223.712,-133.469,-0.0,0.0,-0.0,0.0,-0.0,0.0,0.0,0.0,1.0,0.0,0,0.0,1.0,0.0,1,1
528.938,223.712,-133.469,-0.0,0.0,-0.0,0.0,-0.0,0.0,0.0,0.0,1.0,0.0,0,0.0,1.0,0.0,1,1
529.038,223.712,-133.469,-0.0,0.0,-0.0,0.0,-0.0,0.0,0.0,0.0,1.0,0.0,0,0.0,1.0,0.0,1,1
529.138,223.712,-133.469,-0.0,0.0,-0.0,0.0,-0.0,0.0,0.0,0.0,1.0,0.0,0,0.0,1.0,0.0,1,1
529.288,223.712,-133.469,-0.0,0.0,-0.0,0.0,-0.0,0.0,0.0,0.0,1.0,0.0,0,0.0,1.0,0.0,1,1
529.388,223.712,-133.469,-0.0,0.0,-0.0,0.0,-0.0,0.0,0.0,0.0,1.0,0.0,0,0.0,1.0,0.0,1,1
529.488,223.712,-133.469,-0.0,0.0,-0.0,0.0,-0.0,0.0,0.0,0.0,1.0,0.0,0,0.0,1.0,0.0,1,1
529.638,223.712,-133.469,-0.0,0.0,-0.0,0.0,-0.0,0.0,0.0,0.0,1.0,0.0,0,0.0,1.0,0.0,1,1
529.738,223.712,-133.469,-0.0,0.0,-0.0,0.0,-0.0,0.0,0.0,0.0,1.0,0.0,0,0.0,1.0,0.0,1,1
529.888,223.712,-133.469,-0.0,0.0,-0.0,0.0,-0.0,0.0,0.0,0.0,1.0,0.0,0,0.0,1.0,0.0,1,1
529.988,223.712,-133.469,-0.0,0.0,-0.0,0.0,-0.0,0.0,0.0,0.0,1.0,0.0,0,0.0,1.0,0.0,1,1
530.138,223.712,-133.469,-0.0,0.0,-0.0,0.0,-0.0,0.0,0.0,0.0,1.0,0.0,0,0.0,1.0,0.0,1,1
530.238,223.712,-133.469,-0.0,0.0,-0.0,0.0,-0.0,0.0,0.0,0.0,1.0,0.0,0,0.0,1.0,0.0,1,1
530.388,223.712,-133.469,-0.0,0.0,-0.0,0.0,-0.0,0.0,0.0,0.0,1.0,0.0,0,0.0,1.0,0.0,1,1
530.488,223.712,-133.469,-0.0,0.0,-0.0,0.0,-0.0,0.0,0.0,0.0,1.0,0.0,0,0.0,1.0,0.0,1,1
530.588,223.712,-133.469,-0.0,0.0,-0.0,0.0,-0.0,0.0,0.0,0.0,1.0,0.0,0,0.0,1.0,0.0,1,1
530.738,223.712,-133.469,-0.0,0.0,-0.0,0.0,-0.0,0.0,0.0,0.0,1.0,0.0,0,0.0,1.0,0.0,1,1
530.838,223.712,-133.469,-0.0,0.0,-0.0,0.0,-0.0,0.0,0.0,0.0,1.0,0.0,0,0.0,1.0,0.0,1,1
530.988,223.712,-133.469,-0.0,0.0,-0.0,0.0,-0.0,0.0,0.0,0.0,1.0,0.0,0,0.0,1.0,0.0,1,1
531.088,223.712,-133.469,-0.0,0.0,-0.0,0.0,-0.0,0.0,0.0,0.0,1.0,0.0,0,0.0,1.0,0.0,1,1
531.188,223.712,-133.469,-0.0,0.0,-0.0,0.0,-0.0,0.0,0.0,0.0,1.0,0.0,0,0.0,1.0,0.0,1,1
531.338,223.712,-133.469,-0.0,0.0,-0.0,0.0,-0.0,0.0,0.0,0.0,1.0,0.0,0,0.0,1.0,0.0,1,1
531.438,223.712,-133.469,-0.0,0.0,-0.0,0.0,-0.0,0.0,0.0,0.0,1.0,0.0,0,0.0,1.0,0.0,1,1
531.588,223.712,-133.469,-0.0,0.0,-0.0,0.0,-0.0,0.0,0.0,0.0,1.0,0.0,0,0.0,1.0,0.0,1,1
531.688,223.712,-133.469,-0.0,0.0,-0.0,0.0,-0.0,0.0,0.0,0.0,1.0,0.0,0,0.0,1.0,0.0,1,1
531.788,223.712,-133.469,-0.0,0.0,-0.0,0.0,-0.0,0.0,0.0,0.0,1.0,0.0,0,0.0,1.0,0.0,1,1
531.938,223.712,-133.469,-0.0,0.0,-0.0,0.0,-0.0,0.0,0.0,0.0,1.0,0.0,0,0.0,1.0,0.0,1,1
532.038,223.712,-133.469,-0.0,0.0,-0.0,0.0,-0.0,0.0,0.0,0.0,1.0,0.0,0,0.0,1.0,0.0,1,1
532.138,223.712,-133.469,-0.0,0.0,-0.0,0.0,-0.0,0.0,0.0,0.0,1.0,0.0,0,0.0,1.0,0.0,1,1
532.288,223.712,-133.469,-0.0,0.0,-0.0,0.0,-0.0,0.0,0.0,0.0,1.0,0.0,0,0.0,1.0,0.0,1,1
532.388,223.712,-133.469,-0.0,0.0,-0.0,0.0,-0.0,0.0,0.0,0.0,1.0,0.0,0,0.0,1.0,0.0,1,1
532.538,223.712,-133.469,-0.0,0.0,-0.0,0.0,-0.0,0.0,0.0,0.0,1.0,0.0,0,0.0,1.0,0.0,1,1
532.638,223.712,-133.469,-0.0,0.0,-0.0,0.0,-0.0,0.0,0.0,0.0,1.0,0.0,0,0.0,1.0,0.0,1,1
532.788,223.712,-133.469,-0.0,0.0,-0.0,0.0,-0.0,0.0,0.0,0.0,1.0,0.0,0,0.0,1.0,0.0,1,1
532.888,223.712,-133.469,-0.0,0.0,-0.0,0.0,-0.0,0.0,0.0,0.0,1.0,0.0,0,0.0,1.0,0.0,1,1
532.988,223.712,-133.469,-0.0,0.0,-0.0,0.0,-0.0,0.0,0.0,0.0,1.0,0.0,0,0.0,1.0,0.0,1,1
533.138,223.712,-133.469,-0.0,0.0,-0.0,0.0,-0.0,0.0,0.0,0.0,1.0,0.0,0,0.0,1.0,0.0,1,1
533.238,223.712,-133.469,-0.0,0.0,-0.0,0.0,-0.0,0.0,0.0,0.0,1.0,0.0,0,0.0,1.0,0.0,1,1
533.338,223.712,-133.469,-0.0,0.0,-0.0,0.0,-0.0,0.0,0.0,0.0,1.0,0.0,0,0.0,1.0,0.0,1,1
533.488,223.712,-133.469,-0.0,0.0,-0.0,0.0,-0.0,0.0,0.0,0.0,1.0,0.0,0,0.0,1.0,0.0,1,1
533.588,223.712,-133.469,-0.0,0.0,-0.0,0.0,-0.0,0.0,0.0,0.0,1.0,0.0,0,0.0,1.0,0.0,1,1
533.688,223.712,-133.469,-0.0,0.0,-0.0,0.0,-0.0,0.0,0.0,0.0,1.0,0.0,0,0.0,1.0,0.0,1,1
533.838,223.712,-133.469,-0.0,0.0,-0.0,0.0,-0.0,0.0,0.0,0.0,1.0,0.0,0,0.0,1.0,0.0,1,1
533.938,223.712,-133.469,-0.0,0.0,-0.0,0.0,-0.0,0.0,0.0,0.0,1.0,0.0,0,0.0,1.0,0.0,1,1
534.088,223.712,-133.469,-0.0,0.0,-0.0,0.0,-0.0,0.0,0.0,0.0,1.0,0.0,0,0.0,1.0,0.0,1,1
534.188,223.712,-133.469,-0.0,0.0,-0.0,0.0,-0.0,0.0,0.0,0.0,1.0,0.0,0,0.0,1.0,0.0,1,1
534.288,223.712,-133.469,-0.0,0.0,-0.0,0.0,-0.0,0.0,0.0,0.0,1.0,0.0,0,0.0,1.0,0.0,1,1
534.388,223.712,-133.469,-0.0,0.0,-0.0,0.0,-0.0,0.0,0.0,0.0,1.0,0.0,0,0.0,1.0,0.0,1,1
534.538,223.712,-133.469,-0.0,0.0,-0.0,0.0,-0.0,0.0,0.0,0.0,1.0,0.0,0,0.0,1.0,0.0,1,1
534.638,223.712,-133.469,-0.0,0.0,-0.0,0.0,-0.0,0.0,0.0,0.0,1.0,0.0,0,0.0,1.0,0.0,1,1
534.788,223.712,-133.469,-0.0,0.0,-0.0,0.0,-0.0,0.0,0.0,0.0,1.0,0.0,0,0.0,1.0,0.0,1,1
534.888,223.712,-133.469,-0.0,0.0,-0.0,0.0,-0.0,0.0,0.0,0.0,1.0,0.0,0,0.0,1.0,0.0,1,1
534.988,223.712,-133.469,-0.0,0.0,-0.0,0.0,-0.0,0.0,0.0,0.0,1.0,0.0,0,0.0,1.0,0.0,1,1
535.138,223.712,-133.469,-0.0,0.0,-0.0,0.0,-0.0,0.0,0.0,0.0,1.0,0.0,0,0.0,1.0,0.0,1,1
535.238,223.712,-133.469,-0.0,0.0,-0.0,0.0,-0.0,0.0,0.0,0.0,1.0,0.0,0,0.0,1.0,0.0,1,1
535.338,223.712,-133.469,-0.0,0.0,-0.0,0.0,-0.0,0.0,0.0,0.0,1.0,0.0,0,0.0,1.0,0.0,1,1
535.438,223.712,-133.469,-0.0,0.0,-0.0,0.0,-0.0,0.0,0.0,0.0,1.0,0.0,0,0.0,1.0,0.0,1,1
535.588,223.712,-133.469,-0.0,0.0,-0.0,0.0,-0.0,0.0,0.0,0.0,1.0,0.0,0,0.0,1.0,0.0,1,1
535.688,223.712,-133.469,-0.0,0.0,-0.0,0.0,-0.0,0.0,0.0,0.0,1.0,0.0,0,0.0,1.0,0.0,1,1
535.838,223.712,-133.469,-0.0,0.0,-0.0,0.0,-0.0,0.0,0.0,0.0,1.0,0.0,0,0.0,1.0,0.0,1,1
535.938,223.712,-133.469,-0.0,0.0,-0.0,0.0,-0.0,0.0,0.0,0.0,1.0,0.0,0,0.0,1.0,0.0,1,1
536.088,223.712,-133.469,-0.0,0.0,-0.0,0.0,-0.0,0.0,0.0,0.0,1.0,0.0,0,0.0,1.0,0.0,1,1
536.188,223.712,-133.469,-0.0,0.0,-0.0,0.0,-0.0,0.0,0.0,0.0,1.0,0.0,0,0.0,1.0,0.0,1,1
536.338,223.712,-133.469,-0.0,0.0,-0.0,0.0,-0.0,0.0,0.0,0.0,1.0,0.0,0,0.0,1.0,0.0,1,1
536.438,223.712,-133.469,-0.0,0.0,-0.0,0.0,-0.0,0.0,0.0,0.0,1.0,0.0,0,0.0,1.0,0.0,1,1
536.538,223.712,-133.469,-0.0,0.0,-0.0,0.0,-0.0,0.0,0.0,0.0,1.0,0.0,0,0.0,1.0,0.0,1,1
536.688,223.712,-133.469,-0.0,0.0,-0.0,0.0,-0.0,0.0,0.0,0.0,1.0,0.0,0,0.0,1.0,0.0,1,1
536.788,223.712,-133.469,-0.0,0.0,-0.0,0.0,-0.0,0.0,0.0,0.0,1.0,0.0,0,0.0,1.0,0.0,1,1
536.938,223.712,-133.469,-0.0,0.0,-0.0,0.0,-0.0,0.0,0.0,0.0,1.0,0.0,0,0.0,1.0,0.0,1,1
537.038,223.712,-133.469,-0.0,0.0,-0.0,0.0,-0.0,0.0,0.0,0.0,1.0,0.0,0,0.0,1.0,0.0,1,1
537.138,223.712,-133.469,-0.0,0.0,-0.0,0.0,-0.0,0.0,0.0,0.0,1.0,0.0,0,0.0,1.0,0.0,1,1
537.288,223.712,-133.469,-0.0,0.0,-0.0,0.0,-0.0,0.0,0.0,0.0,1.0,0.0,0,0.0,1.0,0.0,1,1
537.388,223.712,-133.469,-0.0,0.0,-0.0,0.0,-0.0,0.0,0.0,0.0,1.0,0.0,0,0.0,1.0,0.0,1,1
537.538,223.712,-133.469,-0.0,0.0,-0.0,0.0,-0.0,0.0,0.0,0.0,1.0,0.0,0,0.0,1.0,0.0,1,1
537.638,223.712,-133.469,-0.0,0.0,-0.0,0.0,-0.0,0.0,0.0,0.0,1.0,0.0,0,0.0,1.0,0.0,1,1
537.738,223.712,-133.469,-0.0,0.0,-0.0,0.0,-0.0,0.0,0.0,0.0,1.0,0.0,0,0.0,1.0,0.0,1,1
537.888,223.712,-133.469,-0.0,0.0,-0.0,0.0,-0.0,0.0,0.0,0.0,1.0,0.0,0,0.0,1.0,0.0,1,1
537.988,223.712,-133.469,-0.0,0.0,-0.0,0.0,-0.0,0.0,0.0,0.0,1.0,0.0,0,0.0,1.0,0.0,1,1
538.138,223.712,-133.469,-0.0,0.0,-0.0,0.0,-0.0,0.0,0.0,0.0,1.0,0.0,0,0.0,1.0,0.0,1,1
538.238,223.712,-133.469,-0.0,0.0,-0.0,0.0,-0.0,0.0,0.0,0.0,1.0,0.0,0,0.0,1.0,0.0,1,1
538.338,223.712,-133.469,-0.0,0.0,-0.0,0.0,-0.0,0.0,0.0,0.0,1.0,0.0,0,0.0,1.0,0.0,1,1
538.488,223.712,-133.469,-0.0,0.0,-0.0,0.0,-0.0,0.0,0.0,0.0,1.0,0.0,0,0.0,1.0,0.0,1,1
538.588,223.712,-133.469,-0.0,0.0,-0.0,0.0,-0.0,0.0,0.0,0.0,1.0,0.0,0,0.0,1.0,0.0,1,1
538.738,223.712,-133.469,-0.0,0.0,-0.0,0.0,-0.0,0.0,0.0,0.0,1.0,0.0,0,0.0,1.0,0.0,1,1
538.838,223.712,-133.469,-0.0,0.0,-0.0,0.0,-0.0,0.0,0.0,0.0,1.0,0.0,0,0.0,1.0,0.0,1,1
538.938,223.712,-133.469,-0.0,0.0,-0.0,0.0,-0.0,0.0,0.0,0.0,1.0,0.0,0,0.0,1.0,0.0,1,1
539.038,223.712,-133.469,-0.0,0.0,-0.0,0.0,-0.0,0.0,0.0,0.0,1.0,0.0,0,0.0,1.0,0.0,1,1
539.188,223.712,-133.469,-0.0,0.0,-0.0,0.0,-0.0,0.0,0.0,0.0,1.0,0.0,0,0.0,1.0,0.0,1,1
539.288,223.712,-133.469,-0.0,0.0,-0.0,0.0,-0.0,0.0,0.0,0.0,1.0,0.0,0,0.0,1.0,0.0,1,1
539.388,223.712,-133.469,-0.0,0.0,-0.0,0.0,-0.0,0.0,0.0,0.0,1.0,0.0,0,0.0,1.0,0.0,1,1
539.488,223.712,-133.469,-0.0,0.0,-0.0,0.0,-0.0,0.0,0.0,0.0,1.0,0.0,0,0.0,1.0,0.0,1,1
539.638,223.712,-133.469,-0.0,0.0,-0.0,0.0,-0.0,0.0,0.0,0.0,1.0,0.0,0,0.0,1.0,0.0,1,1
539.738,223.712,-133.469,-0.0,0.0,-0.0,0.0,-0.0,0.0,0.0,0.0,1.0,0.0,0,0.0,1.0,0.0,1,1
539.838,223.712,-133.469,-0.0,0.0,-0.0,0.0,-0.0,0.0,0.0,0.0,1.0,0.0,0,0.0,1.0,0.0,1,1
539.938,223.712,-133.469,-0.0,0.0,-0.0,0.0,-0.0,0.0,0.0,0.0,1.0,0.0,0,0.0,1.0,0.0,1,1
540.038,223.712,-133.469,-0.0,0.0,-0.0,0.0,-0.0,0.0,0.0,0.0,1.0,0.0,0,0.0,1.0,0.0,1,1
540.188,223.712,-133.469,-0.0,0.0,-0.0,0.0,-0.0,0.0,0.0,0.0,1.0,0.0,0,0.0,1.0,0.0,1,1
540.288,223.712,-133.469,-0.0,0.0,-0.0,0.0,-0.0,0.0,0.0,0.0,1.0,0.0,0,0.0,1.0,0.0,1,1
540.388,223.712,-133.469,-0.0,0.0,-0.0,0.0,-0.0,0.0,0.0,0.0,1.0,0.0,0,0.0,1.0,0.0,1,1
540.538,223.712,-133.469,-0.0,0.0,-0.0,0.0,-0.0,0.0,0.0,0.0,1.0,0.0,0,0.0,1.0,0.0,1,1
540.638,223.712,-133.469,-0.0,0.0,-0.0,0.0,-0.0,0.0,0.0,0.0,1.0,0.0,0,0.0,1.0,0.0,1,1
540.788,223.712,-133.469,-0.0,0.0,-0.0,0.0,-0.0,0.0,0.0,0.0,1.0,0.0,0,0.0,1.0,0.0,1,1
540.888,223.712,-133.469,-0.0,0.0,-0.0,0.0,-0.0,0.0,0.0,0.0,1.0,0.0,0,0.0,1.0,0.0,1,1
541.038,223.712,-133.469,-0.0,0.0,-0.0,0.0,-0.0,0.0,0.0,0.0,1.0,0.0,0,0.0,1.0,0.0,1,1
541.138,223.712,-133.469,-0.0,0.0,-0.0,0.0,-0.0,0.0,0.0,0.0,1.0,0.0,0,0.0,1.0,0.0,1,1
541.238,223.712,-133.469,-0.0,0.0,-0.0,0.0,-0.0,0.0,0.0,0.0,1.0,0.0,0,0.0,1.0,0.0,1,1
541.338,223.712,-133.469,-0.0,0.0,-0.0,0.0,-0.0,0.0,0.0,0.0,1.0,0.0,0,0.0,1.0,0.0,1,1
541.488,223.712,-133.469,-0.0,0.0,-0.0,0.0,-0.0,0.0,0.0,0.0,1.0,0.0,0,0.0,1.0,0.0,1,1
541.588,223.712,-133.469,-0.0,0.0,-0.0,0.0,-0.0,0.0,0.0,0.0,1.0,0.0,0,0.0,1.0,0.0,1,1
541.688,223.712,-133.469,-0.0,0.0,-0.0,0.0,-0.0,0.0,0.0,0.0,1.0,0.0,0,0.0,1.0,0.0,1,1
541.838,223.712,-133.469,-0.0,0.0,-0.0,0.0,-0.0,0.0,0.0,0.0,1.0,0.0,0,0.0,1.0,0.0,1,1
541.938,223.712,-133.469,-0.0,0.0,-0.0,0.0,-0.0,0.0,0.0,0.0,1.0,0.0,0,0.0,1.0,0.0,1,1
542.088,223.712,-133.469,-0.0,0.0,-0.0,0.0,-0.0,0.0,0.0,0.0,1.0,0.0,0,0.0,1.0,0.0,1,1
542.188,223.712,-133.469,-0.0,0.0,-0.0,0.0,-0.0,0.0,0.0,0.0,1.0,0.0,0,0.0,1.0,0.0,1,1
542.288,223.712,-133.469,-0.0,0.0,-0.0,0.0,-0.0,0.0,0.0,0.0,1.0,0.0,0,0.0,1.0,0.0,1,1
542.388,223.712,-133.469,-0.0,0.0,-0.0,0.0,-0.0,0.0,0.0,0.0,1.0,0.0,0,0.0,1.0,0.0,1,1
542.538,223.712,-133.469,-0.0,0.0,-0.0,0.0,-0.0,0.0,0.0,0.0,1.0,0.0,0,0.0,1.0,0.0,1,1
542.638,223.712,-133.469,-0.0,0.0,-0.0,0.0,-0.0,0.0,0.0,0.0,1.0,0.0,0,0.0,1.0,0.0,1,1
542.738,223.712,-133.469,-0.0,0.0,-0.0,0.0,-0.0,0.0,0.0,0.0,1.0,0.0,0,0.0,1.0,0.0,1,1
542.888,223.712,-133.469,-0.0,0.0,-0.0,0.0,-0.0,0.0,0.0,0.0,1.0,0.0,0,0.0,1.0,0.0,1,1
542.988,223.712,-133.469,-0.0,0.0,-0.0,0.0,-0.0,0.0,0.0,0.0,1.0,0.0,0,0.0,1.0,0.0,1,1
543.138,223.712,-133.469,-0.0,0.0,-0.0,0.0,-0.0,0.0,0.0,0.0,1.0,0.0,0,0.0,1.0,0.0,1,1
543.238,223.712,-133.469,-0.0,0.0,-0.0,0.0,-0.0,0.0,0.0,0.0,1.0,0.0,0,0.0,1.0,0.0,1,1
543.338,223.712,-133.469,-0.0,0.0,-0.0,0.0,-0.0,0.0,0.0,0.0,1.0,0.0,0,0.0,1.0,0.0,1,1
543.488,223.712,-133.469,-0.0,0.0,-0.0,0.0,-0.0,0.0,0.0,0.0,1.0,0.0,0,0.0,1.0,0.0,1,1
543.588,223.712,-133.469,-0.0,0.0,-0.0,0.0,-0.0,0.0,0.0,0.0,1.0,0.0,0,0.0,1.0,0.0,1,1
543.738,223.712,-133.469,-0.0,0.0,-0.0,0.0,-0.0,0.0,0.0,0.0,1.0,0.0,0,0.0,1.0,0.0,1,1
543.838,223.712,-133.469,-0.0,0.0,-0.0,0.0,-0.0,0.0,0.0,0.0,1.0,0.0,0,0.0,1.0,0.0,1,1
543.938,223.712,-133.469,-0.0,0.0,-0.0,0.0,-0.0,0.0,0.0,0.0,1.0,0.0,0,0.0,1.0,0.0,1,1
544.038,223.712,-133.469,-0.0,0.0,-0.0,0.0,-0.0,0.0,0.0,0.0,1.0,0.0,0,0.0,1.0,0.0,1,1
544.188,223.712,-133.469,-0.0,0.0,-0.0,0.0,-0.0,0.0,0.0,0.0,1.0,0.0,0,0.0,1.0,0.0,1,1
544.288,223.712,-133.469,-0.0,0.0,-0.0,0.0,-0.0,0.0,0.0,0.0,1.0,0.0,0,0.0,1.0,0.0,1,1
544.388,223.712,-133.469,-0.0,0.0,-0.0,0.0,-0.0,0.0,0.0,0.0,1.0,0.0,0,0.0,1.0,0.0,1,1
544.488,223.712,-133.469,-0.0,0.0,-0.0,0.0,-0.0,0.0,0.0,0.0,1.0,0.0,0,0.0,1.0,0.0,1,1
544.588,223.712,-133.469,-0.0,0.0,-0.0,0.0,-0.0,0.0,0.0,0.0,1.0,0.0,0,0.0,1.0,0.0,1,1
544.738,223.712,-133.469,-0.0,0.0,-0.0,0.0,-0.0,0.0,0.0,0.0,1.0,0.0,0,0.0,1.0,0.0,1,1
544.838,223.712,-133.469,-0.0,0.0,-0.0,0.0,-0.0,0.0,0.0,0.0,1.0,0.0,0,0.0,1.0,0.0,1,1
544.988,223.712,-133.469,-0.0,0.0,-0.0,0.0,-0.0,0.0,0.0,0.0,1.0,0.0,0,0.0,1.0,0.0,1,1
545.088,223.712,-133.469,-0.0,0.0,-0.0,0.0,-0.0,0.0,0.0,0.0,1.0,0.0,0,0.0,1.0,0.0,1,1
545.188,223.712,-133.469,-0.0,0.0,-0.0,0.0,-0.0,0.0,0.0,0.0,1.0,0.0,0,0.0,1.0,0.0,1,1
545.288,223.712,-133.469,-0.0,0.0,-0.0,0.0,-0.0,0.0,0.0,0.0,1.0,0.0,0,0.0,1.0,0.0,1,1
545.388,223.712,-133.469,-0.0,0.0,-0.0,0.0,-0.0,0.0,0.0,0.0,1.0,0.0,0,0.0,1.0,0.0,1,1
545.538,223.712,-133.469,-0.0,0.0,-0.0,0.0,-0.0,0.0,0.0,0.0,1.0,0.0,0,0.0,1.0,0.0,1,1
545.638,223.712,-133.469,-0.0,0.0,-0.0,0.0,-0.0,0.0,0.0,0.0,1.0,0.0,0,0.0,1.0,0.0,1,1
545.788,223.712,-133.469,-0.0,0.0,-0.0,0.0,-0.0,0.0,0.0,0.0,1.0,0.0,0,0.0,1.0,0.0,1,1
545.888,223.712,-133.469,-0.0,0.0,-0.0,0.0,-0.0,0.0,0.0,0.0,1.0,0.0,0,0.0,1.0,0.0,1,1
545.988,223.712,-133.469,-0.0,0.0,-0.0,0.0,-0.0,0.0,0.0,0.0,1.0,0.0,0,0.0,1.0,0.0,1,1
546.088,223.712,-133.469,-0.0,0.0,-0.0,0.0,-0.0,0.0,0.0,0.0,1.0,0.0,0,0.0,1.0,0.0,1,1
546.238,223.712,-133.469,-0.0,0.0,-0.0,0.0,-0.0,0.0,0.0,0.0,1.0,0.0,0,0.0,1.0,0.0,1,1
546.338,223.712,-133.469,-0.0,0.0,-0.0,0.0,-0.0,0.0,0.0,0.0,1.0,0.0,0,0.0,1.0,0.0,1,1
546.488,223.712,-133.469,-0.0,0.0,-0.0,0.0,-0.0,0.0,0.0,0.0,1.0,0.0,0,0.0,1.0,0.0,1,1
546.588,223.712,-133.469,-0.0,0.0,-0.0,0.0,-0.0,0.0,0.0,0.0,1.0,0.0,0,0.0,1.0,0.0,1,1
546.688,223.712,-133.469,-0.0,0.0,-0.0,0.0,-0.0,0.0,0.0,0.0,1.0,0.0,0,0.0,1.0,0.0,1,1
546.838,223.712,-133.469,-0.0,0.0,-0.0,0.0,-0.0,0.0,0.0,0.0,1.0,0.0,0,0.0,1.0,0.0,1,1
546.938,223.712,-133.469,-0.0,0.0,-0.0,0.0,-0.0,0.0,0.0,0.0,1.0,0.0,0,0.0,1.0,0.0,1,1
547.038,223.712,-133.469,-0.0,0.0,-0.0,0.0,-0.0,0.0,0.0,0.0,1.0,0.0,0,0.0,1.0,0.0,1,1
547.138,223.712,-133.469,-0.0,0.0,-0.0,0.0,-0.0,0.0,0.0,0.0,1.0,0.0,0,0.0,1.0,0.0,1,1
547.238,223.712,-133.469,-0.0,0.0,-0.0,0.0,-0.0,0.0,0.0,0.0,1.0,0.0,0,0.0,1.0,0.0,1,1
547.388,223.712,-133.469,-0.0,0.0,-0.0,0.0,-0.0,0.0,0.0,0.0,1.0,0.0,0,0.0,1.0,0.0,1,1
547.488,223.712,-133.469,-0.0,0.0,-0.0,0.0,-0.0,0.0,0.0,0.0,1.0,0.0,0,0.0,1.0,0.0,1,1
547.588,223.712,-133.469,-0.0,0.0,-0.0,0.0,-0.0,0.0,0.0,0.0,1.0,0.0,0,0.0,1.0,0.0,1,1
547.738,223.712,-133.469,-0.0,0.0,-0.0,0.0,-0.0,0.0,0.0,0.0,1.0,0.0,0,0.0,1.0,0.0,1,1
547.838,223.712,-133.469,-0.0,0.0,-0.0,0.0,-0.0,0.0,0.0,0.0,1.0,0.0,0,0.0,1.0,0.0,1,1
547.938,223.712,-133.469,-0.0,0.0,-0.0,0.0,-0.0,0.0,0.0,0.0,1.0,0.0,0,0.0,1.0,0.0,1,1
548.038,223.712,-133.469,-0.0,0.0,-0.0,0.0,-0.0,0.0,0.0,0.0,1.0,0.0,0,0.0,1.0,0.0,1,1
548.188,223.712,-133.469,-0.0,0.0,-0.0,0.0,-0.0,0.0,0.0,0.0,1.0,0.0,0,0.0,1.0,0.0,1,1
548.288,223.712,-133.469,-0.0,0.0,-0.0,0.0,-0.0,0.0,0.0,0.0,1.0,0.0,0,0.0,1.0,0.0,1,1
548.388,223.712,-133.469,-0.0,0.0,-0.0,0.0,-0.0,0.0,0.0,0.0,1.0,0.0,0,0.0,1.0,0.0,1,1
548.488,223.712,-133.469,-0.0,0.0,-0.0,0.0,-0.0,0.0,0.0,0.0,1.0,0.0,0,0.0,1.0,0.0,1,1
548.638,223.712,-133.469,-0.0,0.0,-0.0,0.0,-0.0,0.0,0.0,0.0,1.0,0.0,0,0.0,1.0,0.0,1,1
548.738,223.712,-133.469,-0.0,0.0,-0.0,0.0,-0.0,0.0,0.0,0.0,1.0,0.0,0,0.0,1.0,0.0,1,1
548.838,223.712,-133.469,-0.0,0.0,-0.0,0.0,-0.0,0.0,0.0,0.0,1.0,0.0,0,0.0,1.0,0.0,1,1
548.938,223.712,-133.469,-0.0,0.0,-0.0,0.0,-0.0,0.0,0.0,0.0,1.0,0.0,0,0.0,1.0,0.0,1,1
549.038,223.712,-133.469,-0.0,0.0,-0.0,0.0,-0.0,0.0,0.0,0.0,1.0,0.0,0,0.0,1.0,0.0,1,1
549.188,223.712,-133.469,-0.0,0.0,-0.0,0.0,-0.0,0.0,0.0,0.0,1.0,0.0,0,0.0,1.0,0.0,1,1
549.288,223.712,-133.469,-0.0,0.0,-0.0,0.0,-0.0,0.0,0.0,0.0,1.0,0.0,0,0.0,1.0,0.0,1,1
549.388,223.712,-133.469,-0.0,0.0,-0.0,0.0,-0.0,0.0,0.0,0.0,1.0,0.0,0,0.0,1.0,0.0,1,1
549.538,223.712,-133.469,-0.0,0.0,-0.0,0.0,-0.0,0.0,0.0,0.0,1.0,0.0,0,0.0,1.0,0.0,1,1
549.638,223.712,-133.469,-0.0,0.0,-0.0,0.0,-0.0,0.0,0.0,0.0,1.0,0.0,0,0.0,1.0,0.0,1,1
549.788,223.712,-133.469,-0.0,0.0,-0.0,0.0,-0.0,0.0,0.0,0.0,1.0,0.0,0,0.0,1.0,0.0,1,1
549.888,223.712,-133.469,-0.0,0.0,-0.0,0.0,-0.0,0.0,0.0,0.0,1.0,0.0,0,0.0,1.0,0.0,1,1
549.988,223.712,-133.469,-0.0,0.0,-0.0,0.0,-0.0,0.0,0.0,0.0,1.0,0.0,0,0.0,1.0,0.0,1,1
550.138,223.712,-133.469,-0.0,0.0,-0.0,0.0,-0.0,0.0,0.0,0.0,1.0,0.0,0,0.0,1.0,0.0,1,1
550.238,223.712,-133.469,-0.0,0.0,-0.0,0.0,-0.0,0.0,0.0,0.0,1.0,0.0,0,0.0,1.0,0.0,1,1
550.338,223.712,-133.469,-0.0,0.0,-0.0,0.0,-0.0,0.0,0.0,0.0,1.0,0.0,0,0.0,1.0,0.0,1,1
550.438,223.712,-133.469,-0.0,0.0,-0.0,0.0,-0.0,0.0,0.0,0.0,1.0,0.0,0,0.0,1.0,0.0,1,1
550.588,223.712,-133.469,-0.0,0.0,-0.0,0.0,-0.0,0.0,0.0,0.0,1.0,0.0,0,0.0,1.0,0.0,1,1
550.688,223.712,-133.469,-0.0,0.0,-0.0,0.0,-0.0,0.0,0.0,0.0,1.0,0.0,0,0.0,1.0,0.0,1,1
550.788,223.712,-133.469,-0.0,0.0,-0.0,0.0,-0.0,0.0,0.0,0.0,1.0,0.0,0,0.0,1.0,0.0,1,1
550.888,223.712,-133.469,-0.0,0.0,-0.0,0.0,-0.0,0.0,0.0,0.0,1.0,0.0,0,0.0,1.0,0.0,1,1
551.038,223.712,-133.469,-0.0,0.0,-0.0,0.0,-0.0,0.0,0.0,0.0,1.0,0.0,0,0.0,1.0,0.0,1,1
551.138,223.712,-133.469,-0.0,0.0,-0.0,0.0,-0.0,0.0,0.0,0.0,1.0,0.0,0,0.0,1.0,0.0,1,1
551.238,223.712,-133.469,-0.0,0.0,-0.0,0.0,-0.0,0.0,0.0,0.0,1.0,0.0,0,0.0,1.0,0.0,1,1
551.338,223.712,-133.469,-0.0,0.0,-0.0,0.0,-0.0,0.0,0.0,0.0,1.0,0.0,0,0.0,1.0,0.0,1,1
551.438,223.712,-133.469,-0.0,0.0,-0.0,0.0,-0.0,0.0,0.0,0.0,1.0,0.0,0,0.0,1.0,0.0,1,1
551.538,223.712,-133.469,-0.0,0.0,-0.0,0.0,-0.0,0.0,0.0,0.0,1.0,0.0,0,0.0,1.0,0.0,1,1
551.688,223.712,-133.469,-0.0,0.0,-0.0,0.0,-0.0,0.0,0.0,0.0,1.0,0.0,0,0.0,1.0,0.0,1,1
551.788,223.712,-133.469,-0.0,0.0,-0.0,0.0,-0.0,0.0,0.0,0.0,1.0,0.0,0,0.0,1.0,0.0,1,1
551.888,223.712,-133.469,-0.0,0.0,-0.0,0.0,-0.0,0.0,0.0,0.0,1.0,0.0,0,0.0,1.0,0.0,1,1
552.038,223.712,-133.469,-0.0,0.0,-0.0,0.0,-0.0,0.0,0.0,0.0,1.0,0.0,0,0.0,1.0,0.0,1,1
552.138,223.712,-133.469,-0.0,0.0,-0.0,0.0,-0.0,0.0,0.0,0.0,1.0,0.0,0,0.0,1.0,0.0,1,1
552.238,223.712,-133.469,-0.0,0.0,-0.0,0.0,-0.0,0.0,0.0,0.0,1.0,0.0,0,0.0,1.0,0.0,1,1
552.338,223.712,-133.469,-0.0,0.0,-0.0,0.0,-0.0,0.0,0.0,0.0,1.0,0.0,0,0.0,1.0,0.0,1,1
552.488,223.712,-133.469,-0.0,0.0,-0.0,0.0,-0.0,0.0,0.0,0.0,1.0,0.0,0,0.0,1.0,0.0,1,1
552.588,223.712,-133.469,-0.0,0.0,-0.0,0.0,-0.0,0.0,0.0,0.0,1.0,0.0,0,0.0,1.0,0.0,1,1
552.688,223.712,-133.469,-0.0,0.0,-0.0,0.0,-0.0,0.0,0.0,0.0,1.0,0.0,0,0.0,1.0,0.0,1,1
552.788,223.712,-133.469,-0.0,0.0,-0.0,0.0,-0.0,0.0,0.0,0.0,1.0,0.0,0,0.0,1.0,0.0,1,1
552.938,223.712,-133.469,-0.0,0.0,-0.0,0.0,-0.0,0.0,0.0,0.0,1.0,0.0,0,0.0,1.0,0.0,1,1
553.038,223.712,-133.469,-0.0,0.0,-0.0,0.0,-0.0,0.0,0.0,0.0,1.0,0.0,0,0.0,1.0,0.0,1,1
553.138,223.712,-133.469,-0.0,0.0,-0.0,0.0,-0.0,0.0,0.0,0.0,1.0,0.0,0,0.0,1.0,0.0,1,1
553.238,223.712,-133.469,-0.0,0.0,-0.0,0.0,-0.0,0.0,0.0,0.0,1.0,0.0,0,0.0,1.0,0.0,1,1
553.338,223.712,-133.469,-0.0,0.0,-0.0,0.0,-0.0,0.0,0.0,0.0,1.0,0.0,0,0.0,1.0,0.0,1,1
553.438,223.712,-133.469,-0.0,0.0,-0.0,0.0,-0.0,0.0,0.0,0.0,1.0,0.0,0,0.0,1.0,0.0,1,1
553.588,223.712,-133.469,-0.0,0.0,-0.0,0.0,-0.0,0.0,0.0,0.0,1.0,0.0,0,0.0,1.0,0.0,1,1
553.688,223.712,-133.469,-0.0,0.0,-0.0,0.0,-0.0,0.0,0.0,0.0,1.0,0.0,0,0.0,1.0,0.0,1,1
553.788,223.712,-133.469,-0.0,0.0,-0.0,0.0,-0.0,0.0,0.0,0.0,1.0,0.0,0,0.0,1.0,0.0,1,1
553.888,223.712,-133.469,-0.0,0.0,-0.0,0.0,-0.0,0.0,0.0,0.0,1.0,0.0,0,0.0,1.0,0.0,1,1
554.038,223.712,-133.469,-0.0,0.0,-0.0,0.0,-0.0,0.0,0.0,0.0,1.0,0.0,0,0.0,1.0,0.0,1,1
554.138,223.712,-133.469,-0.0,0.0,-0.0,0.0,-0.0,0.0,0.0,0.0,1.0,0.0,0,0.0,1.0,0.0,1,1
554.288,223.712,-133.469,-0.0,0.0,-0.0,0.0,-0.0,0.0,0.0,0.0,1.0,0.0,0,0.0,1.0,0.0,1,1
554.388,223.712,-133.469,-0.0,0.0,-0.0,0.0,-0.0,0.0,0.0,0.0,1.0,0.0,0,0.0,1.0,0.0,1,1
554.488,223.712,-133.469,-0.0,0.0,-0.0,0.0,-0.0,0.0,0.0,0.0,1.0,0.0,0,0.0,1.0,0.0,1,1
554.638,223.712,-133.469,-0.0,0.0,-0.0,0.0,-0.0,0.0,0.0,0.0,1.0,0.0,0,0.0,1.0,0.0,1,1
554.738,223.712,-133.469,-0.0,0.0,-0.0,0.0,-0.0,0.0,0.0,0.0,1.0,0.0,0,0.0,1.0,0.0,1,1
554.888,223.712,-133.469,-0.0,0.0,-0.0,0.0,-0.0,0.0,0.0,0.0,1.0,0.0,0,0.0,1.0,0.0,1,1
554.988,223.712,-133.469,-0.0,0.0,-0.0,0.0,-0.0,0.0,0.0,0.0,1.0,0.0,0,0.0,1.0,0.0,1,1
555.088,223.712,-133.469,-0.0,0.0,-0.0,0.0,-0.0,0.0,0.0,0.0,1.0,0.0,0,0.0,1.0,0.0,1,1
555.238,223.712,-133.469,-0.0,0.0,-0.0,0.0,-0.0,0.0,0.0,0.0,1.0,0.0,0,0.0,1.0,0.0,1,1
555.338,223.712,-133.469,-0.0,0.0,-0.0,0.0,-0.0,0.0,0.0,0.0,1.0,0.0,0,0.0,1.0,0.0,1,1
555.438,223.712,-133.469,-0.0,0.0,-0.0,0.0,-0.0,0.0,0.0,0.0,1.0,0.0,0,0.0,1.0,0.0,1,1
555.538,223.712,-133.469,-0.0,0.0,-0.0,0.0,-0.0,0.0,0.0,0.0,1.0,0.0,0,0.0,1.0,0.0,1,1
555.688,223.712,-133.469,-0.0,0.0,-0.0,0.0,-0.0,0.0,0.0,0.0,1.0,0.0,0,0.0,1.0,0.0,1,1
555.788,223.712,-133.469,-0.0,0.0,-0.0,0.0,-0.0,0.0,0.0,0.0,1.0,0.0,0,0.0,1.0,0.0,1,1
555.938,223.712,-133.469,-0.0,0.0,-0.0,0.0,-0.0,0.0,0.0,0.0,1.0,0.0,0,0.0,1.0,0.0,1,1
556.038,223.712,-133.469,-0.0,0.0,-0.0,0.0,-0.0,0.0,0.0,0.0,1.0,0.0,0,0.0,1.0,0.0,1,1
556.138,223.712,-133.469,-0.0,0.0,-0.0,0.0,-0.0,0.0,0.0,0.0,1.0,0.0,0,0.0,1.0,0.0,1,1
556.238,223.712,-133.469,-0.0,0.0,-0.0,0.0,-0.0,0.0,0.0,0.0,1.0,0.0,0,0.0,1.0,0.0,1,1
556.388,223.712,-133.469,-0.0,0.0,-0.0,0.0,-0.0,0.0,0.0,0.0,1.0,0.0,0,0.0,1.0,0.0,1,1
556.488,223.712,-133.469,-0.0,0.0,-0.0,0.0,-0.0,0.0,0.0,0.0,1.0,0.0,0,0.0,1.0,0.0,1,1
556.588,223.712,-133.469,-0.0,0.0,-0.0,0.0,-0.0,0.0,0.0,0.0,1.0,0.0,0,0.0,1.0,0.0,1,1
556.738,223.712,-133.469,-0.0,0.0,-0.0,0.0,-0.0,0.0,0.0,0.0,1.0,0.0,0,0.0,1.0,0.0,1,1
556.838,223.712,-133.469,-0.0,0.0,-0.0,0.0,-0.0,0.0,0.0,0.0,1.0,0.0,0,0.0,1.0,0.0,1,1
556.988,223.712,-133.469,-0.0,0.0,-0.0,0.0,-0.0,0.0,0.0,0.0,1.0,0.0,0,0.0,1.0,0.0,1,1
557.088,223.712,-133.469,-0.0,0.0,-0.0,0.0,-0.0,0.0,0.0,0.0,1.0,0.0,0,0.0,1.0,0.0,1,1
557.238,223.712,-133.469,-0.0,0.0,-0.0,0.0,-0.0,0.0,0.0,0.0,1.0,0.0,0,0.0,1.0,0.0,1,1
557.338,223.712,-133.469,-0.0,0.0,-0.0,0.0,-0.0,0.0,0.0,0.0,1.0,0.0,0,0.0,1.0,0.0,1,1
557.438,223.712,-133.469,-0.0,0.0,-0.0,0.0,-0.0,0.0,0.0,0.0,1.0,0.0,0,0.0,1.0,0.0,1,1
557.538,223.712,-133.469,-0.0,0.0,-0.0,0.0,-0.0,0.0,0.0,0.0,1.0,0.0,0,0.0,1.0,0.0,1,1
557.638,223.712,-133.469,-0.0,0.0,-0.0,0.0,-0.0,0.0,0.0,0.0,1.0,0.0,0,0.0,1.0,0.0,1,1
557.788,223.712,-133.469,-0.0,0.0,-0.0,0.0,-0.0,0.0,0.0,0.0,1.0,0.0,0,0.0,1.0,0.0,1,1
557.888,223.712,-133.469,-0.0,0.0,-0.0,0.0,-0.0,0.0,0.0,0.0,1.0,0.0,0,0.0,1.0,0.0,1,1
557.988,223.712,-133.469,-0.0,0.0,-0.0,0.0,-0.0,0.0,0.0,0.0,1.0,0.0,0,0.0,1.0,0.0,1,1
558.138,223.712,-133.469,-0.0,0.0,-0.0,0.0,-0.0,0.0,0.0,0.0,1.0,0.0,0,0.0,1.0,0.0,1,1
558.238,223.712,-133.469,-0.0,0.0,-0.0,0.0,-0.0,0.0,0.0,0.0,1.0,0.0,0,0.0,1.0,0.0,1,1
558.338,223.712,-133.469,-0.0,0.0,-0.0,0.0,-0.0,0.0,0.0,0.0,1.0,0.0,0,0.0,1.0,0.0,1,1
558.438,223.712,-133.469,-0.0,0.0,-0.0,0.0,-0.0,0.0,0.0,0.0,1.0,0.0,0,0.0,1.0,0.0,1,1
558.538,223.712,-133.469,-0.0,0.0,-0.0,0.0,-0.0,0.0,0.0,0.0,1.0,0.0,0,0.0,1.0,0.0,1,1
558.688,223.712,-133.469,-0.0,0.0,-0.0,0.0,-0.0,0.0,0.0,0.0,1.0,0.0,0,0.0,1.0,0.0,1,1
558.788,223.712,-133.469,-0.0,0.0,-0.0,0.0,-0.0,0.0,0.0,0.0,1.0,0.0,0,0.0,1.0,0.0,1,1
558.888,223.712,-133.469,-0.0,0.0,-0.0,0.0,-0.0,0.0,0.0,0.0,1.0,0.0,0,0.0,1.0,0.0,1,1
558.988,223.712,-133.469,-0.0,0.0,-0.0,0.0,-0.0,0.0,0.0,0.0,1.0,0.0,0,0.0,1.0,0.0,1,1
559.138,223.712,-133.469,-0.0,0.0,-0.0,0.0,-0.0,0.0,0.0,0.0,1.0,0.0,0,0.0,1.0,0.0,1,1
559.238,223.712,-133.469,-0.0,0.0,-0.0,0.0,-0.0,0.0,0.0,0.0,1.0,0.0,0,0.0,1.0,0.0,1,1
559.338,223.712,-133.469,-0.0,0.0,-0.0,0.0,-0.0,0.0,0.0,0.0,1.0,0.0,0,0.0,1.0,0.0,1,1
559.488,223.712,-133.469,-0.0,0.0,-0.0,0.0,-0.0,0.0,0.0,0.0,1.0,0.0,0,0.0,1.0,0.0,1,1
559.588,223.712,-133.469,-0.0,0.0,-0.0,0.0,-0.0,0.0,0.0,0.0,1.0,0.0,0,0.0,1.0,0.0,1,1
559.688,223.712,-133.469,-0.0,0.0,-0.0,0.0,-0.0,0.0,0.0,0.0,1.0,0.0,0,0.0,1.0,0.0,1,1
559.788,223.712,-133.469,-0.0,0.0,-0.0,0.0,-0.0,0.0,0.0,0.0,1.0,0.0,0,0.0,1.0,0.0,1,1
559.938,223.712,-133.469,-0.0,0.0,-0.0,0.0,-0.0,0.0,0.0,0.0,1.0,0.0,0,0.0,1.0,0.0,1,1
560.038,223.712,-133.469,-0.0,0.0,-0.0,0.0,-0.0,0.0,0.0,0.0,1.0,0.0,0,0.0,1.0,0.0,1,1
560.138,223.712,-133.469,-0.0,0.0,-0.0,0.0,-0.0,0.0,0.0,0.0,1.0,0.0,0,0.0,1.0,0.0,1,1
560.288,223.712,-133.469,-0.0,0.0,-0.0,0.0,-0.0,0.0,0.0,0.0,1.0,0.0,0,0.0,1.0,0.0,1,1
560.388,223.712,-133.469,-0.0,0.0,-0.0,0.0,-0.0,0.0,0.0,0.0,1.0,0.0,0,0.0,1.0,0.0,1,1
560.488,223.712,-133.469,-0.0,0.0,-0.0,0.0,-0.0,0.0,0.0,0.0,1.0,0.0,0,0.0,1.0,0.0,1,1
560.588,223.712,-133.469,-0.0,0.0,-0.0,0.0,-0.0,0.0,-0.004,1.0,0.0,0.0,0,1.0,0.0,1.0,1,1
560.738,223.714,-133.469,-0.0,0.014,-0.0,-0.014,0.0,-0.0,-0.278,1.0,0.0,0.0,0,1.0,0.0,0.0,1,1
560.838,223.718,-133.469,-0.0,0.081,0.002,0.081,0.008,-0.006,2.3,1.0,0.0,0.0,0,1.0,0.0,0.0,1,1
560.938,223.743,-133.469,-0.0,0.424,0.0,0.424,-0.008,-0.01,4.101,1.0,0.0,0.0,0,1.0,0.0,0.0,1,0
561.038,223.809,-133.469,0.001,0.893,0.001,0.893,0.003,-0.011,4.557,1.0,0.0,0.001,0,1.0,0.0,0.001,1,0
561.188,224.007,-133.469,0.001,1.735,-0.001,1.735,0.01,-0.002,6.51,1.0,0.0,0.002,0,1.0,0.0,0.001,1,0
561.288,224.214,-133.469,0.001,2.345,-0.002,2.345,-0.003,-0.016,7.194,1.0,0.0,0.002,0,1.0,0.0,0.002,1,0
561.388,224.49,-133.469,0.001,3.135,-0.003,3.135,-0.002,-0.011,8.238,1.0,0.0,0.001,0,1.0,0.0,0.002,1,0
561.488,224.849,-133.469,0.001,3.932,-0.003,3.932,-0.002,-0.01,7.434,1.0,0.0,0.001,0,1.0,0.0,0.001,1,0
561.638,225.527,-133.469,0.001,5.029,-0.003,5.029,-0.002,-0.01,7.224,1.0,0.0,0.001,0,1.0,0.0,0.001,1,0
561.738,226.068,-133.469,0.0,5.627,-0.003,5.627,-0.002,-0.008,0.401,1.0,0.0,0.001,0,1.0,0.0,0.001,1,0
561.838,226.634,-133.469,0.0,5.755,-0.002,5.755,-0.002,-0.007,-0.436,1.0,0.0,0.001,0,1.0,0.0,0.001,0,0
561.938,227.206,-133.469,0.0,5.73,-0.002,5.73,-0.001,-0.009,10.226,1.0,0.0,0.001,0,1.0,0.0,0.001,0,0
562.038,227.837,-133.469,-0.0,6.902,-0.002,6.902,-0.001,-0.008,11.207,1.0,0.0,0.0,0,1.0,0.0,0.0,2,0
562.188,229.0,-133.47,-0.0,8.392,-0.001,8.392,-0.001,-0.006,8.82,1.0,0.0,0.0,0,1.0,0.0,0.0,2,0
562.288,229.88,-133.47,-0.0,9.054,-0.001,9.054,-0.001,-0.003,-3.449,1.0,0.0,0.0,0,1.0,0.0,0.0,0,0
562.388,230.775,-133.471,-0.0,9.068,-0.0,9.068,-0.001,-0.003,9.859,1.0,0.0,0.0,0,1.0,0.0,0.0,3,0
562.488,231.735,-133.471,-0.001,9.977,-0.0,9.977,-0.0,-0.002,7.341,1.0,0.0,0.0,0,1.0,0.0,0.0,3,0
562.638,233.316,-133.472,-0.001,10.99,-0.0,10.99,-0.0,-0.001,6.24,1.0,0.0,0.0,0,1.0,0.0,0.0,3,0
562.738,234.448,-133.473,-0.001,11.575,0.0,11.575,-0.0,0.0,5.617,1.0,0.0,-0.0,0,1.0,0.0,-0.0,3,0
562.838,235.636,-133.473,-0.001,12.132,0.0,12.132,0.0,0.001,5.475,1.0,0.0,-0.0,0,1.0,0.0,-0.0,3,0
562.938,236.879,-133.474,-0.001,12.678,0.0,12.678,0.0,0.001,1.116,1.0,0.0,-0.0,0,1.0,0.0,-0.0,3,0
563.088,238.787,-133.475,-0.001,12.899,0.0,12.899,0.0,0.001,4.817,1.0,0.0,-0.0,0,1.0,0.0,-0.0,0,0
563.188,240.109,-133.476,-0.001,13.464,0.0,13.464,0.0,0.001,5.101,1.0,0.0,-0.0,0,1.0,0.0,-0.0,4,0
563.288,241.483,-133.477,-0.001,13.963,0.0,13.963,0.0,0.001,4.748,1.0,0.0,-0.0,0,1.0,0.0,-0.0,4,0
563.438,243.634,-133.478,-0.001,14.663,0.0,14.663,0.0,0.001,4.592,1.0,0.0,-0.0,0,1.0,0.0,-0.0,4,0
563.538,245.126,-133.479,-0.001,15.117,0.0,15.117,0.0,0.001,4.508,1.0,0.0,-0.0,0,1.0,0.0,-0.0,4,0
563.688,247.447,-133.48,-0.0,15.792,-0.0,15.792,0.0,0.001,4.491,1.0,0.0,-0.0,0,1.0,0.0,-0.0,4,0
563.788,249.049,-133.48,-0.0,16.141,-0.0,16.141,0.0,0.001,-0.41,0.982,0.0,-0.0,0,0.89,0.0,-0.0,0,0
563.888,250.661,-133.481,-0.0,16.192,-0.0,16.192,0.0,0.001,4.948,1.0,0.0,-0.0,0,1.0,0.0,-0.0,5,0
564.038,253.147,-133.482,-0.0,16.862,-0.0,16.862,0.0,0.001,3.951,0.407,0.0,-0.0,0,0.534,0.0,-0.0,5,0
564.138,254.847,-133.483,-0.0,17.081,-0.0,17.081,0.0,0.001,0.79,0.296,0.0,-0.0,0,0.283,0.0,-0.0,5,0
564.238,256.558,-133.484,-0.0,17.134,-0.0,17.134,0.0,0.0,-0.016,0.313,0.0,-0.0,0,0.311,0.0,-0.0,5,0
564.338,258.271,-133.485,-0.0,17.125,-0.0,17.125,0.0,0.0,-0.286,0.294,0.0,-0.0,0,0.306,0.0,-0.0,5,0
564.488,260.835,-133.486,-0.0,17.07,-0.0,17.07,0.0,0.0,-0.51,0.265,0.0,-0.0,0,0.272,0.0,-0.0,5,0
564.588,262.539,-133.487,-0.0,17.016,-0.0,17.016,0.0,0.0,-0.608,0.263,0.0,-0.0,0,0.262,0.0,-0.0,5,0
564.738,265.084,-133.488,-0.0,16.921,-0.0,16.921,0.0,0.0,-0.649,0.277,0.0,-0.0,0,0.27,0.0,-0.0,5,0
564.838,266.772,-133.489,-0.0,16.857,-0.0,16.857,0.0,0.0,-0.617,0.293,0.0,-0.0,0,0.284,0.0,-0.0,5,0
564.988,269.294,-133.49,-0.0,16.769,-0.0,16.769,0.0,0.0,-0.515,0.321,0.0,-0.0,0,0.311,0.0,-0.0,5,0
565.088,270.968,-133.491,-0.0,16.719,-0.0,16.719,0.0,0.0,-0.427,0.341,0.0,-0.0,0,0.331,0.0,-0.0,5,0
565.238,273.471,-133.492,-0.0,16.662,-0.0,16.662,0.0,0.0,-0.333,0.359,0.0,-0.0,0,0.35,0.0,-0.0,5,0
565.338,275.136,-133.493,-0.0,16.636,-0.0,16.636,0.0,0.0,-0.197,0.382,0.0,-0.0,0,0.375,0.0,-0.0,5,0
565.438,276.798,-133.493,-0.0,16.619,-0.0,16.619,0.0,0.0,-0.117,0.393,0.0,-0.0,0,0.388,0.0,-0.0,5,0
565.588,279.29,-133.495,-0.0,16.606,-0.0,16.606,0.0,0.0,-0.05,0.406,0.0,-0.0,0,0.398,0.0,-0.0,5,0
565.688,280.95,-133.495,-0.0,16.605,-0.0,16.605,0.0,0.0,0.025,0.41,0.0,-0.0,0,0.408,0.0,-0.0,5,0
565.788,282.611,-133.496,-0.0,16.609,-0.0,16.609,0.0,0.0,0.058,0.413,0.0,0.0,0,0.412,0.0,0.0,5,0
565.938,285.103,-133.497,-0.0,16.619,-0.0,16.619,-0.0,-0.0,0.085,0.413,0.0,0.0,0,0.414,0.0,0.0,5,0
566.038,286.766,-133.498,-0.0,16.628,-0.0,16.628,-0.0,-0.001,0.09,0.412,0.0,0.0,0,0.413,0.0,0.0,5,0
566.188,289.261,-133.499,-0.0,16.641,0.0,16.641,-0.0,-0.0,0.088,0.409,0.0,0.0,0,0.411,0.0,0.0,5,0
566.288,290.925,-133.5,-0.0,16.649,0.0,16.649,-0.0,-0.0,0.075,0.406,0.0,-0.0,0,0.408,0.0,-0.0,5,0
566.388,292.591,-133.5,-0.0,16.657,0.0,16.657,0.0,-0.0,0.07,0.405,0.0,-0.0,0,0.406,0.0,-0.0,5,0
566.488,294.257,-133.501,-0.0,16.663,0.0,16.663,0.0,0.0,0.057,0.403,0.0,-0.0,0,0.404,0.0,-0.0,5,0
566.588,295.923,-133.502,-0.0,16.657,0.0,16.657,0.0,0.0,-0.785,0.0,0.0,-0.0,0,0.0,0.0,-0.0,5,0
566.688,297.584,-133.503,-0.0,16.558,-0.0,16.558,0.0,0.001,-1.437,0.0,0.0,-0.0,0,0.0,0.0,-0.0,5,0
566.838,300.058,-133.504,-0.0,16.478,-0.0,16.478,0.0,0.0,-0.186,0.0,0.0,-0.0,0,0.0,0.0,-0.0,0,0
566.938,301.684,-133.504,-0.0,16.078,-0.0,16.078,0.0,0.0,-3.469,0.0,0.0,0.0,0,0.0,0.0,0.0,4,0
567.088,304.055,-133.505,-0.0,15.599,-0.0,15.599,-0.0,-0.0,-2.822,0.0,0.0,0.0,0,0.0,0.0,0.0,4,0
567.188,305.599,-133.506,-0.0,15.321,-0.0,15.321,-0.0,-0.0,-2.669,0.0,0.0,0.0,0,0.0,0.0,0.0,4,0
567.338,307.866,-133.507,-0.0,14.927,-0.0,14.927,-0.0,-0.0,-2.554,0.0,0.0,0.0,0,0.0,0.0,0.0,4,0
567.438,309.345,-133.508,-0.0,14.673,0.0,14.673,-0.0,-0.0,-2.503,0.0,0.0,-0.0,0,0.0,0.0,0.0,4,0
567.588,311.516,-133.509,-0.0,14.301,0.0,14.301,0.0,0.001,-2.436,0.0,0.0,-0.0,0,0.0,0.0,-0.0,4,0
567.688,312.932,-133.509,-0.0,14.058,0.0,14.058,0.0,0.0,-2.395,0.0,0.0,0.0,0,0.0,0.0,-0.0,4,0
567.838,315.013,-133.51,-0.0,13.702,-0.0,13.702,-0.0,-0.0,-2.335,0.0,0.0,0.0,0,0.0,0.0,0.0,4,0
567.988,317.04,-133.511,-0.0,13.355,-0.0,13.355,-0.0,-0.001,-2.296,0.0,0.0,0.0,0,0.0,0.0,0.0,4,0
568.088,318.372,-133.512,-0.0,13.289,-0.0,13.289,-0.0,-0.001,-2.066,0.0,0.0,0.0,0,0.0,0.0,0.0,0,0
568.238,320.325,-133.513,-0.0,12.695,-0.0,12.695,-0.0,-0.0,-3.977,0.0,0.0,0.0,0,0.0,0.0,0.0,3,0
568.338,321.573,-133.513,-0.0,12.319,-0.0,12.319,-0.0,-0.0,-3.447,0.0,0.0,-0.0,0,0.0,0.0,0.0,3,0
568.488,323.381,-133.514,-0.0,11.833,0.0,11.833,0.0,0.0,-2.909,0.0,0.0,-0.001,0,0.0,0.0,-0.0,3,0
568.638,325.121,-133.515,-0.0,11.39,0.002,11.39,0.003,0.955,-3.055,0.0,0.0,-0.023,0,0.0,0.0,-0.02,3,0
568.788,326.794,-133.501,0.009,10.947,0.114,10.947,0.134,2.462,-3.086,0.0,0.0,-0.066,0,0.0,0.0,-0.062,3,0
568.888,327.872,-133.464,0.03,10.65,0.219,10.648,0.283,4.26,-1.861,0.0,0.0,-0.121,0,0.0,0.0,-0.121,3,0
569.038,329.449,-133.333,0.088,10.402,0.325,10.397,0.485,6.085,-3.261,0.0,0.0,-0.177,0,0.0,0.0,-0.178,0,0
569.138,330.424,-133.184,0.142,9.505,0.438,9.495,0.613,6.611,-7.099,0.0,0.0,-0.286,0,0.0,0.0,-0.232,2,0
569.288,331.73,-132.854,0.249,8.603,0.544,8.586,0.794,6.171,-5.321,0.0,0.0,-0.307,0,0.0,0.0,-0.264,2,0
569.388,332.512,-132.569,0.325,8.117,0.581,8.096,0.813,6.311,-5.095,0.0,0.0,-0.277,0,0.0,0.0,-0.293,2,0
569.538,333.557,-132.059,0.439,7.464,0.62,7.438,0.718,5.23,-4.549,0.0,0.0,-0.283,0,0.0,0.0,-0.299,2,0
569.688,334.459,-131.477,0.547,7.011,0.643,6.982,0.758,5.177,-0.965,0.0,0.0,-0.285,0,0.0,0.0,-0.302,0,0
569.788,335.001,-131.048,0.617,6.644,0.626,6.615,0.696,4.795,-10.393,0.0,0.0,-0.303,0,0.0,0.0,-0.32,1,0
569.938,335.644,-130.431,0.71,5.545,0.592,5.513,0.554,1.762,-4.544,0.0,0.0,-0.305,0,0.0,0.0,-0.268,1,0
570.038,336.001,-130.039,0.762,5.114,0.545,5.085,0.513,2.557,-5.455,0.0,0.0,-0.278,0,0.0,0.0,-0.292,1,0
570.188,336.434,-129.487,0.831,4.324,0.542,4.29,0.404,2.582,-3.51,0.784,0.0,-0.292,0,0.651,0.0,-0.304,1,0
570.288,336.666,-129.139,0.874,4.142,0.585,4.1,0.424,1.571,1.568,0.768,0.0,-0.267,0,0.925,0.0,-0.28,1,0
570.438,337.002,-128.58,0.936,4.581,0.56,4.547,0.41,1.639,3.348,0.737,0.0,-0.241,0,0.586,0.0,-0.254,1,0
570.538,337.23,-128.162,0.978,4.89,0.607,4.852,0.461,2.454,1.644,0.409,0.0,-0.261,0,0.405,0.0,-0.274,1,0
570.688,337.553,-127.482,1.046,5.103,0.578,5.07,0.437,1.776,0.799,0.582,0.0,-0.278,0,0.47,0.0,-0.247,1,0
570.788,337.746,-127.013,1.093,5.121,0.602,5.085,0.495,1.642,0.642,0.585,0.0,-0.239,0,0.927,0.0,-0.253,1,0
570.888,337.922,-126.534,1.137,5.104,0.539,5.075,0.446,1.777,-1.308,0.971,0.0,-0.254,0,0.692,0.0,-0.267,1,0
571.038,338.147,-125.81,1.205,5.119,0.506,5.094,0.427,2.882,6.541,0.843,0.0,-0.213,0,1.0,0.0,-0.227,1,0
571.138,338.282,-125.281,1.249,5.691,0.509,5.668,0.47,1.492,-0.046,0.165,0.0,-0.204,0,0.13,0.0,-0.199,0,0
571.288,338.466,-124.437,1.31,6.162,0.472,6.144,0.418,2.807,9.026,0.0,0.0,-0.168,0,0.612,0.0,-0.18,2,0
571.388,338.579,-123.782,1.351,6.877,0.455,6.862,0.361,2.099,0.834,0.0,0.0,-0.154,0,0.0,0.0,-0.166,2,0
571.538,338.719,-122.757,1.409,6.854,0.344,6.846,0.401,1.825,-1.844,0.0,0.0,-0.126,0,0.0,0.0,-0.138,2,0
571.638,338.787,-122.087,1.442,6.657,0.291,6.651,0.359,1.44,-2.532,0.0,0.0,-0.109,0,0.0,0.0,-0.117,2,0
571.738,338.836,-121.437,1.471,6.399,0.244,6.394,0.31,1.154,-2.552,0.0,0.0,-0.091,0,0.0,0.0,-0.1,2,0
571.888,338.884,-120.495,1.504,6.277,0.202,6.274,0.151,0.63,-7.812,0.144,0.0,-0.068,0,1.0,0.0,-0.076,1,0
571.988,338.902,-119.909,1.52,5.605,0.16,5.603,0.103,0.319,-4.808,1.0,0.0,-0.055,0,1.0,0.0,-0.061,1,0
572.138,338.916,-119.121,1.539,5.03,0.108,5.029,0.152,0.501,1.849,1.0,0.0,-0.034,0,1.0,0.0,-0.047,1,0
572.238,338.921,-118.61,1.547,5.15,0.088,5.149,0.068,0.173,0.019,1.0,0.0,-0.027,0,1.0,0.0,-0.03,1,0
572.388,338.926,-117.826,1.556,5.324,0.063,5.324,0.052,0.186,1.666,1.0,0.0,-0.019,0,1.0,0.0,-0.024,1,0
572.488,338.928,-117.293,1.56,5.325,0.049,5.325,0.041,0.214,13.898,1.0,0.0,-0.016,0,1.0,0.0,-0.018,2,0
572.638,338.928,-116.331,1.566,7.265,0.043,7.265,0.038,0.201,11.396,1.0,0.0,-0.012,0,1.0,0.0,-0.014,2,0
572.738,338.927,-115.55,1.57,8.205,0.034,8.205,0.033,0.147,8.2,1.0,0.0,-0.007,0,1.0,0.0,-0.009,2,0
572.838,338.924,-114.685,1.573,9.002,0.023,9.002,0.025,0.095,0.046,1.0,0.0,-0.004,0,1.0,0.0,-0.006,2,0
572.938,338.92,-113.777,1.575,9.167,0.013,9.167,0.018,0.071,2.566,1.0,0.0,-0.003,0,1.0,0.0,-0.003,0,0
573.088,338.912,-112.341,1.576,10.163,0.004,10.163,0.008,0.027,7.146,1.0,0.0,0.0,0,1.0,0.0,-0.001,3,0
573.188,338.905,-111.286,1.577,10.848,0.0,10.848,0.002,-0.01,6.155,1.0,0.0,0.001,0,1.0,0.0,0.0,3,0
573.338,338.895,-109.586,1.577,11.736,-0.003,11.736,-0.003,-0.037,5.594,1.0,0.0,0.001,0,1.0,0.0,0.001,3,0
573.438,338.889,-108.382,1.576,12.291,-0.003,12.291,-0.005,-0.054,5.467,0.311,0.0,0.002,0,1.0,0.0,0.001,3,0
573.588,338.879,-106.477,1.576,13.014,-0.002,13.014,-0.006,-0.08,2.989,0.0,0.0,0.002,0,0.494,0.0,0.002,3,0
573.688,338.873,-105.161,1.575,13.252,-0.002,13.252,-0.007,-0.078,0.096,0.0,0.0,0.001,0,0.14,0.0,0.001,3,0
573.838,338.866,-103.18,1.574,13.115,-0.001,13.115,-0.006,-0.075,-2.149,0.0,0.0,0.001,0,0.133,0.0,0.001,3,0
573.938,338.862,-101.881,1.573,12.888,-0.001,12.888,-0.005,-0.065,-2.704,0.0,0.0,0.001,0,0.0,0.0,0.001,3,0
574.088,338.858,-99.982,1.573,12.459,-0.001,12.459,-0.004,-0.054,-2.982,0.0,0.0,0.001,0,0.0,0.0,0.001,3,0
574.188,338.856,-98.753,1.572,12.157,-0.001,12.157,-0.005,-0.037,-3.067,0.0,0.0,0.001,0,0.0,0.0,0.001,3,0
574.338,338.853,-96.966,1.572,11.707,-0.001,11.707,-0.002,-0.035,-3.059,0.0,0.0,0.001,0,0.0,0.0,0.001,3,0
574.438,338.852,-95.811,1.572,11.415,-0.001,11.415,-0.002,-0.019,-2.754,0.0,0.0,0.0,0,0.0,0.0,0.0,3,0
574.588,338.851,-94.134,1.572,10.966,0.0,10.966,-0.001,-0.004,-4.175,0.0,1.0,0.0,0,0.0,1.0,0.0,3,0
574.688,338.85,-93.061,1.571,10.54,0.0,10.54,-0.0,-0.003,-5.922,0.0,1.0,0.0,0,0.0,1.0,0.0,0,0
574.838,338.849,-91.588,1.571,9.037,0.0,9.037,-0.0,-0.001,-9.421,0.0,1.0,0.0,0,0.0,1.0,0.0,2,0
574.938,338.848,-90.737,1.571,8.126,-0.0,8.126,-0.0,-0.0,-7.439,0.0,1.0,0.0,0,0.0,1.0,0.0,2,0
575.088,338.848,-89.606,1.571,7.077,-0.0,7.077,0.0,0.0,-10.714,0.0,1.0,0.0,0,0.0,1.0,0.0,0,0
575.188,338.847,-88.981,1.571,5.195,-0.0,5.195,0.0,0.0,-26.178,0.0,1.0,0.0,0,0.0,1.0,0.0,1,0
575.338,338.847,-88.521,1.571,1.268,-0.0,1.268,0.0,0.0,-22.091,0.0,1.0,0.0,0,0.0,1.0,0.0,1,0
575.438,338.847,-88.494,1.571,0.009,-0.0,-0.009,-0.0,-0.0,-0.068,0.0,1.0,0.0,0,0.0,1.0,0.0,1,1
575.588,338.847,-88.491,1.571,0.01,-0.0,-0.01,-0.0,0.0,0.041,0.0,1.0,0.0,0,0.0,1.0,0.0,1,1
575.688,338.847,-88.489,1.571,0.006,-0.0,-0.006,-0.0,0.0,0.03,0.0,1.0,0.0,0,0.0,1.0,0.0,1,1
575.838,338.847,-88.488,1.571,0.002,-0.0,-0.002,-0.0,0.0,0.013,0.0,1.0,0.0,0,0.0,1.0,0.0,1,1
575.938,338.847,-88.488,1.571,0.001,-0.0,-0.001,-0.0,0.0,0.007,0.0,1.0,0.0,0,0.0,1.0,0.0,1,1
576.088,338.847,-88.488,1.571,0.0,-0.0,-0.0,-0.0,0.0,0.01,0.0,1.0,0.0,0,0.0,1.0,0.0,1,1
576.238,338.847,-88.488,1.571,0.0,-0.0,0.0,-0.0,0.0,-0.0,0.0,1.0,0.0,0,0.0,1.0,0.0,1,1
576.388,338.847,-88.488,1.571,0.0,-0.0,0.0,-0.0,0.0,-0.0,0.0,1.0,0.0,0,0.0,1.0,0.0,1,1
576.488,338.847,-88.488,1.571,0.0,-0.0,0.0,-0.0,0.0,-0.0,0.0,1.0,0.0,0,0.0,1.0,0.0,1,1
576.638,338.847,-88.488,1.571,0.0,-0.0,0.0,-0.0,0.0,-0.0,0.0,1.0,0.0,0,0.0,1.0,0.0,1,1
576.788,338.847,-88.488,1.571,0.0,-0.0,0.0,-0.0,0.0,-0.0,0.0,1.0,0.0,0,0.0,1.0,0.0,1,1
576.888,338.847,-88.488,1.571,0.0,-0.0,0.0,-0.0,0.0,-0.0,0.0,1.0,0.0,0,0.0,1.0,0.0,1,1
577.038,338.847,-88.488,1.571,0.0,-0.0,0.0,-0.0,0.0,-0.0,0.0,1.0,0.0,0,0.0,1.0,0.0,1,1
577.188,338.847,-88.488,1.571,0.0,-0.0,0.0,-0.0,0.0,-0.0,0.0,1.0,0.0,0,0.0,1.0,0.0,1,1
577.338,338.847,-88.488,1.571,0.0,-0.0,0.0,-0.0,0.0,-0.0,0.0,1.0,0.0,0,0.0,1.0,0.0,1,1
577.488,338.847,-88.488,1.571,0.0,-0.0,0.0,-0.0,0.0,-0.0,0.0,1.0,0.0,0,0.0,1.0,0.0,1,1
577.638,338.847,-88.488,1.571,0.0,-0.0,0.0,-0.0,0.0,-0.0,0.0,1.0,0.0,0,0.0,1.0,0.0,1,1
577.738,338.847,-88.488,1.571,0.0,-0.0,0.0,-0.0,0.0,-0.0,0.0,1.0,0.0,0,0.0,1.0,0.0,1,1
577.888,338.847,-88.488,1.571,0.0,-0.0,0.0,-0.0,0.0,-0.0,0.0,1.0,0.0,0,0.0,1.0,0.0,1,1
578.038,338.847,-88.488,1.571,0.0,-0.0,0.0,-0.0,0.0,-0.0,0.0,1.0,0.0,0,0.0,1.0,0.0,1,1
578.138,338.847,-88.488,1.571,0.0,-0.0,0.0,-0.0,0.0,-0.0,0.0,1.0,0.0,0,0.0,1.0,0.0,1,1
578.288,338.847,-88.488,1.571,0.0,-0.0,0.0,-0.0,0.0,-0.0,0.0,1.0,0.0,0,0.0,1.0,0.0,1,1
578.438,338.847,-88.488,1.571,0.0,-0.0,0.0,-0.0,0.0,-0.0,0.0,1.0,0.0,0,0.0,1.0,0.0,1,1
578.538,338.847,-88.488,1.571,0.0,-0.0,0.0,-0.0,0.0,-0.0,0.0,1.0,0.0,0,0.0,1.0,0.0,1,1
578.688,338.847,-88.488,1.571,0.0,-0.0,0.0,-0.0,0.0,-0.0,0.0,1.0,0.0,0,0.0,1.0,0.0,1,1
578.838,338.847,-88.488,1.571,0.0,-0.0,0.0,-0.0,0.0,-0.0,0.0,1.0,0.0,0,0.0,1.0,0.0,1,1
578.938,338.847,-88.488,1.571,0.0,-0.0,0.0,-0.0,0.0,-0.0,0.0,1.0,0.0,0,0.0,1.0,0.0,1,1
579.088,338.847,-88.488,1.571,0.0,-0.0,0.0,-0.0,0.0,-0.0,0.0,1.0,0.0,0,0.0,1.0,0.0,1,1
579.188,338.847,-88.488,1.571,0.0,-0.0,0.0,-0.0,0.0,-0.0,0.0,1.0,0.0,0,0.0,1.0,0.0,1,1
579.338,338.847,-88.488,1.571,0.0,-0.0,0.0,-0.0,0.0,-0.0,0.0,1.0,0.0,0,0.0,1.0,0.0,1,1
579.438,338.847,-88.488,1.571,0.0,-0.0,0.0,-0.0,0.0,-0.0,0.0,1.0,0.0,0,0.0,1.0,0.0,1,1
579.588,338.847,-88.488,1.571,0.0,-0.0,0.0,-0.0,0.0,-0.0,0.0,1.0,0.0,0,0.0,1.0,0.0,1,1
579.738,338.847,-88.488,1.571,0.0,-0.0,-0.0,-0.0,0.0,-0.001,1.0,0.0,0.001,0,1.0,0.0,0.001,1,1
579.838,338.847,-88.486,1.571,0.014,0.0,-0.014,0.0,-0.001,1.914,1.0,0.0,0.001,0,1.0,0.0,0.001,1,1
579.988,338.847,-88.476,1.571,0.228,-0.0,0.228,-0.002,-0.025,2.553,1.0,0.0,0.001,0,1.0,0.0,0.001,1,0
580.138,338.847,-88.397,1.571,0.857,-0.0,0.857,0.002,-0.012,5.447,1.0,0.0,0.001,0,1.0,0.0,0.001,1,0
580.238,338.847,-88.284,1.572,1.424,-0.001,1.424,0.015,0.01,6.3,1.0,0.0,0.001,0,1.0,0.0,0.001,1,0
580.388,338.847,-87.995,1.572,2.364,-0.002,2.364,0.008,-0.009,7.289,1.0,0.0,0.001,0,1.0,0.0,0.001,1,0
580.488,338.847,-87.716,1.572,3.152,-0.002,3.152,-0.001,-0.008,8.235,1.0,0.0,0.001,0,1.0,0.0,0.001,1,0
580.588,338.847,-87.356,1.571,3.949,-0.003,3.949,-0.002,-0.01,7.435,1.0,0.0,0.001,0,1.0,0.0,0.001,1,0
580.738,338.847,-86.675,1.571,5.047,-0.003,5.047,-0.002,-0.009,7.225,1.0,0.0,0.001,0,1.0,0.0,0.001,1,0
580.838,338.847,-86.132,1.571,5.651,-0.002,5.651,-0.002,-0.008,0.392,1.0,0.0,0.001,0,1.0,0.0,0.001,1,0
580.988,338.847,-85.277,1.571,5.757,-0.002,5.757,-0.002,-0.003,-0.067,1.0,0.0,0.001,0,1.0,0.0,0.001,0,0
581.138,338.848,-84.356,1.571,6.924,-0.001,6.924,-0.001,-0.008,13.19,1.0,0.0,0.0,0,1.0,0.0,0.0,2,0
581.238,338.848,-83.602,1.57,7.973,-0.001,7.973,-0.001,-0.006,8.819,1.0,0.0,0.0,0,1.0,0.0,0.0,2,0
581.388,338.849,-82.312,1.57,8.826,-0.001,8.826,-0.001,-0.004,3.345,1.0,0.0,0.0,0,1.0,0.0,0.0,0,0
581.488,338.849,-81.419,1.57,9.123,-0.0,9.123,-0.001,-0.004,9.449,1.0,0.0,0.0,0,1.0,0.0,0.0,3,0
581.638,338.85,-79.945,1.57,10.361,-0.0,10.361,-0.0,-0.001,6.584,1.0,0.0,0.0,0,1.0,0.0,0.0,3,0
581.738,338.851,-78.873,1.57,10.999,-0.0,10.999,-0.0,-0.0,5.899,1.0,0.0,-0.0,0,1.0,0.0,0.0,3,0
581.888,338.852,-77.153,1.57,11.859,0.0,11.859,0.0,0.001,5.517,1.0,0.0,-0.0,0,1.0,0.0,-0.0,3,0
581.988,338.853,-75.937,1.57,12.408,0.0,12.408,0.0,0.001,5.433,1.0,0.0,-0.0,0,1.0,0.0,-0.0,3,0
582.138,338.854,-74.04,1.57,12.66,0.0,12.66,0.0,0.001,4.815,1.0,0.0,-0.0,0,1.0,0.0,-0.0,0,0
582.288,338.855,-72.079,1.57,13.465,0.0,13.465,0.0,0.0,5.1,1.0,0.0,-0.0,0,1.0,0.0,-0.0,4,0
582.438,338.857,-69.999,1.57,14.202,-0.0,14.202,0.0,-0.0,4.748,1.0,0.0,0.0,0,1.0,0.0,0.0,4,0
582.588,338.858,-67.813,1.57,14.892,-0.0,14.892,-0.0,-0.0,4.551,1.0,0.0,0.0,0,1.0,0.0,0.0,4,0
582.688,338.859,-66.299,1.57,15.344,0.0,15.344,-0.0,0.001,4.497,1.0,0.0,-0.0,0,1.0,0.0,-0.0,4,0
582.838,338.861,-63.943,1.57,16.017,0.0,16.017,0.0,0.002,2.498,0.89,0.0,-0.0,0,1.0,0.0,-0.0,4,0
582.988,338.863,-61.525,1.57,16.193,0.0,16.193,0.0,0.002,1.43,1.0,0.0,-0.0,0,0.981,0.0,-0.0,0,0
583.088,338.864,-59.879,1.57,16.666,-0.0,16.666,0.0,0.003,3.951,0.407,0.0,-0.0,0,0.533,0.0,-0.0,5,0
583.238,338.866,-57.339,1.57,17.082,-0.0,17.082,0.0,0.003,1.621,0.282,0.0,-0.0,0,0.297,0.0,-0.0,5,0
583.338,338.867,-55.628,1.57,17.135,-0.0,17.135,0.0,0.002,-0.02,0.313,0.0,-0.0,0,0.31,0.0,-0.0,5,0
583.488,338.869,-53.06,1.57,17.11,-0.0,17.11,0.0,0.002,-0.372,0.282,0.0,-0.0,0,0.294,0.0,-0.0,5,0
583.638,338.87,-50.498,1.57,17.044,-0.0,17.044,0.0,0.001,-0.512,0.265,0.0,0.0,0,0.272,0.0,-0.0,5,0
583.738,338.871,-48.797,1.57,16.985,-0.0,16.985,-0.0,-0.001,-0.636,0.265,0.0,0.0,0,0.262,0.0,0.0,5,0
583.888,338.872,-46.257,1.57,16.888,-0.0,16.888,-0.0,-0.002,-0.638,0.284,0.0,0.0,0,0.277,0.0,0.0,5,0
584.038,338.873,-43.732,1.57,16.796,0.0,16.796,-0.0,-0.003,-0.554,0.312,0.0,0.0,0,0.302,0.0,0.0,5,0
584.188,338.875,-41.219,1.57,16.719,0.0,16.719,-0.0,-0.002,-0.472,0.331,0.0,-0.0,0,0.321,0.0,0.0,5,0
584.288,338.876,-39.549,1.57,16.679,0.0,16.679,-0.0,0.0,-0.332,0.0,0.0,-0.0,0,0.35,0.0,-0.0,5,0
584.438,338.878,-37.053,1.57,16.588,0.0,16.588,0.0,0.001,-0.994,0.0,0.0,-0.0,0,0.0,0.0,-0.0,5,0
584.538,338.879,-35.4,1.57,16.498,0.0,16.498,0.0,0.003,-0.213,0.0,0.0,-0.0,0,0.0,0.0,-0.0,0,0
584.688,338.88,-32.942,1.57,16.161,-0.0,16.161,0.0,0.002,-3.63,0.0,0.0,0.0,0,0.0,0.0,-0.0,4,0
584.838,338.882,-30.559,1.57,15.666,-0.0,15.666,0.0,-0.0,-2.867,0.0,0.0,0.0,0,0.0,0.0,0.0,4,0
584.988,338.883,-28.243,1.57,15.249,-0.0,15.249,-0.0,-0.003,-2.64,0.0,0.0,0.0,0,0.0,0.0,0.0,4,0
585.138,338.884,-25.987,1.57,14.859,-0.0,14.859,-0.0,-0.005,-2.567,0.0,0.0,0.0,0,0.0,0.0,0.0,4,0
585.288,338.885,-23.789,1.57,14.482,-0.0,14.482,-0.0,-0.007,-2.49,0.0,0.0,0.0,0,0.0,0.0,0.0,4,0
585.438,338.887,-21.646,1.57,14.115,0.0,14.115,-0.0,-0.004,-2.425,0.0,0.0,-0.0,0,0.0,0.0,0.0,4,0
585.588,338.888,-19.557,1.57,13.757,0.0,13.757,0.0,0.006,-2.364,0.0,1.0,0.0,0,0.0,0.0,-0.0,4,0
585.688,338.889,-18.2,1.57,13.417,-0.0,13.417,0.0,0.0,-4.812,0.0,1.0,0.0,0,0.0,1.0,0.0,0,0
585.838,338.89,-16.256,1.57,12.406,-0.0,12.406,0.0,0.001,-8.947,0.0,1.0,0.0,0,0.0,1.0,0.0,3,0
585.988,338.892,-14.502,1.57,11.116,-0.0,11.116,0.0,0.0,-8.075,0.0,1.0,0.0,0,0.0,1.0,0.0,3,0
586.138,338.893,-12.928,1.57,9.967,-0.0,9.967,0.0,0.0,-3.117,0.0,1.0,0.0,0,0.0,1.0,0.0,0,0
586.288,338.888,-11.517,1.574,8.693,0.162,8.691,0.146,-1.017,-7.038,0.0,0.0,0.004,0,0.0,0.0,-0.0,2,0
586.438,338.872,-10.286,1.582,7.852,-0.015,7.852,-0.002,-0.46,-4.938,0.0,0.0,0.017,0,0.0,0.0,0.012,2,0
586.588,338.867,-9.158,1.578,7.236,-0.045,7.236,-0.045,-0.429,-3.791,0.0,0.0,0.043,0,0.0,0.0,0.02,2,0
586.738,338.886,-8.088,1.559,6.791,-0.192,6.788,-0.183,-1.794,-7.757,0.0,0.0,0.152,0,0.0,0.0,0.092,0,0
586.888,338.96,-7.178,1.517,5.609,-0.396,5.595,-0.31,-3.353,-6.314,0.0,0.0,0.229,0,0.0,0.0,0.226,1,0
586.988,339.04,-6.65,1.478,5.132,-0.481,5.109,-0.38,-3.327,-5.504,0.0,0.0,0.303,0,0.0,0.0,0.303,1,0
587.138,339.21,-5.968,1.406,4.298,-0.678,4.245,-0.521,-2.525,-4.948,0.0,0.0,0.444,0,0.0,0.0,0.375,1,0
587.288,339.431,-5.419,1.325,3.694,-0.766,3.613,-0.554,-1.474,-3.454,0.0,0.0,0.415,0,0.0,0.0,0.427,1,0
587.438,339.672,-4.963,1.247,3.239,-0.74,3.154,-0.524,-2.341,-3.76,0.0,0.0,0.463,0,0.0,0.0,0.472,1,0
587.588,339.919,-4.584,1.174,2.844,-0.639,2.771,-0.447,-0.226,-2.893,0.141,0.0,0.429,0,0.023,0.0,0.44,1,0
587.688,340.08,-4.366,1.131,2.619,-0.62,2.544,-0.44,-1.218,-1.482,0.604,0.0,0.464,0,0.468,0.0,0.474,1,0
587.838,340.329,-4.072,1.066,2.6,-0.612,2.527,-0.426,-0.913,1.556,0.602,0.0,0.493,0,0.634,0.0,0.442,1,0
587.988,340.614,-3.775,0.998,2.898,-0.691,2.814,-0.488,-1.939,1.871,0.453,0.0,0.461,0,0.52,0.0,0.473,1,0
588.138,340.954,-3.466,0.923,3.206,-0.72,3.124,-0.509,-1.335,1.177,0.416,0.0,0.484,0,0.409,0.0,0.438,1,0
588.288,341.342,-3.161,0.844,3.374,-0.769,3.285,-0.55,-1.873,0.59,0.674,0.0,0.461,0,0.424,0.0,0.473,1,0
588.388,341.627,-2.967,0.789,3.533,-0.771,3.448,-0.548,-3.32,0.668,0.369,0.0,0.482,0,0.467,0.0,0.494,1,0
588.538,342.098,-2.695,0.699,3.709,-0.839,3.613,-0.606,-1.847,0.502,0.927,0.0,0.484,0,1.0,0.0,0.454,1,0
588.638,342.435,-2.531,0.638,3.849,-0.872,3.748,-0.634,-3.005,3.324,0.83,0.0,0.453,0,0.942,0.0,0.469,1,0
588.788,343.019,-2.3,0.538,4.507,-0.965,4.403,-0.719,-3.25,2.218,0.154,0.0,0.432,0,0.256,0.0,0.454,1,0
588.938,343.687,-2.101,0.433,4.693,-0.891,4.608,-0.665,-2.238,-0.623,0.426,0.0,0.39,0,0.581,0.0,0.411,1,0
589.038,344.143,-1.994,0.37,4.726,-0.812,4.656,-0.606,-2.084,0.598,0.422,0.0,0.335,0,0.491,0.0,0.352,1,0
589.188,344.85,-1.868,0.286,4.85,-0.712,4.797,-0.534,-1.879,0.255,0.0,0.0,0.3,0,0.334,0.0,0.317,1,0
589.288,345.327,-1.807,0.236,4.749,-0.63,4.707,-0.471,-1.33,-1.937,0.389,0.0,0.257,0,0.237,0.0,0.27,1,0
589.438,346.017,-1.747,0.173,4.57,-0.517,4.541,-0.382,-1.049,-0.068,0.382,0.0,0.21,0,0.454,0.0,0.221,1,0
589.588,346.703,-1.714,0.12,4.588,-0.439,4.566,-0.325,-0.55,-0.287,0.296,0.0,0.166,0,0.286,0.0,0.176,1,0
589.738,347.386,-1.7,0.079,4.521,-0.346,4.508,-0.255,-0.717,-0.625,0.363,0.0,0.148,0,0.321,0.0,0.156,1,0
589.838,347.836,-1.701,0.055,4.487,-0.31,4.476,-0.229,-0.141,-0.054,0.372,0.0,0.111,0,0.388,0.0,0.119,1,0
589.988,348.508,-1.711,0.026,4.485,-0.233,4.479,-0.17,-0.442,-0.059,0.345,0.0,0.099,0,0.356,0.0,0.104,1,0
590.088,348.956,-1.722,0.011,4.473,-0.185,4.47,-0.134,-0.212,-0.136,0.369,0.0,0.069,0,0.358,0.0,0.074,1,0
590.238,349.625,-1.744,-0.006,4.459,-0.146,4.456,-0.108,-0.298,-0.045,0.377,0.0,0.062,0,0.371,0.0,0.065,1,0
590.338,350.071,-1.761,-0.016,4.46,-0.109,4.459,-0.079,-0.051,-0.004,0.362,0.0,0.038,0,0.371,0.0,0.041,1,0
590.488,350.739,-1.788,-0.026,4.458,-0.081,4.457,-0.059,-0.143,-0.046,0.366,0.0,0.023,0,0.368,0.0,0.036,1,0
590.588,351.184,-1.806,-0.03,4.457,-0.049,4.456,-0.035,-0.031,0.023,0.374,0.0,0.017,0,0.37,0.0,0.018,1,0
590.738,351.853,-1.833,-0.034,4.46,-0.037,4.46,-0.027,0.275,0.002,0.367,0.0,0.004,0,0.372,0.0,0.006,1,0
590.838,352.298,-1.851,-0.036,4.461,-0.013,4.461,-0.008,0.036,-0.012,0.368,0.0,0.003,0,0.371,0.0,0.004,1,0
590.988,352.967,-1.875,-0.036,4.461,0.005,4.461,0.005,0.112,0.026,0.373,0.0,-0.005,0,0.369,0.0,-0.005,1,0
591.138,353.636,-1.898,-0.035,4.463,0.011,4.463,0.008,0.045,0.029,0.368,0.0,-0.01,0,0.368,0.0,-0.005,1,0
591.238,354.082,-1.912,-0.034,4.464,0.02,4.464,0.015,0.115,-0.015,0.368,0.0,-0.01,0,0.372,0.0,-0.01,1,0
591.388,354.751,-1.931,-0.032,4.464,0.022,4.464,0.016,0.203,0.02,0.372,0.0,-0.013,0,0.368,0.0,-0.013,1,0
591.488,355.197,-1.942,-0.029,4.464,0.029,4.464,0.021,0.088,0.022,0.372,0.0,-0.012,0,0.368,0.0,-0.013,1,0
591.638,355.867,-1.957,-0.026,4.465,0.026,4.465,0.019,0.16,-0.019,0.367,0.0,-0.013,0,0.372,0.0,-0.014,1,0
591.788,356.537,-1.969,-0.023,4.465,0.029,4.465,0.021,0.071,0.019,0.372,0.0,-0.013,0,0.368,0.0,-0.012,1,0
591.938,357.207,-1.979,-0.02,4.466,0.029,4.466,0.021,0.088,0.018,0.372,0.0,-0.012,0,0.367,0.0,-0.013,1,0
592.038,357.653,-1.985,-0.018,4.466,0.027,4.466,0.02,0.057,-0.019,0.367,0.0,-0.012,0,0.372,0.0,-0.011,1,0
592.188,358.323,-1.993,-0.015,4.465,0.025,4.465,0.019,0.067,-0.019,0.372,0.0,-0.01,0,0.372,0.0,-0.011,1,0
592.288,358.769,-1.997,-0.013,4.465,0.023,4.465,0.017,0.073,0.018,0.372,0.0,-0.01,0,0.367,0.0,-0.01,1,0
592.438,359.439,-2.002,-0.011,4.466,0.021,4.466,0.015,0.044,-0.019,0.367,0.0,-0.009,0,0.372,0.0,-0.009,1,0
592.538,359.885,-2.005,-0.01,4.466,0.019,4.466,0.014,0.042,-0.019,0.367,0.0,-0.008,0,0.372,0.0,-0.008,1,0
592.688,360.555,-2.008,-0.008,4.465,0.016,4.465,0.012,0.036,0.018,0.372,0.0,-0.006,0,0.367,0.0,-0.007,1,0
592.838,361.225,-2.01,-0.006,4.466,0.014,4.466,0.01,0.031,0.018,0.372,0.0,-0.006,0,0.367,0.0,-0.006,1,0
592.938,361.671,-2.011,-0.005,4.466,0.012,4.466,0.009,0.02,-0.019,0.367,0.0,-0.005,0,0.372,0.0,-0.005,1,0
593.088,362.341,-2.013,-0.004,4.465,0.01,4.465,0.007,0.021,0.018,0.372,0.0,-0.004,0,0.367,0.0,-0.004,1,0
593.238,363.011,-2.014,-0.003,4.466,0.008,4.466,0.006,0.011,0.018,0.367,0.0,-0.003,0,0.367,0.0,-0.004,1,0
593.338,363.457,-2.014,-0.002,4.466,0.007,4.466,0.005,0.014,-0.018,0.367,0.0,-0.003,0,0.372,0.0,-0.003,1,0
593.488,364.127,-2.014,-0.002,4.465,0.005,4.465,0.004,0.01,0.018,0.372,0.0,-0.002,0,0.367,0.0,-0.002,1,0
593.638,364.797,-2.015,-0.001,4.466,0.004,4.466,0.003,-0.001,-0.018,0.367,0.0,-0.001,0,0.372,0.0,-0.002,1,0
593.788,365.467,-2.015,-0.001,4.465,0.003,4.465,0.002,0.005,-0.018,0.367,0.0,-0.001,0,0.372,0.0,-0.001,1,0
593.888,365.913,-2.015,-0.0,4.465,0.002,4.465,0.002,0.002,0.018,0.372,0.0,-0.001,0,0.367,0.0,-0.001,1,0
594.038,366.583,-2.015,-0.0,4.466,0.002,4.466,0.001,0.003,0.018,0.372,0.0,-0.001,0,0.367,0.0,-0.001,1,0
594.138,367.029,-2.014,-0.0,4.466,0.001,4.466,0.001,-0.0,-0.018,0.367,0.0,-0.0,0,0.372,0.0,-0.0,1,0
594.288,367.699,-2.014,0.0,4.465,0.001,4.465,0.001,-0.005,0.018,0.372,0.0,-0.0,0,0.367,0.0,-0.0,1,0
594.438,368.369,-2.014,0.0,4.466,0.0,4.466,0.0,-0.0,0.018,0.367,0.0,-0.0,0,0.367,0.0,-0.0,1,0
594.538,368.815,-2.014,0.0,4.466,0.0,4.466,0.0,-0.005,-0.018,0.367,0.0,0.0,0,0.372,0.0,0.0,1,0
594.688,369.485,-2.014,0.0,4.465,-0.0,4.465,-0.0,-0.001,0.018,0.372,0.0,0.0,0,0.367,0.0,0.0,1,0
594.838,370.155,-2.014,0.0,4.466,-0.0,4.466,-0.0,-0.002,0.018,0.372,0.0,0.0,0,0.367,0.0,0.0,1,0
594.938,370.601,-2.014,0.0,4.466,-0.0,4.466,-0.0,-0.001,-0.018,0.367,0.0,0.0,0,0.372,0.0,0.0,1,0
595.088,371.271,-2.014,-0.0,4.465,-0.0,4.465,-0.0,-0.002,0.018,0.372,0.0,0.0,0,0.367,0.0,0.0,1,0
595.188,371.717,-2.014,-0.0,4.465,-0.0,4.465,-0.0,-0.003,0.018,0.372,0.0,0.0,0,0.367,0.0,0.0,1,0
595.338,372.387,-2.014,-0.0,4.466,-0.001,4.466,-0.0,-0.001,0.018,0.367,0.0,0.0,0,0.367,0.0,0.0,1,0
595.438,372.834,-2.014,-0.0,4.466,-0.0,4.466,-0.0,-0.002,-0.018,0.367,0.0,0.0,0,0.372,0.0,0.0,1,0
595.588,373.503,-2.015,-0.0,4.465,-0.0,4.465,-0.0,-0.001,0.018,0.372,0.0,0.0,0,0.367,0.0,0.0,1,0
595.738,374.173,-2.015,-0.0,4.466,-0.0,4.466,-0.0,-0.001,0.018,0.367,0.0,0.0,0,0.367,0.0,0.0,1,0
595.838,374.619,-2.015,-0.0,4.466,-0.0,4.466,-0.0,-0.001,-0.018,0.367,0.0,0.0,0,0.372,0.0,0.0,1,0
595.988,375.289,-2.015,-0.0,4.465,-0.0,4.465,-0.0,-0.001,0.018,0.372,0.0,0.0,0,0.367,0.0,0.0,1,0
596.138,375.959,-2.015,-0.0,4.466,-0.0,4.466,-0.0,-0.001,-0.018,0.367,0.0,0.0,0,0.372,0.0,0.0,1,0
596.238,376.405,-2.016,-0.0,4.466,-0.0,4.466,-0.0,-0.001,-0.018,0.367,0.0,0.0,0,0.372,0.0,0.0,1,0
596.388,377.075,-2.016,-0.0,4.465,-0.0,4.465,-0.0,-0.001,0.018,0.372,0.0,0.0,0,0.367,0.0,0.0,1,0
596.538,377.745,-2.016,-0.0,4.466,-0.0,4.466,-0.0,-0.001,0.018,0.372,0.0,0.0,0,0.367,0.0,0.0,1,0
596.638,378.191,-2.017,-0.0,4.466,-0.0,4.466,-0.0,-0.0,-0.018,0.367,0.0,0.0,0,0.372,0.0,0.0,1,0
596.738,378.638,-2.017,-0.0,4.466,-0.0,4.466,-0.0,-0.0,-0.018,0.367,0.0,0.0,0,0.372,0.0,0.0,1,0
596.888,379.308,-2.017,-0.0,4.465,-0.0,4.465,-0.0,-0.0,0.018,0.372,0.0,0.0,0,0.367,0.0,0.0,1,0
597.038,379.977,-2.017,-0.001,4.466,-0.0,4.466,-0.0,-0.0,-0.018,0.367,0.0,0.0,0,0.372,0.0,0.0,1,0
597.138,380.424,-2.018,-0.001,4.466,-0.0,4.466,-0.0,-0.0,-0.018,0.367,0.0,0.0,0,0.372,0.0,0.0,1,0
597.288,381.094,-2.018,-0.001,4.465,-0.0,4.465,-0.0,0.0,0.018,0.372,0.0,0.0,0,0.367,0.0,0.0,1,0
597.438,381.763,-2.018,-0.001,4.466,-0.0,4.466,-0.0,-0.0,0.018,0.372,0.0,0.0,0,0.367,0.0,0.0,1,0
597.538,382.21,-2.019,-0.001,4.466,-0.0,4.466,-0.0,-0.308,-0.021,0.367,0.0,0.009,0,0.372,0.0,0.009,1,0
597.688,382.879,-2.022,-0.002,4.465,-0.019,4.465,-0.015,-0.946,-0.009,0.372,0.0,0.034,0,0.368,0.0,0.033,1,0
597.788,383.326,-2.03,-0.007,4.464,-0.069,4.463,-0.054,-0.314,0.019,0.373,0.0,0.033,0,0.37,0.0,0.034,1,0
597.938,383.995,-2.049,-0.016,4.463,-0.128,4.461,-0.099,-0.792,-0.051,0.374,0.0,0.069,0,0.371,0.0,0.07,1,0
598.038,384.441,-2.073,-0.027,4.464,-0.148,4.461,-0.111,-1.982,-0.179,0.368,0.0,0.113,0,0.375,0.0,0.114,1,0
598.188,385.107,-2.131,-0.052,4.461,-0.236,4.455,-0.176,-2.402,-0.238,0.371,0.0,0.158,0,0.373,0.0,0.161,1,0
598.338,385.769,-2.222,-0.087,4.462,-0.329,4.45,-0.245,-1.126,-0.001,0.379,0.0,0.207,0,0.385,0.0,0.154,1,0
598.438,386.207,-2.305,-0.117,4.457,-0.419,4.437,-0.316,-1.332,-0.055,0.377,0.0,0.189,0,0.394,0.0,0.197,1,0
598.588,386.857,-2.459,-0.165,4.459,-0.478,4.434,-0.359,-1.976,-0.264,0.396,0.0,0.234,0,0.357,0.0,0.241,1,0
598.738,387.495,-2.658,-0.222,4.451,-0.565,4.415,-0.427,-2.21,-0.28,0.404,0.0,0.276,0,0.376,0.0,0.284,1,0
598.838,387.91,-2.818,-0.265,4.461,-0.577,4.424,-0.43,-3.414,-0.662,0.363,0.0,0.323,0,0.384,0.0,0.331,1,0
598.988,388.514,-3.102,-0.337,4.465,-0.65,4.417,-0.483,-1.78,-0.055,0.366,0.0,0.355,0,0.378,0.0,0.3,1,0
599.088,388.905,-3.317,-0.386,4.463,-0.696,4.408,-0.521,-2.531,-0.503,0.404,0.0,0.335,0,0.35,0.0,0.346,1,0
599.238,389.463,-3.683,-0.466,4.451,-0.76,4.385,-0.572,-2.64,-0.43,0.412,0.0,0.364,0,0.376,0.0,0.377,1,0
599.338,389.815,-3.955,-0.523,4.466,-0.757,4.401,-0.564,-3.726,-0.876,0.359,0.0,0.402,0,0.383,0.0,0.414,1,0
599.438,390.147,-4.251,-0.583,4.462,-0.821,4.386,-0.614,-2.306,-0.292,0.377,0.0,0.373,0,0.4,0.0,0.388,1,0
599.588,390.613,-4.731,-0.673,4.467,-0.832,4.389,-0.622,-2.79,-0.663,0.405,0.0,0.395,0,0.346,0.0,0.409,1,0
599.688,390.896,-5.075,-0.735,4.466,-0.817,4.391,-0.606,-4.752,-1.636,0.374,0.0,0.481,0,0.389,0.0,0.495,1,0
599.838,391.262,-5.628,-0.838,4.443,-0.948,4.341,-0.709,-3.057,-0.436,0.377,0.0,0.426,0,0.461,0.0,0.465,1,0
599.938,391.476,-6.019,-0.906,4.499,-0.897,4.409,-0.664,-2.176,0.187,0.372,0.0,0.39,0,0.516,0.0,0.407,1,0
600.038,391.673,-6.426,-0.969,4.569,-0.834,4.492,-0.617,-3.306,-0.236,0.357,0.0,0.399,0,0.515,0.0,0.415,1,0
600.188,391.928,-7.067,-1.064,4.646,-0.82,4.574,-0.611,-2.287,-0.021,0.32,0.0,0.365,0,0.372,0.0,0.382,1,0
600.288,392.071,-7.509,-1.123,4.64,-0.786,4.573,-0.587,-2.596,-0.763,0.389,0.0,0.34,0,0.327,0.0,0.372,1,0
600.388,392.191,-7.954,-1.179,4.621,-0.731,4.563,-0.544,-1.882,-0.473,0.388,0.0,0.318,0,0.389,0.0,0.34,1,0
600.488,392.292,-8.405,-1.231,4.626,-0.684,4.575,-0.509,-1.758,-0.172,0.362,0.0,0.289,0,0.369,0.0,0.303,1,0
600.588,392.375,-8.859,-1.28,4.633,-0.629,4.59,-0.467,-1.521,-0.251,0.355,0.0,0.262,0,0.352,0.0,0.275,1,0
600.688,392.442,-9.317,-1.324,4.627,-0.572,4.591,-0.424,-1.344,-0.284,0.37,0.0,0.236,0,0.36,0.0,0.248,1,0
600.788,392.496,-9.775,-1.364,4.616,-0.517,4.587,-0.383,-1.212,-0.186,0.374,0.0,0.213,0,0.372,0.0,0.224,1,0
600.938,392.552,-10.465,-1.417,4.631,-0.44,4.611,-0.326,-0.943,0.273,0.857,0.0,0.185,0,1.0,0.0,0.196,1,0
601.038,392.579,-10.939,-1.447,4.89,-0.398,4.874,-0.297,-1.143,3.694,1.0,0.0,0.149,0,0.673,0.0,0.158,1,0
601.138,392.598,-11.449,-1.476,5.269,-0.364,5.257,-0.277,-0.022,-0.111,1.0,0.0,0.099,0,1.0,0.0,0.111,1,0
601.238,392.615,-11.976,-1.5,5.28,-0.24,5.275,-0.216,-0.71,1.181,1.0,0.0,0.079,0,1.0,0.0,0.089,1,0
601.338,392.627,-12.513,-1.519,5.487,-0.192,5.483,-0.163,-0.504,-0.696,1.0,0.0,0.063,0,1.0,0.0,0.07,0,0
601.438,392.636,-13.058,-1.534,5.453,-0.146,5.451,-0.13,-0.934,14.039,1.0,0.0,0.05,0,1.0,0.0,0.056,2,0
601.538,392.64,-13.68,-1.547,6.812,-0.147,6.811,-0.128,-0.674,11.125,1.0,0.0,0.039,0,1.0,0.0,0.044,2,0
601.638,392.641,-14.422,-1.559,7.856,-0.121,7.855,-0.114,-0.601,8.767,1.0,0.0,0.028,0,1.0,0.0,0.034,2,0
601.738,392.637,-15.256,-1.569,8.701,-0.09,8.701,-0.094,-0.478,7.688,1.0,0.0,0.019,0,1.0,0.0,0.023,2,0
601.838,392.628,-16.152,-1.577,8.936,-0.055,8.936,-0.07,-0.28,3.254,1.0,0.0,0.011,0,1.0,0.0,0.015,0,0
601.938,392.616,-17.063,-1.582,9.425,-0.032,9.425,-0.048,-0.216,8.77,1.0,0.0,0.006,0,1.0,0.0,0.008,3,0
602.038,392.601,-18.053,-1.586,10.246,-0.016,10.246,-0.027,-0.132,6.886,1.0,0.0,0.001,0,1.0,0.0,0.004,3,0
602.138,392.583,-19.115,-1.588,10.909,-0.004,10.909,-0.013,-0.028,6.036,1.0,0.0,-0.001,0,1.0,0.0,0.0,3,0
602.238,392.564,-20.238,-1.588,11.501,0.003,11.501,-0.001,0.049,5.658,1.0,0.0,-0.003,0,1.0,0.0,-0.002,3,0
602.338,392.544,-21.419,-1.588,12.062,0.007,12.062,0.007,0.107,5.558,1.0,0.0,-0.003,0,1.0,0.0,-0.003,3,0
602.438,392.523,-22.655,-1.587,12.609,0.007,12.609,0.012,0.13,0.861,1.0,0.0,-0.004,0,1.0,0.0,-0.003,3,0
602.538,392.504,-23.923,-1.586,12.717,0.006,12.717,0.014,0.148,2.011,1.0,0.0,-0.003,0,1.0,0.0,-0.003,0,0
602.638,392.486,-25.209,-1.584,13.122,0.004,13.122,0.014,0.194,5.498,1.0,0.0,-0.003,0,1.0,0.0,-0.004,4,0
602.738,392.469,-26.551,-1.583,13.654,0.003,13.654,0.014,0.185,4.925,1.0,0.0,-0.003,0,1.0,0.0,-0.003,4,0
602.838,392.453,-27.943,-1.582,14.139,0.001,14.139,0.013,0.172,4.427,0.99,0.0,-0.002,0,0.749,0.0,-0.003,4,0
602.938,392.439,-29.381,-1.58,14.557,-0.001,14.557,0.011,0.156,3.745,0.586,0.0,-0.002,0,0.253,0.0,-0.002,4,0
603.038,392.425,-30.856,-1.579,14.886,-0.001,14.886,0.01,0.135,1.976,0.208,0.0,-0.002,0,0.0,0.0,-0.002,4,0
603.138,392.413,-32.353,-1.578,15.018,-0.002,15.018,0.009,0.139,-0.317,0.0,0.0,-0.001,0,0.0,0.0,-0.002,4,0
603.238,392.402,-33.851,-1.578,14.942,-0.002,14.942,0.008,0.118,-1.723,0.0,0.0,-0.001,0,0.0,0.0,-0.001,4,0
603.338,392.392,-35.335,-1.577,14.754,-0.002,14.754,0.007,0.101,-2.211,0.0,0.0,-0.001,0,0.0,0.0,-0.001,4,0
603.438,392.384,-36.798,-1.576,14.528,-0.001,14.528,0.006,0.083,-2.364,0.0,0.0,-0.001,0,0.0,0.0,-0.001,4,0
603.538,392.377,-38.237,-1.576,14.291,-0.001,14.291,0.005,0.068,-2.394,0.0,0.0,-0.001,0,0.0,0.0,-0.001,4,0
603.688,392.367,-40.352,-1.575,13.933,-0.0,13.933,0.004,0.068,-2.379,0.0,0.0,-0.001,0,0.0,0.0,-0.001,4,0
603.788,392.361,-41.732,-1.575,13.697,-0.0,13.697,0.004,0.047,-2.331,0.0,0.0,-0.001,0,0.0,0.0,-0.001,4,0
603.888,392.357,-43.089,-1.574,13.465,0.0,13.465,0.003,0.039,-2.294,0.0,0.0,-0.001,0,0.0,0.0,-0.001,4,0
603.988,392.352,-44.424,-1.574,13.329,0.0,13.329,0.003,0.032,-0.9,0.0,0.0,-0.001,0,0.0,0.0,-0.0,0,0
604.088,392.348,-45.753,-1.574,13.181,0.0,13.181,0.002,0.027,-5.422,0.0,0.0,-0.0,0,0.0,0.0,-0.0,3,0
604.188,392.345,-47.042,-1.573,12.69,0.0,12.69,0.002,0.024,-3.976,0.0,0.0,-0.0,0,0.0,0.0,-0.0,3,0
604.288,392.342,-48.289,-1.573,12.315,0.0,12.315,0.002,0.02,-3.446,0.0,0.0,-0.0,0,0.0,0.0,-0.0,3,0
604.388,392.339,-49.502,-1.573,11.99,0.0,11.99,0.001,0.001,-3.799,0.0,1.0,0.0,0,0.0,1.0,0.0,3,0
604.488,392.336,-50.68,-1.573,11.563,-0.0,11.563,0.0,0.004,-6.421,0.0,1.0,0.0,0,0.0,1.0,0.0,3,0
604.588,392.334,-51.801,-1.573,10.945,-0.0,10.945,0.0,0.002,-6.172,0.0,1.0,0.0,0,0.0,1.0,0.0,0,0
604.688,392.331,-52.859,-1.573,10.178,-0.0,10.178,0.0,0.001,-12.333,0.0,1.0,0.0,0,0.0,1.0,0.0,2,0
604.788,392.329,-53.809,-1.573,9.005,0.0,9.005,0.0,0.0,-10.143,0.0,1.0,0.0,0,0.0,1.0,0.0,2,0
604.938,392.327,-55.046,-1.573,7.697,-0.0,7.697,0.0,0.0,-7.171,0.0,1.0,0.0,0,0.0,1.0,0.0,2,0
605.038,392.325,-55.779,-1.573,7.062,-0.0,7.062,0.0,0.0,-10.689,0.0,1.0,0.0,0,0.0,1.0,0.0,0,0
605.138,392.324,-56.402,-1.573,5.181,-0.0,5.181,0.0,0.0,-26.18,0.0,1.0,0.0,0,0.0,1.0,0.0,1,0
605.238,392.323,-56.773,-1.573,2.557,-0.0,2.557,0.0,0.0,-26.064,0.0,1.0,0.0,0,0.0,1.0,0.0,1,0
605.338,392.323,-56.886,-1.573,0.151,-0.0,0.151,0.0,0.0,-3.201,0.0,1.0,0.0,0,0.0,1.0,0.0,1,0
605.438,392.323,-56.888,-1.573,0.012,0.0,-0.012,-0.0,0.0,0.012,0.0,1.0,0.0,0,0.0,1.0,0.0,1,1
605.538,392.323,-56.89,-1.573,0.01,-0.0,-0.01,-0.0,0.0,0.041,0.0,1.0,0.0,0,0.0,1.0,0.0,1,1
605.638,392.323,-56.891,-1.573,0.006,-0.0,-0.006,-0.0,0.0,0.03,0.0,1.0,0.0,0,0.0,1.0,0.0,1,1
605.738,392.323,-56.892,-1.573,0.003,-0.0,-0.003,-0.0,0.0,0.018,0.0,1.0,0.0,0,0.0,1.0,0.0,1,1
605.888,392.323,-56.893,-1.573,0.001,-0.0,-0.001,-0.0,0.0,0.007,0.0,1.0,0.0,0,0.0,1.0,0.0,1,1
605.988,392.323,-56.893,-1.573,0.001,-0.0,-0.001,-0.0,0.0,0.004,0.0,1.0,0.0,0,0.0,1.0,0.0,1,1
606.088,392.323,-56.893,-1.573,0.0,-0.0,-0.0,-0.0,0.0,0.007,0.0,1.0,0.0,0,0.0,1.0,0.0,1,1
606.238,392.323,-56.893,-1.573,0.0,-0.0,0.0,-0.0,0.0,0.0,0.0,1.0,0.0,0,0.0,1.0,0.0,1,1
606.338,392.323,-56.893,-1.573,0.0,-0.0,0.0,-0.0,0.0,0.0,0.0,1.0,0.0,0,0.0,1.0,0.0,1,1
606.438,392.323,-56.893,-1.573,0.0,-0.0,0.0,-0.0,0.0,0.0,0.0,1.0,0.0,0,0.0,1.0,0.0,1,1
606.538,392.323,-56.893,-1.573,0.0,-0.0,0.0,-0.0,0.0,0.0,0.0,1.0,0.0,0,0.0,1.0,0.0,1,1
606.638,392.323,-56.893,-1.573,0.0,-0.0,0.0,-0.0,0.0,0.0,0.0,1.0,0.0,0,0.0,1.0,0.0,1,1
606.788,392.323,-56.893,-1.573,0.0,-0.0,0.0,-0.0,0.0,0.0,0.0,1.0,0.0,0,0.0,1.0,0.0,1,1
606.888,392.323,-56.893,-1.573,0.0,-0.0,0.0,-0.0,0.0,0.0,0.0,1.0,0.0,0,0.0,1.0,0.0,1,1
607.038,392.323,-56.893,-1.573,0.0,-0.0,0.0,-0.0,0.0,0.0,0.0,1.0,0.0,0,0.0,1.0,0.0,1,1
607.138,392.323,-56.893,-1.573,0.0,-0.0,0.0,-0.0,0.0,0.0,0.0,1.0,0.0,0,0.0,1.0,0.0,1,1
607.238,392.323,-56.893,-1.573,0.0,-0.0,0.0,-0.0,0.0,0.0,0.0,1.0,0.0,0,0.0,1.0,0.0,1,1
607.388,392.323,-56.893,-1.573,0.0,-0.0,0.0,-0.0,0.0,0.0,0.0,1.0,0.0,0,0.0,1.0,0.0,1,1
607.488,392.323,-56.893,-1.573,0.0,-0.0,0.0,-0.0,0.0,0.0,0.0,1.0,0.0,0,0.0,1.0,0.0,1,1
607.588,392.323,-56.893,-1.573,0.0,-0.0,0.0,-0.0,0.0,0.0,0.0,1.0,0.0,0,0.0,1.0,0.0,1,1
607.688,392.323,-56.893,-1.573,0.0,-0.0,0.0,-0.0,0.0,0.0,0.0,1.0,0.0,0,0.0,1.0,0.0,1,1
607.788,392.323,-56.893,-1.573,0.0,-0.0,0.0,-0.0,0.0,0.0,0.0,1.0,0.0,0,0.0,1.0,0.0,1,1
607.938,392.323,-56.893,-1.573,0.0,-0.0,0.0,-0.0,0.0,0.0,0.0,1.0,0.0,0,0.0,1.0,0.0,1,1
608.038,392.323,-56.893,-1.573,0.0,-0.0,0.0,-0.0,0.0,0.0,0.0,1.0,0.0,0,0.0,1.0,0.0,1,1
608.138,392.323,-56.893,-1.573,0.0,-0.0,0.0,-0.0,0.0,0.0,0.0,1.0,0.0,0,0.0,1.0,0.0,1,1
608.238,392.323,-56.893,-1.573,0.0,-0.0,0.0,-0.0,0.0,0.0,0.0,1.0,0.0,0,0.0,1.0,0.0,1,1
608.388,392.323,-56.893,-1.573,0.0,-0.0,0.0,-0.0,0.0,0.0,0.0,1.0,0.0,0,0.0,1.0,0.0,1,1
608.488,392.323,-56.893,-1.573,0.0,-0.0,0.0,-0.0,0.0,0.0,0.0,1.0,0.0,0,0.0,1.0,0.0,1,1
608.588,392.323,-56.893,-1.573,0.0,-0.0,0.0,-0.0,0.0,0.0,0.0,1.0,0.0,0,0.0,1.0,0.0,1,1
608.738,392.323,-56.893,-1.573,0.0,-0.0,0.0,-0.0,0.0,0.0,0.0,1.0,0.0,0,0.0,1.0,0.0,1,1
608.838,392.323,-56.893,-1.573,0.0,-0.0,0.0,-0.0,0.0,0.0,0.0,1.0,0.0,0,0.0,1.0,0.0,1,1
608.938,392.323,-56.893,-1.573,0.0,-0.0,0.0,-0.0,0.0,0.0,0.0,1.0,0.0,0,0.0,1.0,0.0,1,1
609.038,392.323,-56.893,-1.573,0.0,-0.0,-0.0,-0.0,0.0,-0.0,0.117,0.0,-0.002,0,0.051,0.0,-0.002,1,1
609.138,392.323,-56.894,-1.573,0.031,-0.0,-0.031,-0.0,0.002,1.909,1.0,0.0,-0.002,0,0.201,0.0,-0.002,1,1
609.238,392.323,-56.895,-1.573,0.034,-0.0,-0.034,-0.0,0.001,1.963,1.0,0.0,-0.001,0,1.0,0.0,-0.001,1,1
609.388,392.323,-56.902,-1.573,0.197,0.0,0.197,0.0,0.002,4.525,1.0,0.0,-0.001,0,1.0,0.0,-0.001,1,0
609.488,392.323,-56.93,-1.573,0.445,0.001,0.445,-0.002,0.0,4.404,1.0,0.0,-0.001,0,1.0,0.0,-0.001,1,0
609.588,392.323,-56.999,-1.573,0.902,0.001,0.902,-0.009,0.016,5.115,1.0,0.0,-0.001,0,1.0,0.0,-0.001,1,0
609.688,392.322,-57.117,-1.574,1.42,0.001,1.42,0.003,0.014,7.5,1.0,0.0,-0.002,0,1.0,0.0,-0.002,1,0
609.788,392.322,-57.297,-1.573,2.068,0.002,2.068,0.013,0.018,7.442,1.0,0.0,-0.001,0,1.0,0.0,-0.002,1,0
609.888,392.322,-57.545,-1.573,2.816,0.002,2.816,0.006,0.003,8.225,1.0,0.0,-0.001,0,1.0,0.0,-0.001,1,0
609.988,392.321,-57.872,-1.573,3.61,0.002,3.61,0.001,0.005,7.378,1.0,0.0,-0.001,0,1.0,0.0,-0.001,1,0
610.138,392.32,-58.501,-1.573,4.7,0.002,4.7,0.001,0.006,7.18,1.0,0.0,-0.001,0,1.0,0.0,-0.001,1,0
610.238,392.319,-59.011,-1.573,5.417,0.002,5.417,0.001,0.004,4.889,1.0,0.0,-0.001,0,1.0,0.0,-0.001,1,0
610.338,392.319,-59.573,-1.572,5.68,0.002,5.68,0.001,0.003,2.152,1.0,0.0,-0.0,0,1.0,0.0,-0.001,1,0
610.438,392.318,-60.147,-1.572,5.766,0.001,5.766,0.001,0.002,-0.066,1.0,0.0,-0.0,0,1.0,0.0,-0.0,0,0
610.538,392.317,-60.734,-1.572,6.273,0.001,6.273,0.001,0.005,13.178,1.0,0.0,-0.0,0,1.0,0.0,-0.0,2,0
610.638,392.316,-61.434,-1.572,7.492,0.001,7.492,0.001,0.004,9.785,1.0,0.0,-0.0,0,1.0,0.0,-0.0,2,0
610.788,392.315,-62.67,-1.572,8.829,0.001,8.829,0.001,0.003,8.154,1.0,0.0,-0.0,0,1.0,0.0,-0.0,2,0
610.888,392.314,-63.561,-1.572,9.0,0.0,9.0,0.0,0.002,3.341,1.0,0.0,-0.0,0,1.0,0.0,-0.0,0,0
610.988,392.312,-64.48,-1.572,9.603,0.0,9.603,0.0,0.002,9.45,1.0,0.0,-0.0,0,1.0,0.0,-0.0,3,0
611.088,392.311,-65.484,-1.572,10.368,0.0,10.368,0.0,0.001,6.585,1.0,0.0,-0.0,0,1.0,0.0,-0.0,3,0
611.188,392.31,-66.557,-1.572,11.006,0.0,11.006,0.0,0.001,5.9,1.0,0.0,-0.0,0,1.0,0.0,-0.0,3,0
611.288,392.309,-67.69,-1.572,11.587,0.0,11.587,0.0,-0.0,5.596,1.0,0.0,0.0,0,1.0,0.0,0.0,3,0
611.388,392.308,-68.879,-1.572,12.143,-0.0,12.143,-0.0,-0.001,5.466,1.0,0.0,0.0,0,1.0,0.0,0.0,3,0
611.538,392.306,-70.759,-1.572,12.743,-0.0,12.743,-0.0,-0.002,1.114,1.0,0.0,0.0,0,1.0,0.0,0.0,3,0
611.638,392.304,-72.032,-1.572,12.909,-0.0,12.909,-0.0,-0.002,4.813,1.0,0.0,0.0,0,1.0,0.0,0.0,0,0
611.738,392.303,-73.355,-1.572,13.473,-0.0,13.473,-0.0,0.003,5.1,1.0,0.0,-0.0,0,1.0,0.0,-0.0,4,0
611.838,392.301,-74.731,-1.572,13.973,0.0,13.973,0.0,0.007,4.748,1.0,0.0,-0.0,0,1.0,0.0,-0.0,4,0
611.938,392.299,-76.154,-1.572,14.443,0.0,14.443,0.001,0.01,4.592,1.0,0.0,-0.0,0,1.0,0.0,-0.0,4,0
612.038,392.298,-77.623,-1.572,14.9,0.0,14.9,0.001,0.017,4.525,1.0,0.0,-0.0,0,1.0,0.0,-0.0,4,0
612.138,392.297,-79.138,-1.572,15.352,0.0,15.352,0.001,0.018,4.497,1.0,0.0,-0.0,0,1.0,0.0,-0.0,4,0
612.238,392.295,-80.698,-1.572,15.801,-0.0,15.801,0.001,0.02,4.487,1.0,0.0,-0.0,0,1.0,0.0,-0.0,4,0
612.338,392.294,-82.301,-1.571,16.15,-0.0,16.15,0.001,0.019,-0.409,0.975,0.0,-0.0,0,0.884,0.0,-0.0,0,0
612.438,392.294,-83.914,-1.571,16.201,-0.001,16.201,0.001,0.018,4.946,1.0,0.0,-0.0,0,1.0,0.0,-0.0,5,0
612.588,392.293,-86.401,-1.571,16.871,-0.001,16.871,0.001,0.016,3.951,0.29,0.0,-0.0,0,0.527,0.0,-0.0,5,0
612.688,392.292,-88.102,-1.571,17.088,-0.001,17.088,0.001,0.013,0.761,0.29,0.0,-0.0,0,0.276,0.0,-0.0,5,0
612.788,392.292,-89.814,-1.571,17.139,-0.001,17.139,0.001,0.011,-0.045,0.31,0.0,-0.0,0,0.306,0.0,-0.0,5,0
612.888,392.291,-91.527,-1.571,17.126,-0.0,17.126,0.0,0.009,-0.308,0.292,0.0,-0.0,0,0.304,0.0,-0.0,5,0
612.988,392.291,-93.237,-1.571,17.091,-0.0,17.091,0.0,0.007,-0.459,0.27,0.0,-0.0,0,0.28,0.0,-0.0,5,0
613.138,392.291,-95.795,-1.571,17.013,-0.0,17.013,0.0,0.006,-0.576,0.262,0.0,-0.0,0,0.264,0.0,-0.0,5,0
613.188,392.291,-96.645,-1.571,16.983,-0.0,16.983,0.0,0.005,-0.641,0.265,0.0,-0.0,0,0.262,0.0,-0.0,5,0
613.338,392.291,-99.184,-1.571,16.885,-0.0,16.885,0.0,0.004,-0.651,0.277,0.0,-0.0,0,0.27,0.0,-0.0,5,0
613.438,392.291,-100.869,-1.571,16.823,-0.0,16.823,0.0,0.004,-0.617,0.293,0.0,-0.0,0,0.285,0.0,-0.0,5,0
613.538,392.291,-102.548,-1.571,16.766,-0.0,16.766,0.0,0.004,-0.512,0.322,0.0,-0.0,0,0.312,0.0,-0.0,5,0
613.638,392.292,-104.222,-1.571,16.717,-0.0,16.717,0.0,0.004,-0.423,0.342,0.0,-0.0,0,0.332,0.0,-0.0,5,0
613.738,392.292,-105.891,-1.571,16.677,-0.0,16.677,0.0,0.003,-0.328,0.36,0.0,-0.0,0,0.351,0.0,-0.0,5,0
613.888,392.293,-108.389,-1.571,16.634,-0.0,16.634,0.0,0.001,-0.236,0.376,0.0,0.0,0,0.368,0.0,0.0,5,0
613.988,392.293,-110.052,-1.571,16.617,-0.0,16.617,-0.0,-0.0,-0.113,0.394,0.0,0.0,0,0.389,0.0,0.0,5,0
614.088,392.293,-111.713,-1.571,16.608,-0.0,16.608,-0.0,-0.001,-0.046,0.403,0.0,0.0,0,0.399,0.0,0.0,5,0
614.188,392.294,-113.374,-1.571,16.605,-0.0,16.605,-0.0,-0.001,0.007,0.409,0.0,0.0,0,0.406,0.0,0.0,5,0
614.288,392.294,-115.034,-1.571,16.606,0.0,16.606,-0.0,-0.001,0.046,0.412,0.0,0.0,0,0.411,0.0,0.0,5,0
614.438,392.295,-117.526,-1.571,16.615,0.0,16.615,-0.0,-0.001,0.08,0.414,0.0,0.0,0,0.414,0.0,0.0,5,0
614.538,392.295,-119.188,-1.571,16.624,0.0,16.624,-0.0,-0.001,0.089,0.413,0.0,0.0,0,0.414,0.0,0.0,5,0
614.638,392.296,-120.851,-1.571,16.633,0.0,16.633,-0.0,-0.0,0.09,0.411,0.0,0.0,0,0.412,0.0,0.0,5,0
614.788,392.296,-123.347,-1.571,16.646,0.0,16.646,-0.0,-0.001,0.08,0.408,0.0,0.0,0,0.409,0.0,0.0,5,0
614.888,392.297,-125.012,-1.571,16.654,-0.0,16.654,-0.0,-0.0,0.069,0.405,0.0,0.0,0,0.406,0.0,0.0,5,0
615.038,392.297,-127.51,-1.571,16.663,0.0,16.663,-0.0,-0.0,0.056,0.402,0.0,0.0,0,0.404,0.0,0.0,5,0
615.138,392.298,-129.177,-1.571,16.668,0.0,16.668,-0.0,-0.0,0.037,0.399,0.0,0.0,0,0.4,0.0,0.0,5,0
615.238,392.298,-130.844,-1.571,16.671,0.0,16.671,-0.0,-0.0,0.025,0.397,0.0,0.0,0,0.398,0.0,0.0,5,0
615.388,392.298,-133.345,-1.571,16.674,0.0,16.674,-0.0,-0.001,0.01,0.395,0.0,0.0,0,0.396,0.0,0.0,5,0
615.488,392.299,-135.012,-1.571,16.675,0.0,16.675,-0.0,-0.0,0.002,0.394,0.0,0.0,0,0.395,0.0,0.0,5,0
615.638,392.299,-137.513,-1.571,16.674,0.0,16.674,-0.0,-0.001,-0.006,0.393,0.0,0.0,0,0.394,0.0,0.0,5,0
615.738,392.3,-139.181,-1.571,16.674,0.0,16.674,-0.0,-0.0,-0.009,0.393,0.0,0.0,0,0.393,0.0,0.0,5,0
615.888,392.3,-141.682,-1.571,16.672,0.0,16.672,-0.0,-0.0,-0.011,0.393,0.0,-0.0,0,0.393,0.0,0.0,5,0
615.988,392.3,-143.349,-1.571,16.671,0.0,16.671,0.0,0.001,-0.012,0.394,0.0,-0.0,0,0.393,0.0,-0.0,5,0
616.088,392.301,-145.016,-1.571,16.67,0.0,16.67,0.0,0.001,-0.011,0.394,0.0,-0.0,0,0.394,0.0,-0.0,5,0
616.238,392.301,-147.516,-1.571,16.668,-0.0,16.668,0.0,0.001,-0.009,0.394,0.0,0.0,0,0.394,0.0,-0.0,5,0
616.338,392.302,-149.183,-1.571,16.667,-0.0,16.667,0.0,0.0,-0.007,0.395,0.0,0.0,0,0.395,0.0,0.0,5,0
616.488,392.302,-151.683,-1.571,16.667,-0.0,16.667,-0.0,-0.0,-0.005,0.395,0.0,0.0,0,0.395,0.0,0.0,5,0
616.588,392.303,-153.35,-1.571,16.666,-0.0,16.666,-0.0,-0.001,-0.003,0.395,0.0,0.0,0,0.395,0.0,0.0,5,0
616.738,392.303,-155.85,-1.571,16.666,-0.0,16.666,-0.0,-0.001,-0.002,0.396,0.0,0.0,0,0.396,0.0,0.0,5,0
616.838,392.304,-157.516,-1.571,16.666,0.0,16.666,-0.0,-0.001,-0.0,0.396,0.0,0.0,0,0.396,0.0,0.0,5,0
616.988,392.304,-160.016,-1.571,16.666,0.0,16.666,-0.0,-0.0,0.001,0.396,0.0,0.0,0,0.396,0.0,0.0,5,0
617.088,392.305,-161.683,-1.571,16.666,0.0,16.666,-0.0,-0.0,0.001,0.396,0.0,0.0,0,0.396,0.0,-0.0,5,0
617.238,392.305,-164.183,-1.571,16.666,-0.0,16.666,-0.0,-0.0,0.001,0.396,0.0,0.0,0,0.396,0.0,0.0,5,0
617.388,392.306,-166.683,-1.571,16.666,-0.0,16.666,-0.0,-0.0,0.002,0.396,0.0,0.0,0,0.396,0.0,0.0,5,0
617.488,392.306,-168.349,-1.571,16.666,-0.0,16.666,-0.0,-0.0,0.001,0.396,0.0,-0.0,0,0.396,0.0,0.0,5,0
617.638,392.306,-170.849,-1.571,16.667,0.0,16.667,0.0,0.001,0.001,0.396,0.0,-0.0,0,0.396,0.0,-0.0,5,0
617.738,392.306,-172.516,-1.571,16.667,0.0,16.667,0.0,0.002,0.001,0.396,0.0,-0.0,0,0.396,0.0,-0.0,5,0
617.838,392.307,-174.182,-1.571,16.667,-0.0,16.667,0.0,0.001,0.001,0.396,0.0,-0.0,0,0.396,0.0,-0.0,5,0
617.988,392.307,-176.682,-1.571,16.667,-0.0,16.667,0.0,0.001,0.0,0.396,0.0,0.0,0,0.396,0.0,0.0,5,0
618.088,392.308,-178.349,-1.571,16.667,-0.0,16.667,-0.0,-0.0,0.0,0.396,0.0,0.0,0,0.396,0.0,0.0,5,0
618.238,392.308,-180.849,-1.571,16.667,-0.0,16.667,-0.0,-0.001,-0.0,0.396,0.0,0.0,0,0.396,0.0,0.0,5,0
618.338,392.309,-182.515,-1.571,16.667,0.0,16.667,-0.0,-0.001,-0.0,0.396,0.0,0.0,0,0.396,0.0,0.0,5,0
618.488,392.309,-185.015,-1.571,16.667,0.0,16.667,-0.0,-0.001,-0.0,0.396,0.0,0.0,0,0.396,0.0,0.0,5,0
618.588,392.31,-186.682,-1.571,16.667,0.0,16.667,-0.0,-0.0,-0.0,0.396,0.0,0.0,0,0.396,0.0,0.0,5,0
618.738,392.31,-189.182,-1.571,16.667,0.0,16.667,-0.0,-0.0,-0.0,0.396,0.0,0.0,0,0.396,0.0,0.0,5,0
618.888,392.311,-191.682,-1.571,16.667,0.0,16.667,-0.0,-0.0,-0.0,0.396,0.0,0.0,0,0.396,0.0,0.0,5,0
618.988,392.311,-193.348,-1.571,16.667,-0.0,16.667,-0.0,-0.001,-0.0,0.396,0.0,0.0,0,0.396,0.0,0.0,5,0
619.138,392.312,-195.848,-1.571,16.667,0.0,16.667,-0.0,-0.001,-0.0,0.396,0.0,0.0,0,0.396,0.0,0.0,5,0
619.238,392.312,-197.515,-1.571,16.667,0.0,16.667,-0.0,-0.001,-0.0,0.396,0.0,0.0,0,0.396,0.0,0.0,5,0
619.388,392.312,-200.015,-1.571,16.667,-0.0,16.667,-0.0,-0.001,-0.0,0.396,0.0,-0.0,0,0.396,0.0,0.0,5,0
619.488,392.312,-201.681,-1.571,16.667,0.0,16.667,0.0,0.002,0.0,0.396,0.0,-0.0,0,0.396,0.0,-0.0,5,0
619.638,392.313,-204.181,-1.571,16.667,0.0,16.667,0.0,0.002,0.0,0.396,0.0,-0.0,0,0.396,0.0,-0.0,5,0
619.738,392.313,-205.848,-1.571,16.667,-0.0,16.667,0.0,0.001,0.0,0.396,0.0,-0.0,0,0.396,0.0,-0.0,5,0
619.888,392.314,-208.348,-1.571,16.667,-0.0,16.667,0.0,0.0,0.0,0.396,0.0,0.0,0,0.396,0.0,0.0,5,0
619.988,392.314,-210.014,-1.571,16.667,-0.0,16.667,-0.0,-0.0,-0.0,0.396,0.0,0.0,0,0.396,0.0,0.0,5,0
620.138,392.315,-212.514,-1.571,16.667,-0.0,16.667,-0.0,-0.001,0.0,0.396,0.0,0.0,0,0.396,0.0,0.0,5,0
620.238,392.315,-214.181,-1.571,16.667,0.0,16.667,-0.0,-0.001,-0.0,0.396,0.0,0.0,0,0.396,0.0,0.0,5,0
620.388,392.316,-216.681,-1.571,16.667,0.0,16.667,-0.0,-0.001,-0.0,0.396,0.0,0.0,0,0.396,0.0,0.0,5,0
620.488,392.316,-218.347,-1.571,16.667,-0.0,16.667,-0.0,-0.001,-0.0,0.396,0.0,0.0,0,0.396,0.0,0.0,5,0
620.638,392.317,-220.847,-1.571,16.667,0.0,16.667,-0.0,-0.0,-0.0,0.396,0.0,0.0,0,0.396,0.0,0.0,5,0
620.738,392.317,-222.514,-1.571,16.667,0.0,16.667,-0.0,-0.001,-0.0,0.396,0.0,0.0,0,0.396,0.0,0.0,5,0
620.888,392.318,-225.014,-1.571,16.667,-0.0,16.667,-0.0,-0.0,-0.0,0.396,0.0,0.0,0,0.396,0.0,0.0,5,0
621.038,392.319,-227.513,-1.571,16.667,-0.0,16.667,-0.0,-0.0,-0.0,0.396,0.0,0.0,0,0.396,0.0,0.0,5,0
621.138,392.319,-229.18,-1.571,16.667,-0.0,16.667,-0.0,0.0,0.0,0.396,0.0,-0.0,0,0.396,0.0,-0.0,5,0
621.288,392.319,-231.68,-1.571,16.667,0.0,16.667,0.0,0.002,0.0,0.396,0.0,-0.0,0,0.396,0.0,-0.0,5,0
621.438,392.32,-234.18,-1.571,16.667,-0.0,16.667,0.0,0.003,0.0,0.396,0.0,-0.0,0,0.396,0.0,-0.0,5,0
621.588,392.321,-236.68,-1.571,16.667,-0.0,16.667,0.0,0.003,0.0,0.396,0.0,-0.0,0,0.396,0.0,-0.0,5,0
621.688,392.321,-238.346,-1.571,16.667,-0.0,16.667,0.0,0.003,0.0,0.396,0.0,-0.0,0,0.396,0.0,-0.0,5,0
621.788,392.321,-240.013,-1.571,16.667,-0.0,16.667,0.0,0.003,0.0,0.396,0.0,-0.0,0,0.396,0.0,-0.0,5,0
621.938,392.322,-242.513,-1.571,16.667,-0.0,16.667,0.0,0.003,0.0,0.396,0.0,-0.0,0,0.396,0.0,-0.0,5,0
622.088,392.323,-245.013,-1.571,16.667,-0.0,16.667,0.0,0.003,0.0,0.396,0.0,-0.0,0,0.396,0.0,-0.0,5,0
622.188,392.323,-246.679,-1.571,16.667,-0.0,16.667,0.0,0.003,0.0,0.396,0.0,-0.0,0,0.396,0.0,-0.0,5,0
622.338,392.324,-249.179,-1.57,16.667,-0.0,16.667,0.0,0.003,0.0,0.396,0.0,-0.0,0,0.396,0.0,-0.0,5,0
622.488,392.324,-251.679,-1.57,16.667,-0.0,16.667,0.0,0.003,0.0,0.396,0.0,-0.0,0,0.396,0.0,-0.0,5,0
622.588,392.325,-253.346,-1.57,16.667,-0.0,16.667,0.0,0.003,0.0,0.396,0.0,-0.0,0,0.396,0.0,-0.0,5,0
622.738,392.326,-255.846,-1.57,16.667,-0.0,16.667,0.0,0.001,0.0,0.396,0.0,0.0,0,0.396,0.0,0.0,5,0
622.888,392.327,-258.346,-1.57,16.667,-0.0,16.667,-0.0,-0.001,-0.0,0.396,0.0,0.0,0,0.396,0.0,0.0,5,0
622.988,392.328,-260.012,-1.57,16.667,-0.0,16.667,-0.0,-0.001,-0.0,0.396,0.0,0.0,0,0.396,0.0,0.0,5,0
623.138,392.329,-262.512,-1.57,16.667,0.0,16.667,-0.0,-0.002,-0.0,0.396,0.0,0.0,0,0.396,0.0,0.0,5,0
623.288,392.33,-265.012,-1.57,16.667,0.0,16.667,-0.0,-0.002,-0.0,0.396,0.0,0.0,0,0.396,0.0,0.0,5,0
623.388,392.33,-266.679,-1.57,16.667,0.0,16.667,-0.0,-0.0,-0.0,0.396,0.0,-0.0,0,0.396,0.0,-0.0,5,0
623.538,392.331,-269.178,-1.57,16.667,0.0,16.667,0.0,0.002,0.0,0.396,0.0,-0.0,0,0.396,0.0,-0.0,5,0
623.688,392.332,-271.678,-1.57,16.667,0.0,16.667,0.0,0.003,0.0,0.396,0.0,-0.0,0,0.396,0.0,-0.0,5,0
623.788,392.333,-273.345,-1.57,16.667,-0.0,16.667,0.0,0.002,0.0,0.396,0.0,-0.0,0,0.396,0.0,-0.0,5,0
623.938,392.334,-275.845,-1.57,16.667,-0.0,16.667,0.0,0.0,0.0,0.396,0.0,0.0,0,0.396,0.0,0.0,5,0
624.088,392.335,-278.345,-1.57,16.667,-0.0,16.667,-0.0,-0.001,-0.0,0.396,0.0,0.0,0,0.396,0.0,0.0,5,0
624.238,392.336,-280.845,-1.57,16.667,0.0,16.667,-0.0,-0.002,-0.0,0.396,0.0,0.0,0,0.396,0.0,0.0,5,0
624.338,392.337,-282.511,-1.57,16.667,0.0,16.667,-0.0,-0.002,-0.0,0.396,0.0,0.0,0,0.396,0.0,0.0,5,0
624.488,392.338,-285.011,-1.57,16.667,0.0,16.667,-0.0,-0.002,-0.0,0.396,0.0,-0.0,0,0.396,0.0,0.0,5,0
624.638,392.338,-287.511,-1.57,16.667,0.0,16.667,0.0,0.001,0.0,0.396,0.0,-0.0,0,0.396,0.0,-0.0,5,0
624.738,392.339,-289.178,-1.57,16.667,0.0,16.667,0.0,0.002,-0.204,0.0,0.0,-0.0,0,0.0,0.0,-0.0,5,0
624.888,392.34,-291.671,-1.57,16.555,-0.0,16.555,0.0,0.002,-0.961,0.0,0.0,-0.0,0,0.0,0.0,-0.0,5,0
625.038,392.341,-294.147,-1.57,16.49,-0.0,16.49,0.0,0.001,-4.873,0.0,0.0,0.0,0,0.0,0.0,0.0,4,0
625.188,392.342,-296.566,-1.57,15.885,-0.0,15.885,-0.0,-0.002,-3.106,0.0,0.0,0.0,0,0.0,0.0,0.0,4,0
625.338,392.343,-298.913,-1.57,15.443,-0.0,15.443,-0.0,-0.004,-2.719,0.0,0.0,0.0,0,0.0,0.0,0.0,4,0
625.488,392.343,-301.197,-1.57,15.043,0.0,15.043,-0.0,-0.0,-2.581,0.0,0.0,-0.0,0,0.0,0.0,-0.0,4,0
625.638,392.344,-303.423,-1.57,14.661,0.0,14.661,0.0,0.004,-2.5,0.0,0.0,-0.0,0,0.0,0.0,-0.0,4,0
625.788,392.344,-305.592,-1.57,14.289,0.0,14.289,0.001,0.006,-2.434,0.0,0.0,-0.0,0,0.0,0.0,-0.0,4,0
625.938,392.345,-307.706,-1.57,13.927,0.0,13.927,0.001,0.007,-2.393,0.0,0.0,-0.0,0,0.0,0.0,-0.0,4,0
626.088,392.347,-309.767,-1.57,13.574,-0.0,13.574,0.0,-0.0,-2.333,0.0,0.0,0.0,0,0.0,0.0,0.0,4,0
626.238,392.348,-311.778,-1.57,13.31,-0.0,13.31,-0.001,-0.007,-0.67,0.0,0.0,0.0,0,0.0,0.0,0.0,4,0
626.388,392.348,-313.756,-1.57,12.881,-0.0,12.881,-0.001,-0.006,-4.924,0.0,0.0,0.0,0,0.0,0.0,0.0,3,0
626.488,392.349,-315.02,-1.57,12.472,0.0,12.472,-0.0,-0.001,-3.62,0.0,0.0,-0.0,0,0.0,0.0,-0.0,3,0
626.638,392.349,-316.849,-1.57,11.967,0.0,11.967,0.0,-0.357,-2.963,0.0,0.0,0.008,0,0.0,0.0,0.007,3,0
626.788,392.343,-318.608,-1.575,11.515,-0.07,11.515,-0.079,-3.29,-3.276,0.0,0.0,0.142,0,0.0,0.0,0.083,3,0
626.938,392.275,-320.294,-1.616,11.019,-0.316,11.015,-0.432,-7.701,-4.063,0.0,0.0,0.299,0,0.0,0.0,0.226,3,0
627.088,392.056,-321.883,-1.718,10.436,-0.637,10.416,-0.929,-11.477,-2.625,0.0,0.0,0.453,0,0.0,0.0,0.389,0,0
627.238,391.612,-323.331,-1.888,9.538,-0.756,9.508,-1.271,-12.735,-11.217,0.0,0.0,0.547,0,0.0,0.0,0.512,2,0
627.388,390.973,-324.477,-2.09,8.263,-0.966,8.206,-1.374,-12.742,-9.162,0.0,0.0,0.557,0,0.0,0.0,0.542,2,0
627.488,390.461,-325.077,-2.226,7.681,-1.036,7.611,-1.363,-9.153,-6.719,0.0,0.0,0.521,0,0.0,0.0,0.542,2,0
627.638,389.623,-325.768,-2.418,6.986,-0.993,6.915,-1.191,-8.481,-4.009,0.0,0.0,0.481,0,0.0,0.0,0.49,2,0
627.738,389.033,-326.114,-2.533,6.84,-0.982,6.769,-1.093,-7.005,-3.746,0.0,0.0,0.433,0,0.0,0.0,0.456,0,0
627.888,388.152,-326.484,-2.687,5.837,-0.877,5.771,-0.907,-3.55,-6.419,0.0,0.0,0.381,0,0.0,0.0,0.405,1,0
627.988,387.622,-326.637,-2.767,5.339,-0.752,5.286,-0.729,-2.406,-4.462,0.0,0.0,0.343,0,0.0,0.0,0.361,1,0
628.088,387.125,-326.746,-2.833,4.889,-0.672,4.842,-0.609,-2.468,-6.154,0.0,0.0,0.302,0,0.149,0.0,0.324,1,0
628.238,386.461,-326.839,-2.907,4.181,-0.589,4.14,-0.422,-0.947,-4.111,0.094,0.0,0.271,0,0.064,0.0,0.285,1,0
628.338,386.062,-326.875,-2.945,3.883,-0.509,3.85,-0.36,-0.281,-1.802,0.49,0.0,0.225,0,0.381,0.0,0.236,1,0
628.438,385.683,-326.9,-2.977,3.761,-0.434,3.736,-0.306,-0.535,-0.384,0.173,0.0,0.205,0,0.0,0.0,0.214,1,0
628.538,385.31,-326.918,-3.006,3.691,-0.386,3.67,-0.274,-0.418,-1.344,0.354,0.0,0.188,0,0.205,0.0,0.196,1,0
628.638,384.948,-326.929,-3.031,3.575,-0.344,3.558,-0.244,-0.447,-0.473,0.583,0.0,0.173,0,0.501,0.0,0.18,1,0
628.738,384.592,-326.934,-3.054,3.581,-0.317,3.567,-0.227,-0.139,1.409,0.568,0.0,0.143,0,0.612,0.0,0.15,1,0
628.838,384.225,-326.935,-3.075,3.752,-0.276,3.741,-0.197,-0.527,1.97,0.426,0.0,0.131,0,0.498,0.0,0.136,1,0
628.938,383.839,-326.931,-3.094,3.938,-0.26,3.93,-0.188,-0.534,1.166,0.4,0.0,0.104,0,0.396,0.0,0.125,1,0
629.038,383.438,-326.924,-3.111,4.046,-0.22,4.04,-0.159,-0.272,0.784,0.462,0.0,0.092,0,0.441,0.0,0.098,1,0
629.138,383.029,-326.914,-3.126,4.133,-0.193,4.128,-0.14,-0.378,0.991,0.454,0.0,0.084,0,0.476,0.0,0.088,1,0
629.238,382.611,-326.901,-3.139,4.239,-0.178,4.235,-0.13,0.112,0.997,0.403,0.0,0.06,0,0.434,0.0,0.065,1,0
629.338,382.182,-326.886,3.134,4.33,-0.134,4.328,-0.097,-0.202,0.584,0.386,0.0,0.053,0,0.391,0.0,0.056,1,0
629.438,381.746,-326.868,3.125,4.383,-0.117,4.382,-0.086,-0.237,0.344,0.398,0.0,0.034,0,0.397,0.0,0.05,1,0
629.538,381.306,-326.85,3.117,4.42,-0.085,4.419,-0.061,-0.01,0.337,0.392,0.0,0.029,0,0.403,0.0,0.031,1,0
629.638,380.863,-326.831,3.112,4.455,-0.066,4.454,-0.048,-0.105,0.264,0.375,0.0,0.015,0,0.387,0.0,0.027,1,0
629.738,380.416,-326.811,3.108,4.48,-0.04,4.479,-0.028,0.063,0.129,0.37,0.0,0.011,0,0.375,0.0,0.013,1,0
629.838,379.968,-326.793,3.106,4.492,-0.027,4.492,-0.02,-0.025,0.048,0.373,0.0,0.01,0,0.376,0.0,0.011,1,0
629.938,379.519,-326.774,3.104,4.498,-0.022,4.498,-0.017,0.287,0.036,0.371,0.0,-0.001,0,0.377,0.0,0.0,1,0
630.038,379.07,-326.756,3.104,4.503,-0.001,4.503,0.0,0.057,0.016,0.367,0.0,-0.001,0,0.373,0.0,-0.001,1,0
630.138,378.62,-326.739,3.104,4.505,0.003,4.505,0.002,0.268,-0.02,0.366,0.0,-0.009,0,0.37,0.0,-0.008,1,0
630.238,378.169,-326.724,3.105,4.504,0.018,4.504,0.014,0.081,-0.034,0.368,0.0,-0.008,0,0.371,0.0,-0.008,1,0
630.338,377.719,-326.709,3.106,4.502,0.018,4.502,0.014,0.047,-0.032,0.367,0.0,-0.013,0,0.371,0.0,-0.008,1,0
630.438,377.269,-326.696,3.108,4.501,0.026,4.501,0.019,0.122,-0.033,0.367,0.0,-0.012,0,0.371,0.0,-0.013,1,0
630.538,376.82,-326.683,3.11,4.499,0.027,4.499,0.02,0.071,-0.035,0.367,0.0,-0.015,0,0.371,0.0,-0.012,1,0
630.638,376.37,-326.672,3.112,4.497,0.031,4.497,0.023,0.114,-0.035,0.368,0.0,-0.014,0,0.371,0.0,-0.014,1,0
630.738,375.92,-326.662,3.114,4.496,0.031,4.496,0.023,0.074,-0.031,0.368,0.0,-0.012,0,0.372,0.0,-0.013,1,0
630.838,375.471,-326.653,3.116,4.495,0.028,4.495,0.021,0.154,-0.029,0.368,0.0,-0.014,0,0.372,0.0,-0.014,1,0
630.938,375.022,-326.645,3.119,4.494,0.031,4.493,0.023,0.08,-0.027,0.368,0.0,-0.013,0,0.372,0.0,-0.013,1,0
631.038,374.573,-326.638,3.121,4.493,0.029,4.493,0.021,0.122,-0.025,0.368,0.0,-0.013,0,0.372,0.0,-0.014,1,0
631.188,373.899,-326.63,3.124,4.491,0.028,4.491,0.021,0.07,-0.022,0.368,0.0,-0.012,0,0.372,0.0,-0.012,1,0
631.288,373.45,-326.625,3.126,4.491,0.026,4.491,0.019,0.091,0.014,0.372,0.0,-0.011,0,0.368,0.0,-0.012,1,0
631.388,373.0,-326.62,3.128,4.49,0.025,4.49,0.018,0.06,0.015,0.372,0.0,-0.01,0,0.368,0.0,-0.011,1,0
631.488,372.551,-326.617,3.13,4.49,0.023,4.49,0.017,0.052,-0.019,0.368,0.0,-0.01,0,0.372,0.0,-0.01,1,0
631.588,372.102,-326.614,3.131,4.49,0.021,4.49,0.016,0.051,-0.018,0.368,0.0,-0.009,0,0.372,0.0,-0.009,1,0
631.688,371.653,-326.612,3.133,4.49,0.019,4.49,0.014,0.048,0.017,0.372,0.0,-0.008,0,0.368,0.0,-0.008,1,0
631.788,371.204,-326.61,3.134,4.49,0.018,4.49,0.013,0.038,0.017,0.372,0.0,-0.007,0,0.368,0.0,-0.007,1,0
631.888,370.755,-326.608,3.135,4.49,0.016,4.49,0.012,0.034,0.017,0.372,0.0,-0.006,0,0.368,0.0,-0.007,1,0
631.988,370.306,-326.607,3.136,4.49,0.014,4.49,0.01,0.029,0.017,0.372,0.0,-0.005,0,0.368,0.0,-0.006,1,0
632.088,369.857,-326.606,3.137,4.49,0.012,4.49,0.009,0.027,0.017,0.372,0.0,-0.005,0,0.368,0.0,-0.005,1,0
632.188,369.408,-326.605,3.138,4.49,0.011,4.49,0.008,0.02,0.017,0.372,0.0,-0.004,0,0.368,0.0,-0.004,1,0
632.288,368.958,-326.605,3.139,4.49,0.009,4.49,0.007,0.02,0.017,0.372,0.0,-0.004,0,0.368,0.0,-0.004,1,0
632.388,368.509,-326.604,3.139,4.49,0.008,4.49,0.006,0.008,0.017,0.372,0.0,-0.003,0,0.368,0.0,-0.003,1,0
632.488,368.06,-326.604,3.14,4.49,0.007,4.49,0.005,0.013,0.017,0.372,0.0,-0.003,0,0.368,0.0,-0.003,1,0
632.588,367.611,-326.604,3.141,4.49,0.006,4.49,0.004,0.003,0.017,0.372,0.0,-0.002,0,0.368,0.0,-0.002,1,0
632.688,367.161,-326.605,3.141,4.49,0.005,4.49,0.004,0.008,0.017,0.372,0.0,-0.002,0,0.368,0.0,-0.002,1,0
632.788,366.712,-326.605,3.141,4.49,0.004,4.49,0.003,0.009,0.017,0.372,0.0,-0.001,0,0.368,0.0,-0.002,1,0
632.938,366.038,-326.605,-3.142,4.491,0.003,4.491,0.002,0.004,0.017,0.372,0.0,-0.001,0,0.368,0.0,-0.001,1,0
633.038,365.589,-326.605,-3.141,4.491,0.003,4.491,0.002,-0.004,-0.017,0.0,1.0,0.0,0,0.372,0.0,-0.001,1,0
633.138,365.141,-326.606,-3.141,4.438,0.001,4.438,0.0,-0.007,-3.419,0.0,1.0,0.0,0,0.0,1.0,0.0,1,0
633.238,364.719,-326.606,-3.141,4.011,0.0,4.011,0.0,-0.001,-6.14,0.0,1.0,0.0,0,0.0,1.0,0.0,1,0
633.338,364.352,-326.606,-3.141,3.412,-0.0,3.412,0.0,-0.0,-5.937,0.0,1.0,0.0,0,0.0,1.0,0.0,1,0
633.438,364.044,-326.606,-3.141,2.833,-0.0,2.833,0.0,0.0,-5.671,0.0,1.0,0.0,0,0.0,1.0,0.0,1,0
633.538,363.792,-326.606,-3.141,2.216,-0.0,2.216,0.0,0.0,-21.216,0.0,1.0,0.0,0,0.0,1.0,0.0,1,0
633.638,363.693,-326.606,-3.141,0.016,-0.0,0.016,0.0,0.0,-0.377,0.0,1.0,0.0,0,0.0,1.0,0.0,1,1
633.738,363.693,-326.606,-3.141,0.006,-0.0,-0.006,0.0,0.0,-0.006,0.0,1.0,0.0,0,0.0,1.0,0.0,1,1
633.838,363.692,-326.606,-3.141,0.006,-0.0,-0.006,0.0,0.0,0.022,0.0,1.0,0.0,0,0.0,1.0,0.0,1,1
633.988,363.69,-326.606,-3.141,0.003,-0.0,-0.003,0.0,0.0,0.014,0.0,1.0,0.0,0,0.0,1.0,0.0,1,1
634.088,363.69,-326.606,-3.141,0.001,-0.0,-0.001,0.0,0.0,0.008,0.0,1.0,0.0,0,0.0,1.0,0.0,1,1
634.188,363.69,-326.606,-3.141,0.001,-0.0,-0.001,-0.0,-0.0,0.004,0.0,1.0,0.0,0,0.0,1.0,0.0,1,1
634.288,363.69,-326.606,-3.141,0.0,-0.0,-0.0,-0.0,0.0,0.002,0.0,1.0,0.0,0,0.0,1.0,0.0,1,1
634.388,363.69,-326.606,-3.141,0.0,0.0,-0.0,-0.0,-0.0,0.004,0.0,1.0,0.0,0,0.0,1.0,0.0,1,1
634.488,363.69,-326.606,-3.141,0.0,-0.0,0.0,-0.0,0.0,0.0,0.0,1.0,0.0,0,0.0,1.0,0.0,1,1
634.588,363.69,-326.606,-3.141,0.0,-0.0,0.0,-0.0,0.0,0.0,0.0,1.0,0.0,0,0.0,1.0,0.0,1,1
634.688,363.69,-326.606,-3.141,0.0,-0.0,0.0,-0.0,0.0,0.0,0.0,1.0,0.0,0,0.0,1.0,0.0,1,1
634.788,363.69,-326.606,-3.141,0.0,-0.0,0.0,-0.0,0.0,0.0,0.0,1.0,0.0,0,0.0,1.0,0.0,1,1
634.938,363.69,-326.606,-3.141,0.0,-0.0,0.0,-0.0,0.0,0.0,0.0,1.0,0.0,0,0.0,1.0,0.0,1,1
635.038,363.69,-326.606,-3.141,0.0,-0.0,0.0,-0.0,0.0,0.0,0.0,1.0,0.0,0,0.0,1.0,0.0,1,1
635.138,363.69,-326.606,-3.141,0.0,-0.0,0.0,-0.0,0.0,0.0,0.0,1.0,0.0,0,0.0,1.0,0.0,1,1
635.238,363.69,-326.606,-3.141,0.0,-0.0,0.0,-0.0,0.0,0.0,0.0,1.0,0.0,0,0.0,1.0,0.0,1,1
635.338,363.69,-326.606,-3.141,0.0,-0.0,0.0,-0.0,0.0,0.0,0.0,1.0,0.0,0,0.0,1.0,0.0,1,1
635.438,363.69,-326.606,-3.141,0.0,-0.0,0.0,-0.0,0.0,0.0,0.0,1.0,0.0,0,0.0,1.0,0.0,1,1
635.538,363.69,-326.606,-3.141,0.0,-0.0,0.0,-0.0,0.0,0.0,0.0,1.0,0.0,0,0.0,1.0,0.0,1,1
635.638,363.69,-326.606,-3.141,0.0,-0.0,0.0,-0.0,0.0,0.0,0.0,1.0,0.0,0,0.0,1.0,0.0,1,1
635.788,363.69,-326.606,-3.141,0.0,-0.0,0.0,-0.0,0.0,0.0,0.0,1.0,0.0,0,0.0,1.0,0.0,1,1
635.888,363.69,-326.606,-3.141,0.0,-0.0,0.0,-0.0,0.0,0.0,0.0,1.0,0.0,0,0.0,1.0,0.0,1,1
635.988,363.69,-326.606,-3.141,0.0,-0.0,0.0,-0.0,0.0,0.0,0.0,1.0,0.0,0,0.0,1.0,0.0,1,1
636.088,363.69,-326.606,-3.141,0.0,-0.0,0.0,-0.0,0.0,0.0,0.0,1.0,0.0,0,0.0,1.0,0.0,1,1
636.188,363.69,-326.606,-3.141,0.0,-0.0,0.0,-0.0,0.0,0.0,0.0,1.0,0.0,0,0.0,1.0,0.0,1,1
636.338,363.69,-326.606,-3.141,0.0,-0.0,0.0,-0.0,0.0,0.0,0.0,1.0,0.0,0,0.0,1.0,0.0,1,1
636.438,363.69,-326.606,-3.141,0.0,-0.0,0.0,-0.0,0.0,0.0,0.0,1.0,0.0,0,0.0,1.0,0.0,1,1
636.538,363.69,-326.606,-3.141,0.0,-0.0,0.0,-0.0,0.0,0.0,0.0,1.0,0.0,0,0.0,1.0,0.0,1,1
636.638,363.69,-326.606,-3.141,0.0,-0.0,0.0,-0.0,0.0,0.0,0.0,1.0,0.0,0,0.0,1.0,0.0,1,1
636.738,363.69,-326.606,-3.141,0.0,-0.0,0.0,-0.0,0.0,0.0,0.0,1.0,0.0,0,0.0,1.0,0.0,1,1
636.838,363.69,-326.606,-3.141,0.0,-0.0,0.0,-0.0,0.0,0.0,0.0,1.0,0.0,0,0.0,1.0,0.0,1,1
636.938,363.69,-326.606,-3.141,0.0,-0.0,0.0,-0.0,0.0,0.0,0.0,1.0,0.0,0,0.0,1.0,0.0,1,1
637.088,363.69,-326.606,-3.141,0.0,-0.0,0.0,-0.0,0.0,0.0,0.0,1.0,0.0,0,0.0,1.0,0.0,1,1
637.188,363.69,-326.606,-3.141,0.0,-0.0,0.0,-0.0,0.0,0.0,0.0,1.0,0.0,0,0.0,1.0,0.0,1,1
637.288,363.69,-326.606,-3.141,0.0,-0.0,0.0,-0.0,0.0,0.0,0.0,1.0,0.0,0,0.0,1.0,0.0,1,1
637.388,363.69,-326.606,-3.141,0.0,-0.0,0.0,-0.0,0.0,0.0,0.0,1.0,0.0,0,0.0,1.0,0.0,1,1
637.488,363.69,-326.606,-3.141,0.0,-0.0,0.0,-0.0,0.0,0.0,1.0,0.0,-0.001,0,0.0,1.0,0.0,1,1
637.588,363.69,-326.606,-3.141,0.0,-0.0,-0.0,0.0,-0.0,-0.0,1.0,0.0,-0.0,0,1.0,0.0,-0.0,1,1
637.688,363.688,-326.606,-3.141,0.014,-0.0,-0.014,-0.0,0.001,1.917,1.0,0.0,-0.0,0,1.0,0.0,-0.0,1,1
637.788,363.682,-326.606,-3.141,0.178,-0.0,0.178,0.0,0.016,1.247,1.0,0.0,-0.0,0,1.0,0.0,-0.0,1,0
637.888,363.655,-326.606,-3.142,0.378,0.001,0.378,0.0,-0.014,4.347,1.0,0.0,-0.001,0,1.0,0.0,-0.001,1,0
637.988,363.592,-326.606,-3.141,0.834,0.0,0.834,0.01,-0.017,4.855,1.0,0.0,-0.0,0,1.0,0.0,-0.001,1,0
638.138,363.4,-326.606,-3.14,1.71,-0.0,1.71,0.001,0.007,6.652,1.0,0.0,0.0,0,1.0,0.0,0.0,1,0
638.238,363.196,-326.607,-3.14,2.328,-0.0,2.328,-0.005,-0.001,7.77,1.0,0.0,0.0,0,1.0,0.0,0.0,1,0
638.338,362.918,-326.607,-3.141,3.152,-0.0,3.152,-0.0,-0.001,8.107,1.0,0.0,0.0,0,1.0,0.0,0.0,1,0
638.438,362.558,-326.607,-3.141,3.939,-0.001,3.939,-0.001,-0.004,6.958,0.526,0.0,0.0,0,0.765,0.0,0.0,1,0
638.538,362.128,-326.608,-3.141,4.561,-0.001,4.561,-0.001,-0.003,3.489,0.259,0.0,0.0,0,0.33,0.0,0.0,1,0
638.638,361.655,-326.608,-3.141,4.814,-0.001,4.814,-0.001,-0.002,0.394,0.391,0.0,0.0,0,0.296,0.0,0.0,1,0
638.788,360.932,-326.609,-3.141,4.846,-0.001,4.846,-0.001,-0.004,0.227,0.468,0.0,0.0,0,0.46,0.0,0.0,1,0
638.838,360.689,-326.609,-3.141,4.873,-0.001,4.873,-0.001,-0.003,0.577,0.338,0.0,0.0,0,0.414,0.0,0.0,1,0
638.938,360.199,-326.609,-3.141,4.916,-0.001,4.916,-0.001,-0.003,-0.212,0.268,0.0,0.0,0,0.282,0.0,0.0,1,0
639.088,359.467,-326.609,-3.141,4.83,-0.001,4.83,-0.001,-0.002,-0.852,0.326,0.0,0.0,0,0.291,0.0,0.0,1,0
639.188,358.989,-326.609,-3.141,4.757,-0.001,4.757,-0.001,-0.002,-0.481,0.346,0.0,0.0,0,0.357,0.0,0.0,1,0
639.288,358.516,-326.61,-3.141,4.713,-0.001,4.713,-0.001,-0.003,-0.413,0.321,0.0,0.0,0,0.33,0.0,0.0,1,0
639.388,358.047,-326.61,-3.141,4.668,-0.001,4.668,-0.001,-0.002,-0.523,0.333,0.0,0.0,0,0.323,0.0,0.0,1,0
639.488,357.583,-326.61,-3.141,4.616,-0.001,4.616,-0.001,-0.002,-0.45,0.354,0.0,0.0,0,0.345,0.0,0.0,1,0
639.588,357.124,-326.61,-3.141,4.576,-0.001,4.576,-0.001,-0.001,-0.28,0.356,0.0,0.0,0,0.357,0.0,0.0,1,0
639.738,356.441,-326.61,-3.141,4.54,-0.001,4.54,-0.001,-0.001,-0.207,0.355,0.0,0.0,0,0.353,0.0,0.0,1,0
639.838,355.988,-326.61,-3.141,4.519,-0.0,4.519,-0.003,-0.001,-0.182,0.365,0.0,0.0,0,0.36,0.0,0.0,1,0
639.938,355.537,-326.61,-3.141,4.503,-0.0,4.503,-0.003,-0.001,-0.098,0.369,0.0,0.0,0,0.369,0.0,0.0,1,0
640.038,355.087,-326.61,-3.141,4.495,-0.0,4.495,-0.003,0.0,-0.064,0.367,0.0,0.0,0,0.369,0.0,0.0,1,0
640.138,354.638,-326.61,-3.141,4.491,-0.0,4.491,-0.003,-0.001,-0.038,0.368,0.0,0.0,0,0.367,0.0,0.0,1,0
640.238,354.189,-326.61,-3.142,4.487,-0.0,4.487,-0.003,-0.001,-0.028,0.371,0.0,0.0,0,0.369,0.0,0.0,1,0
640.338,353.74,-326.61,-3.142,4.485,-0.0,4.485,-0.003,-0.001,-0.007,0.371,0.0,0.0,0,0.371,0.0,0.0,1,0
640.438,353.292,-326.61,-3.142,4.485,-0.0,4.485,-0.003,-0.001,0.006,0.371,0.0,0.0,0,0.371,0.0,0.0,1,0
640.588,352.619,-326.61,-3.142,4.486,-0.0,4.486,0.002,-0.001,0.006,0.371,0.0,0.0,0,0.371,0.0,0.0,1,0
640.688,352.171,-326.61,-3.142,4.486,-0.0,4.486,0.002,0.001,0.007,0.371,0.0,0.0,0,0.371,0.0,0.0,1,0
640.788,351.722,-326.61,-3.142,4.487,-0.0,4.487,0.002,0.001,0.009,0.371,0.0,0.0,0,0.371,0.0,0.0,1,0
640.888,351.273,-326.61,-3.142,4.488,-0.0,4.488,0.002,0.001,0.008,0.371,0.0,0.0,0,0.371,0.0,0.0,1,0
640.988,350.824,-326.61,-3.142,4.489,-0.0,4.489,0.002,0.001,0.006,0.371,0.0,0.0,0,0.371,0.0,0.0,1,0
641.088,350.375,-326.61,-3.142,4.489,-0.0,4.489,0.002,0.001,0.005,0.371,0.0,0.0,0,0.371,0.0,0.0,1,0
641.188,349.927,-326.61,-3.142,4.49,-0.0,4.49,0.002,0.001,0.004,0.371,0.0,0.0,0,0.371,0.0,0.0,1,0
641.238,349.702,-326.61,-3.142,4.49,0.0,4.49,-0.002,-0.001,0.004,0.371,0.0,0.0,0,0.371,0.0,0.0,1,0
641.338,349.253,-326.61,-3.142,4.49,0.0,4.49,-0.002,-0.282,0.001,0.37,0.0,0.008,0,0.371,0.0,0.008,1,0
641.488,348.58,-326.607,3.14,4.491,-0.018,4.49,-0.011,-0.086,0.003,0.371,0.0,0.008,0,0.371,0.0,0.008,1,0
641.588,348.13,-326.603,3.138,4.49,-0.056,4.49,-0.042,-0.442,-0.012,0.373,0.0,0.033,0,0.371,0.0,0.033,1,0
641.688,347.682,-326.594,3.132,4.49,-0.07,4.49,-0.051,-1.48,-0.082,0.37,0.0,0.068,0,0.372,0.0,0.068,1,0
641.788,347.233,-326.575,3.123,4.488,-0.141,4.486,-0.106,-0.561,-0.005,0.372,0.0,0.11,0,0.377,0.0,0.067,1,0
641.888,346.785,-326.548,3.11,4.486,-0.21,4.481,-0.159,-1.116,-0.065,0.38,0.0,0.107,0,0.371,0.0,0.11,1,0
641.988,346.339,-326.509,3.093,4.489,-0.23,4.483,-0.17,-0.659,0.018,0.369,0.0,0.153,0,0.376,0.0,0.103,1,0
642.088,345.893,-326.459,3.075,4.486,-0.295,4.477,-0.222,-1.408,-0.139,0.385,0.0,0.147,0,0.367,0.0,0.151,1,0
642.188,345.449,-326.394,3.051,4.487,-0.314,4.476,-0.233,-2.713,-0.385,0.371,0.0,0.197,0,0.381,0.0,0.201,1,0
642.288,345.009,-326.31,3.022,4.482,-0.408,4.463,-0.306,-1.349,-0.038,0.378,0.0,0.246,0,0.396,0.0,0.191,1,0
642.388,344.573,-326.209,2.99,4.481,-0.481,4.455,-0.362,-2.0,-0.204,0.394,0.0,0.234,0,0.369,0.0,0.241,1,0
642.488,344.142,-326.087,2.953,4.487,-0.493,4.46,-0.367,-1.375,0.008,0.37,0.0,0.282,0,0.379,0.0,0.224,1,0
642.588,343.715,-325.948,2.915,4.485,-0.552,4.451,-0.415,-2.21,-0.345,0.402,0.0,0.268,0,0.357,0.0,0.276,1,0
642.688,343.298,-325.787,2.873,4.485,-0.562,4.45,-0.418,-3.453,-0.697,0.377,0.0,0.316,0,0.387,0.0,0.324,1,0
642.788,342.891,-325.602,2.826,4.479,-0.646,4.432,-0.484,-2.019,-0.108,0.384,0.0,0.358,0,0.408,0.0,0.306,1,0
642.888,342.494,-325.394,2.776,4.482,-0.704,4.426,-0.529,-2.58,-0.376,0.4,0.0,0.336,0,0.362,0.0,0.348,1,0
642.988,342.111,-325.162,2.723,4.493,-0.703,4.438,-0.522,-1.913,-0.101,0.365,0.0,0.374,0,0.378,0.0,0.323,1,0
643.088,341.739,-324.911,2.671,4.491,-0.74,4.429,-0.554,-2.598,-0.542,0.404,0.0,0.351,0,0.35,0.0,0.363,1,0
643.188,341.384,-324.637,2.616,4.49,-0.732,4.43,-0.544,-3.69,-0.92,0.376,0.0,0.387,0,0.389,0.0,0.399,1,0
643.288,341.049,-324.342,2.557,4.482,-0.793,4.412,-0.592,-2.66,-0.446,0.411,0.0,0.374,0,0.376,0.0,0.387,1,0
643.388,340.733,-324.025,2.498,4.487,-0.83,4.409,-0.622,-3.666,-0.866,0.359,0.0,0.405,0,0.381,0.0,0.419,1,0
643.438,340.583,-323.859,2.466,4.49,-0.833,4.412,-0.624,-2.305,-0.309,0.375,0.0,0.375,0,0.397,0.0,0.391,1,0
643.538,340.296,-323.513,2.406,4.508,-0.791,4.438,-0.586,-3.548,-0.972,0.349,0.0,0.405,0,0.367,0.0,0.418,1,0
643.638,340.033,-323.15,2.345,4.492,-0.833,4.415,-0.623,-2.275,-0.392,0.386,0.0,0.435,0,0.402,0.0,0.39,1,0
643.738,339.793,-322.772,2.283,4.483,-0.864,4.399,-0.649,-2.858,-0.203,0.485,0.0,0.405,0,0.593,0.0,0.421,1,0
643.838,339.579,-322.376,2.218,4.555,-0.854,4.474,-0.637,-2.34,0.557,0.319,0.0,0.425,0,0.416,0.0,0.389,1,0
643.938,339.385,-321.961,2.155,4.614,-0.871,4.531,-0.655,-2.681,-0.627,0.868,0.0,0.392,0,0.282,0.0,0.409,1,0
644.038,339.216,-321.533,2.091,4.608,-0.835,4.531,-0.624,-2.204,0.324,0.575,0.0,0.357,0,0.545,0.0,0.374,1,0
644.138,339.068,-321.093,2.032,4.713,-0.783,4.647,-0.583,-2.241,0.96,0.369,0.0,0.345,0,0.575,0.0,0.357,1,0
644.188,339.001,-320.865,2.002,4.782,-0.786,4.717,-0.589,-2.365,0.651,0.315,0.0,0.329,0,0.369,0.0,0.345,1,0
644.288,338.88,-320.398,1.945,4.857,-0.736,4.801,-0.553,-1.906,-0.372,0.335,0.0,0.306,0,0.302,0.0,0.313,1,0
644.388,338.779,-319.925,1.893,4.837,-0.68,4.789,-0.511,-1.771,-0.532,0.414,0.0,0.276,0,0.379,0.0,0.291,1,0
644.488,338.698,-319.45,1.845,4.822,-0.62,4.782,-0.464,-1.589,-0.062,0.392,0.0,0.249,0,0.412,0.0,0.262,1,0
644.588,338.633,-318.972,1.801,4.84,-0.563,4.807,-0.422,-1.399,-0.054,0.346,0.0,0.222,0,0.363,0.0,0.235,1,0
644.688,338.582,-318.491,1.761,4.843,-0.507,4.816,-0.38,-1.233,-0.321,0.357,0.0,0.194,0,0.344,0.0,0.211,1,0
644.788,338.544,-318.009,1.726,4.823,-0.447,4.802,-0.334,-0.994,-0.284,0.38,0.0,0.172,0,0.372,0.0,0.183,1,0
644.888,338.516,-317.529,1.695,4.808,-0.396,4.791,-0.295,-0.935,-0.136,0.377,0.0,0.154,0,0.381,0.0,0.163,1,0
644.988,338.499,-317.049,1.667,4.803,-0.355,4.79,-0.265,-0.554,0.314,0.891,0.0,0.128,0,1.0,0.0,0.137,1,0
645.088,338.488,-316.565,1.643,4.912,-0.305,4.903,-0.228,-0.581,3.669,1.0,0.0,0.079,0,1.0,0.0,0.112,1,0
645.188,338.481,-316.052,1.624,5.346,-0.22,5.341,-0.166,-0.199,0.379,1.0,0.0,0.061,0,1.0,0.0,0.07,1,0
645.288,338.474,-315.512,1.609,5.519,-0.16,5.517,-0.154,-0.516,6.065,1.0,0.0,0.049,0,1.0,0.0,0.055,1,0
645.388,338.469,-314.932,1.597,5.947,-0.128,5.945,-0.149,-0.277,-0.458,1.0,0.0,0.038,0,1.0,0.0,0.044,0,0
645.488,338.467,-314.34,1.587,5.922,-0.096,5.921,-0.137,-0.486,12.73,1.0,0.0,0.03,0,1.0,0.0,0.034,2,0
645.588,338.468,-313.678,1.58,7.177,-0.092,7.177,-0.078,-0.408,10.615,1.0,0.0,0.023,0,1.0,0.0,0.026,2,0
645.688,338.471,-312.902,1.573,8.178,-0.074,8.178,-0.071,-0.383,8.548,1.0,0.0,0.016,0,1.0,0.0,0.02,2,0
645.788,338.479,-312.038,1.566,9.004,-0.053,9.004,-0.058,-0.227,1.871,1.0,0.0,0.011,0,1.0,0.0,0.013,2,0
645.888,338.489,-311.137,1.562,8.929,-0.03,8.929,-0.041,-0.183,7.973,1.0,0.0,0.006,0,1.0,0.0,0.008,0,0
645.988,338.501,-310.2,1.558,9.785,-0.017,9.785,-0.026,-0.092,7.904,1.0,0.0,0.002,0,1.0,0.0,0.003,3,0
646.088,338.516,-309.179,1.556,10.533,-0.006,10.533,-0.013,-0.005,6.496,1.0,0.0,-0.0,0,1.0,0.0,0.0,3,0
646.188,338.532,-308.09,1.556,11.164,0.001,11.164,-0.003,0.058,5.862,1.0,0.0,-0.002,0,1.0,0.0,-0.002,3,0
646.288,338.548,-306.942,1.556,11.742,0.005,11.742,0.004,0.103,5.582,1.0,0.0,-0.002,0,1.0,0.0,-0.003,3,0
646.388,338.565,-305.737,1.557,12.296,0.006,12.296,0.009,0.132,5.462,1.0,0.0,-0.003,0,1.0,0.0,-0.003,3,0
646.538,338.589,-303.846,1.558,12.661,0.005,12.661,0.012,0.128,-1.462,1.0,0.0,-0.003,0,1.0,0.0,-0.003,0,0
646.638,338.604,-302.563,1.56,13.079,0.003,13.079,0.012,0.155,5.591,1.0,0.0,-0.003,0,1.0,0.0,-0.003,4,0
646.738,338.618,-301.225,1.561,13.619,0.002,13.619,0.012,0.139,4.965,1.0,0.0,-0.002,0,1.0,0.0,-0.002,4,0
646.838,338.63,-299.836,1.562,14.107,0.001,14.107,0.011,0.149,4.688,1.0,0.0,-0.002,0,1.0,0.0,-0.002,4,0
646.938,338.642,-298.399,1.563,14.572,-0.001,14.572,0.01,0.132,4.566,1.0,0.0,-0.002,0,1.0,0.0,-0.002,4,0
647.038,338.653,-296.917,1.564,15.027,-0.001,15.027,0.009,0.13,4.514,1.0,0.0,-0.001,0,1.0,0.0,-0.002,4,0
647.138,338.663,-295.39,1.565,15.478,-0.002,15.478,0.008,0.113,4.493,1.0,0.0,-0.001,0,1.0,0.0,-0.001,4,0
647.238,338.672,-293.817,1.566,15.927,-0.003,15.927,0.007,0.108,4.491,0.956,0.0,-0.001,0,1.0,0.0,-0.001,4,0
647.338,338.68,-292.208,1.566,16.122,-0.003,16.122,0.006,0.094,0.026,1.0,0.0,-0.001,0,0.79,0.0,-0.001,0,0
647.438,338.687,-290.59,1.567,16.342,-0.003,16.342,0.005,0.085,4.647,0.66,0.0,-0.001,0,1.0,0.0,-0.001,5,0
647.588,338.697,-288.087,1.568,16.926,-0.003,16.926,0.004,0.072,2.974,0.329,0.0,-0.001,0,0.462,0.0,-0.001,5,0
647.688,338.702,-286.386,1.568,17.073,-0.003,17.073,0.004,0.065,0.529,0.34,0.0,-0.001,0,0.334,0.0,-0.001,5,0
647.788,338.707,-284.676,1.568,17.11,-0.002,17.11,0.003,0.058,0.013,0.327,0.0,-0.0,0,0.338,0.0,-0.001,5,0
647.888,338.711,-282.966,1.569,17.104,-0.002,17.104,0.003,0.048,-0.231,0.297,0.0,-0.0,0,0.312,0.0,-0.0,5,0
647.988,338.715,-281.257,1.569,17.076,-0.002,17.076,0.002,0.042,-0.413,0.274,0.0,-0.0,0,0.284,0.0,-0.0,5,0
648.088,338.719,-279.552,1.569,17.031,-0.002,17.031,0.002,0.036,-0.545,0.267,0.0,-0.0,0,0.269,0.0,-0.0,5,0
648.188,338.722,-277.852,1.569,16.975,-0.001,16.975,0.002,0.028,-0.614,0.27,0.0,-0.0,0,0.267,0.0,-0.0,5,0
648.288,338.724,-276.158,1.569,16.913,-0.001,16.913,0.001,0.025,-0.626,0.281,0.0,-0.0,0,0.275,0.0,-0.0,5,0
648.388,338.727,-274.47,1.57,16.851,-0.001,16.851,0.001,0.021,-0.596,0.296,0.0,-0.0,0,0.288,0.0,-0.0,5,0
648.488,338.729,-272.789,1.57,16.793,-0.001,16.793,0.001,0.016,-0.535,0.314,0.0,-0.0,0,0.305,0.0,-0.0,5,0
648.588,338.731,-271.112,1.57,16.741,-0.001,16.741,0.001,0.014,-0.456,0.333,0.0,-0.0,0,0.324,0.0,-0.0,5,0
648.688,338.733,-269.441,1.57,16.697,-0.0,16.697,0.001,0.012,-0.367,0.351,0.0,-0.0,0,0.342,0.0,-0.0,5,0
648.788,338.734,-267.773,1.57,16.663,-0.0,16.663,0.001,0.01,-0.277,0.368,0.0,-0.0,0,0.36,0.0,-0.0,5,0
648.888,338.736,-266.108,1.57,16.638,-0.0,16.638,0.001,0.008,-0.191,0.382,0.0,-0.0,0,0.375,0.0,-0.0,5,0
648.938,338.737,-265.276,1.57,16.628,-0.0,16.628,0.0,0.008,-0.151,0.388,0.0,-0.0,0,0.382,0.0,-0.0,5,0
649.038,338.738,-263.614,1.57,16.615,-0.0,16.615,0.0,0.007,-0.079,0.398,0.0,-0.0,0,0.393,0.0,-0.0,5,0
649.188,338.74,-261.123,1.57,16.607,-0.0,16.607,0.0,0.006,-0.021,0.405,0.0,-0.0,0,0.402,0.0,-0.0,5,0
649.288,338.741,-259.462,1.57,16.609,-0.0,16.609,0.0,0.005,0.022,0.41,0.0,-0.0,0,0.408,0.0,-0.0,5,0
649.388,338.743,-257.801,1.57,16.614,-0.0,16.614,0.0,0.004,0.057,0.412,0.0,-0.0,0,0.412,0.0,-0.0,5,0
649.488,338.744,-256.139,1.57,16.621,-0.0,16.621,0.0,0.002,0.081,0.413,0.0,-0.0,0,0.412,0.0,-0.0,5,0
649.588,338.745,-254.477,1.57,16.629,-0.0,16.629,0.0,0.002,0.086,0.412,0.0,-0.0,0,0.412,0.0,-0.0,5,0
649.688,338.746,-252.813,1.57,16.638,-0.0,16.638,0.0,0.002,0.085,0.41,0.0,-0.0,0,0.411,0.0,-0.0,5,0
649.788,338.747,-251.149,1.57,16.646,-0.0,16.646,0.0,0.002,0.078,0.407,0.0,-0.0,0,0.409,0.0,-0.0,5,0
649.888,338.749,-249.484,1.57,16.654,-0.0,16.654,0.0,0.002,0.067,0.405,0.0,-0.0,0,0.406,0.0,-0.0,5,0
649.988,338.75,-247.818,1.57,16.66,-0.0,16.66,0.0,0.002,0.055,0.402,0.0,-0.0,0,0.404,0.0,-0.0,5,0
650.088,338.751,-246.152,1.57,16.665,-0.0,16.665,0.0,0.002,0.042,0.4,0.0,-0.0,0,0.401,0.0,-0.0,5,0
650.188,338.752,-244.485,1.57,16.669,-0.0,16.669,0.0,0.002,0.03,0.398,0.0,-0.0,0,0.399,0.0,-0.0,5,0
650.288,338.753,-242.818,1.57,16.672,-0.0,16.672,0.0,0.002,0.019,0.396,0.0,-0.0,0,0.397,0.0,-0.0,5,0
650.388,338.754,-241.151,1.57,16.673,-0.0,16.673,0.0,0.002,0.01,0.395,0.0,-0.0,0,0.396,0.0,-0.0,5,0
650.488,338.756,-239.484,1.57,16.674,-0.0,16.674,0.0,0.002,0.002,0.394,0.0,-0.0,0,0.395,0.0,-0.0,5,0
650.638,338.757,-236.982,1.57,16.674,-0.0,16.674,0.0,0.002,-0.003,0.394,0.0,-0.0,0,0.394,0.0,-0.0,5,0
650.738,338.758,-235.315,1.57,16.673,-0.0,16.673,0.0,0.002,-0.009,0.393,0.0,-0.0,0,0.393,0.0,-0.0,5,0
650.838,338.759,-233.648,1.57,16.673,-0.0,16.673,0.0,0.001,-0.011,0.393,0.0,0.0,0,0.393,0.0,0.0,5,0
650.938,338.76,-231.981,1.57,16.671,-0.0,16.671,0.0,-0.0,-0.011,0.394,0.0,0.0,0,0.393,0.0,0.0,5,0
651.038,338.761,-230.313,1.57,16.67,-0.0,16.67,-0.0,-0.002,-0.011,0.394,0.0,0.0,0,0.394,0.0,0.0,5,0
651.138,338.762,-228.646,1.57,16.669,-0.0,16.669,-0.0,-0.002,-0.01,0.394,0.0,0.0,0,0.394,0.0,0.0,5,0
651.238,338.763,-226.98,1.57,16.668,0.0,16.668,-0.0,-0.002,-0.009,0.394,0.0,0.0,0,0.394,0.0,0.0,5,0
651.338,338.764,-225.313,1.57,16.667,0.0,16.667,-0.0,-0.001,-0.007,0.395,0.0,-0.0,0,0.395,0.0,-0.0,5,0
651.438,338.765,-223.646,1.57,16.667,0.0,16.667,-0.0,0.0,-0.005,0.395,0.0,-0.0,0,0.395,0.0,-0.0,5,0
651.538,338.766,-221.979,1.57,16.666,0.0,16.666,0.0,0.001,-0.004,0.395,0.0,-0.0,0,0.395,0.0,-0.0,5,0
651.638,338.767,-220.313,1.57,16.666,0.0,16.666,0.0,0.002,-0.002,0.396,0.0,-0.0,0,0.395,0.0,-0.0,5,0
651.788,338.769,-217.813,1.57,16.666,-0.0,16.666,0.0,0.002,-0.001,0.396,0.0,-0.0,0,0.396,0.0,-0.0,5,0
651.888,338.77,-216.146,1.57,16.666,-0.0,16.666,0.0,0.002,-0.0,0.0,1.0,0.0,0,0.396,0.0,-0.0,5,0
651.988,338.771,-214.481,1.57,16.62,-0.0,16.62,0.0,0.001,-3.052,0.0,1.0,0.0,0,0.0,1.0,0.0,5,0
652.088,338.771,-212.838,1.57,16.227,-0.0,16.227,0.0,0.001,-5.89,0.0,1.0,0.0,0,0.0,1.0,0.0,0,0
652.188,338.772,-211.249,1.57,15.635,-0.0,15.635,0.0,0.0,-8.841,0.0,1.0,0.0,0,0.0,1.0,0.0,4,0
652.288,338.773,-209.735,1.57,14.776,-0.0,14.776,0.0,0.0,-8.071,0.0,1.0,0.0,0,0.0,1.0,0.0,4,0
652.388,338.774,-208.302,1.57,13.978,-0.0,13.978,0.0,0.0,-7.759,0.0,1.0,0.0,0,0.0,1.0,0.0,4,0
652.488,338.774,-206.947,1.57,13.208,-0.0,13.208,0.0,0.0,-6.235,0.0,1.0,0.0,0,0.0,1.0,0.0,4,0
652.638,338.776,-205.04,1.57,12.227,-0.0,12.227,-0.0,-0.007,-7.695,1.0,0.0,0.0,0,1.0,0.0,0.0,0,0
652.738,338.776,-203.842,1.57,11.858,-0.0,11.858,-0.0,-0.002,0.102,1.0,0.0,0.0,0,1.0,0.0,0.0,3,0
652.838,338.777,-202.653,1.57,11.944,-0.0,11.944,-0.0,-0.002,3.121,1.0,0.0,0.0,0,1.0,0.0,0.0,3,0
652.938,338.778,-201.439,1.57,12.291,-0.0,12.291,-0.0,-0.001,4.477,1.0,0.0,-0.0,0,1.0,0.0,0.0,3,0
653.088,338.779,-199.539,1.57,12.998,0.0,12.998,-0.0,-0.0,4.946,1.0,0.0,-0.0,0,1.0,0.0,-0.0,3,0
653.188,338.78,-198.237,1.57,12.982,0.0,12.982,0.0,0.0,4.569,1.0,0.0,-0.0,0,1.0,0.0,-0.0,0,0
653.288,338.781,-196.913,1.57,13.495,0.0,13.495,0.0,0.0,5.301,1.0,0.0,-0.0,0,1.0,0.0,-0.0,4,0
653.388,338.782,-195.534,1.57,14.012,0.0,14.012,0.0,0.0,4.841,1.0,0.0,0.0,0,1.0,0.0,-0.0,4,0
653.488,338.782,-194.106,1.57,14.49,-0.0,14.49,0.0,-0.0,4.636,1.0,0.0,0.0,0,1.0,0.0,0.0,4,0
653.638,338.783,-191.877,1.57,15.178,-0.0,15.178,-0.0,-0.001,4.545,1.0,0.0,0.0,0,1.0,0.0,0.0,4,0
653.738,338.784,-190.335,1.57,15.629,-0.0,15.629,-0.0,-0.001,4.498,1.0,0.0,0.0,0,1.0,0.0,0.0,4,0
653.838,338.786,-188.747,1.57,16.079,0.0,16.079,-0.0,-0.0,1.204,0.844,0.0,-0.0,0,1.0,0.0,0.0,4,0
653.938,338.787,-187.133,1.57,16.144,0.0,16.144,-0.0,0.0,2.298,1.0,0.0,-0.0,0,1.0,0.0,-0.0,0,0
654.088,338.788,-184.672,1.57,16.722,0.0,16.722,0.0,0.001,3.645,0.376,0.0,-0.0,0,0.488,0.0,-0.0,5,0
654.188,338.79,-182.981,1.57,17.026,0.0,17.026,0.0,0.002,1.379,0.284,0.0,-0.0,0,0.288,0.0,-0.0,5,0
654.288,338.791,-181.272,1.57,17.126,-0.0,17.126,0.0,0.002,0.18,0.31,0.0,-0.0,0,0.298,0.0,-0.0,5,0
654.388,338.792,-179.559,1.57,17.132,-0.0,17.132,0.0,0.002,-0.218,0.302,0.0,-0.0,0,0.311,0.0,-0.0,5,0
654.488,338.793,-177.848,1.57,17.105,-0.0,17.105,0.0,0.002,-0.395,0.279,0.0,-0.0,0,0.29,0.0,-0.0,5,0
654.638,338.795,-175.288,1.57,17.035,-0.0,17.035,0.0,0.001,-0.58,0.262,0.0,0.0,0,0.264,0.0,-0.0,5,0
654.738,338.795,-173.587,1.57,16.976,-0.0,16.976,0.0,-0.0,-0.64,0.267,0.0,0.0,0,0.263,0.0,0.0,5,0
654.888,338.797,-171.049,1.57,16.879,-0.0,16.879,-0.0,-0.001,-0.646,0.279,0.0,0.0,0,0.272,0.0,0.0,5,0
654.988,338.797,-169.365,1.57,16.817,-0.0,16.817,-0.0,-0.003,-0.578,0.305,0.0,0.0,0,0.295,0.0,0.0,5,0
655.088,338.798,-167.686,1.57,16.761,0.0,16.761,-0.0,-0.003,-0.503,0.324,0.0,0.0,0,0.314,0.0,0.0,5,0
655.238,338.8,-165.178,1.57,16.692,0.0,16.692,-0.0,-0.002,-0.412,0.344,0.0,-0.0,0,0.334,0.0,0.0,5,0
655.338,338.801,-163.51,1.57,16.658,0.0,16.658,-0.0,0.0,-0.271,0.369,0.0,-0.0,0,0.361,0.0,-0.0,5,0
655.438,338.803,-161.846,1.57,16.633,0.0,16.633,0.0,0.001,-0.184,0.384,0.0,-0.0,0,0.377,0.0,-0.0,5,0
655.538,338.804,-160.184,1.57,16.617,0.0,16.617,0.0,0.002,-0.106,0.395,0.0,-0.0,0,0.39,0.0,-0.0,5,0
655.688,338.805,-157.692,1.57,16.606,-0.0,16.606,0.0,0.002,-0.013,0.407,0.0,-0.0,0,0.403,0.0,-0.0,5,0
655.788,338.806,-156.032,1.57,16.606,-0.0,16.606,0.0,0.001,0.031,0.411,0.0,0.0,0,0.409,0.0,-0.0,5,0
655.938,338.807,-153.54,1.57,16.613,-0.0,16.613,-0.0,-0.0,0.062,0.414,0.0,0.0,0,0.412,0.0,0.0,5,0
656.038,338.808,-151.879,1.57,16.62,-0.0,16.62,-0.0,-0.002,0.086,0.413,0.0,0.0,0,0.414,0.0,0.0,5,0
656.138,338.809,-150.216,1.57,16.629,-0.0,16.629,-0.0,-0.0,-0.817,0.0,1.0,0.0,0,0.0,1.0,0.0,5,0
656.288,338.81,-147.746,1.57,16.199,0.0,16.199,-0.0,-0.001,-4.79,0.0,1.0,0.0,0,0.0,1.0,0.0,5,0
656.388,338.811,-146.159,1.57,15.607,0.0,15.607,-0.0,-0.0,-8.807,0.0,1.0,0.0,0,0.0,1.0,0.0,4,0
656.488,338.812,-144.648,1.57,14.752,0.0,14.752,0.0,-0.0,-8.056,0.0,1.0,0.0,0,0.0,1.0,0.0,4,0
656.588,338.812,-143.217,1.57,13.955,0.0,13.955,0.0,-0.0,-7.751,0.0,1.0,0.0,0,0.0,1.0,0.0,4,0
656.738,338.814,-141.215,1.57,12.873,-0.0,12.873,0.0,0.0,-5.687,0.0,1.0,0.0,0,0.0,1.0,0.0,0,0
656.838,338.814,-139.962,1.57,12.15,-0.0,12.15,0.0,-0.012,-8.202,1.0,0.0,0.0,0,1.0,0.0,0.0,3,0
656.988,338.816,-138.215,1.57,11.435,-0.0,11.435,-0.0,-0.001,0.175,1.0,0.0,0.0,0,1.0,0.0,0.0,3,0
657.088,338.816,-137.067,1.57,11.542,-0.0,11.542,-0.0,-0.0,3.047,1.0,0.0,-0.0,0,1.0,0.0,0.0,3,0
657.238,338.818,-135.291,1.57,12.126,0.0,12.126,0.0,0.001,4.862,1.0,0.0,-0.0,0,1.0,0.0,-0.0,3,0
657.338,338.818,-134.051,1.57,12.619,0.0,12.619,0.0,0.001,5.126,1.0,0.0,-0.0,0,1.0,0.0,-0.0,3,0
657.488,338.819,-132.123,1.57,12.858,0.0,12.858,0.0,0.001,-1.389,1.0,0.0,-0.0,0,1.0,0.0,-0.0,0,0
657.588,338.82,-130.81,1.57,13.379,0.0,13.379,0.0,0.0,5.345,1.0,0.0,-0.0,0,1.0,0.0,-0.0,4,0
657.688,338.821,-129.443,1.57,13.899,-0.0,13.899,0.0,0.0,4.859,1.0,0.0,0.0,0,1.0,0.0,0.0,4,0
657.838,338.822,-127.3,1.57,14.611,-0.0,14.611,-0.0,-0.0,4.643,1.0,0.0,0.0,0,1.0,0.0,0.0,4,0
657.938,338.823,-125.814,1.57,15.067,-0.0,15.067,-0.0,-0.001,4.523,1.0,0.0,0.0,0,1.0,0.0,0.0,4,0
658.088,338.825,-123.5,1.57,15.744,0.0,15.744,-0.0,-0.0,4.498,1.0,0.0,-0.0,0,1.0,0.0,0.0,4,0
658.188,338.826,-121.901,1.57,16.115,0.0,16.115,0.0,0.001,0.241,0.961,0.0,-0.0,0,0.926,0.0,-0.0,0,0
658.288,338.827,-120.29,1.57,16.114,0.0,16.114,0.0,0.002,5.499,1.0,0.0,-0.0,0,1.0,0.0,-0.0,5,0
658.438,338.829,-117.812,1.57,16.82,0.0,16.82,0.0,0.002,2.799,0.327,0.0,-0.0,0,0.433,0.0,-0.0,5,0
658.538,338.83,-116.115,1.57,17.045,-0.0,17.045,0.0,0.002,0.906,0.324,0.0,-0.0,0,0.314,0.0,-0.0,5,0
658.688,338.832,-113.551,1.57,17.117,-0.0,17.117,0.0,0.002,-0.06,0.321,0.0,-0.0,0,0.331,0.0,-0.0,5,0
658.788,338.833,-111.841,1.57,17.105,-0.0,17.105,0.0,0.002,-0.279,0.291,0.0,-0.0,0,0.306,0.0,-0.0,5,0
658.938,338.834,-109.279,1.57,17.05,-0.0,17.05,0.0,0.001,-0.514,0.267,0.0,0.0,0,0.271,0.0,-0.0,5,0
659.038,338.835,-107.577,1.57,16.996,-0.0,16.996,0.0,-0.0,-0.603,0.267,0.0,0.0,0,0.266,0.0,0.0,5,0
659.138,338.836,-105.881,1.57,16.934,-0.0,16.934,-0.0,-0.001,-0.633,0.276,0.0,0.0,0,0.271,0.0,0.0,5,0
659.288,338.837,-103.349,1.57,16.841,-0.0,16.841,-0.0,-0.003,-0.591,0.299,0.0,0.0,0,0.29,0.0,0.0,5,0
659.438,338.839,-100.829,1.57,16.757,0.0,16.757,-0.0,-0.002,-0.525,0.317,0.0,0.0,0,0.308,0.0,0.0,5,0
659.538,338.84,-99.156,1.57,16.71,0.0,16.71,-0.0,-0.0,-0.596,0.0,0.0,-0.0,0,0.0,0.0,-0.0,5,0
659.688,338.842,-96.66,1.57,16.559,0.0,16.559,0.0,0.001,-1.363,0.0,0.0,-0.0,0,0.0,0.0,-0.0,5,0
659.788,338.843,-95.007,1.57,16.523,0.0,16.523,0.0,0.003,-2.261,0.0,0.0,-0.0,0,0.0,0.0,-0.0,0,0
659.938,338.844,-92.565,1.57,16.013,-0.0,16.013,0.0,0.003,-3.273,0.0,0.0,-0.0,0,0.0,0.0,-0.0,4,0
660.088,338.846,-90.201,1.57,15.554,-0.0,15.554,0.0,0.001,-2.876,0.0,0.0,0.0,0,0.0,0.0,0.0,4,0
660.188,338.846,-88.661,1.57,15.28,-0.0,15.28,-0.0,-0.002,-2.646,0.0,0.0,0.0,0,0.0,0.0,0.0,4,0
660.338,338.848,-86.401,1.57,14.889,-0.0,14.889,-0.0,-0.003,-2.573,0.0,0.0,0.0,0,0.0,0.0,0.0,4,0
660.438,338.848,-84.926,1.57,14.636,-0.0,14.636,-0.0,-0.004,-2.495,0.0,0.0,0.0,0,0.0,0.0,0.0,4,0
660.588,338.849,-82.76,1.57,14.265,0.0,14.265,-0.0,-0.004,-2.43,0.0,0.0,0.0,0,0.0,0.0,0.0,4,0
660.738,338.851,-80.649,1.57,13.904,0.0,13.904,-0.0,-0.004,-2.389,0.0,0.0,0.0,0,0.0,0.0,0.0,4,0
660.838,338.851,-79.272,1.57,13.668,0.0,13.668,-0.0,-0.003,-2.329,0.0,0.0,0.0,0,0.0,0.0,0.0,4,0
660.988,338.853,-77.25,1.57,13.321,0.0,13.321,-0.0,-0.001,-2.29,0.0,1.0,0.0,0,0.0,0.0,0.0,4,0
661.088,338.854,-75.918,1.57,13.256,0.0,13.256,-0.0,-0.0,-6.218,0.0,1.0,0.0,0,0.0,1.0,0.0,0,0
661.238,338.855,-74.015,1.57,12.108,0.0,12.108,-0.0,-0.0,-8.418,0.0,1.0,0.0,0,0.0,1.0,0.0,3,0
661.388,338.856,-72.299,1.57,10.875,-0.0,10.875,0.0,-0.0,-8.038,0.0,1.0,0.0,0,0.0,1.0,0.0,3,0
661.488,338.857,-71.247,1.57,10.192,-0.0,10.192,0.0,0.0,-7.06,0.0,1.0,0.0,0,0.0,1.0,0.0,0,0
661.638,338.858,-69.829,1.57,8.675,-0.0,8.675,0.0,0.0,-9.599,0.0,1.0,0.0,0,0.0,1.0,0.0,2,0
661.738,338.859,-69.012,1.57,7.812,-0.0,7.812,0.0,0.0,-8.006,0.0,1.0,0.0,0,0.0,1.0,0.0,2,0
661.888,338.863,-67.927,1.568,6.819,-0.107,6.818,-0.092,1.719,-1.938,0.0,0.0,-0.108,0,0.0,0.0,-0.055,0,0
662.038,338.853,-66.981,1.577,5.657,0.215,5.653,0.165,1.338,-5.861,0.0,0.0,-0.173,0,0.0,0.0,-0.122,1,0
662.188,338.799,-66.197,1.611,4.91,0.3,4.901,0.274,1.669,-4.676,0.0,0.0,-0.167,0,0.0,0.0,-0.17,1,0
662.288,338.744,-65.746,1.637,4.301,0.326,4.289,0.247,0.682,-3.74,0.798,0.0,-0.206,0,0.672,0.0,-0.153,1,0
662.438,338.642,-65.14,1.676,4.067,0.393,4.048,0.289,1.312,2.882,0.732,0.0,-0.184,0,0.894,0.0,-0.193,1,0
662.588,338.504,-64.502,1.719,4.596,0.391,4.579,0.288,1.079,2.299,0.324,0.0,-0.224,0,0.353,0.0,-0.166,1,0
662.738,338.323,-63.816,1.767,4.787,0.471,4.764,0.359,2.026,0.326,0.566,0.0,-0.209,0,0.406,0.0,-0.217,1,0
662.838,338.177,-63.355,1.802,4.902,0.455,4.881,0.343,1.377,1.964,0.552,0.0,-0.247,0,0.632,0.0,-0.188,1,0
662.988,337.917,-62.646,1.859,5.089,0.522,5.062,0.434,1.917,0.181,0.671,0.0,-0.217,0,0.445,0.0,-0.229,1,0
663.088,337.718,-62.178,1.898,5.098,0.47,5.076,0.374,1.609,-1.992,0.725,0.0,-0.262,0,0.632,0.0,-0.205,1,0
663.238,337.382,-61.486,1.96,5.194,0.532,5.167,0.445,1.896,-0.614,0.793,0.0,-0.23,0,0.238,0.0,-0.242,1,0
663.388,336.999,-60.812,2.026,5.192,0.544,5.164,0.467,3.395,-0.009,0.755,0.0,-0.261,0,0.792,0.0,-0.283,1,0
663.488,336.709,-60.371,2.074,5.364,0.566,5.334,0.483,2.163,1.139,0.496,0.0,-0.234,0,0.635,0.0,-0.248,1,0
663.638,336.228,-59.716,2.144,5.442,0.562,5.413,0.49,5.161,13.679,0.629,0.0,-0.263,0,0.658,0.0,-0.275,2,0
663.738,335.828,-59.244,2.199,6.6,0.676,6.566,0.595,3.409,4.229,0.0,0.0,-0.296,0,0.0,0.0,-0.249,2,0
663.888,335.119,-58.508,2.289,6.842,0.651,6.811,0.589,3.403,-1.604,0.0,0.0,-0.252,0,0.0,0.0,-0.268,2,0
663.988,334.619,-58.055,2.35,6.694,0.573,6.669,0.545,4.451,-2.98,0.0,0.0,-0.284,0,0.0,0.0,-0.297,2,0
664.088,334.108,-57.647,2.411,6.437,0.595,6.41,0.567,3.206,-3.052,0.0,0.0,-0.312,0,0.0,0.0,-0.269,2,0
664.188,333.595,-57.287,2.472,6.194,0.613,6.164,0.577,4.035,-0.674,0.0,0.0,-0.283,0,0.0,0.0,-0.297,0,0
664.288,333.067,-56.968,2.533,6.09,0.615,6.059,0.569,2.297,-7.456,0.0,0.0,-0.305,0,0.0,0.0,-0.266,1,0
664.438,332.321,-56.586,2.614,5.273,0.54,5.245,0.562,2.24,-4.542,0.302,0.0,-0.277,0,0.306,0.0,-0.29,1,0
664.538,331.858,-56.388,2.663,4.863,0.573,4.829,0.494,2.897,-2.252,0.999,0.0,-0.273,0,0.765,0.0,-0.287,1,0
664.638,331.405,-56.23,2.71,4.829,0.608,4.79,0.461,3.272,2.811,0.697,0.0,-0.279,0,0.939,0.0,-0.293,1,0
664.738,330.923,-56.09,2.76,5.2,0.657,5.158,0.501,1.553,1.76,0.259,0.0,-0.248,0,0.45,0.0,-0.264,1,0
664.838,330.414,-55.961,2.808,5.201,0.574,5.169,0.489,0.589,-2.062,0.92,0.0,-0.217,0,0.438,0.0,-0.232,1,0
664.938,329.917,-55.85,2.852,5.024,0.472,5.002,0.423,2.497,4.696,1.0,0.0,-0.201,0,1.0,0.0,-0.215,1,0
665.038,329.399,-55.754,2.892,5.488,0.487,5.466,0.393,1.672,2.804,0.325,0.0,-0.176,0,0.401,0.0,-0.189,1,0
665.138,328.845,-55.668,2.929,5.611,0.414,5.596,0.407,1.412,-0.684,0.72,0.0,-0.16,0,0.363,0.0,-0.172,1,0
665.238,328.293,-55.596,2.963,5.549,0.358,5.537,0.372,1.262,-0.277,0.833,0.0,-0.139,0,0.771,0.0,-0.149,1,0
665.338,327.742,-55.537,2.993,5.569,0.316,5.56,0.331,1.2,0.524,0.748,0.0,-0.123,0,0.833,0.0,-0.139,1,0
665.388,327.462,-55.512,3.006,5.644,0.308,5.636,0.224,1.112,1.113,0.628,0.0,-0.115,0,0.748,0.0,-0.123,1,0
665.538,326.609,-55.452,3.044,5.73,0.248,5.725,0.272,0.947,0.541,0.797,0.0,-0.099,0,0.628,0.0,-0.106,0,0
665.588,326.3,-55.436,3.056,6.453,0.263,6.448,0.238,1.573,10.61,0.0,0.0,-0.084,0,0.701,0.0,-0.091,2,0
665.688,325.598,-55.408,3.079,7.352,0.246,7.348,0.206,0.967,1.806,0.0,0.0,-0.067,0,0.0,0.0,-0.075,2,0
665.788,324.856,-55.389,3.099,7.418,0.186,7.415,0.144,0.763,-1.286,1.0,0.0,-0.048,0,1.0,0.0,-0.06,2,0
665.888,324.122,-55.378,3.115,7.295,0.13,7.294,0.102,0.489,-0.535,1.0,0.0,-0.034,0,1.0,0.0,-0.04,2,0
665.988,323.395,-55.373,3.127,7.312,0.092,7.311,0.063,0.407,2.451,1.0,0.0,-0.019,0,1.0,0.0,-0.028,2,0
666.088,322.648,-55.373,3.136,7.629,0.061,7.629,0.032,0.189,5.068,1.0,0.0,-0.011,0,1.0,0.0,-0.015,2,0
666.188,321.856,-55.374,3.141,8.184,0.039,8.184,0.013,0.079,-0.649,1.0,0.0,-0.007,0,1.0,0.0,-0.009,0,0
666.288,321.041,-55.377,-3.14,8.149,0.024,8.149,-0.015,0.088,-0.049,1.0,0.0,-0.005,0,1.0,0.0,-0.007,0,0
666.338,320.623,-55.379,-3.139,8.595,0.019,8.595,0.014,0.062,9.635,1.0,0.0,-0.003,0,1.0,0.0,-0.004,3,0
666.438,319.711,-55.384,-3.138,9.487,0.012,9.487,0.012,0.043,7.245,1.0,0.0,-0.002,0,1.0,0.0,-0.002,3,0
666.538,318.722,-55.389,-3.137,10.179,0.007,10.179,0.008,0.018,6.179,1.0,0.0,-0.001,0,1.0,0.0,-0.001,3,0
666.638,317.671,-55.395,-3.136,10.783,0.003,10.783,0.004,-0.005,5.708,1.0,0.0,0.0,0,1.0,0.0,-0.0,3,0
666.738,316.561,-55.401,-3.136,11.347,-0.0,11.347,0.001,-0.026,5.504,1.0,0.0,0.001,0,1.0,0.0,0.001,3,0
666.838,315.396,-55.408,-3.136,11.895,-0.002,11.895,-0.002,-0.038,5.419,1.0,0.0,0.001,0,1.0,0.0,0.001,3,0
666.938,314.177,-55.414,-3.136,12.436,-0.003,12.436,-0.004,-0.048,5.388,1.0,0.0,0.001,0,1.0,0.0,0.001,3,0
667.038,312.911,-55.421,-3.137,12.761,-0.002,12.761,-0.005,-0.048,-1.489,1.0,0.0,0.001,0,1.0,0.0,0.001,0,0
667.138,311.636,-55.426,-3.137,12.926,-0.001,12.926,-0.005,-0.06,4.793,1.0,0.0,0.001,0,1.0,0.0,0.001,0,0
667.188,310.98,-55.429,-3.137,13.218,-0.001,13.218,-0.005,-0.057,5.406,1.0,0.0,0.001,0,1.0,0.0,0.001,4,0
667.288,309.629,-55.434,-3.138,13.743,-0.001,13.743,-0.005,-0.062,4.884,1.0,0.0,0.001,0,1.0,0.0,0.001,4,0
667.388,308.227,-55.439,-3.138,14.225,-0.0,14.225,-0.004,-0.056,4.652,1.0,0.0,0.001,0,1.0,0.0,0.001,4,0
667.488,306.779,-55.444,-3.139,14.687,0.0,14.687,-0.004,-0.048,4.551,1.0,0.0,0.001,0,1.0,0.0,0.001,4,0
667.588,305.286,-55.448,-3.139,15.141,0.001,15.141,-0.003,-0.049,4.508,1.0,0.0,0.001,0,1.0,0.0,0.001,4,0
667.688,303.747,-55.451,-3.139,15.591,0.001,15.591,-0.003,-0.042,4.491,1.0,0.0,0.0,0,1.0,0.0,0.0,4,0
667.788,302.163,-55.455,-3.14,16.04,0.001,16.04,-0.003,-0.041,1.199,0.873,0.0,0.0,0,1.0,0.0,0.0,4,0
667.888,300.553,-55.458,-3.14,16.105,0.001,16.105,-0.002,-0.034,2.294,1.0,0.0,0.0,0,1.0,0.0,0.0,0,0
667.988,298.928,-55.46,-3.14,16.466,0.001,16.466,-0.002,-0.033,4.373,0.518,0.0,0.0,0,0.943,0.0,0.0,5,0
668.088,297.258,-55.463,-3.14,16.871,0.001,16.871,-0.002,-0.032,3.73,0.404,0.0,0.0,0,0.518,0.0,0.0,5,0
668.138,296.41,-55.464,-3.14,16.998,0.001,16.998,-0.002,-0.03,1.506,0.3,0.0,0.0,0,0.31,0.0,0.0,5,0
668.238,294.703,-55.466,-3.141,17.111,0.001,17.111,-0.001,-0.025,0.283,0.321,0.0,0.0,0,0.311,0.0,0.0,5,0
668.338,292.991,-55.467,-3.141,17.126,0.001,17.126,-0.001,-0.022,-0.146,0.31,0.0,0.0,0,0.32,0.0,0.0,5,0
668.438,291.28,-55.469,-3.141,17.106,0.001,17.106,-0.001,-0.02,-0.345,0.284,0.0,0.0,0,0.297,0.0,0.0,5,0
668.538,289.572,-55.47,-3.141,17.067,0.001,17.067,-0.001,-0.015,-0.495,0.267,0.0,0.0,0,0.274,0.0,0.0,5,0
668.638,287.868,-55.471,-3.141,17.015,0.001,17.015,-0.001,-0.013,-0.597,0.264,0.0,0.0,0,0.264,0.0,0.0,5,0
668.738,286.17,-55.472,-3.141,16.954,0.001,16.954,-0.001,-0.011,-0.64,0.271,0.0,0.0,0,0.267,0.0,0.0,5,0
668.838,284.478,-55.473,-3.141,16.89,0.0,16.89,-0.001,-0.009,-0.632,0.285,0.0,0.0,0,0.277,0.0,0.0,5,0
668.938,282.793,-55.474,-3.141,16.828,0.0,16.828,-0.0,-0.007,-0.585,0.302,0.0,0.0,0,0.293,0.0,0.0,5,0
669.038,281.113,-55.474,-3.141,16.771,0.0,16.771,-0.0,-0.007,-0.552,0.311,0.0,0.0,0,0.302,0.0,0.0,5,0
669.088,280.275,-55.475,-3.141,16.745,0.0,16.745,-0.0,-0.006,-0.471,0.331,0.0,0.0,0,0.321,0.0,0.0,5,0
669.188,278.603,-55.475,-3.141,16.7,0.0,16.7,-0.0,-0.005,-0.381,0.349,0.0,0.0,0,0.34,0.0,0.0,5,0
669.288,276.935,-55.476,-3.141,16.664,0.0,16.664,-0.0,-0.004,-0.288,0.366,0.0,0.0,0,0.358,0.0,0.0,5,0
669.388,275.27,-55.476,-3.141,16.638,0.0,16.638,-0.0,-0.004,-0.2,0.373,0.0,0.0,0,0.374,0.0,0.0,5,0
669.488,273.608,-55.477,-3.141,16.62,0.0,16.62,-0.0,-0.003,-0.135,0.391,0.0,0.0,0,0.385,0.0,0.0,5,0
669.588,271.946,-55.477,-3.141,16.608,0.0,16.608,-0.0,-0.003,-0.272,0.128,0.0,0.0,0,0.0,0.0,0.0,5,0
669.688,270.288,-55.477,-3.141,16.556,0.0,16.556,-0.0,-0.002,-1.063,0.0,0.0,0.0,0,0.0,0.0,0.0,5,0
669.788,268.638,-55.478,-3.141,16.435,0.0,16.435,-0.0,-0.002,-0.332,0.0,0.0,0.0,0,0.0,0.0,0.0,5,0
669.888,266.996,-55.478,-3.141,16.415,0.0,16.415,-0.0,-0.001,-3.222,0.0,0.0,0.0,0,0.0,0.0,0.0,0,0
669.988,265.373,-55.478,-3.141,16.052,0.0,16.052,-0.0,-0.001,-3.528,0.0,0.0,0.0,0,0.0,0.0,0.0,4,0
670.088,263.787,-55.478,-3.141,15.716,0.0,15.716,-0.0,-0.001,-2.972,0.0,0.0,0.0,0,0.0,0.0,0.0,4,0
670.188,262.232,-55.479,-3.141,15.426,0.0,15.426,-0.0,-0.001,-2.736,0.0,0.0,0.0,0,0.0,0.0,0.0,4,0
670.288,260.704,-55.479,-3.141,15.156,-0.0,15.156,-0.0,-0.001,-2.62,0.0,0.0,0.0,0,0.0,0.0,0.0,4,0
670.388,259.203,-55.479,-3.141,14.896,-0.0,14.896,-0.0,-0.001,-2.55,0.0,0.0,0.0,0,0.0,0.0,0.0,4,0
670.488,257.728,-55.479,-3.141,14.642,-0.0,14.642,-0.0,-0.001,-2.498,0.0,0.0,0.0,0,0.0,0.0,0.0,4,0
670.588,256.277,-55.48,-3.141,14.393,-0.0,14.393,-0.0,-0.0,-2.453,0.0,0.0,0.0,0,0.0,0.0,0.0,4,0
670.688,254.851,-55.48,-3.141,14.149,0.0,14.149,-0.0,-0.0,-2.41,0.0,0.0,0.0,0,0.0,0.0,0.0,4,0
670.788,253.45,-55.48,-3.141,13.909,0.0,13.909,-0.0,-0.0,-2.37,0.0,0.0,0.0,0,0.0,0.0,0.0,4,0
670.888,252.072,-55.48,-3.141,13.673,-0.0,13.673,-0.0,-0.0,-2.33,0.0,0.0,0.0,0,0.0,0.0,0.0,4,0
670.988,250.717,-55.48,-3.141,13.441,-0.0,13.441,-0.0,-0.0,-2.291,0.0,0.0,0.0,0,0.0,0.0,0.0,4,0
671.088,249.383,-55.481,-3.141,13.293,-0.0,13.293,-0.0,-0.0,0.734,0.0,0.0,0.0,0,0.0,0.0,0.0,0,0
671.188,248.056,-55.481,-3.141,13.11,-0.0,13.11,-0.0,-0.0,-4.917,0.0,1.0,0.0,0,0.0,0.0,0.0,3,0
671.288,246.772,-55.481,-3.141,12.617,-0.0,12.617,-0.0,-0.0,-5.788,0.0,1.0,0.0,0,0.0,1.0,0.0,3,0
671.388,245.544,-55.481,-3.141,11.982,-0.0,11.982,0.0,0.0,-7.822,0.0,1.0,0.0,0,0.0,1.0,0.0,3,0
671.488,244.39,-55.481,-3.141,11.195,-0.0,11.195,0.0,0.0,-4.843,0.0,1.0,0.0,0,0.0,1.0,0.0,0,0
671.588,243.302,-55.481,-3.141,10.557,-0.0,10.557,0.0,0.0,-10.21,0.0,1.0,0.0,0,0.0,1.0,0.0,0,0
671.688,242.303,-55.482,-3.141,9.439,-0.0,9.439,0.0,0.0,-10.597,0.0,1.0,0.0,0,0.0,1.0,0.0,2,0
671.788,241.417,-55.482,-3.141,8.431,-0.0,8.431,0.0,0.0,-7.694,0.0,1.0,0.0,0,0.0,1.0,0.0,2,0
671.888,240.617,-55.482,-3.141,7.644,-0.0,7.644,0.0,0.0,-6.018,0.0,1.0,0.0,0,0.0,1.0,0.0,2,0
671.988,239.886,-55.482,-3.141,7.037,-0.0,7.037,0.0,0.0,-11.646,0.0,1.0,0.0,0,0.0,1.0,0.0,0,0
672.088,239.265,-55.482,-3.141,5.111,-0.0,5.111,0.0,0.0,-26.156,0.0,1.0,0.0,0,0.0,1.0,0.0,1,0
672.188,238.901,-55.482,-3.141,2.488,-0.0,2.488,0.0,0.0,-26.05,0.0,1.0,0.0,0,0.0,1.0,0.0,1,0
672.288,238.796,-55.482,-3.141,0.009,0.0,0.009,0.0,-0.003,-0.37,0.0,1.0,0.0,0,0.0,1.0,0.0,1,1
672.388,238.794,-55.482,-3.141,0.012,-0.0,-0.012,-0.0,0.0,0.015,0.0,1.0,0.0,0,0.0,1.0,0.0,1,1
672.488,238.792,-55.482,-3.141,0.01,-0.0,-0.01,-0.0,0.0,0.041,0.0,1.0,0.0,0,0.0,1.0,0.0,1,1
672.638,238.79,-55.482,-3.141,0.004,-0.0,-0.004,-0.0,0.0,0.029,0.0,1.0,0.0,0,0.0,1.0,0.0,1,1
672.738,238.79,-55.482,-3.141,0.002,-0.0,-0.002,-0.0,0.0,0.017,0.0,1.0,0.0,0,0.0,1.0,0.0,1,1
672.838,238.789,-55.482,-3.141,0.001,-0.0,-0.001,-0.0,-0.0,0.007,0.0,1.0,0.0,0,0.0,1.0,0.0,1,1
672.938,238.789,-55.482,-3.141,0.001,-0.0,-0.001,-0.0,-0.0,0.004,0.0,1.0,0.0,0,0.0,1.0,0.0,1,1
673.038,238.789,-55.482,-3.141,0.0,-0.0,-0.0,-0.0,0.0,0.003,0.0,1.0,0.0,0,0.0,1.0,0.0,1,1
673.138,238.789,-55.482,-3.141,0.0,-0.0,0.0,-0.0,0.0,0.0,0.0,1.0,0.0,0,0.0,1.0,0.0,1,1
673.238,238.789,-55.482,-3.141,0.0,-0.0,0.0,-0.0,0.0,0.0,0.0,1.0,0.0,0,0.0,1.0,0.0,1,1
673.338,238.789,-55.482,-3.141,0.0,-0.0,0.0,-0.0,0.0,0.0,0.0,1.0,0.0,0,0.0,1.0,0.0,1,1
673.438,238.789,-55.482,-3.141,0.0,-0.0,0.0,-0.0,0.0,0.0,0.0,1.0,0.0,0,0.0,1.0,0.0,1,1
673.588,238.789,-55.482,-3.141,0.0,-0.0,0.0,-0.0,0.0,0.0,0.0,1.0,0.0,0,0.0,1.0,0.0,1,1
673.688,238.789,-55.482,-3.141,0.0,-0.0,0.0,-0.0,0.0,0.0,0.0,1.0,0.0,0,0.0,1.0,0.0,1,1
673.788,238.789,-55.482,-3.141,0.0,-0.0,0.0,-0.0,0.0,0.0,0.0,1.0,0.0,0,0.0,1.0,0.0,1,1
673.938,238.789,-55.482,-3.141,0.0,-0.0,0.0,-0.0,0.0,0.0,0.0,1.0,0.0,0,0.0,1.0,0.0,1,1
674.038,238.789,-55.482,-3.141,0.0,-0.0,0.0,-0.0,0.0,0.0,0.0,1.0,0.0,0,0.0,1.0,0.0,1,1
674.138,238.789,-55.482,-3.141,0.0,-0.0,0.0,-0.0,0.0,0.0,0.0,1.0,0.0,0,0.0,1.0,0.0,1,1
674.238,238.789,-55.482,-3.141,0.0,-0.0,0.0,-0.0,0.0,0.0,0.0,1.0,0.0,0,0.0,1.0,0.0,1,1
674.338,238.789,-55.482,-3.141,0.0,-0.0,0.0,-0.0,0.0,0.0,0.0,1.0,0.0,0,0.0,1.0,0.0,1,1
674.438,238.789,-55.482,-3.141,0.0,-0.0,0.0,-0.0,0.0,0.0,0.0,1.0,0.0,0,0.0,1.0,0.0,1,1
674.588,238.789,-55.482,-3.141,0.0,-0.0,0.0,-0.0,0.0,0.0,0.0,1.0,0.0,0,0.0,1.0,0.0,1,1
674.688,238.789,-55.482,-3.141,0.0,-0.0,0.0,-0.0,0.0,0.0,0.0,1.0,0.0,0,0.0,1.0,0.0,1,1
674.788,238.789,-55.482,-3.141,0.0,-0.0,0.0,-0.0,0.0,0.0,0.0,1.0,0.0,0,0.0,1.0,0.0,1,1
674.888,238.789,-55.482,-3.141,0.0,-0.0,0.0,-0.0,0.0,0.0,0.0,1.0,0.0,0,0.0,1.0,0.0,1,1
674.988,238.789,-55.482,-3.141,0.0,-0.0,0.0,-0.0,0.0,0.0,0.0,1.0,0.0,0,0.0,1.0,0.0,1,1
675.138,238.789,-55.482,-3.141,0.0,-0.0,0.0,-0.0,0.0,0.0,0.0,1.0,0.0,0,0.0,1.0,0.0,1,1
675.238,238.789,-55.482,-3.141,0.0,-0.0,0.0,-0.0,0.0,0.0,0.0,1.0,0.0,0,0.0,1.0,0.0,1,1
675.338,238.789,-55.482,-3.141,0.0,-0.0,0.0,-0.0,0.0,0.0,0.0,1.0,0.0,0,0.0,1.0,0.0,1,1
675.438,238.789,-55.482,-3.141,0.0,-0.0,0.0,-0.0,0.0,0.0,0.0,1.0,0.0,0,0.0,1.0,0.0,1,1
675.538,238.789,-55.482,-3.141,0.0,-0.0,0.0,-0.0,0.0,0.0,0.0,1.0,0.0,0,0.0,1.0,0.0,1,1
675.688,238.789,-55.482,-3.141,0.0,-0.0,0.0,-0.0,0.0,0.0,0.0,1.0,0.0,0,0.0,1.0,0.0,1,1
675.788,238.789,-55.482,-3.141,0.0,-0.0,0.0,-0.0,0.0,0.0,0.0,1.0,0.0,0,0.0,1.0,0.0,1,1
675.888,238.789,-55.482,-3.141,0.0,-0.0,0.0,-0.0,0.0,0.0,0.0,1.0,0.0,0,0.0,1.0,0.0,1,1
675.988,238.789,-55.482,-3.141,0.0,-0.0,0.0,-0.0,0.0,0.0,0.0,1.0,0.0,0,0.0,1.0,0.0,1,1
676.138,238.789,-55.482,-3.141,0.0,-0.0,0.0,-0.0,0.0,0.0,0.0,1.0,0.0,0,0.0,1.0,0.0,1,1
676.238,238.789,-55.482,-3.141,0.0,-0.0,0.0,-0.0,0.0,0.0,0.0,1.0,0.0,0,0.0,1.0,0.0,1,1
676.338,238.789,-55.482,-3.141,0.0,-0.0,0.0,-0.0,0.0,0.0,0.0,1.0,0.0,0,0.0,1.0,0.0,1,1
676.438,238.789,-55.482,-3.141,0.0,-0.0,0.0,-0.0,0.0,0.0,0.0,1.0,0.0,0,0.0,1.0,0.0,1,1
676.538,238.789,-55.482,-3.141,0.0,-0.0,0.0,-0.0,0.0,0.0,0.0,1.0,0.0,0,0.0,1.0,0.0,1,1
676.688,238.789,-55.482,-3.141,0.0,-0.0,0.0,-0.0,0.0,0.0,0.0,1.0,0.0,0,0.0,1.0,0.0,1,1
676.788,238.789,-55.482,-3.141,0.0,-0.0,0.0,-0.0,0.0,0.0,0.0,1.0,0.0,0,0.0,1.0,0.0,1,1
676.888,238.789,-55.482,-3.141,0.0,-0.0,0.0,-0.0,0.0,0.0,0.0,1.0,0.0,0,0.0,1.0,0.0,1,1
677.038,238.789,-55.482,-3.141,0.0,-0.0,0.0,-0.0,0.0,0.0,0.0,1.0,0.0,0,0.0,1.0,0.0,1,1
677.138,238.789,-55.482,-3.141,0.0,-0.0,0.0,-0.0,0.0,0.0,0.0,1.0,0.0,0,0.0,1.0,0.0,1,1
677.238,238.789,-55.482,-3.141,0.0,-0.0,0.0,-0.0,0.0,0.0,0.0,1.0,0.0,0,0.0,1.0,0.0,1,1
677.338,238.789,-55.482,-3.141,0.0,-0.0,0.0,-0.0,0.0,0.0,0.0,1.0,0.0,0,0.0,1.0,0.0,1,1
677.438,238.789,-55.482,-3.141,0.0,-0.0,0.0,-0.0,0.0,0.0,0.0,1.0,0.0,0,0.0,1.0,0.0,1,1
677.538,238.789,-55.482,-3.141,0.0,-0.0,0.0,-0.0,0.0,0.0,0.0,1.0,0.0,0,0.0,1.0,0.0,1,1
677.688,238.789,-55.482,-3.141,0.0,-0.0,0.0,-0.0,0.0,0.0,0.0,1.0,0.0,0,0.0,1.0,0.0,1,1
677.788,238.789,-55.482,-3.141,0.0,-0.0,0.0,-0.0,0.0,0.0,0.0,1.0,0.0,0,0.0,1.0,0.0,1,1
677.888,238.789,-55.482,-3.141,0.0,-0.0,0.0,-0.0,0.0,0.0,0.0,1.0,0.0,0,0.0,1.0,0.0,1,1
677.988,238.789,-55.482,-3.141,0.0,-0.0,0.0,-0.0,0.0,0.0,0.0,1.0,0.0,0,0.0,1.0,0.0,1,1
678.138,238.789,-55.482,-3.141,0.0,-0.0,0.0,-0.0,0.0,0.0,0.0,1.0,0.0,0,0.0,1.0,0.0,1,1
678.238,238.789,-55.482,-3.141,0.0,-0.0,0.0,-0.0,0.0,0.0,0.0,1.0,0.0,0,0.0,1.0,0.0,1,1
678.338,238.789,-55.482,-3.141,0.0,-0.0,0.0,-0.0,0.0,0.0,0.0,1.0,0.0,0,0.0,1.0,0.0,1,1
678.438,238.789,-55.482,-3.141,0.0,-0.0,0.0,-0.0,0.0,0.0,0.0,1.0,0.0,0,0.0,1.0,0.0,1,1
678.538,238.789,-55.482,-3.141,0.0,-0.0,0.0,-0.0,0.0,0.0,0.0,1.0,0.0,0,0.0,1.0,0.0,1,1
678.638,238.789,-55.482,-3.141,0.0,-0.0,0.0,-0.0,0.0,0.0,0.0,1.0,0.0,0,0.0,1.0,0.0,1,1
678.788,238.789,-55.482,-3.141,0.0,-0.0,0.0,-0.0,0.0,0.0,0.0,1.0,0.0,0,0.0,1.0,0.0,1,1
678.888,238.789,-55.482,-3.141,0.0,-0.0,0.0,-0.0,0.0,0.0,0.0,1.0,0.0,0,0.0,1.0,0.0,1,1
678.988,238.789,-55.482,-3.141,0.0,-0.0,0.0,-0.0,0.0,0.0,0.0,1.0,0.0,0,0.0,1.0,0.0,1,1
679.088,238.789,-55.482,-3.141,0.0,-0.0,0.0,-0.0,0.0,0.0,0.0,1.0,0.0,0,0.0,1.0,0.0,1,1
679.238,238.789,-55.482,-3.141,0.0,-0.0,0.0,-0.0,0.0,0.0,0.0,1.0,0.0,0,0.0,1.0,0.0,1,1
679.338,238.789,-55.482,-3.141,0.0,-0.0,0.0,-0.0,0.0,0.0,0.0,1.0,0.0,0,0.0,1.0,0.0,1,1
679.438,238.789,-55.482,-3.141,0.0,-0.0,0.0,-0.0,0.0,0.0,0.0,1.0,0.0,0,0.0,1.0,0.0,1,1
679.538,238.789,-55.482,-3.141,0.0,-0.0,0.0,-0.0,0.0,0.0,0.0,1.0,0.0,0,0.0,1.0,0.0,1,1
679.638,238.789,-55.482,-3.141,0.0,-0.0,0.0,-0.0,0.0,0.0,0.0,1.0,0.0,0,0.0,1.0,0.0,1,1
679.788,238.789,-55.482,-3.141,0.0,-0.0,0.0,-0.0,0.0,0.0,0.0,1.0,0.0,0,0.0,1.0,0.0,1,1
679.888,238.789,-55.482,-3.141,0.0,-0.0,0.0,-0.0,0.0,0.0,0.0,1.0,0.0,0,0.0,1.0,0.0,1,1
679.988,238.789,-55.482,-3.141,0.0,-0.0,0.0,-0.0,0.0,0.0,0.0,1.0,0.0,0,0.0,1.0,0.0,1,1
680.088,238.789,-55.482,-3.141,0.0,-0.0,0.0,-0.0,0.0,0.0,0.0,1.0,0.0,0,0.0,1.0,0.0,1,1
680.238,238.789,-55.482,-3.141,0.0,-0.0,0.0,-0.0,0.0,0.0,0.0,1.0,0.0,0,0.0,1.0,0.0,1,1
680.338,238.789,-55.482,-3.141,0.0,-0.0,0.0,-0.0,0.0,0.0,0.0,1.0,0.0,0,0.0,1.0,0.0,1,1
680.438,238.789,-55.482,-3.141,0.0,-0.0,0.0,-0.0,0.0,0.0,0.0,1.0,0.0,0,0.0,1.0,0.0,1,1
680.588,238.789,-55.482,-3.141,0.0,-0.0,0.0,-0.0,0.0,0.0,0.0,1.0,0.0,0,0.0,1.0,0.0,1,1
680.688,238.789,-55.482,-3.141,0.0,-0.0,0.0,-0.0,0.0,0.0,0.0,1.0,0.0,0,0.0,1.0,0.0,1,1
680.788,238.789,-55.482,-3.141,0.0,-0.0,0.0,-0.0,0.0,0.0,0.0,1.0,0.0,0,0.0,1.0,0.0,1,1
680.888,238.789,-55.482,-3.141,0.0,-0.0,0.0,-0.0,0.0,0.0,0.0,1.0,0.0,0,0.0,1.0,0.0,1,1
680.988,238.789,-55.482,-3.141,0.0,-0.0,0.0,-0.0,0.0,0.0,0.0,1.0,0.0,0,0.0,1.0,0.0,1,1
681.138,238.789,-55.482,-3.141,0.0,-0.0,0.0,-0.0,0.0,0.0,0.0,1.0,0.0,0,0.0,1.0,0.0,1,1
681.238,238.789,-55.482,-3.141,0.0,-0.0,0.0,-0.0,0.0,0.0,0.0,1.0,0.0,0,0.0,1.0,0.0,1,1
681.338,238.789,-55.482,-3.141,0.0,-0.0,0.0,-0.0,0.0,0.0,0.0,1.0,0.0,0,0.0,1.0,0.0,1,1
681.438,238.789,-55.482,-3.141,0.0,-0.0,0.0,-0.0,0.0,0.0,0.0,1.0,0.0,0,0.0,1.0,0.0,1,1
681.588,238.789,-55.482,-3.141,0.0,-0.0,0.0,-0.0,0.0,0.0,0.0,1.0,0.0,0,0.0,1.0,0.0,1,1
681.688,238.789,-55.482,-3.141,0.0,-0.0,0.0,-0.0,0.0,0.0,0.0,1.0,0.0,0,0.0,1.0,0.0,1,1
681.788,238.789,-55.482,-3.141,0.0,-0.0,0.0,-0.0,0.0,0.0,0.0,1.0,0.0,0,0.0,1.0,0.0,1,1
681.888,238.789,-55.482,-3.141,0.0,-0.0,0.0,-0.0,0.0,0.0,0.0,1.0,0.0,0,0.0,1.0,0.0,1,1
681.988,238.789,-55.482,-3.141,0.0,-0.0,0.0,-0.0,0.0,0.0,0.0,1.0,0.0,0,0.0,1.0,0.0,1,1
682.138,238.789,-55.482,-3.141,0.0,-0.0,0.0,-0.0,0.0,0.0,0.0,1.0,0.0,0,0.0,1.0,0.0,1,1
682.238,238.789,-55.482,-3.141,0.0,-0.0,0.0,-0.0,0.0,0.0,0.0,1.0,0.0,0,0.0,1.0,0.0,1,1
682.338,238.789,-55.482,-3.141,0.0,-0.0,0.0,-0.0,0.0,0.0,0.0,1.0,0.0,0,0.0,1.0,0.0,1,1
682.438,238.789,-55.482,-3.141,0.0,-0.0,0.0,-0.0,0.0,0.0,0.0,1.0,0.0,0,0.0,1.0,0.0,1,1
682.588,238.789,-55.482,-3.141,0.0,-0.0,0.0,-0.0,0.0,0.0,0.0,1.0,0.0,0,0.0,1.0,0.0,1,1
682.688,238.789,-55.482,-3.141,0.0,-0.0,0.0,-0.0,0.0,0.0,0.0,1.0,0.0,0,0.0,1.0,0.0,1,1
682.788,238.789,-55.482,-3.141,0.0,-0.0,0.0,-0.0,0.0,0.0,0.0,1.0,0.0,0,0.0,1.0,0.0,1,1
682.888,238.789,-55.482,-3.141,0.0,-0.0,0.0,-0.0,0.0,0.0,0.0,1.0,0.0,0,0.0,1.0,0.0,1,1
682.988,238.789,-55.482,-3.141,0.0,-0.0,0.0,-0.0,0.0,0.0,0.0,1.0,0.0,0,0.0,1.0,0.0,1,1
683.138,238.789,-55.482,-3.141,0.0,-0.0,0.0,-0.0,0.0,0.0,0.0,1.0,0.0,0,0.0,1.0,0.0,1,1
683.238,238.789,-55.482,-3.141,0.0,-0.0,0.0,-0.0,0.0,0.0,0.0,1.0,0.0,0,0.0,1.0,0.0,1,1
683.338,238.789,-55.482,-3.141,0.0,-0.0,0.0,-0.0,0.0,0.0,0.0,1.0,0.0,0,0.0,1.0,0.0,1,1
683.438,238.789,-55.482,-3.141,0.0,-0.0,0.0,-0.0,0.0,0.0,0.0,1.0,0.0,0,0.0,1.0,0.0,1,1
683.588,238.789,-55.482,-3.141,0.0,-0.0,0.0,-0.0,0.0,0.0,0.0,1.0,0.0,0,0.0,1.0,0.0,1,1
683.688,238.789,-55.482,-3.141,0.0,-0.0,0.0,-0.0,0.0,0.0,0.0,1.0,0.0,0,0.0,1.0,0.0,1,1
683.788,238.789,-55.482,-3.141,0.0,-0.0,0.0,-0.0,0.0,0.0,0.0,1.0,0.0,0,0.0,1.0,0.0,1,1
683.888,238.789,-55.482,-3.141,0.0,-0.0,0.0,-0.0,0.0,0.0,0.0,1.0,0.0,0,0.0,1.0,0.0,1,1
683.988,238.789,-55.482,-3.141,0.0,-0.0,0.0,-0.0,0.0,0.0,0.0,1.0,0.0,0,0.0,1.0,0.0,1,1
684.088,238.789,-55.482,-3.141,0.0,-0.0,0.0,-0.0,0.0,0.0,0.0,1.0,0.0,0,0.0,1.0,0.0,1,1
684.188,238.789,-55.482,-3.141,0.0,-0.0,0.0,-0.0,0.0,0.0,0.0,1.0,0.0,0,0.0,1.0,0.0,1,1
684.338,238.789,-55.482,-3.141,0.0,-0.0,0.0,-0.0,0.0,0.0,0.0,1.0,0.0,0,0.0,1.0,0.0,1,1
684.438,238.789,-55.482,-3.141,0.0,-0.0,0.0,-0.0,0.0,0.0,0.0,1.0,0.0,0,0.0,1.0,0.0,1,1
684.538,238.789,-55.482,-3.141,0.0,-0.0,0.0,-0.0,0.0,0.0,0.0,1.0,0.0,0,0.0,1.0,0.0,1,1
684.638,238.789,-55.482,-3.141,0.0,-0.0,0.0,-0.0,0.0,0.0,0.0,1.0,0.0,0,0.0,1.0,0.0,1,1
684.788,238.789,-55.482,-3.141,0.0,-0.0,0.0,-0.0,0.0,0.0,0.0,1.0,0.0,0,0.0,1.0,0.0,1,1
684.888,238.789,-55.482,-3.141,0.0,-0.0,0.0,-0.0,0.0,0.0,0.0,1.0,0.0,0,0.0,1.0,0.0,1,1
684.988,238.789,-55.482,-3.141,0.0,-0.0,0.0,-0.0,0.0,0.0,0.0,1.0,0.0,0,0.0,1.0,0.0,1,1
685.088,238.789,-55.482,-3.141,0.0,-0.0,0.0,-0.0,0.0,0.0,0.0,1.0,0.0,0,0.0,1.0,0.0,1,1
685.188,238.789,-55.482,-3.141,0.0,-0.0,0.0,-0.0,0.0,0.0,0.0,1.0,0.0,0,0.0,1.0,0.0,1,1
685.338,238.789,-55.482,-3.141,0.0,-0.0,0.0,-0.0,0.0,0.0,0.0,1.0,0.0,0,0.0,1.0,0.0,1,1
685.438,238.789,-55.482,-3.141,0.0,-0.0,0.0,-0.0,0.0,0.0,0.0,1.0,0.0,0,0.0,1.0,0.0,1,1
685.538,238.789,-55.482,-3.141,0.0,-0.0,0.0,-0.0,0.0,0.0,0.0,1.0,0.0,0,0.0,1.0,0.0,1,1
685.638,238.789,-55.482,-3.141,0.0,-0.0,0.0,-0.0,0.0,0.0,0.0,1.0,0.0,0,0.0,1.0,0.0,1,1
685.788,238.789,-55.482,-3.141,0.0,-0.0,0.0,-0.0,0.0,0.0,0.0,1.0,0.0,0,0.0,1.0,0.0,1,1
685.888,238.789,-55.482,-3.141,0.0,-0.0,0.0,-0.0,0.0,0.0,0.0,1.0,0.0,0,0.0,1.0,0.0,1,1
685.988,238.789,-55.482,-3.141,0.0,-0.0,0.0,-0.0,0.0,0.0,0.0,1.0,0.0,0,0.0,1.0,0.0,1,1
686.088,238.789,-55.482,-3.141,0.0,-0.0,0.0,-0.0,0.0,0.0,0.0,1.0,0.0,0,0.0,1.0,0.0,1,1
686.238,238.789,-55.482,-3.141,0.0,-0.0,0.0,-0.0,0.0,0.0,0.0,1.0,0.0,0,0.0,1.0,0.0,1,1
686.338,238.789,-55.482,-3.141,0.0,-0.0,0.0,-0.0,0.0,0.0,0.0,1.0,0.0,0,0.0,1.0,0.0,1,1
686.438,238.789,-55.482,-3.141,0.0,-0.0,0.0,-0.0,0.0,0.0,0.0,1.0,0.0,0,0.0,1.0,0.0,1,1
686.538,238.789,-55.482,-3.141,0.0,-0.0,0.0,-0.0,0.0,0.0,0.0,1.0,0.0,0,0.0,1.0,0.0,1,1
686.688,238.789,-55.482,-3.141,0.0,-0.0,0.0,-0.0,0.0,0.0,0.0,1.0,0.0,0,0.0,1.0,0.0,1,1
686.788,238.789,-55.482,-3.141,0.0,-0.0,0.0,-0.0,0.0,0.0,0.0,1.0,0.0,0,0.0,1.0,0.0,1,1
686.888,238.789,-55.482,-3.141,0.0,-0.0,0.0,-0.0,0.0,0.0,0.0,1.0,0.0,0,0.0,1.0,0.0,1,1
686.988,238.789,-55.482,-3.141,0.0,-0.0,0.0,-0.0,0.0,0.0,0.0,1.0,0.0,0,0.0,1.0,0.0,1,1
687.138,238.789,-55.482,-3.141,0.0,-0.0,0.0,-0.0,0.0,0.0,0.0,1.0,0.0,0,0.0,1.0,0.0,1,1
687.238,238.789,-55.482,-3.141,0.0,-0.0,0.0,-0.0,0.0,0.0,0.0,1.0,0.0,0,0.0,1.0,0.0,1,1
687.338,238.789,-55.482,-3.141,0.0,-0.0,0.0,-0.0,0.0,0.0,0.0,1.0,0.0,0,0.0,1.0,0.0,1,1
687.438,238.789,-55.482,-3.141,0.0,-0.0,0.0,-0.0,0.0,0.0,0.0,1.0,0.0,0,0.0,1.0,0.0,1,1
687.538,238.789,-55.482,-3.141,0.0,-0.0,0.0,-0.0,0.0,0.0,0.0,1.0,0.0,0,0.0,1.0,0.0,1,1
687.688,238.789,-55.482,-3.141,0.0,-0.0,0.0,-0.0,0.0,0.0,0.0,1.0,0.0,0,0.0,1.0,0.0,1,1
687.788,238.789,-55.482,-3.141,0.0,-0.0,0.0,-0.0,0.0,0.0,0.0,1.0,0.0,0,0.0,1.0,0.0,1,1
687.888,238.789,-55.482,-3.141,0.0,-0.0,0.0,-0.0,0.0,0.0,0.0,1.0,0.0,0,0.0,1.0,0.0,1,1
688.038,238.789,-55.482,-3.141,0.0,-0.0,0.0,-0.0,0.0,0.0,0.0,1.0,0.0,0,0.0,1.0,0.0,1,1
688.138,238.789,-55.482,-3.141,0.0,-0.0,0.0,-0.0,0.0,0.0,0.0,1.0,0.0,0,0.0,1.0,0.0,1,1
688.238,238.789,-55.482,-3.141,0.0,-0.0,0.0,-0.0,0.0,0.0,0.0,1.0,0.0,0,0.0,1.0,0.0,1,1
688.338,238.789,-55.482,-3.141,0.0,-0.0,0.0,-0.0,0.0,0.0,0.0,1.0,0.0,0,0.0,1.0,0.0,1,1
688.488,238.789,-55.482,-3.141,0.0,-0.0,0.0,-0.0,0.0,0.0,0.0,1.0,0.0,0,0.0,1.0,0.0,1,1
688.588,238.789,-55.482,-3.141,0.0,-0.0,0.0,-0.0,0.0,0.0,0.0,1.0,0.0,0,0.0,1.0,0.0,1,1
688.688,238.789,-55.482,-3.141,0.0,-0.0,0.0,-0.0,0.0,0.0,0.0,1.0,0.0,0,0.0,1.0,0.0,1,1
688.788,238.789,-55.482,-3.141,0.0,-0.0,0.0,-0.0,0.0,0.0,0.0,1.0,0.0,0,0.0,1.0,0.0,1,1
688.888,238.789,-55.482,-3.141,0.0,-0.0,0.0,-0.0,0.0,0.0,0.0,1.0,0.0,0,0.0,1.0,0.0,1,1
688.988,238.789,-55.482,-3.141,0.0,-0.0,0.0,-0.0,0.0,0.0,0.0,1.0,0.0,0,0.0,1.0,0.0,1,1
689.138,238.789,-55.482,-3.141,0.0,-0.0,0.0,-0.0,0.0,0.0,0.0,1.0,0.0,0,0.0,1.0,0.0,1,1
689.238,238.789,-55.482,-3.141,0.0,-0.0,0.0,-0.0,0.0,0.0,0.0,1.0,0.0,0,0.0,1.0,0.0,1,1
689.338,238.789,-55.482,-3.141,0.0,-0.0,0.0,-0.0,0.0,0.0,0.0,1.0,0.0,0,0.0,1.0,0.0,1,1
689.488,238.789,-55.482,-3.141,0.0,-0.0,0.0,-0.0,0.0,0.0,0.0,1.0,0.0,0,0.0,1.0,0.0,1,1
689.588,238.789,-55.482,-3.141,0.0,-0.0,0.0,-0.0,0.0,0.0,0.0,1.0,0.0,0,0.0,1.0,0.0,1,1
689.688,238.789,-55.482,-3.141,0.0,-0.0,0.0,-0.0,0.0,0.0,0.0,1.0,0.0,0,0.0,1.0,0.0,1,1
689.788,238.789,-55.482,-3.141,0.0,-0.0,0.0,-0.0,0.0,0.0,0.0,1.0,0.0,0,0.0,1.0,0.0,1,1
689.888,238.789,-55.482,-3.141,0.0,-0.0,0.0,-0.0,0.0,0.0,0.0,1.0,0.0,0,0.0,1.0,0.0,1,1
690.038,238.789,-55.482,-3.141,0.0,-0.0,0.0,-0.0,0.0,0.0,0.0,1.0,0.0,0,0.0,1.0,0.0,1,1
690.138,238.789,-55.482,-3.141,0.0,-0.0,0.0,-0.0,0.0,0.0,0.0,1.0,0.0,0,0.0,1.0,0.0,1,1
690.238,238.789,-55.482,-3.141,0.0,-0.0,0.0,-0.0,0.0,0.0,0.0,1.0,0.0,0,0.0,1.0,0.0,1,1
690.388,238.789,-55.482,-3.141,0.0,-0.0,0.0,-0.0,0.0,0.0,0.0,1.0,0.0,0,0.0,1.0,0.0,1,1
690.488,238.789,-55.482,-3.141,0.0,-0.0,0.0,-0.0,0.0,0.0,0.0,1.0,0.0,0,0.0,1.0,0.0,1,1
690.588,238.789,-55.482,-3.141,0.0,-0.0,0.0,-0.0,0.0,0.0,0.0,1.0,0.0,0,0.0,1.0,0.0,1,1
690.688,238.789,-55.482,-3.141,0.0,-0.0,0.0,-0.0,0.0,0.0,0.0,1.0,0.0,0,0.0,1.0,0.0,1,1
690.838,238.789,-55.482,-3.141,0.0,-0.0,0.0,-0.0,0.0,0.0,0.0,1.0,0.0,0,0.0,1.0,0.0,1,1
690.938,238.789,-55.482,-3.141,0.0,-0.0,0.0,-0.0,0.0,0.0,0.0,1.0,0.0,0,0.0,1.0,0.0,1,1
691.038,238.789,-55.482,-3.141,0.0,-0.0,0.0,-0.0,0.0,0.0,0.0,1.0,0.0,0,0.0,1.0,0.0,1,1
691.138,238.789,-55.482,-3.141,0.0,-0.0,0.0,-0.0,0.0,0.0,0.0,1.0,0.0,0,0.0,1.0,0.0,1,1
691.238,238.789,-55.482,-3.141,0.0,-0.0,0.0,-0.0,0.0,0.0,0.0,1.0,0.0,0,0.0,1.0,0.0,1,1
691.388,238.789,-55.482,-3.141,0.0,-0.0,0.0,-0.0,0.0,0.0,0.0,1.0,0.0,0,0.0,1.0,0.0,1,1
691.488,238.789,-55.482,-3.141,0.0,-0.0,0.0,-0.0,0.0,0.0,0.0,1.0,0.0,0,0.0,1.0,0.0,1,1
691.588,238.789,-55.482,-3.141,0.0,-0.0,0.0,-0.0,0.0,0.0,0.0,1.0,0.0,0,0.0,1.0,0.0,1,1
691.738,238.789,-55.482,-3.141,0.0,-0.0,0.0,-0.0,0.0,0.0,0.0,1.0,0.0,0,0.0,1.0,0.0,1,1
691.838,238.789,-55.482,-3.141,0.0,-0.0,0.0,-0.0,0.0,0.0,0.0,1.0,0.0,0,0.0,1.0,0.0,1,1
691.938,238.789,-55.482,-3.141,0.0,-0.0,0.0,-0.0,0.0,0.0,0.0,1.0,0.0,0,0.0,1.0,0.0,1,1
692.038,238.789,-55.482,-3.141,0.0,-0.0,0.0,-0.0,0.0,0.0,0.0,1.0,0.0,0,0.0,1.0,0.0,1,1
692.188,238.789,-55.482,-3.141,0.0,-0.0,0.0,-0.0,0.0,0.0,0.0,1.0,0.0,0,0.0,1.0,0.0,1,1
692.288,238.789,-55.482,-3.141,0.0,-0.0,0.0,-0.0,0.0,0.0,0.0,1.0,0.0,0,0.0,1.0,0.0,1,1
692.388,238.789,-55.482,-3.141,0.0,-0.0,0.0,-0.0,0.0,0.0,0.0,1.0,0.0,0,0.0,1.0,0.0,1,1
692.488,238.789,-55.482,-3.141,0.0,-0.0,0.0,-0.0,0.0,0.0,0.0,1.0,0.0,0,0.0,1.0,0.0,1,1
692.638,238.789,-55.482,-3.141,0.0,-0.0,0.0,-0.0,0.0,0.0,0.0,1.0,0.0,0,0.0,1.0,0.0,1,1
692.738,238.789,-55.482,-3.141,0.0,-0.0,0.0,-0.0,0.0,0.0,0.0,1.0,0.0,0,0.0,1.0,0.0,1,1
692.838,238.789,-55.482,-3.141,0.0,-0.0,0.0,-0.0,0.0,0.0,0.0,1.0,0.0,0,0.0,1.0,0.0,1,1
692.938,238.789,-55.482,-3.141,0.0,-0.0,0.0,-0.0,0.0,0.0,0.0,1.0,0.0,0,0.0,1.0,0.0,1,1
693.038,238.789,-55.482,-3.141,0.0,-0.0,0.0,-0.0,0.0,0.0,0.0,1.0,0.0,0,0.0,1.0,0.0,1,1
693.138,238.789,-55.482,-3.141,0.0,-0.0,0.0,-0.0,0.0,0.0,0.0,1.0,0.0,0,0.0,1.0,0.0,1,1
693.288,238.789,-55.482,-3.141,0.0,-0.0,0.0,-0.0,0.0,0.0,0.0,1.0,0.0,0,0.0,1.0,0.0,1,1
693.388,238.789,-55.482,-3.141,0.0,-0.0,0.0,-0.0,0.0,0.0,0.0,1.0,0.0,0,0.0,1.0,0.0,1,1
693.488,238.789,-55.482,-3.141,0.0,-0.0,0.0,-0.0,0.0,0.0,0.0,1.0,0.0,0,0.0,1.0,0.0,1,1
693.638,238.789,-55.482,-3.141,0.0,-0.0,0.0,-0.0,0.0,0.0,0.0,1.0,0.0,0,0.0,1.0,0.0,1,1
693.738,238.789,-55.482,-3.141,0.0,-0.0,0.0,-0.0,0.0,0.0,0.0,1.0,0.0,0,0.0,1.0,0.0,1,1
693.838,238.789,-55.482,-3.141,0.0,-0.0,0.0,-0.0,0.0,0.0,0.0,1.0,0.0,0,0.0,1.0,0.0,1,1
693.938,238.789,-55.482,-3.141,0.0,-0.0,0.0,-0.0,0.0,0.0,0.0,1.0,0.0,0,0.0,1.0,0.0,1,1
694.088,238.789,-55.482,-3.141,0.0,-0.0,0.0,-0.0,0.0,0.0,0.0,1.0,0.0,0,0.0,1.0,0.0,1,1
694.188,238.789,-55.482,-3.141,0.0,-0.0,0.0,-0.0,0.0,0.0,0.0,1.0,0.0,0,0.0,1.0,0.0,1,1
694.288,238.789,-55.482,-3.141,0.0,-0.0,0.0,-0.0,0.0,0.0,0.0,1.0,0.0,0,0.0,1.0,0.0,1,1
694.388,238.789,-55.482,-3.141,0.0,-0.0,0.0,-0.0,0.0,0.0,0.0,1.0,0.0,0,0.0,1.0,0.0,1,1
694.488,238.789,-55.482,-3.141,0.0,-0.0,0.0,-0.0,0.0,0.0,0.0,1.0,0.0,0,0.0,1.0,0.0,1,1
694.638,238.789,-55.482,-3.141,0.0,-0.0,0.0,-0.0,0.0,0.0,0.0,1.0,0.0,0,0.0,1.0,0.0,1,1
694.738,238.789,-55.482,-3.141,0.0,-0.0,0.0,-0.0,0.0,0.0,0.0,1.0,0.0,0,0.0,1.0,0.0,1,1
694.838,238.789,-55.482,-3.141,0.0,-0.0,0.0,-0.0,0.0,0.0,0.0,1.0,0.0,0,0.0,1.0,0.0,1,1
694.938,238.789,-55.482,-3.141,0.0,-0.0,0.0,-0.0,0.0,0.0,0.0,1.0,0.0,0,0.0,1.0,0.0,1,1
695.088,238.789,-55.482,-3.141,0.0,-0.0,0.0,-0.0,0.0,0.0,0.0,1.0,0.0,0,0.0,1.0,0.0,1,1
695.188,238.789,-55.482,-3.141,0.0,-0.0,0.0,-0.0,0.0,0.0,0.0,1.0,0.0,0,0.0,1.0,0.0,1,1
695.288,238.789,-55.482,-3.141,0.0,-0.0,0.0,-0.0,0.0,0.0,0.0,1.0,0.0,0,0.0,1.0,0.0,1,1
695.388,238.789,-55.482,-3.141,0.0,-0.0,0.0,-0.0,0.0,0.0,0.0,1.0,0.0,0,0.0,1.0,0.0,1,1
695.488,238.789,-55.482,-3.141,0.0,-0.0,0.0,-0.0,0.0,0.0,0.0,1.0,0.0,0,0.0,1.0,0.0,1,1
695.588,238.789,-55.482,-3.141,0.0,-0.0,0.0,-0.0,0.0,0.0,0.0,1.0,0.0,0,0.0,1.0,0.0,1,1
695.688,238.789,-55.482,-3.141,0.0,-0.0,0.0,-0.0,0.0,0.0,0.0,1.0,0.0,0,0.0,1.0,0.0,1,1
695.788,238.789,-55.482,-3.141,0.0,-0.0,0.0,-0.0,0.0,0.0,0.0,1.0,0.0,0,0.0,1.0,0.0,1,1
695.888,238.789,-55.482,-3.141,0.0,-0.0,0.0,-0.0,0.0,0.0,0.0,1.0,0.0,0,0.0,1.0,0.0,1,1
696.038,238.789,-55.482,-3.141,0.0,-0.0,0.0,-0.0,0.0,0.0,0.0,1.0,0.0,0,0.0,1.0,0.0,1,1
696.138,238.789,-55.482,-3.141,0.0,-0.0,0.0,-0.0,0.0,0.0,0.0,1.0,0.0,0,0.0,1.0,0.0,1,1
696.238,238.789,-55.482,-3.141,0.0,-0.0,0.0,-0.0,0.0,0.0,0.0,1.0,0.0,0,0.0,1.0,0.0,1,1
696.338,238.789,-55.482,-3.141,0.0,-0.0,0.0,-0.0,0.0,0.0,0.0,1.0,0.0,0,0.0,1.0,0.0,1,1
696.438,238.789,-55.482,-3.141,0.0,-0.0,0.0,-0.0,0.0,0.0,0.0,1.0,0.0,0,0.0,1.0,0.0,1,1
696.588,238.789,-55.482,-3.141,0.0,-0.0,0.0,-0.0,0.0,0.0,0.0,1.0,0.0,0,0.0,1.0,0.0,1,1
696.688,238.789,-55.482,-3.141,0.0,-0.0,0.0,-0.0,0.0,0.0,0.0,1.0,0.0,0,0.0,1.0,0.0,1,1
696.788,238.789,-55.482,-3.141,0.0,-0.0,0.0,-0.0,0.0,0.0,0.0,1.0,0.0,0,0.0,1.0,0.0,1,1
696.888,238.789,-55.482,-3.141,0.0,-0.0,0.0,-0.0,0.0,0.0,0.0,1.0,0.0,0,0.0,1.0,0.0,1,1
697.038,238.789,-55.482,-3.141,0.0,-0.0,0.0,-0.0,0.0,0.0,0.0,1.0,0.0,0,0.0,1.0,0.0,1,1
697.138,238.789,-55.482,-3.141,0.0,-0.0,0.0,-0.0,0.0,0.0,0.0,1.0,0.0,0,0.0,1.0,0.0,1,1
697.238,238.789,-55.482,-3.141,0.0,-0.0,0.0,-0.0,0.0,0.0,0.0,1.0,0.0,0,0.0,1.0,0.0,1,1
697.338,238.789,-55.482,-3.141,0.0,-0.0,0.0,-0.0,0.0,0.0,0.0,1.0,0.0,0,0.0,1.0,0.0,1,1
697.438,238.789,-55.482,-3.141,0.0,-0.0,0.0,-0.0,0.0,0.0,0.0,1.0,0.0,0,0.0,1.0,0.0,1,1
697.588,238.789,-55.482,-3.141,0.0,-0.0,0.0,-0.0,0.0,0.0,0.0,1.0,0.0,0,0.0,1.0,0.0,1,1
697.688,238.789,-55.482,-3.141,0.0,-0.0,0.0,-0.0,0.0,0.0,0.0,1.0,0.0,0,0.0,1.0,0.0,1,1
697.788,238.789,-55.482,-3.141,0.0,-0.0,0.0,-0.0,0.0,0.0,0.0,1.0,0.0,0,0.0,1.0,0.0,1,1
697.888,238.789,-55.482,-3.141,0.0,-0.0,0.0,-0.0,0.0,0.0,0.0,1.0,0.0,0,0.0,1.0,0.0,1,1
697.988,238.789,-55.482,-3.141,0.0,-0.0,0.0,-0.0,0.0,0.0,0.0,1.0,0.0,0,0.0,1.0,0.0,1,1
698.138,238.789,-55.482,-3.141,0.0,-0.0,0.0,-0.0,0.0,0.0,0.0,1.0,0.0,0,0.0,1.0,0.0,1,1
698.238,238.789,-55.482,-3.141,0.0,-0.0,0.0,-0.0,0.0,0.0,0.0,1.0,0.0,0,0.0,1.0,0.0,1,1
698.338,238.789,-55.482,-3.141,0.0,-0.0,0.0,-0.0,0.0,0.0,0.0,1.0,0.0,0,0.0,1.0,0.0,1,1
698.438,238.789,-55.482,-3.141,0.0,-0.0,0.0,-0.0,0.0,0.0,0.0,1.0,0.0,0,0.0,1.0,0.0,1,1
698.588,238.789,-55.482,-3.141,0.0,-0.0,0.0,-0.0,0.0,0.0,0.0,1.0,0.0,0,0.0,1.0,0.0,1,1
698.688,238.789,-55.482,-3.141,0.0,-0.0,0.0,-0.0,0.0,0.0,0.0,1.0,0.0,0,0.0,1.0,0.0,1,1
698.788,238.789,-55.482,-3.141,0.0,-0.0,0.0,-0.0,0.0,0.0,0.0,1.0,0.0,0,0.0,1.0,0.0,1,1
698.888,238.789,-55.482,-3.141,0.0,-0.0,0.0,-0.0,0.0,0.0,0.0,1.0,0.0,0,0.0,1.0,0.0,1,1
698.988,238.789,-55.482,-3.141,0.0,-0.0,0.0,-0.0,0.0,0.0,0.0,1.0,0.0,0,0.0,1.0,0.0,1,1
699.138,238.789,-55.482,-3.141,0.0,-0.0,0.0,-0.0,0.0,0.0,0.0,1.0,0.0,0,0.0,1.0,0.0,1,1
699.238,238.789,-55.482,-3.141,0.0,-0.0,0.0,-0.0,0.0,0.0,0.0,1.0,0.0,0,0.0,1.0,0.0,1,1
699.338,238.789,-55.482,-3.141,0.0,-0.0,0.0,-0.0,0.0,0.0,0.0,1.0,0.0,0,0.0,1.0,0.0,1,1
699.438,238.789,-55.482,-3.141,0.0,-0.0,0.0,-0.0,0.0,0.0,0.0,1.0,0.0,0,0.0,1.0,0.0,1,1
699.588,238.789,-55.482,-3.141,0.0,-0.0,0.0,-0.0,0.0,0.0,0.0,1.0,0.0,0,0.0,1.0,0.0,1,1
699.688,238.789,-55.482,-3.141,0.0,-0.0,0.0,-0.0,0.0,0.0,0.0,1.0,0.0,0,0.0,1.0,0.0,1,1
699.788,238.789,-55.482,-3.141,0.0,-0.0,0.0,-0.0,0.0,0.0,0.0,1.0,0.0,0,0.0,1.0,0.0,1,1
699.888,238.789,-55.482,-3.141,0.0,-0.0,0.0,-0.0,0.0,0.0,0.0,1.0,0.0,0,0.0,1.0,0.0,1,1
699.988,238.789,-55.482,-3.141,0.0,-0.0,0.0,-0.0,0.0,0.0,0.0,1.0,0.0,0,0.0,1.0,0.0,1,1
700.088,238.789,-55.482,-3.141,0.0,-0.0,0.0,-0.0,0.0,0.0,0.0,1.0,0.0,0,0.0,1.0,0.0,1,1
700.238,238.789,-55.482,-3.141,0.0,-0.0,0.0,-0.0,0.0,0.0,0.0,1.0,0.0,0,0.0,1.0,0.0,1,1
700.338,238.789,-55.482,-3.141,0.0,-0.0,0.0,-0.0,0.0,0.0,0.0,1.0,0.0,0,0.0,1.0,0.0,1,1
700.438,238.789,-55.482,-3.141,0.0,-0.0,0.0,-0.0,0.0,0.0,0.0,1.0,0.0,0,0.0,1.0,0.0,1,1
700.538,238.789,-55.482,-3.141,0.0,-0.0,0.0,-0.0,0.0,0.0,0.0,1.0,0.0,0,0.0,1.0,0.0,1,1
700.688,238.789,-55.482,-3.141,0.0,-0.0,0.0,-0.0,0.0,0.0,0.0,1.0,0.0,0,0.0,1.0,0.0,1,1
700.788,238.789,-55.482,-3.141,0.0,-0.0,0.0,-0.0,0.0,0.0,0.0,1.0,0.0,0,0.0,1.0,0.0,1,1
700.888,238.789,-55.482,-3.141,0.0,-0.0,0.0,-0.0,0.0,0.0,0.0,1.0,0.0,0,0.0,1.0,0.0,1,1
700.988,238.789,-55.482,-3.141,0.0,-0.0,0.0,-0.0,0.0,0.0,0.0,1.0,0.0,0,0.0,1.0,0.0,1,1
701.138,238.789,-55.482,-3.141,0.0,-0.0,0.0,-0.0,0.0,0.0,0.0,1.0,0.0,0,0.0,1.0,0.0,1,1
701.238,238.789,-55.482,-3.141,0.0,-0.0,0.0,-0.0,0.0,0.0,0.0,1.0,0.0,0,0.0,1.0,0.0,1,1
701.338,238.789,-55.482,-3.141,0.0,-0.0,0.0,-0.0,0.0,0.0,0.0,1.0,0.0,0,0.0,1.0,0.0,1,1
701.438,238.789,-55.482,-3.141,0.0,-0.0,0.0,-0.0,0.0,0.0,0.0,1.0,0.0,0,0.0,1.0,0.0,1,1
701.588,238.789,-55.482,-3.141,0.0,-0.0,0.0,-0.0,0.0,0.0,0.0,1.0,0.0,0,0.0,1.0,0.0,1,1
701.688,238.789,-55.482,-3.141,0.0,-0.0,0.0,-0.0,0.0,0.0,0.0,1.0,0.0,0,0.0,1.0,0.0,1,1
701.788,238.789,-55.482,-3.141,0.0,-0.0,0.0,-0.0,0.0,0.0,0.0,1.0,0.0,0,0.0,1.0,0.0,1,1
701.888,238.789,-55.482,-3.141,0.0,-0.0,0.0,-0.0,0.0,0.0,0.0,1.0,0.0,0,0.0,1.0,0.0,1,1
701.988,238.789,-55.482,-3.141,0.0,-0.0,0.0,-0.0,0.0,0.0,0.0,1.0,0.0,0,0.0,1.0,0.0,1,1
702.138,238.789,-55.482,-3.141,0.0,-0.0,0.0,-0.0,0.0,0.0,0.0,1.0,0.0,0,0.0,1.0,0.0,1,1
702.238,238.789,-55.482,-3.141,0.0,-0.0,0.0,-0.0,0.0,0.0,0.0,1.0,0.0,0,0.0,1.0,0.0,1,1
702.338,238.789,-55.482,-3.141,0.0,-0.0,0.0,-0.0,0.0,0.0,0.0,1.0,0.0,0,0.0,1.0,0.0,1,1
702.438,238.789,-55.482,-3.141,0.0,-0.0,0.0,-0.0,0.0,0.0,0.0,1.0,0.0,0,0.0,1.0,0.0,1,1
702.588,238.789,-55.482,-3.141,0.0,-0.0,0.0,-0.0,0.0,0.0,0.0,1.0,0.0,0,0.0,1.0,0.0,1,1
702.688,238.789,-55.482,-3.141,0.0,-0.0,0.0,-0.0,0.0,0.0,0.0,1.0,0.0,0,0.0,1.0,0.0,1,1
702.788,238.789,-55.482,-3.141,0.0,-0.0,0.0,-0.0,0.0,0.0,0.0,1.0,0.0,0,0.0,1.0,0.0,1,1
702.888,238.789,-55.482,-3.141,0.0,-0.0,0.0,-0.0,0.0,0.0,0.0,1.0,0.0,0,0.0,1.0,0.0,1,1
702.988,238.789,-55.482,-3.141,0.0,-0.0,0.0,-0.0,0.0,0.0,0.0,1.0,0.0,0,0.0,1.0,0.0,1,1
703.138,238.789,-55.482,-3.141,0.0,-0.0,0.0,-0.0,0.0,0.0,0.0,1.0,0.0,0,0.0,1.0,0.0,1,1
703.238,238.789,-55.482,-3.141,0.0,-0.0,0.0,-0.0,0.0,0.0,0.0,1.0,0.0,0,0.0,1.0,0.0,1,1
703.338,238.789,-55.482,-3.141,0.0,-0.0,0.0,-0.0,0.0,0.0,0.0,1.0,0.0,0,0.0,1.0,0.0,1,1
703.438,238.789,-55.482,-3.141,0.0,-0.0,0.0,-0.0,0.0,0.0,0.0,1.0,0.0,0,0.0,1.0,0.0,1,1
703.588,238.789,-55.482,-3.141,0.0,-0.0,0.0,-0.0,0.0,0.0,0.0,1.0,0.0,0,0.0,1.0,0.0,1,1
703.688,238.789,-55.482,-3.141,0.0,-0.0,0.0,-0.0,0.0,0.0,0.0,1.0,0.0,0,0.0,1.0,0.0,1,1
703.788,238.789,-55.482,-3.141,0.0,-0.0,0.0,-0.0,0.0,0.0,0.0,1.0,0.0,0,0.0,1.0,0.0,1,1
703.888,238.789,-55.482,-3.141,0.0,-0.0,0.0,-0.0,0.0,0.0,0.0,1.0,0.0,0,0.0,1.0,0.0,1,1
703.988,238.789,-55.482,-3.141,0.0,-0.0,0.0,-0.0,0.0,0.0,0.0,1.0,0.0,0,0.0,1.0,0.0,1,1
704.088,238.789,-55.482,-3.141,0.0,-0.0,0.0,-0.0,0.0,0.0,0.0,1.0,0.0,0,0.0,1.0,0.0,1,1
704.188,238.789,-55.482,-3.141,0.0,-0.0,0.0,-0.0,0.0,0.0,0.0,1.0,0.0,0,0.0,1.0,0.0,1,1
704.338,238.789,-55.482,-3.141,0.0,-0.0,0.0,-0.0,0.0,0.0,0.0,1.0,0.0,0,0.0,1.0,0.0,1,1
704.438,238.789,-55.482,-3.141,0.0,-0.0,0.0,-0.0,0.0,0.0,0.0,1.0,0.0,0,0.0,1.0,0.0,1,1
704.538,238.789,-55.482,-3.141,0.0,-0.0,0.0,-0.0,0.0,0.0,0.0,1.0,0.0,0,0.0,1.0,0.0,1,1
704.638,238.789,-55.482,-3.141,0.0,-0.0,0.0,-0.0,0.0,0.0,0.0,1.0,0.0,0,0.0,1.0,0.0,1,1
704.788,238.789,-55.482,-3.141,0.0,-0.0,0.0,-0.0,0.0,0.0,0.0,1.0,0.0,0,0.0,1.0,0.0,1,1
704.888,238.789,-55.482,-3.141,0.0,-0.0,0.0,-0.0,0.0,0.0,0.0,1.0,0.0,0,0.0,1.0,0.0,1,1
704.988,238.789,-55.482,-3.141,0.0,-0.0,0.0,-0.0,0.0,0.0,0.0,1.0,0.0,0,0.0,1.0,0.0,1,1
705.088,238.789,-55.482,-3.141,0.0,-0.0,0.0,-0.0,0.0,0.0,0.0,1.0,0.0,0,0.0,1.0,0.0,1,1
705.238,238.789,-55.482,-3.141,0.0,-0.0,0.0,-0.0,0.0,0.0,0.0,1.0,0.0,0,0.0,1.0,0.0,1,1
705.338,238.789,-55.482,-3.141,0.0,-0.0,0.0,-0.0,0.0,0.0,0.0,1.0,0.0,0,0.0,1.0,0.0,1,1
705.438,238.789,-55.482,-3.141,0.0,-0.0,0.0,-0.0,0.0,0.0,0.0,1.0,0.0,0,0.0,1.0,0.0,1,1
705.538,238.789,-55.482,-3.141,0.0,-0.0,0.0,-0.0,0.0,0.0,0.0,1.0,0.0,0,0.0,1.0,0.0,1,1
705.688,238.789,-55.482,-3.141,0.0,-0.0,0.0,-0.0,0.0,0.0,0.0,1.0,0.0,0,0.0,1.0,0.0,1,1
705.788,238.789,-55.482,-3.141,0.0,-0.0,0.0,-0.0,0.0,0.0,0.0,1.0,0.0,0,0.0,1.0,0.0,1,1
705.888,238.789,-55.482,-3.141,0.0,-0.0,0.0,-0.0,0.0,0.0,0.0,1.0,0.0,0,0.0,1.0,0.0,1,1
706.038,238.789,-55.482,-3.141,0.0,-0.0,0.0,-0.0,0.0,0.0,0.0,1.0,0.0,0,0.0,1.0,0.0,1,1
706.138,238.789,-55.482,-3.141,0.0,-0.0,0.0,-0.0,0.0,0.0,0.0,1.0,0.0,0,0.0,1.0,0.0,1,1
706.238,238.789,-55.482,-3.141,0.0,-0.0,0.0,-0.0,0.0,0.0,0.0,1.0,0.0,0,0.0,1.0,0.0,1,1
706.338,238.789,-55.482,-3.141,0.0,-0.0,0.0,-0.0,0.0,0.0,0.0,1.0,0.0,0,0.0,1.0,0.0,1,1
706.438,238.789,-55.482,-3.141,0.0,-0.0,0.0,-0.0,0.0,0.0,0.0,1.0,0.0,0,0.0,1.0,0.0,1,1
706.588,238.789,-55.482,-3.141,0.0,-0.0,0.0,-0.0,0.0,0.0,0.0,1.0,0.0,0,0.0,1.0,0.0,1,1
706.688,238.789,-55.482,-3.141,0.0,-0.0,0.0,-0.0,0.0,0.0,0.0,1.0,0.0,0,0.0,1.0,0.0,1,1
706.788,238.789,-55.482,-3.141,0.0,-0.0,0.0,-0.0,0.0,0.0,0.0,1.0,0.0,0,0.0,1.0,0.0,1,1
706.888,238.789,-55.482,-3.141,0.0,-0.0,0.0,-0.0,0.0,0.0,0.0,1.0,0.0,0,0.0,1.0,0.0,1,1
707.038,238.789,-55.482,-3.141,0.0,-0.0,0.0,-0.0,0.0,0.0,0.0,1.0,0.0,0,0.0,1.0,0.0,1,1
707.138,238.789,-55.482,-3.141,0.0,-0.0,0.0,-0.0,0.0,0.0,0.0,1.0,0.0,0,0.0,1.0,0.0,1,1
707.238,238.789,-55.482,-3.141,0.0,-0.0,0.0,-0.0,0.0,0.0,0.0,1.0,0.0,0,0.0,1.0,0.0,1,1
707.338,238.789,-55.482,-3.141,0.0,-0.0,0.0,-0.0,0.0,0.0,0.0,1.0,0.0,0,0.0,1.0,0.0,1,1
707.438,238.789,-55.482,-3.141,0.0,-0.0,0.0,-0.0,0.0,0.0,0.0,1.0,0.0,0,0.0,1.0,0.0,1,1
707.538,238.789,-55.482,-3.141,0.0,-0.0,0.0,-0.0,0.0,0.0,0.0,1.0,0.0,0,0.0,1.0,0.0,1,1
707.688,238.789,-55.482,-3.141,0.0,-0.0,0.0,-0.0,0.0,0.0,0.0,1.0,0.0,0,0.0,1.0,0.0,1,1
707.788,238.789,-55.482,-3.141,0.0,-0.0,0.0,-0.0,0.0,0.0,0.0,1.0,0.0,0,0.0,1.0,0.0,1,1
707.888,238.789,-55.482,-3.141,0.0,-0.0,0.0,-0.0,0.0,0.0,0.0,1.0,0.0,0,0.0,1.0,0.0,1,1
707.988,238.789,-55.482,-3.141,0.0,-0.0,0.0,-0.0,0.0,0.0,0.0,1.0,0.0,0,0.0,1.0,0.0,1,1
708.138,238.789,-55.482,-3.141,0.0,-0.0,0.0,-0.0,0.0,0.0,0.0,1.0,0.0,0,0.0,1.0,0.0,1,1
708.238,238.789,-55.482,-3.141,0.0,-0.0,0.0,-0.0,0.0,0.0,0.0,1.0,0.0,0,0.0,1.0,0.0,1,1
708.338,238.789,-55.482,-3.141,0.0,-0.0,0.0,-0.0,0.0,0.0,0.0,1.0,0.0,0,0.0,1.0,0.0,1,1
708.438,238.789,-55.482,-3.141,0.0,-0.0,0.0,-0.0,0.0,0.0,0.0,1.0,0.0,0,0.0,1.0,0.0,1,1
708.588,238.789,-55.482,-3.141,0.0,-0.0,0.0,-0.0,0.0,0.0,0.0,1.0,0.0,0,0.0,1.0,0.0,1,1
708.688,238.789,-55.482,-3.141,0.0,-0.0,0.0,-0.0,0.0,0.0,0.0,1.0,0.0,0,0.0,1.0,0.0,1,1
708.788,238.789,-55.482,-3.141,0.0,-0.0,0.0,-0.0,0.0,0.0,0.0,1.0,0.0,0,0.0,1.0,0.0,1,1
708.888,238.789,-55.482,-3.141,0.0,-0.0,0.0,-0.0,0.0,0.0,0.0,1.0,0.0,0,0.0,1.0,0.0,1,1
708.988,238.789,-55.482,-3.141,0.0,-0.0,0.0,-0.0,0.0,0.0,0.0,1.0,0.0,0,0.0,1.0,0.0,1,1
709.138,238.789,-55.482,-3.141,0.0,-0.0,0.0,-0.0,0.0,0.0,0.0,1.0,0.0,0,0.0,1.0,0.0,1,1
709.238,238.789,-55.482,-3.141,0.0,-0.0,0.0,-0.0,0.0,0.0,0.0,1.0,0.0,0,0.0,1.0,0.0,1,1
709.338,238.789,-55.482,-3.141,0.0,-0.0,0.0,-0.0,0.0,0.0,0.0,1.0,0.0,0,0.0,1.0,0.0,1,1
709.488,238.789,-55.482,-3.141,0.0,-0.0,0.0,-0.0,0.0,0.0,0.0,1.0,0.0,0,0.0,1.0,0.0,1,1
709.588,238.789,-55.482,-3.141,0.0,-0.0,0.0,-0.0,0.0,0.0,0.0,1.0,0.0,0,0.0,1.0,0.0,1,1
709.688,238.789,-55.482,-3.141,0.0,-0.0,0.0,-0.0,0.0,0.0,0.0,1.0,0.0,0,0.0,1.0,0.0,1,1
709.788,238.789,-55.482,-3.141,0.0,-0.0,0.0,-0.0,0.0,0.0,0.0,1.0,0.0,0,0.0,1.0,0.0,1,1
709.888,238.789,-55.482,-3.141,0.0,-0.0,0.0,-0.0,0.0,0.0,0.0,1.0,0.0,0,0.0,1.0,0.0,1,1
710.038,238.789,-55.482,-3.141,0.0,-0.0,0.0,-0.0,0.0,0.0,0.0,1.0,0.0,0,0.0,1.0,0.0,1,1
710.138,238.789,-55.482,-3.141,0.0,-0.0,0.0,-0.0,0.0,0.0,0.0,1.0,0.0,0,0.0,1.0,0.0,1,1
710.238,238.789,-55.482,-3.141,0.0,-0.0,0.0,-0.0,0.0,0.0,0.0,1.0,0.0,0,0.0,1.0,0.0,1,1
710.338,238.789,-55.482,-3.141,0.0,-0.0,0.0,-0.0,0.0,0.0,0.0,1.0,0.0,0,0.0,1.0,0.0,1,1
710.488,238.789,-55.482,-3.141,0.0,-0.0,0.0,-0.0,0.0,0.0,0.0,1.0,0.0,0,0.0,1.0,0.0,1,1
710.588,238.789,-55.482,-3.141,0.0,-0.0,0.0,-0.0,0.0,0.0,0.0,1.0,0.0,0,0.0,1.0,0.0,1,1
710.688,238.789,-55.482,-3.141,0.0,-0.0,0.0,-0.0,0.0,0.0,0.0,1.0,0.0,0,0.0,1.0,0.0,1,1
710.788,238.789,-55.482,-3.141,0.0,-0.0,0.0,-0.0,0.0,0.0,0.0,1.0,0.0,0,0.0,1.0,0.0,1,1
710.938,238.789,-55.482,-3.141,0.0,-0.0,0.0,-0.0,0.0,0.0,0.0,1.0,0.0,0,0.0,1.0,0.0,1,1
711.038,238.789,-55.482,-3.141,0.0,-0.0,0.0,-0.0,0.0,0.0,0.0,1.0,0.0,0,0.0,1.0,0.0,1,1
711.138,238.789,-55.482,-3.141,0.0,-0.0,0.0,-0.0,0.0,0.0,0.0,1.0,0.0,0,0.0,1.0,0.0,1,1
711.288,238.789,-55.482,-3.141,0.0,-0.0,0.0,-0.0,0.0,0.0,0.0,1.0,0.0,0,0.0,1.0,0.0,1,1
711.388,238.789,-55.482,-3.141,0.0,-0.0,0.0,-0.0,0.0,0.0,0.0,1.0,0.0,0,0.0,1.0,0.0,1,1
711.488,238.789,-55.482,-3.141,0.0,-0.0,0.0,-0.0,0.0,0.0,0.0,1.0,0.0,0,0.0,1.0,0.0,1,1
711.588,238.789,-55.482,-3.141,0.0,-0.0,0.0,-0.0,0.0,0.0,0.0,1.0,0.0,0,0.0,1.0,0.0,1,1
711.738,238.789,-55.482,-3.141,0.0,-0.0,0.0,-0.0,0.0,0.0,0.0,1.0,0.0,0,0.0,1.0,0.0,1,1
711.838,238.789,-55.482,-3.141,0.0,-0.0,0.0,-0.0,0.0,0.0,0.0,1.0,0.0,0,0.0,1.0,0.0,1,1
711.938,238.789,-55.482,-3.141,0.0,-0.0,0.0,-0.0,0.0,0.0,0.0,1.0,0.0,0,0.0,1.0,0.0,1,1
712.038,238.789,-55.482,-3.141,0.0,-0.0,0.0,-0.0,0.0,0.0,0.0,1.0,0.0,0,0.0,1.0,0.0,1,1
712.138,238.789,-55.482,-3.141,0.0,-0.0,0.0,-0.0,0.0,0.0,0.0,1.0,0.0,0,0.0,1.0,0.0,1,1
712.238,238.789,-55.482,-3.141,0.0,-0.0,0.0,-0.0,0.0,0.0,0.0,1.0,0.0,0,0.0,1.0,0.0,1,1
712.388,238.789,-55.482,-3.141,0.0,-0.0,0.0,-0.0,0.0,0.0,0.0,1.0,0.0,0,0.0,1.0,0.0,1,1
712.488,238.789,-55.482,-3.141,0.0,-0.0,0.0,-0.0,0.0,0.0,0.0,1.0,0.0,0,0.0,1.0,0.0,1,1
712.588,238.789,-55.482,-3.141,0.0,-0.0,0.0,-0.0,0.0,0.0,0.0,1.0,0.0,0,0.0,1.0,0.0,1,1
712.738,238.789,-55.482,-3.141,0.0,-0.0,0.0,-0.0,0.0,0.0,0.0,1.0,0.0,0,0.0,1.0,0.0,1,1
712.838,238.789,-55.482,-3.141,0.0,-0.0,0.0,-0.0,0.0,0.0,0.0,1.0,0.0,0,0.0,1.0,0.0,1,1
712.938,238.789,-55.482,-3.141,0.0,-0.0,0.0,-0.0,0.0,0.0,0.0,1.0,0.0,0,0.0,1.0,0.0,1,1
713.038,238.789,-55.482,-3.141,0.0,-0.0,0.0,-0.0,0.0,0.0,0.0,1.0,0.0,0,0.0,1.0,0.0,1,1
713.138,238.789,-55.482,-3.141,0.0,-0.0,0.0,-0.0,0.0,0.0,0.0,1.0,0.0,0,0.0,1.0,0.0,1,1
713.238,238.789,-55.482,-3.141,0.0,-0.0,0.0,-0.0,0.0,0.0,0.0,1.0,0.0,0,0.0,1.0,0.0,1,1
713.388,238.789,-55.482,-3.141,0.0,-0.0,0.0,-0.0,0.0,0.0,0.0,1.0,0.0,0,0.0,1.0,0.0,1,1
713.488,238.789,-55.482,-3.141,0.0,-0.0,0.0,-0.0,0.0,0.0,0.0,1.0,0.0,0,0.0,1.0,0.0,1,1
713.588,238.789,-55.482,-3.141,0.0,-0.0,0.0,-0.0,0.0,0.0,0.0,1.0,0.0,0,0.0,1.0,0.0,1,1
713.688,238.789,-55.482,-3.141,0.0,-0.0,0.0,-0.0,0.0,0.0,0.0,1.0,0.0,0,0.0,1.0,0.0,1,1
713.838,238.789,-55.482,-3.141,0.0,-0.0,0.0,-0.0,0.0,0.0,0.0,1.0,0.0,0,0.0,1.0,0.0,1,1
713.938,238.789,-55.482,-3.141,0.0,-0.0,0.0,-0.0,0.0,0.0,0.0,1.0,0.0,0,0.0,1.0,0.0,1,1
714.038,238.789,-55.482,-3.141,0.0,-0.0,0.0,-0.0,0.0,0.0,0.0,1.0,0.0,0,0.0,1.0,0.0,1,1
714.138,238.789,-55.482,-3.141,0.0,-0.0,0.0,-0.0,0.0,0.0,0.0,1.0,0.0,0,0.0,1.0,0.0,1,1
714.238,238.789,-55.482,-3.141,0.0,-0.0,0.0,-0.0,0.0,0.0,0.0,1.0,0.0,0,0.0,1.0,0.0,1,1
714.338,238.789,-55.482,-3.141,0.0,-0.0,0.0,-0.0,0.0,0.0,0.0,1.0,0.0,0,0.0,1.0,0.0,1,1
714.488,238.789,-55.482,-3.141,0.0,-0.0,0.0,-0.0,0.0,0.0,0.0,1.0,0.0,0,0.0,1.0,0.0,1,1
714.588,238.789,-55.482,-3.141,0.0,-0.0,0.0,-0.0,0.0,0.0,0.0,1.0,0.0,0,0.0,1.0,0.0,1,1
714.688,238.789,-55.482,-3.141,0.0,-0.0,0.0,-0.0,0.0,0.0,0.0,1.0,0.0,0,0.0,1.0,0.0,1,1
714.838,238.789,-55.482,-3.141,0.0,-0.0,0.0,-0.0,0.0,0.0,0.0,1.0,0.0,0,0.0,1.0,0.0,1,1
714.938,238.789,-55.482,-3.141,0.0,-0.0,0.0,-0.0,0.0,0.0,0.0,1.0,0.0,0,0.0,1.0,0.0,1,1
715.038,238.789,-55.482,-3.141,0.0,-0.0,0.0,-0.0,0.0,0.0,0.0,1.0,0.0,0,0.0,1.0,0.0,1,1
715.138,238.789,-55.482,-3.141,0.0,-0.0,0.0,-0.0,0.0,0.0,0.0,1.0,0.0,0,0.0,1.0,0.0,1,1
715.238,238.789,-55.482,-3.141,0.0,-0.0,0.0,-0.0,0.0,0.0,0.0,1.0,0.0,0,0.0,1.0,0.0,1,1
715.388,238.789,-55.482,-3.141,0.0,-0.0,0.0,-0.0,0.0,0.0,0.0,1.0,0.0,0,0.0,1.0,0.0,1,1
715.488,238.789,-55.482,-3.141,0.0,-0.0,0.0,-0.0,0.0,0.0,0.0,1.0,0.0,0,0.0,1.0,0.0,1,1
715.588,238.789,-55.482,-3.141,0.0,-0.0,0.0,-0.0,0.0,0.0,0.0,1.0,0.0,0,0.0,1.0,0.0,1,1
715.688,238.789,-55.482,-3.141,0.0,-0.0,0.0,-0.0,0.0,0.0,0.0,1.0,0.0,0,0.0,1.0,0.0,1,1
715.838,238.789,-55.482,-3.141,0.0,-0.0,0.0,-0.0,0.0,0.0,0.0,1.0,0.0,0,0.0,1.0,0.0,1,1
715.938,238.789,-55.482,-3.141,0.0,-0.0,0.0,-0.0,0.0,0.0,0.0,1.0,0.0,0,0.0,1.0,0.0,1,1
716.038,238.789,-55.482,-3.141,0.0,-0.0,0.0,-0.0,0.0,0.0,0.0,1.0,0.0,0,0.0,1.0,0.0,1,1
716.188,238.789,-55.482,-3.141,0.0,-0.0,0.0,-0.0,0.0,0.0,0.0,1.0,0.0,0,0.0,1.0,0.0,1,1
716.288,238.789,-55.482,-3.141,0.0,-0.0,0.0,-0.0,0.0,0.0,0.0,1.0,0.0,0,0.0,1.0,0.0,1,1
716.388,238.789,-55.482,-3.141,0.0,-0.0,0.0,-0.0,0.0,0.0,0.0,1.0,0.0,0,0.0,1.0,0.0,1,1
716.488,238.789,-55.482,-3.141,0.0,-0.0,0.0,-0.0,0.0,0.0,0.0,1.0,0.0,0,0.0,1.0,0.0,1,1
716.588,238.789,-55.482,-3.141,0.0,-0.0,0.0,-0.0,0.0,0.0,0.0,1.0,0.0,0,0.0,1.0,0.0,1,1
716.688,238.789,-55.482,-3.141,0.0,-0.0,0.0,-0.0,0.0,0.0,0.0,1.0,0.0,0,0.0,1.0,0.0,1,1
716.838,238.789,-55.482,-3.141,0.0,-0.0,0.0,-0.0,0.0,0.0,0.0,1.0,0.0,0,0.0,1.0,0.0,1,1
716.938,238.789,-55.482,-3.141,0.0,-0.0,0.0,-0.0,0.0,0.0,0.0,1.0,0.0,0,0.0,1.0,0.0,1,1
717.038,238.789,-55.482,-3.141,0.0,-0.0,0.0,-0.0,0.0,0.0,0.0,1.0,0.0,0,0.0,1.0,0.0,1,1
717.138,238.789,-55.482,-3.141,0.0,-0.0,0.0,-0.0,0.0,0.0,0.0,1.0,0.0,0,0.0,1.0,0.0,1,1
717.288,238.789,-55.482,-3.141,0.0,-0.0,0.0,-0.0,0.0,0.0,0.0,1.0,0.0,0,0.0,1.0,0.0,1,1
717.388,238.789,-55.482,-3.141,0.0,-0.0,0.0,-0.0,0.0,0.0,0.0,1.0,0.0,0,0.0,1.0,0.0,1,1
717.488,238.789,-55.482,-3.141,0.0,-0.0,0.0,-0.0,0.0,0.0,0.0,1.0,0.0,0,0.0,1.0,0.0,1,1
717.588,238.789,-55.482,-3.141,0.0,-0.0,0.0,-0.0,0.0,0.0,0.0,1.0,0.0,0,0.0,1.0,0.0,1,1
717.688,238.789,-55.482,-3.141,0.0,-0.0,0.0,-0.0,0.0,0.0,0.0,1.0,0.0,0,0.0,1.0,0.0,1,1
717.838,238.789,-55.482,-3.141,0.0,-0.0,0.0,-0.0,0.0,0.0,0.0,1.0,0.0,0,0.0,1.0,0.0,1,1
717.938,238.789,-55.482,-3.141,0.0,-0.0,0.0,-0.0,0.0,0.0,0.0,1.0,0.0,0,0.0,1.0,0.0,1,1
718.038,238.789,-55.482,-3.141,0.0,-0.0,0.0,-0.0,0.0,0.0,0.0,1.0,0.0,0,0.0,1.0,0.0,1,1
718.188,238.789,-55.482,-3.141,0.0,-0.0,0.0,-0.0,0.0,0.0,0.0,1.0,0.0,0,0.0,1.0,0.0,1,1
718.288,238.789,-55.482,-3.141,0.0,-0.0,0.0,-0.0,0.0,0.0,0.0,1.0,0.0,0,0.0,1.0,0.0,1,1
718.388,238.789,-55.482,-3.141,0.0,-0.0,0.0,-0.0,0.0,0.0,0.0,1.0,0.0,0,0.0,1.0,0.0,1,1
718.488,238.789,-55.482,-3.141,0.0,-0.0,0.0,-0.0,0.0,0.0,0.0,1.0,0.0,0,0.0,1.0,0.0,1,1
718.638,238.789,-55.482,-3.141,0.0,-0.0,0.0,-0.0,0.0,0.0,0.0,1.0,0.0,0,0.0,1.0,0.0,1,1
718.738,238.789,-55.482,-3.141,0.0,-0.0,0.0,-0.0,0.0,0.0,0.0,1.0,0.0,0,0.0,1.0,0.0,1,1
718.838,238.789,-55.482,-3.141,0.0,-0.0,0.0,-0.0,0.0,0.0,0.0,1.0,0.0,0,0.0,1.0,0.0,1,1
718.938,238.789,-55.482,-3.141,0.0,-0.0,0.0,-0.0,0.0,0.0,0.0,1.0,0.0,0,0.0,1.0,0.0,1,1
719.038,238.789,-55.482,-3.141,0.0,-0.0,0.0,-0.0,0.0,0.0,0.0,1.0,0.0,0,0.0,1.0,0.0,1,1
719.188,238.789,-55.482,-3.141,0.0,-0.0,0.0,-0.0,0.0,0.0,0.0,1.0,0.0,0,0.0,1.0,0.0,1,1
719.288,238.789,-55.482,-3.141,0.0,-0.0,0.0,-0.0,0.0,0.0,0.0,1.0,0.0,0,0.0,1.0,0.0,1,1
719.388,238.789,-55.482,-3.141,0.0,-0.0,0.0,-0.0,0.0,0.0,0.0,1.0,0.0,0,0.0,1.0,0.0,1,1
719.488,238.789,-55.482,-3.141,0.0,-0.0,0.0,-0.0,0.0,0.0,0.0,1.0,0.0,0,0.0,1.0,0.0,1,1
719.638,238.789,-55.482,-3.141,0.0,-0.0,0.0,-0.0,0.0,0.0,0.0,1.0,0.0,0,0.0,1.0,0.0,1,1
719.738,238.789,-55.482,-3.141,0.0,-0.0,0.0,-0.0,0.0,0.0,0.0,1.0,0.0,0,0.0,1.0,0.0,1,1
719.838,238.789,-55.482,-3.141,0.0,-0.0,0.0,-0.0,0.0,0.0,0.0,1.0,0.0,0,0.0,1.0,0.0,1,1
719.938,238.789,-55.482,-3.141,0.0,-0.0,0.0,-0.0,0.0,0.0,0.0,1.0,0.0,0,0.0,1.0,0.0,1,1
720.038,238.789,-55.482,-3.141,0.0,-0.0,0.0,-0.0,0.0,0.0,0.0,1.0,0.0,0,0.0,1.0,0.0,1,1
720.138,238.789,-55.482,-3.141,0.0,-0.0,0.0,-0.0,0.0,0.0,0.0,1.0,0.0,0,0.0,1.0,0.0,1,1
720.288,238.789,-55.482,-3.141,0.0,-0.0,0.0,-0.0,0.0,0.0,0.0,1.0,0.0,0,0.0,1.0,0.0,1,1
720.388,238.789,-55.482,-3.141,0.0,-0.0,0.0,-0.0,0.0,0.0,0.0,1.0,0.0,0,0.0,1.0,0.0,1,1
720.488,238.789,-55.482,-3.141,0.0,-0.0,0.0,-0.0,0.0,0.0,0.0,1.0,0.0,0,0.0,1.0,0.0,1,1
720.638,238.789,-55.482,-3.141,0.0,-0.0,0.0,-0.0,0.0,0.0,0.0,1.0,0.0,0,0.0,1.0,0.0,1,1
720.738,238.789,-55.482,-3.141,0.0,-0.0,0.0,-0.0,0.0,0.0,0.0,1.0,0.0,0,0.0,1.0,0.0,1,1
720.838,238.789,-55.482,-3.141,0.0,-0.0,0.0,-0.0,0.0,0.0,0.0,1.0,0.0,0,0.0,1.0,0.0,1,1
720.938,238.789,-55.482,-3.141,0.0,-0.0,0.0,-0.0,0.0,0.0,0.0,1.0,0.0,0,0.0,1.0,0.0,1,1
721.088,238.789,-55.482,-3.141,0.0,-0.0,0.0,-0.0,0.0,0.0,0.0,1.0,0.0,0,0.0,1.0,0.0,1,1
721.188,238.789,-55.482,-3.141,0.0,-0.0,0.0,-0.0,0.0,0.0,0.0,1.0,0.0,0,0.0,1.0,0.0,1,1
721.288,238.789,-55.482,-3.141,0.0,-0.0,0.0,-0.0,0.0,0.0,0.0,1.0,0.0,0,0.0,1.0,0.0,1,1
721.388,238.789,-55.482,-3.141,0.0,-0.0,0.0,-0.0,0.0,0.0,0.0,1.0,0.0,0,0.0,1.0,0.0,1,1
721.538,238.789,-55.482,-3.141,0.0,-0.0,0.0,-0.0,0.0,0.0,0.0,1.0,0.0,0,0.0,1.0,0.0,1,1
721.638,238.789,-55.482,-3.141,0.0,-0.0,0.0,-0.0,0.0,0.0,0.0,1.0,0.0,0,0.0,1.0,0.0,1,1
721.738,238.789,-55.482,-3.141,0.0,-0.0,0.0,-0.0,0.0,0.0,0.0,1.0,0.0,0,0.0,1.0,0.0,1,1
721.838,238.789,-55.482,-3.141,0.0,-0.0,0.0,-0.0,0.0,0.0,0.0,1.0,0.0,0,0.0,1.0,0.0,1,1
721.938,238.789,-55.482,-3.141,0.0,-0.0,0.0,-0.0,0.0,0.0,0.0,1.0,0.0,0,0.0,1.0,0.0,1,1
722.038,238.789,-55.482,-3.141,0.0,-0.0,0.0,-0.0,0.0,0.0,0.0,1.0,0.0,0,0.0,1.0,0.0,1,1
722.188,238.789,-55.482,-3.141,0.0,-0.0,0.0,-0.0,0.0,0.0,0.0,1.0,0.0,0,0.0,1.0,0.0,1,1
722.288,238.789,-55.482,-3.141,0.0,-0.0,0.0,-0.0,0.0,0.0,0.0,1.0,0.0,0,0.0,1.0,0.0,1,1
722.388,238.789,-55.482,-3.141,0.0,-0.0,0.0,-0.0,0.0,0.0,0.0,1.0,0.0,0,0.0,1.0,0.0,1,1
722.538,238.789,-55.482,-3.141,0.0,-0.0,0.0,-0.0,0.0,0.0,0.0,1.0,0.0,0,0.0,1.0,0.0,1,1
722.638,238.789,-55.482,-3.141,0.0,-0.0,0.0,-0.0,0.0,0.0,0.0,1.0,0.0,0,0.0,1.0,0.0,1,1
722.738,238.789,-55.482,-3.141,0.0,-0.0,0.0,-0.0,0.0,0.0,0.0,1.0,0.0,0,0.0,1.0,0.0,1,1
722.838,238.789,-55.482,-3.141,0.0,-0.0,0.0,-0.0,0.0,0.0,0.0,1.0,0.0,0,0.0,1.0,0.0,1,1
722.988,238.789,-55.482,-3.141,0.0,-0.0,0.0,-0.0,0.0,0.0,0.0,1.0,0.0,0,0.0,1.0,0.0,1,1
723.088,238.789,-55.482,-3.141,0.0,-0.0,0.0,-0.0,0.0,0.0,0.0,1.0,0.0,0,0.0,1.0,0.0,1,1
723.188,238.789,-55.482,-3.141,0.0,-0.0,0.0,-0.0,0.0,0.0,0.0,1.0,0.0,0,0.0,1.0,0.0,1,1
723.288,238.789,-55.482,-3.141,0.0,-0.0,0.0,-0.0,0.0,0.0,0.0,1.0,0.0,0,0.0,1.0,0.0,1,1
723.438,238.789,-55.482,-3.141,0.0,-0.0,0.0,-0.0,0.0,0.0,0.0,1.0,0.0,0,0.0,1.0,0.0,1,1
723.538,238.789,-55.482,-3.141,0.0,-0.0,0.0,-0.0,0.0,0.0,0.0,1.0,0.0,0,0.0,1.0,0.0,1,1
723.638,238.789,-55.482,-3.141,0.0,-0.0,0.0,-0.0,0.0,0.0,0.0,1.0,0.0,0,0.0,1.0,0.0,1,1
723.738,238.789,-55.482,-3.141,0.0,-0.0,0.0,-0.0,0.0,0.0,0.0,1.0,0.0,0,0.0,1.0,0.0,1,1
723.888,238.789,-55.482,-3.141,0.0,-0.0,0.0,-0.0,0.0,0.0,0.0,1.0,0.0,0,0.0,1.0,0.0,1,1
723.988,238.789,-55.482,-3.141,0.0,-0.0,0.0,-0.0,0.0,0.0,0.0,1.0,0.0,0,0.0,1.0,0.0,1,1
724.088,238.789,-55.482,-3.141,0.0,-0.0,0.0,-0.0,0.0,0.0,0.0,1.0,0.0,0,0.0,1.0,0.0,1,1
724.188,238.789,-55.482,-3.141,0.0,-0.0,0.0,-0.0,0.0,0.0,0.0,1.0,0.0,0,0.0,1.0,0.0,1,1
724.288,238.789,-55.482,-3.141,0.0,-0.0,0.0,-0.0,0.0,0.0,0.0,1.0,0.0,0,0.0,1.0,0.0,1,1
724.438,238.789,-55.482,-3.141,0.0,-0.0,0.0,-0.0,0.0,0.0,0.0,1.0,0.0,0,0.0,1.0,0.0,1,1
724.538,238.789,-55.482,-3.141,0.0,-0.0,0.0,-0.0,0.0,0.0,0.0,1.0,0.0,0,0.0,1.0,0.0,1,1
724.638,238.789,-55.482,-3.141,0.0,-0.0,0.0,-0.0,0.0,0.0,0.0,1.0,0.0,0,0.0,1.0,0.0,1,1
724.788,238.789,-55.482,-3.141,0.0,-0.0,0.0,-0.0,0.0,0.0,0.0,1.0,0.0,0,0.0,1.0,0.0,1,1
724.888,238.789,-55.482,-3.141,0.0,-0.0,0.0,-0.0,0.0,0.0,0.0,1.0,0.0,0,0.0,1.0,0.0,1,1
724.988,238.789,-55.482,-3.141,0.0,-0.0,0.0,-0.0,0.0,0.0,0.0,1.0,0.0,0,0.0,1.0,0.0,1,1
725.138,238.789,-55.482,-3.141,0.0,-0.0,0.0,-0.0,0.0,0.0,0.0,1.0,0.0,0,0.0,1.0,0.0,1,1
725.238,238.789,-55.482,-3.141,0.0,-0.0,0.0,-0.0,0.0,0.0,0.0,1.0,0.0,0,0.0,1.0,0.0,1,1
725.338,238.789,-55.482,-3.141,0.0,-0.0,0.0,-0.0,0.0,0.0,0.0,1.0,0.0,0,0.0,1.0,0.0,1,1
725.438,238.789,-55.482,-3.141,0.0,-0.0,0.0,-0.0,0.0,0.0,0.0,1.0,0.0,0,0.0,1.0,0.0,1,1
725.588,238.789,-55.482,-3.141,0.0,-0.0,0.0,-0.0,0.0,0.0,0.0,1.0,0.0,0,0.0,1.0,0.0,1,1
725.688,238.789,-55.482,-3.141,0.0,-0.0,0.0,-0.0,0.0,0.0,0.0,1.0,0.0,0,0.0,1.0,0.0,1,1
725.788,238.789,-55.482,-3.141,0.0,-0.0,0.0,-0.0,0.0,0.0,0.0,1.0,0.0,0,0.0,1.0,0.0,1,1
725.888,238.789,-55.482,-3.141,0.0,-0.0,0.0,-0.0,0.0,0.0,0.0,1.0,0.0,0,0.0,1.0,0.0,1,1
726.038,238.789,-55.482,-3.141,0.0,-0.0,0.0,-0.0,0.0,0.0,0.0,1.0,0.0,0,0.0,1.0,0.0,1,1
726.138,238.789,-55.482,-3.141,0.0,-0.0,0.0,-0.0,0.0,0.0,0.0,1.0,0.0,0,0.0,1.0,0.0,1,1
726.238,238.789,-55.482,-3.141,0.0,-0.0,0.0,-0.0,0.0,0.0,0.0,1.0,0.0,0,0.0,1.0,0.0,1,1
726.338,238.789,-55.482,-3.141,0.0,-0.0,0.0,-0.0,0.0,0.0,0.0,1.0,0.0,0,0.0,1.0,0.0,1,1
726.438,238.789,-55.482,-3.141,0.0,-0.0,0.0,-0.0,0.0,0.0,0.0,1.0,0.0,0,0.0,1.0,0.0,1,1
726.588,238.789,-55.482,-3.141,0.0,-0.0,0.0,-0.0,0.0,0.0,0.0,1.0,0.0,0,0.0,1.0,0.0,1,1
726.688,238.789,-55.482,-3.141,0.0,-0.0,0.0,-0.0,0.0,0.0,0.0,1.0,0.0,0,0.0,1.0,0.0,1,1
726.788,238.789,-55.482,-3.141,0.0,-0.0,0.0,-0.0,0.0,0.0,0.0,1.0,0.0,0,0.0,1.0,0.0,1,1
726.888,238.789,-55.482,-3.141,0.0,-0.0,0.0,-0.0,0.0,0.0,0.0,1.0,0.0,0,0.0,1.0,0.0,1,1
727.038,238.789,-55.482,-3.141,0.0,-0.0,0.0,-0.0,0.0,0.0,0.0,1.0,0.0,0,0.0,1.0,0.0,1,1
727.138,238.789,-55.482,-3.141,0.0,-0.0,0.0,-0.0,0.0,0.0,0.0,1.0,0.0,0,0.0,1.0,0.0,1,1
727.238,238.789,-55.482,-3.141,0.0,-0.0,0.0,-0.0,0.0,0.0,0.0,1.0,0.0,0,0.0,1.0,0.0,1,1
727.338,238.789,-55.482,-3.141,0.0,-0.0,0.0,-0.0,0.0,0.0,0.0,1.0,0.0,0,0.0,1.0,0.0,1,1
727.488,238.789,-55.482,-3.141,0.0,-0.0,0.0,-0.0,0.0,0.0,0.0,1.0,0.0,0,0.0,1.0,0.0,1,1
727.588,238.789,-55.482,-3.141,0.0,-0.0,0.0,-0.0,0.0,0.0,0.0,1.0,0.0,0,0.0,1.0,0.0,1,1
727.688,238.789,-55.482,-3.141,0.0,-0.0,0.0,-0.0,0.0,0.0,0.0,1.0,0.0,0,0.0,1.0,0.0,1,1
727.788,238.789,-55.482,-3.141,0.0,-0.0,0.0,-0.0,0.0,0.0,0.0,1.0,0.0,0,0.0,1.0,0.0,1,1
727.888,238.789,-55.482,-3.141,0.0,-0.0,0.0,-0.0,0.0,0.0,0.0,1.0,0.0,0,0.0,1.0,0.0,1,1
728.038,238.789,-55.482,-3.141,0.0,-0.0,0.0,-0.0,0.0,0.0,0.0,1.0,0.0,0,0.0,1.0,0.0,1,1
728.138,238.789,-55.482,-3.141,0.0,-0.0,0.0,-0.0,0.0,0.0,0.0,1.0,0.0,0,0.0,1.0,0.0,1,1
728.238,238.789,-55.482,-3.141,0.0,-0.0,0.0,-0.0,0.0,0.0,0.0,1.0,0.0,0,0.0,1.0,0.0,1,1
728.338,238.789,-55.482,-3.141,0.0,-0.0,0.0,-0.0,0.0,0.0,0.0,1.0,0.0,0,0.0,1.0,0.0,1,1
728.438,238.789,-55.482,-3.141,0.0,-0.0,0.0,-0.0,0.0,0.0,0.0,1.0,0.0,0,0.0,1.0,0.0,1,1
728.588,238.789,-55.482,-3.141,0.0,-0.0,0.0,-0.0,0.0,0.0,0.0,1.0,0.0,0,0.0,1.0,0.0,1,1
728.688,238.789,-55.482,-3.141,0.0,-0.0,0.0,-0.0,0.0,0.0,0.0,1.0,0.0,0,0.0,1.0,0.0,1,1
728.788,238.789,-55.482,-3.141,0.0,-0.0,0.0,-0.0,0.0,0.0,0.0,1.0,0.0,0,0.0,1.0,0.0,1,1
728.888,238.789,-55.482,-3.141,0.0,-0.0,0.0,-0.0,0.0,0.0,0.0,1.0,0.0,0,0.0,1.0,0.0,1,1
729.038,238.789,-55.482,-3.141,0.0,-0.0,0.0,-0.0,0.0,0.0,0.0,1.0,0.0,0,0.0,1.0,0.0,1,1
729.138,238.789,-55.482,-3.141,0.0,-0.0,0.0,-0.0,0.0,0.0,0.0,1.0,0.0,0,0.0,1.0,0.0,1,1
729.238,238.789,-55.482,-3.141,0.0,-0.0,0.0,-0.0,0.0,0.0,0.0,1.0,0.0,0,0.0,1.0,0.0,1,1
729.338,238.789,-55.482,-3.141,0.0,-0.0,0.0,-0.0,0.0,0.0,0.0,1.0,0.0,0,0.0,1.0,0.0,1,1
729.488,238.789,-55.482,-3.141,0.0,-0.0,0.0,-0.0,0.0,0.0,0.0,1.0,0.0,0,0.0,1.0,0.0,1,1
729.588,238.789,-55.482,-3.141,0.0,-0.0,0.0,-0.0,0.0,0.0,0.0,1.0,0.0,0,0.0,1.0,0.0,1,1
729.688,238.789,-55.482,-3.141,0.0,-0.0,0.0,-0.0,0.0,0.0,0.0,1.0,0.0,0,0.0,1.0,0.0,1,1
729.788,238.789,-55.482,-3.141,0.0,-0.0,0.0,-0.0,0.0,0.0,0.0,1.0,0.0,0,0.0,1.0,0.0,1,1
729.888,238.789,-55.482,-3.141,0.0,-0.0,0.0,-0.0,0.0,0.0,0.0,1.0,0.0,0,0.0,1.0,0.0,1,1
730.038,238.789,-55.482,-3.141,0.0,-0.0,0.0,-0.0,0.0,0.0,0.0,1.0,0.0,0,0.0,1.0,0.0,1,1
730.138,238.789,-55.482,-3.141,0.0,-0.0,0.0,-0.0,0.0,0.0,0.0,1.0,0.0,0,0.0,1.0,0.0,1,1
730.238,238.789,-55.482,-3.141,0.0,-0.0,0.0,-0.0,0.0,0.0,0.0,1.0,0.0,0,0.0,1.0,0.0,1,1
730.338,238.789,-55.482,-3.141,0.0,-0.0,0.0,-0.0,0.0,0.0,0.0,1.0,0.0,0,0.0,1.0,0.0,1,1
730.488,238.789,-55.482,-3.141,0.0,-0.0,0.0,-0.0,0.0,0.0,0.0,1.0,0.0,0,0.0,1.0,0.0,1,1
730.588,238.789,-55.482,-3.141,0.0,-0.0,0.0,-0.0,0.0,0.0,0.0,1.0,0.0,0,0.0,1.0,0.0,1,1
730.688,238.789,-55.482,-3.141,0.0,-0.0,0.0,-0.0,0.0,0.0,0.0,1.0,0.0,0,0.0,1.0,0.0,1,1
730.788,238.789,-55.482,-3.141,0.0,-0.0,0.0,-0.0,0.0,0.0,0.0,1.0,0.0,0,0.0,1.0,0.0,1,1
730.888,238.789,-55.482,-3.141,0.0,-0.0,0.0,-0.0,0.0,0.0,0.0,1.0,0.0,0,0.0,1.0,0.0,1,1
731.038,238.789,-55.482,-3.141,0.0,-0.0,0.0,-0.0,0.0,0.0,0.0,1.0,0.0,0,0.0,1.0,0.0,1,1
731.138,238.789,-55.482,-3.141,0.0,-0.0,0.0,-0.0,0.0,0.0,0.0,1.0,0.0,0,0.0,1.0,0.0,1,1
731.238,238.789,-55.482,-3.141,0.0,-0.0,0.0,-0.0,0.0,0.0,0.0,1.0,0.0,0,0.0,1.0,0.0,1,1
731.338,238.789,-55.482,-3.141,0.0,-0.0,0.0,-0.0,0.0,0.0,0.0,1.0,0.0,0,0.0,1.0,0.0,1,1
731.438,238.789,-55.482,-3.141,0.0,-0.0,0.0,-0.0,0.0,0.0,0.0,1.0,0.0,0,0.0,1.0,0.0,1,1
731.588,238.789,-55.482,-3.141,0.0,-0.0,0.0,-0.0,0.0,0.0,0.0,1.0,0.0,0,0.0,1.0,0.0,1,1
731.688,238.789,-55.482,-3.141,0.0,-0.0,0.0,-0.0,0.0,0.0,0.0,1.0,0.0,0,0.0,1.0,0.0,1,1
731.788,238.789,-55.482,-3.141,0.0,-0.0,0.0,-0.0,0.0,0.0,0.0,1.0,0.0,0,0.0,1.0,0.0,1,1
731.938,238.789,-55.482,-3.141,0.0,-0.0,0.0,-0.0,0.0,0.0,0.0,1.0,0.0,0,0.0,1.0,0.0,1,1
732.038,238.789,-55.482,-3.141,0.0,-0.0,0.0,-0.0,0.0,0.0,0.0,1.0,0.0,0,0.0,1.0,0.0,1,1
732.138,238.789,-55.482,-3.141,0.0,-0.0,0.0,-0.0,0.0,0.0,0.0,1.0,0.0,0,0.0,1.0,0.0,1,1
732.238,238.789,-55.482,-3.141,0.0,-0.0,0.0,-0.0,0.0,0.0,0.0,1.0,0.0,0,0.0,1.0,0.0,1,1
732.338,238.789,-55.482,-3.141,0.0,-0.0,0.0,-0.0,0.0,0.0,0.0,1.0,0.0,0,0.0,1.0,0.0,1,1
732.438,238.789,-55.482,-3.141,0.0,-0.0,0.0,-0.0,0.0,0.0,0.0,1.0,0.0,0,0.0,1.0,0.0,1,1
732.588,238.789,-55.482,-3.141,0.0,-0.0,0.0,-0.0,0.0,0.0,0.0,1.0,0.0,0,0.0,1.0,0.0,1,1
732.688,238.789,-55.482,-3.141,0.0,-0.0,0.0,-0.0,0.0,0.0,0.0,1.0,0.0,0,0.0,1.0,0.0,1,1
732.788,238.789,-55.482,-3.141,0.0,-0.0,0.0,-0.0,0.0,0.0,0.0,1.0,0.0,0,0.0,1.0,0.0,1,1
732.888,238.789,-55.482,-3.141,0.0,-0.0,0.0,-0.0,0.0,0.0,0.0,1.0,0.0,0,0.0,1.0,0.0,1,1
733.038,238.789,-55.482,-3.141,0.0,-0.0,0.0,-0.0,0.0,0.0,0.0,1.0,0.0,0,0.0,1.0,0.0,1,1
733.138,238.789,-55.482,-3.141,0.0,-0.0,0.0,-0.0,0.0,0.0,0.0,1.0,0.0,0,0.0,1.0,0.0,1,1
733.238,238.789,-55.482,-3.141,0.0,-0.0,0.0,-0.0,0.0,0.0,0.0,1.0,0.0,0,0.0,1.0,0.0,1,1
733.338,238.789,-55.482,-3.141,0.0,-0.0,0.0,-0.0,0.0,0.0,0.0,1.0,0.0,0,0.0,1.0,0.0,1,1
733.438,238.789,-55.482,-3.141,0.0,-0.0,0.0,-0.0,0.0,0.0,0.0,1.0,0.0,0,0.0,1.0,0.0,1,1
733.588,238.789,-55.482,-3.141,0.0,-0.0,0.0,-0.0,0.0,0.0,0.0,1.0,0.0,0,0.0,1.0,0.0,1,1
733.688,238.789,-55.482,-3.141,0.0,-0.0,0.0,-0.0,0.0,0.0,0.0,1.0,0.0,0,0.0,1.0,0.0,1,1
733.788,238.789,-55.482,-3.141,0.0,-0.0,0.0,-0.0,0.0,0.0,0.0,1.0,0.0,0,0.0,1.0,0.0,1,1
733.938,238.789,-55.482,-3.141,0.0,-0.0,0.0,-0.0,0.0,0.0,0.0,1.0,0.0,0,0.0,1.0,0.0,1,1
734.038,238.789,-55.482,-3.141,0.0,-0.0,0.0,-0.0,0.0,0.0,0.0,1.0,0.0,0,0.0,1.0,0.0,1,1
734.138,238.789,-55.482,-3.141,0.0,-0.0,0.0,-0.0,0.0,0.0,0.0,1.0,0.0,0,0.0,1.0,0.0,1,1
734.238,238.789,-55.482,-3.141,0.0,-0.0,0.0,-0.0,0.0,0.0,0.0,1.0,0.0,0,0.0,1.0,0.0,1,1
734.338,238.789,-55.482,-3.141,0.0,-0.0,0.0,-0.0,0.0,0.0,0.0,1.0,0.0,0,0.0,1.0,0.0,1,1
734.488,238.789,-55.482,-3.141,0.0,-0.0,0.0,-0.0,0.0,0.0,0.0,1.0,0.0,0,0.0,1.0,0.0,1,1
734.588,238.789,-55.482,-3.141,0.0,-0.0,0.0,-0.0,0.0,0.0,0.0,1.0,0.0,0,0.0,1.0,0.0,1,1
734.688,238.789,-55.482,-3.141,0.0,-0.0,0.0,-0.0,0.0,0.0,0.0,1.0,0.0,0,0.0,1.0,0.0,1,1
734.788,238.789,-55.482,-3.141,0.0,-0.0,0.0,-0.0,0.0,0.0,0.0,1.0,0.0,0,0.0,1.0,0.0,1,1
734.938,238.789,-55.482,-3.141,0.0,-0.0,0.0,-0.0,0.0,0.0,0.0,1.0,0.0,0,0.0,1.0,0.0,1,1
735.038,238.789,-55.482,-3.141,0.0,-0.0,0.0,-0.0,0.0,0.0,0.0,1.0,0.0,0,0.0,1.0,0.0,1,1
735.138,238.789,-55.482,-3.141,0.0,-0.0,0.0,-0.0,0.0,0.0,0.0,1.0,0.0,0,0.0,1.0,0.0,1,1
735.238,238.789,-55.482,-3.141,0.0,-0.0,0.0,-0.0,0.0,0.0,0.0,1.0,0.0,0,0.0,1.0,0.0,1,1
735.388,238.789,-55.482,-3.141,0.0,-0.0,0.0,-0.0,0.0,0.0,0.0,1.0,0.0,0,0.0,1.0,0.0,1,1
735.488,238.789,-55.482,-3.141,0.0,-0.0,0.0,-0.0,0.0,0.0,0.0,1.0,0.0,0,0.0,1.0,0.0,1,1
735.588,238.789,-55.482,-3.141,0.0,-0.0,0.0,-0.0,0.0,0.0,0.0,1.0,0.0,0,0.0,1.0,0.0,1,1
735.688,238.789,-55.482,-3.141,0.0,-0.0,0.0,-0.0,0.0,0.0,0.0,1.0,0.0,0,0.0,1.0,0.0,1,1
735.838,238.789,-55.482,-3.141,0.0,-0.0,0.0,-0.0,0.0,0.0,0.0,1.0,0.0,0,0.0,1.0,0.0,1,1
735.938,238.789,-55.482,-3.141,0.0,-0.0,0.0,-0.0,0.0,0.0,0.0,1.0,0.0,0,0.0,1.0,0.0,1,1
736.038,238.789,-55.482,-3.141,0.0,-0.0,0.0,-0.0,0.0,0.0,0.0,1.0,0.0,0,0.0,1.0,0.0,1,1
736.138,238.789,-55.482,-3.141,0.0,-0.0,0.0,-0.0,0.0,0.0,0.0,1.0,0.0,0,0.0,1.0,0.0,1,1
736.288,238.789,-55.482,-3.141,0.0,-0.0,0.0,-0.0,0.0,0.0,0.0,1.0,0.0,0,0.0,1.0,0.0,1,1
736.388,238.789,-55.482,-3.141,0.0,-0.0,0.0,-0.0,0.0,0.0,0.0,1.0,0.0,0,0.0,1.0,0.0,1,1
736.488,238.789,-55.482,-3.141,0.0,-0.0,0.0,-0.0,0.0,0.0,0.0,1.0,0.0,0,0.0,1.0,0.0,1,1
736.588,238.789,-55.482,-3.141,0.0,-0.0,0.0,-0.0,0.0,0.0,0.0,1.0,0.0,0,0.0,1.0,0.0,1,1
736.688,238.789,-55.482,-3.141,0.0,-0.0,0.0,-0.0,0.0,0.0,0.0,1.0,0.0,0,0.0,1.0,0.0,1,1
736.838,238.789,-55.482,-3.141,0.0,-0.0,0.0,-0.0,0.0,0.0,0.0,1.0,0.0,0,0.0,1.0,0.0,1,1
736.938,238.789,-55.482,-3.141,0.0,-0.0,0.0,-0.0,0.0,0.0,0.0,1.0,0.0,0,0.0,1.0,0.0,1,1
737.038,238.789,-55.482,-3.141,0.0,-0.0,0.0,-0.0,0.0,0.0,0.0,1.0,0.0,0,0.0,1.0,0.0,1,1
737.138,238.789,-55.482,-3.141,0.0,-0.0,0.0,-0.0,0.0,0.0,0.0,1.0,0.0,0,0.0,1.0,0.0,1,1
737.288,238.789,-55.482,-3.141,0.0,-0.0,0.0,-0.0,0.0,0.0,0.0,1.0,0.0,0,0.0,1.0,0.0,1,1
737.388,238.789,-55.482,-3.141,0.0,-0.0,0.0,-0.0,0.0,0.0,0.0,1.0,0.0,0,0.0,1.0,0.0,1,1
737.488,238.789,-55.482,-3.141,0.0,-0.0,0.0,-0.0,0.0,0.0,0.0,1.0,0.0,0,0.0,1.0,0.0,1,1
737.588,238.789,-55.482,-3.141,0.0,-0.0,0.0,-0.0,0.0,0.0,0.0,1.0,0.0,0,0.0,1.0,0.0,1,1
737.688,238.789,-55.482,-3.141,0.0,-0.0,0.0,-0.0,0.0,0.0,0.0,1.0,0.0,0,0.0,1.0,0.0,1,1
737.838,238.789,-55.482,-3.141,0.0,-0.0,0.0,-0.0,0.0,0.0,0.0,1.0,0.0,0,0.0,1.0,0.0,1,1
737.938,238.789,-55.482,-3.141,0.0,-0.0,0.0,-0.0,0.0,0.0,0.0,1.0,0.0,0,0.0,1.0,0.0,1,1
738.038,238.789,-55.482,-3.141,0.0,-0.0,0.0,-0.0,0.0,0.0,0.0,1.0,0.0,0,0.0,1.0,0.0,1,1
738.138,238.789,-55.482,-3.141,0.0,-0.0,0.0,-0.0,0.0,0.0,0.0,1.0,0.0,0,0.0,1.0,0.0,1,1
738.288,238.789,-55.482,-3.141,0.0,-0.0,0.0,-0.0,0.0,0.0,0.0,1.0,0.0,0,0.0,1.0,0.0,1,1
738.388,238.789,-55.482,-3.141,0.0,-0.0,0.0,-0.0,0.0,0.0,0.0,1.0,0.0,0,0.0,1.0,0.0,1,1
738.488,238.789,-55.482,-3.141,0.0,-0.0,0.0,-0.0,0.0,0.0,0.0,1.0,0.0,0,0.0,1.0,0.0,1,1
738.588,238.789,-55.482,-3.141,0.0,-0.0,0.0,-0.0,0.0,0.0,0.0,1.0,0.0,0,0.0,1.0,0.0,1,1
738.738,238.789,-55.482,-3.141,0.0,-0.0,0.0,-0.0,0.0,0.0,0.0,1.0,0.0,0,0.0,1.0,0.0,1,1
738.838,238.789,-55.482,-3.141,0.0,-0.0,0.0,-0.0,0.0,0.0,0.0,1.0,0.0,0,0.0,1.0,0.0,1,1
738.938,238.789,-55.482,-3.141,0.0,-0.0,0.0,-0.0,0.0,0.0,0.0,1.0,0.0,0,0.0,1.0,0.0,1,1
739.038,238.789,-55.482,-3.141,0.0,-0.0,0.0,-0.0,0.0,0.0,0.0,1.0,0.0,0,0.0,1.0,0.0,1,1
739.188,238.789,-55.482,-3.141,0.0,-0.0,0.0,-0.0,0.0,0.0,0.0,1.0,0.0,0,0.0,1.0,0.0,1,1
739.288,238.789,-55.482,-3.141,0.0,-0.0,0.0,-0.0,0.0,0.0,0.0,1.0,0.0,0,0.0,1.0,0.0,1,1
739.388,238.789,-55.482,-3.141,0.0,-0.0,0.0,-0.0,0.0,0.0,0.0,1.0,0.0,0,0.0,1.0,0.0,1,1
739.538,238.789,-55.482,-3.141,0.0,-0.0,0.0,-0.0,0.0,0.0,0.0,1.0,0.0,0,0.0,1.0,0.0,1,1
739.638,238.789,-55.482,-3.141,0.0,-0.0,0.0,-0.0,0.0,0.0,0.0,1.0,0.0,0,0.0,1.0,0.0,1,1
739.738,238.789,-55.482,-3.141,0.0,-0.0,0.0,-0.0,0.0,0.0,0.0,1.0,0.0,0,0.0,1.0,0.0,1,1
739.838,238.789,-55.482,-3.141,0.0,-0.0,0.0,-0.0,0.0,0.0,0.0,1.0,0.0,0,0.0,1.0,0.0,1,1
739.938,238.789,-55.482,-3.141,0.0,-0.0,0.0,-0.0,0.0,0.0,0.0,1.0,0.0,0,0.0,1.0,0.0,1,1
740.038,238.789,-55.482,-3.141,0.0,-0.0,0.0,-0.0,0.0,0.0,0.0,1.0,0.0,0,0.0,1.0,0.0,1,1
740.188,238.789,-55.482,-3.141,0.0,-0.0,0.0,-0.0,0.0,0.0,0.0,1.0,0.0,0,0.0,1.0,0.0,1,1
740.288,238.789,-55.482,-3.141,0.0,-0.0,0.0,-0.0,0.0,0.0,0.0,1.0,0.0,0,0.0,1.0,0.0,1,1
740.388,238.789,-55.482,-3.141,0.0,-0.0,0.0,-0.0,0.0,0.0,0.0,1.0,0.0,0,0.0,1.0,0.0,1,1
740.538,238.789,-55.482,-3.141,0.0,-0.0,0.0,-0.0,0.0,0.0,0.0,1.0,0.0,0,0.0,1.0,0.0,1,1
740.638,238.789,-55.482,-3.141,0.0,-0.0,0.0,-0.0,0.0,0.0,0.0,1.0,0.0,0,0.0,1.0,0.0,1,1
740.738,238.789,-55.482,-3.141,0.0,-0.0,0.0,-0.0,0.0,0.0,0.0,1.0,0.0,0,0.0,1.0,0.0,1,1
740.838,238.789,-55.482,-3.141,0.0,-0.0,0.0,-0.0,0.0,0.0,0.0,1.0,0.0,0,0.0,1.0,0.0,1,1
740.938,238.789,-55.482,-3.141,0.0,-0.0,0.0,-0.0,0.0,0.0,0.0,1.0,0.0,0,0.0,1.0,0.0,1,1
741.038,238.789,-55.482,-3.141,0.0,-0.0,0.0,-0.0,0.0,0.0,0.0,1.0,0.0,0,0.0,1.0,0.0,1,1
741.188,238.789,-55.482,-3.141,0.0,-0.0,0.0,-0.0,0.0,0.0,0.0,1.0,0.0,0,0.0,1.0,0.0,1,1
741.288,238.789,-55.482,-3.141,0.0,-0.0,0.0,-0.0,0.0,0.0,0.0,1.0,0.0,0,0.0,1.0,0.0,1,1
741.388,238.789,-55.482,-3.141,0.0,-0.0,0.0,-0.0,0.0,0.0,0.0,1.0,0.0,0,0.0,1.0,0.0,1,1
741.488,238.789,-55.482,-3.141,0.0,-0.0,0.0,-0.0,0.0,0.0,0.0,1.0,0.0,0,0.0,1.0,0.0,1,1
741.638,238.789,-55.482,-3.141,0.0,-0.0,0.0,-0.0,0.0,0.0,0.0,1.0,0.0,0,0.0,1.0,0.0,1,1
741.738,238.789,-55.482,-3.141,0.0,-0.0,0.0,-0.0,0.0,0.0,0.0,1.0,0.0,0,0.0,1.0,0.0,1,1
741.838,238.789,-55.482,-3.141,0.0,-0.0,0.0,-0.0,0.0,0.0,0.0,1.0,0.0,0,0.0,1.0,0.0,1,1
741.938,238.789,-55.482,-3.141,0.0,-0.0,0.0,-0.0,0.0,0.0,0.0,1.0,0.0,0,0.0,1.0,0.0,1,1
742.038,238.789,-55.482,-3.141,0.0,-0.0,0.0,-0.0,0.0,0.0,0.0,1.0,0.0,0,0.0,1.0,0.0,1,1
742.138,238.789,-55.482,-3.141,0.0,-0.0,0.0,-0.0,0.0,0.0,0.0,1.0,0.0,0,0.0,1.0,0.0,1,1
742.288,238.789,-55.482,-3.141,0.0,-0.0,0.0,-0.0,0.0,0.0,0.0,1.0,0.0,0,0.0,1.0,0.0,1,1
742.388,238.789,-55.482,-3.141,0.0,-0.0,0.0,-0.0,0.0,0.0,0.0,1.0,0.0,0,0.0,1.0,0.0,1,1
742.488,238.789,-55.482,-3.141,0.0,-0.0,0.0,-0.0,0.0,0.0,0.0,1.0,0.0,0,0.0,1.0,0.0,1,1
742.588,238.789,-55.482,-3.141,0.0,-0.0,0.0,-0.0,0.0,0.0,0.0,1.0,0.0,0,0.0,1.0,0.0,1,1
742.738,238.789,-55.482,-3.141,0.0,-0.0,0.0,-0.0,0.0,0.0,0.0,1.0,0.0,0,0.0,1.0,0.0,1,1
742.838,238.789,-55.482,-3.141,0.0,-0.0,0.0,-0.0,0.0,0.0,0.0,1.0,0.0,0,0.0,1.0,0.0,1,1
742.938,238.789,-55.482,-3.141,0.0,-0.0,0.0,-0.0,0.0,0.0,0.0,1.0,0.0,0,0.0,1.0,0.0,1,1
743.088,238.789,-55.482,-3.141,0.0,-0.0,0.0,-0.0,0.0,0.0,0.0,1.0,0.0,0,0.0,1.0,0.0,1,1
743.188,238.789,-55.482,-3.141,0.0,-0.0,0.0,-0.0,0.0,0.0,0.0,1.0,0.0,0,0.0,1.0,0.0,1,1
743.238,238.789,-55.482,-3.141,0.0,-0.0,0.0,-0.0,0.0,0.0,0.0,1.0,0.0,0,0.0,1.0,0.0,1,1
743.388,238.789,-55.482,-3.141,0.0,-0.0,0.0,-0.0,0.0,0.0,0.0,1.0,0.0,0,0.0,1.0,0.0,1,1
743.488,238.789,-55.482,-3.141,0.0,-0.0,0.0,-0.0,0.0,0.0,0.0,1.0,0.0,0,0.0,1.0,0.0,1,1
743.588,238.789,-55.482,-3.141,0.0,-0.0,0.0,-0.0,0.0,0.0,0.0,1.0,0.0,0,0.0,1.0,0.0,1,1
743.738,238.789,-55.482,-3.141,0.0,-0.0,0.0,-0.0,0.0,0.0,0.0,1.0,0.0,0,0.0,1.0,0.0,1,1
743.838,238.789,-55.482,-3.141,0.0,-0.0,0.0,-0.0,0.0,0.0,0.0,1.0,0.0,0,0.0,1.0,0.0,1,1
743.938,238.789,-55.482,-3.141,0.0,-0.0,0.0,-0.0,0.0,0.0,0.0,1.0,0.0,0,0.0,1.0,0.0,1,1
744.038,238.789,-55.482,-3.141,0.0,-0.0,0.0,-0.0,0.0,0.0,0.0,1.0,0.0,0,0.0,1.0,0.0,1,1
744.188,238.789,-55.482,-3.141,0.0,-0.0,0.0,-0.0,0.0,0.0,0.0,1.0,0.0,0,0.0,1.0,0.0,1,1
744.288,238.789,-55.482,-3.141,0.0,-0.0,0.0,-0.0,0.0,0.0,0.0,1.0,0.0,0,0.0,1.0,0.0,1,1
744.388,238.789,-55.482,-3.141,0.0,-0.0,0.0,-0.0,0.0,0.0,0.0,1.0,0.0,0,0.0,1.0,0.0,1,1
744.488,238.789,-55.482,-3.141,0.0,-0.0,0.0,-0.0,0.0,0.0,0.0,1.0,0.0,0,0.0,1.0,0.0,1,1
744.588,238.789,-55.482,-3.141,0.0,-0.0,0.0,-0.0,0.0,0.0,0.0,1.0,0.0,0,0.0,1.0,0.0,1,1
744.738,238.789,-55.482,-3.141,0.0,-0.0,0.0,-0.0,0.0,0.0,0.0,1.0,0.0,0,0.0,1.0,0.0,1,1
744.838,238.789,-55.482,-3.141,0.0,-0.0,0.0,-0.0,0.0,0.0,0.0,1.0,0.0,0,0.0,1.0,0.0,1,1
744.938,238.789,-55.482,-3.141,0.0,-0.0,0.0,-0.0,0.0,0.0,0.0,1.0,0.0,0,0.0,1.0,0.0,1,1
745.038,238.789,-55.482,-3.141,0.0,-0.0,0.0,-0.0,0.0,0.0,0.0,1.0,0.0,0,0.0,1.0,0.0,1,1
745.188,238.789,-55.482,-3.141,0.0,-0.0,0.0,-0.0,0.0,0.0,0.0,1.0,0.0,0,0.0,1.0,0.0,1,1
745.288,238.789,-55.482,-3.141,0.0,-0.0,0.0,-0.0,0.0,0.0,0.0,1.0,0.0,0,0.0,1.0,0.0,1,1
745.388,238.789,-55.482,-3.141,0.0,-0.0,0.0,-0.0,0.0,0.0,0.0,1.0,0.0,0,0.0,1.0,0.0,1,1
745.488,238.789,-55.482,-3.141,0.0,-0.0,0.0,-0.0,0.0,0.0,0.0,1.0,0.0,0,0.0,1.0,0.0,1,1
745.588,238.789,-55.482,-3.141,0.0,-0.0,0.0,-0.0,0.0,0.0,0.0,1.0,0.0,0,0.0,1.0,0.0,1,1
745.738,238.789,-55.482,-3.141,0.0,-0.0,0.0,-0.0,0.0,0.0,0.0,1.0,0.0,0,0.0,1.0,0.0,1,1
745.838,238.789,-55.482,-3.141,0.0,-0.0,0.0,-0.0,0.0,0.0,0.0,1.0,0.0,0,0.0,1.0,0.0,1,1
745.938,238.789,-55.482,-3.141,0.0,-0.0,0.0,-0.0,0.0,0.0,0.0,1.0,0.0,0,0.0,1.0,0.0,1,1
746.038,238.789,-55.482,-3.141,0.0,-0.0,0.0,-0.0,0.0,0.0,0.0,1.0,0.0,0,0.0,1.0,0.0,1,1
746.188,238.789,-55.482,-3.141,0.0,-0.0,0.0,-0.0,0.0,0.0,0.0,1.0,0.0,0,0.0,1.0,0.0,1,1
746.288,238.789,-55.482,-3.141,0.0,-0.0,0.0,-0.0,0.0,0.0,0.0,1.0,0.0,0,0.0,1.0,0.0,1,1
746.388,238.789,-55.482,-3.141,0.0,-0.0,0.0,-0.0,0.0,0.0,0.0,1.0,0.0,0,0.0,1.0,0.0,1,1
746.488,238.789,-55.482,-3.141,0.0,-0.0,0.0,-0.0,0.0,0.0,0.0,1.0,0.0,0,0.0,1.0,0.0,1,1
746.588,238.789,-55.482,-3.141,0.0,-0.0,0.0,-0.0,0.0,0.0,0.0,1.0,0.0,0,0.0,1.0,0.0,1,1
746.738,238.789,-55.482,-3.141,0.0,-0.0,0.0,-0.0,0.0,0.0,0.0,1.0,0.0,0,0.0,1.0,0.0,1,1
746.838,238.789,-55.482,-3.141,0.0,-0.0,0.0,-0.0,0.0,0.0,0.0,1.0,0.0,0,0.0,1.0,0.0,1,1
746.938,238.789,-55.482,-3.141,0.0,-0.0,0.0,-0.0,0.0,0.0,0.0,1.0,0.0,0,0.0,1.0,0.0,1,1
747.088,238.789,-55.482,-3.141,0.0,-0.0,0.0,-0.0,0.0,0.0,0.0,1.0,0.0,0,0.0,1.0,0.0,1,1
747.188,238.789,-55.482,-3.141,0.0,-0.0,0.0,-0.0,0.0,0.0,0.0,1.0,0.0,0,0.0,1.0,0.0,1,1
747.288,238.789,-55.482,-3.141,0.0,-0.0,0.0,-0.0,0.0,0.0,0.0,1.0,0.0,0,0.0,1.0,0.0,1,1
747.388,238.789,-55.482,-3.141,0.0,-0.0,0.0,-0.0,0.0,0.0,0.0,1.0,0.0,0,0.0,1.0,0.0,1,1
747.488,238.789,-55.482,-3.141,0.0,-0.0,0.0,-0.0,0.0,0.0,0.0,1.0,0.0,0,0.0,1.0,0.0,1,1
747.588,238.789,-55.482,-3.141,0.0,-0.0,0.0,-0.0,0.0,0.0,0.0,1.0,0.0,0,0.0,1.0,0.0,1,1
747.738,238.789,-55.482,-3.141,0.0,-0.0,0.0,-0.0,0.0,0.0,0.0,1.0,0.0,0,0.0,1.0,0.0,1,1
747.838,238.789,-55.482,-3.141,0.0,-0.0,0.0,-0.0,0.0,0.0,0.0,1.0,0.0,0,0.0,1.0,0.0,1,1
747.938,238.789,-55.482,-3.141,0.0,-0.0,0.0,-0.0,0.0,0.0,0.0,1.0,0.0,0,0.0,1.0,0.0,1,1
748.038,238.789,-55.482,-3.141,0.0,-0.0,0.0,-0.0,0.0,0.0,0.0,1.0,0.0,0,0.0,1.0,0.0,1,1
748.188,238.789,-55.482,-3.141,0.0,-0.0,0.0,-0.0,0.0,0.0,0.0,1.0,0.0,0,0.0,1.0,0.0,1,1
748.288,238.789,-55.482,-3.141,0.0,-0.0,0.0,-0.0,0.0,0.0,0.0,1.0,0.0,0,0.0,1.0,0.0,1,1
748.388,238.789,-55.482,-3.141,0.0,-0.0,0.0,-0.0,0.0,0.0,0.0,1.0,0.0,0,0.0,1.0,0.0,1,1
748.538,238.789,-55.482,-3.141,0.0,-0.0,0.0,-0.0,0.0,0.0,0.0,1.0,0.0,0,0.0,1.0,0.0,1,1
748.638,238.789,-55.482,-3.141,0.0,-0.0,0.0,-0.0,0.0,0.0,0.0,1.0,0.0,0,0.0,1.0,0.0,1,1
748.738,238.789,-55.482,-3.141,0.0,-0.0,0.0,-0.0,0.0,0.0,0.0,1.0,0.0,0,0.0,1.0,0.0,1,1
748.838,238.789,-55.482,-3.141,0.0,-0.0,0.0,-0.0,0.0,0.0,0.0,1.0,0.0,0,0.0,1.0,0.0,1,1
748.988,238.789,-55.482,-3.141,0.0,-0.0,0.0,-0.0,0.0,0.0,0.0,1.0,0.0,0,0.0,1.0,0.0,1,1
749.088,238.789,-55.482,-3.141,0.0,-0.0,0.0,-0.0,0.0,0.0,0.0,1.0,0.0,0,0.0,1.0,0.0,1,1
749.188,238.789,-55.482,-3.141,0.0,-0.0,0.0,-0.0,0.0,0.0,0.0,1.0,0.0,0,0.0,1.0,0.0,1,1
749.288,238.789,-55.482,-3.141,0.0,-0.0,0.0,-0.0,0.0,0.0,0.0,1.0,0.0,0,0.0,1.0,0.0,1,1
749.438,238.789,-55.482,-3.141,0.0,-0.0,0.0,-0.0,0.0,0.0,0.0,1.0,0.0,0,0.0,1.0,0.0,1,1
749.538,238.789,-55.482,-3.141,0.0,-0.0,0.0,-0.0,0.0,0.0,0.0,1.0,0.0,0,0.0,1.0,0.0,1,1
749.638,238.789,-55.482,-3.141,0.0,-0.0,0.0,-0.0,0.0,0.0,0.0,1.0,0.0,0,0.0,1.0,0.0,1,1
749.738,238.789,-55.482,-3.141,0.0,-0.0,0.0,-0.0,0.0,0.0,0.0,1.0,0.0,0,0.0,1.0,0.0,1,1
749.838,238.789,-55.482,-3.141,0.0,-0.0,0.0,-0.0,0.0,0.0,0.0,1.0,0.0,0,0.0,1.0,0.0,1,1
749.938,238.789,-55.482,-3.141,0.0,-0.0,0.0,-0.0,0.0,0.0,0.0,1.0,0.0,0,0.0,1.0,0.0,1,1
750.088,238.789,-55.482,-3.141,0.0,-0.0,0.0,-0.0,0.0,0.0,0.0,1.0,0.0,0,0.0,1.0,0.0,1,1
750.188,238.789,-55.482,-3.141,0.0,-0.0,0.0,-0.0,0.0,0.0,0.0,1.0,0.0,0,0.0,1.0,0.0,1,1
750.338,238.789,-55.482,-3.141,0.0,-0.0,0.0,-0.0,0.0,0.0,0.0,1.0,0.0,0,0.0,1.0,0.0,1,1
750.438,238.789,-55.482,-3.141,0.0,-0.0,0.0,-0.0,0.0,0.0,0.0,1.0,0.0,0,0.0,1.0,0.0,1,1
750.538,238.789,-55.482,-3.141,0.0,-0.0,0.0,-0.0,0.0,0.0,0.0,1.0,0.0,0,0.0,1.0,0.0,1,1
750.638,238.789,-55.482,-3.141,0.0,-0.0,0.0,-0.0,0.0,0.0,0.0,1.0,0.0,0,0.0,1.0,0.0,1,1
750.788,238.789,-55.482,-3.141,0.0,-0.0,0.0,-0.0,0.0,0.0,0.0,1.0,0.0,0,0.0,1.0,0.0,1,1
750.888,238.789,-55.482,-3.141,0.0,-0.0,0.0,-0.0,0.0,0.0,0.0,1.0,0.0,0,0.0,1.0,0.0,1,1
750.988,238.789,-55.482,-3.141,0.0,-0.0,0.0,-0.0,0.0,0.0,0.0,1.0,0.0,0,0.0,1.0,0.0,1,1
751.088,238.789,-55.482,-3.141,0.0,-0.0,0.0,-0.0,0.0,0.0,0.0,1.0,0.0,0,0.0,1.0,0.0,1,1
751.188,238.789,-55.482,-3.141,0.0,-0.0,0.0,-0.0,0.0,0.0,0.0,1.0,0.0,0,0.0,1.0,0.0,1,1
751.338,238.789,-55.482,-3.141,0.0,-0.0,0.0,-0.0,0.0,0.0,0.0,1.0,0.0,0,0.0,1.0,0.0,1,1
751.438,238.789,-55.482,-3.141,0.0,-0.0,0.0,-0.0,0.0,0.0,0.0,1.0,0.0,0,0.0,1.0,0.0,1,1
751.538,238.789,-55.482,-3.141,0.0,-0.0,0.0,-0.0,0.0,0.0,0.0,1.0,0.0,0,0.0,1.0,0.0,1,1
751.688,238.789,-55.482,-3.141,0.0,-0.0,0.0,-0.0,0.0,0.0,0.0,1.0,0.0,0,0.0,1.0,0.0,1,1
751.788,238.789,-55.482,-3.141,0.0,-0.0,0.0,-0.0,0.0,0.0,0.0,1.0,0.0,0,0.0,1.0,0.0,1,1
751.888,238.789,-55.482,-3.141,0.0,-0.0,0.0,-0.0,0.0,0.0,0.0,1.0,0.0,0,0.0,1.0,0.0,1,1
751.988,238.789,-55.482,-3.141,0.0,-0.0,0.0,-0.0,0.0,0.0,0.0,1.0,0.0,0,0.0,1.0,0.0,1,1
752.088,238.789,-55.482,-3.141,0.0,-0.0,0.0,-0.0,0.0,0.0,0.0,1.0,0.0,0,0.0,1.0,0.0,1,1
752.238,238.789,-55.482,-3.141,0.0,-0.0,0.0,-0.0,0.0,0.0,0.0,1.0,0.0,0,0.0,1.0,0.0,1,1
752.338,238.789,-55.482,-3.141,0.0,-0.0,0.0,-0.0,0.0,0.0,0.0,1.0,0.0,0,0.0,1.0,0.0,1,1
752.438,238.789,-55.482,-3.141,0.0,-0.0,0.0,-0.0,0.0,0.0,0.0,1.0,0.0,0,0.0,1.0,0.0,1,1
752.538,238.789,-55.482,-3.141,0.0,-0.0,0.0,-0.0,0.0,0.0,0.0,1.0,0.0,0,0.0,1.0,0.0,1,1
752.638,238.789,-55.482,-3.141,0.0,-0.0,0.0,-0.0,0.0,0.0,0.0,1.0,0.0,0,0.0,1.0,0.0,1,1
752.788,238.789,-55.482,-3.141,0.0,-0.0,0.0,-0.0,0.0,0.0,0.0,1.0,0.0,0,0.0,1.0,0.0,1,1
752.888,238.789,-55.482,-3.141,0.0,-0.0,0.0,-0.0,0.0,0.0,0.0,1.0,0.0,0,0.0,1.0,0.0,1,1
752.988,238.789,-55.482,-3.141,0.0,-0.0,0.0,-0.0,0.0,0.0,0.0,1.0,0.0,0,0.0,1.0,0.0,1,1
753.088,238.789,-55.482,-3.141,0.0,-0.0,0.0,-0.0,0.0,0.0,0.0,1.0,0.0,0,0.0,1.0,0.0,1,1
753.188,238.789,-55.482,-3.141,0.0,-0.0,0.0,-0.0,0.0,0.0,0.0,1.0,0.0,0,0.0,1.0,0.0,1,1
753.338,238.789,-55.482,-3.141,0.0,-0.0,0.0,-0.0,0.0,0.0,0.0,1.0,0.0,0,0.0,1.0,0.0,1,1
753.438,238.789,-55.482,-3.141,0.0,-0.0,0.0,-0.0,0.0,0.0,0.0,1.0,0.0,0,0.0,1.0,0.0,1,1
753.538,238.789,-55.482,-3.141,0.0,-0.0,0.0,-0.0,0.0,0.0,0.0,1.0,0.0,0,0.0,1.0,0.0,1,1
753.638,238.789,-55.482,-3.141,0.0,-0.0,0.0,-0.0,0.0,0.0,0.0,1.0,0.0,0,0.0,1.0,0.0,1,1
753.788,238.789,-55.482,-3.141,0.0,-0.0,0.0,-0.0,0.0,0.0,0.0,1.0,0.0,0,0.0,1.0,0.0,1,1
753.888,238.789,-55.482,-3.141,0.0,-0.0,0.0,-0.0,0.0,0.0,0.0,1.0,0.0,0,0.0,1.0,0.0,1,1
753.988,238.789,-55.482,-3.141,0.0,-0.0,0.0,-0.0,0.0,0.0,0.0,1.0,0.0,0,0.0,1.0,0.0,1,1
754.138,238.789,-55.482,-3.141,0.0,-0.0,0.0,-0.0,0.0,0.0,0.0,1.0,0.0,0,0.0,1.0,0.0,1,1
754.238,238.789,-55.482,-3.141,0.0,-0.0,0.0,-0.0,0.0,0.0,0.0,1.0,0.0,0,0.0,1.0,0.0,1,1
754.338,238.789,-55.482,-3.141,0.0,-0.0,0.0,-0.0,0.0,0.0,0.0,1.0,0.0,0,0.0,1.0,0.0,1,1
754.438,238.789,-55.482,-3.141,0.0,-0.0,0.0,-0.0,0.0,0.0,0.0,1.0,0.0,0,0.0,1.0,0.0,1,1
754.588,238.789,-55.482,-3.141,0.0,-0.0,0.0,-0.0,0.0,0.0,0.0,1.0,0.0,0,0.0,1.0,0.0,1,1
754.688,238.789,-55.482,-3.141,0.0,-0.0,0.0,-0.0,0.0,0.0,0.0,1.0,0.0,0,0.0,1.0,0.0,1,1
754.788,238.789,-55.482,-3.141,0.0,-0.0,0.0,-0.0,0.0,0.0,0.0,1.0,0.0,0,0.0,1.0,0.0,1,1
754.888,238.789,-55.482,-3.141,0.0,-0.0,0.0,-0.0,0.0,0.0,0.0,1.0,0.0,0,0.0,1.0,0.0,1,1
755.038,238.789,-55.482,-3.141,0.0,-0.0,0.0,-0.0,0.0,0.0,0.0,1.0,0.0,0,0.0,1.0,0.0,1,1
755.138,238.789,-55.482,-3.141,0.0,-0.0,0.0,-0.0,0.0,0.0,0.0,1.0,0.0,0,0.0,1.0,0.0,1,1
755.238,238.789,-55.482,-3.141,0.0,-0.0,0.0,-0.0,0.0,0.0,0.0,1.0,0.0,0,0.0,1.0,0.0,1,1
755.338,238.789,-55.482,-3.141,0.0,-0.0,0.0,-0.0,0.0,0.0,0.0,1.0,0.0,0,0.0,1.0,0.0,1,1
755.488,238.789,-55.482,-3.141,0.0,-0.0,0.0,-0.0,0.0,0.0,0.0,1.0,0.0,0,0.0,1.0,0.0,1,1
755.588,238.789,-55.482,-3.141,0.0,-0.0,0.0,-0.0,0.0,0.0,0.0,1.0,0.0,0,0.0,1.0,0.0,1,1
755.688,238.789,-55.482,-3.141,0.0,-0.0,0.0,-0.0,0.0,0.0,0.0,1.0,0.0,0,0.0,1.0,0.0,1,1
755.788,238.789,-55.482,-3.141,0.0,-0.0,0.0,-0.0,0.0,0.0,0.0,1.0,0.0,0,0.0,1.0,0.0,1,1
755.888,238.789,-55.482,-3.141,0.0,-0.0,0.0,-0.0,0.0,0.0,0.0,1.0,0.0,0,0.0,1.0,0.0,1,1
756.038,238.789,-55.482,-3.141,0.0,-0.0,0.0,-0.0,0.0,0.0,0.0,1.0,0.0,0,0.0,1.0,0.0,1,1
756.138,238.789,-55.482,-3.141,0.0,-0.0,0.0,-0.0,0.0,0.0,0.0,1.0,0.0,0,0.0,1.0,0.0,1,1
756.238,238.789,-55.482,-3.141,0.0,-0.0,0.0,-0.0,0.0,0.0,0.0,1.0,0.0,0,0.0,1.0,0.0,1,1
756.338,238.789,-55.482,-3.141,0.0,-0.0,0.0,-0.0,0.0,0.0,0.0,1.0,0.0,0,0.0,1.0,0.0,1,1
756.488,238.789,-55.482,-3.141,0.0,-0.0,0.0,-0.0,0.0,0.0,0.0,1.0,0.0,0,0.0,1.0,0.0,1,1
756.588,238.789,-55.482,-3.141,0.0,-0.0,0.0,-0.0,0.0,0.0,0.0,1.0,0.0,0,0.0,1.0,0.0,1,1
756.688,238.789,-55.482,-3.141,0.0,-0.0,0.0,-0.0,0.0,0.0,0.0,1.0,0.0,0,0.0,1.0,0.0,1,1
756.788,238.789,-55.482,-3.141,0.0,-0.0,0.0,-0.0,0.0,0.0,0.0,1.0,0.0,0,0.0,1.0,0.0,1,1
756.938,238.789,-55.482,-3.141,0.0,-0.0,0.0,-0.0,0.0,0.0,0.0,1.0,0.0,0,0.0,1.0,0.0,1,1
757.038,238.789,-55.482,-3.141,0.0,-0.0,0.0,-0.0,0.0,0.0,0.0,1.0,0.0,0,0.0,1.0,0.0,1,1
757.138,238.789,-55.482,-3.141,0.0,-0.0,0.0,-0.0,0.0,0.0,0.0,1.0,0.0,0,0.0,1.0,0.0,1,1
757.238,238.789,-55.482,-3.141,0.0,-0.0,0.0,-0.0,0.0,0.0,0.0,1.0,0.0,0,0.0,1.0,0.0,1,1
757.388,238.789,-55.482,-3.141,0.0,-0.0,0.0,-0.0,0.0,0.0,0.0,1.0,0.0,0,0.0,1.0,0.0,1,1
757.488,238.789,-55.482,-3.141,0.0,-0.0,0.0,-0.0,0.0,0.0,0.0,1.0,0.0,0,0.0,1.0,0.0,1,1
757.588,238.789,-55.482,-3.141,0.0,-0.0,0.0,-0.0,0.0,0.0,0.0,1.0,0.0,0,0.0,1.0,0.0,1,1
757.688,238.789,-55.482,-3.141,0.0,-0.0,0.0,-0.0,0.0,0.0,0.0,1.0,0.0,0,0.0,1.0,0.0,1,1
757.838,238.789,-55.482,-3.141,0.0,-0.0,0.0,-0.0,0.0,0.0,0.0,1.0,0.0,0,0.0,1.0,0.0,1,1
757.938,238.789,-55.482,-3.141,0.0,-0.0,0.0,-0.0,0.0,0.0,0.0,1.0,0.0,0,0.0,1.0,0.0,1,1
758.038,238.789,-55.482,-3.141,0.0,-0.0,0.0,-0.0,0.0,0.0,0.0,1.0,0.0,0,0.0,1.0,0.0,1,1
758.138,238.789,-55.482,-3.141,0.0,-0.0,0.0,-0.0,0.0,0.0,0.0,1.0,0.0,0,0.0,1.0,0.0,1,1
758.288,238.789,-55.482,-3.141,0.0,-0.0,0.0,-0.0,0.0,0.0,0.0,1.0,0.0,0,0.0,1.0,0.0,1,1
758.388,238.789,-55.482,-3.141,0.0,-0.0,0.0,-0.0,0.0,0.0,0.0,1.0,0.0,0,0.0,1.0,0.0,1,1
758.488,238.789,-55.482,-3.141,0.0,-0.0,0.0,-0.0,0.0,0.0,0.0,1.0,0.0,0,0.0,1.0,0.0,1,1
758.588,238.789,-55.482,-3.141,0.0,-0.0,0.0,-0.0,0.0,0.0,0.0,1.0,0.0,0,0.0,1.0,0.0,1,1
758.738,238.789,-55.482,-3.141,0.0,-0.0,0.0,-0.0,0.0,0.0,0.0,1.0,0.0,0,0.0,1.0,0.0,1,1
758.838,238.789,-55.482,-3.141,0.0,-0.0,0.0,-0.0,0.0,0.0,0.0,1.0,0.0,0,0.0,1.0,0.0,1,1
758.938,238.789,-55.482,-3.141,0.0,-0.0,0.0,-0.0,0.0,0.0,0.0,1.0,0.0,0,0.0,1.0,0.0,1,1
759.038,238.789,-55.482,-3.141,0.0,-0.0,0.0,-0.0,0.0,0.0,0.0,1.0,0.0,0,0.0,1.0,0.0,1,1
759.188,238.789,-55.482,-3.141,0.0,-0.0,0.0,-0.0,0.0,0.0,0.0,1.0,0.0,0,0.0,1.0,0.0,1,1
759.288,238.789,-55.482,-3.141,0.0,-0.0,0.0,-0.0,0.0,0.0,0.0,1.0,0.0,0,0.0,1.0,0.0,1,1
759.388,238.789,-55.482,-3.141,0.0,-0.0,0.0,-0.0,0.0,0.0,0.0,1.0,0.0,0,0.0,1.0,0.0,1,1
759.488,238.789,-55.482,-3.141,0.0,-0.0,0.0,-0.0,0.0,0.0,0.0,1.0,0.0,0,0.0,1.0,0.0,1,1
759.638,238.789,-55.482,-3.141,0.0,-0.0,0.0,-0.0,0.0,0.0,0.0,1.0,0.0,0,0.0,1.0,0.0,1,1
759.738,238.789,-55.482,-3.141,0.0,-0.0,0.0,-0.0,0.0,0.0,0.0,1.0,0.0,0,0.0,1.0,0.0,1,1
759.838,238.789,-55.482,-3.141,0.0,-0.0,0.0,-0.0,0.0,0.0,0.0,1.0,0.0,0,0.0,1.0,0.0,1,1
759.938,238.789,-55.482,-3.141,0.0,-0.0,0.0,-0.0,0.0,0.0,0.0,1.0,0.0,0,0.0,1.0,0.0,1,1
760.088,238.789,-55.482,-3.141,0.0,-0.0,0.0,-0.0,0.0,0.0,0.0,1.0,0.0,0,0.0,1.0,0.0,1,1
760.188,238.789,-55.482,-3.141,0.0,-0.0,0.0,-0.0,0.0,0.0,0.0,1.0,0.0,0,0.0,1.0,0.0,1,1
760.288,238.789,-55.482,-3.141,0.0,-0.0,0.0,-0.0,0.0,0.0,0.0,1.0,0.0,0,0.0,1.0,0.0,1,1
760.388,238.789,-55.482,-3.141,0.0,-0.0,0.0,-0.0,0.0,0.0,0.0,1.0,0.0,0,0.0,1.0,0.0,1,1
760.538,238.789,-55.482,-3.141,0.0,-0.0,0.0,-0.0,0.0,0.0,0.0,1.0,0.0,0,0.0,1.0,0.0,1,1
760.638,238.789,-55.482,-3.141,0.0,-0.0,0.0,-0.0,0.0,0.0,0.0,1.0,0.0,0,0.0,1.0,0.0,1,1
760.738,238.789,-55.482,-3.141,0.0,-0.0,0.0,-0.0,0.0,0.0,0.0,1.0,0.0,0,0.0,1.0,0.0,1,1
760.838,238.789,-55.482,-3.141,0.0,-0.0,0.0,-0.0,0.0,0.0,0.0,1.0,0.0,0,0.0,1.0,0.0,1,1
760.988,238.789,-55.482,-3.141,0.0,-0.0,0.0,-0.0,0.0,0.0,0.0,1.0,0.0,0,0.0,1.0,0.0,1,1
761.088,238.789,-55.482,-3.141,0.0,-0.0,0.0,-0.0,0.0,0.0,0.0,1.0,0.0,0,0.0,1.0,0.0,1,1
761.188,238.789,-55.482,-3.141,0.0,-0.0,0.0,-0.0,0.0,0.0,0.0,1.0,0.0,0,0.0,1.0,0.0,1,1
761.288,238.789,-55.482,-3.141,0.0,-0.0,0.0,-0.0,0.0,0.0,0.0,1.0,0.0,0,0.0,1.0,0.0,1,1
761.388,238.789,-55.482,-3.141,0.0,-0.0,0.0,-0.0,0.0,0.0,0.0,1.0,0.0,0,0.0,1.0,0.0,1,1
761.538,238.789,-55.482,-3.141,0.0,-0.0,0.0,-0.0,0.0,0.0,0.0,1.0,0.0,0,0.0,1.0,0.0,1,1
761.638,238.789,-55.482,-3.141,0.0,-0.0,0.0,-0.0,0.0,0.0,0.0,1.0,0.0,0,0.0,1.0,0.0,1,1
761.738,238.789,-55.482,-3.141,0.0,-0.0,0.0,-0.0,0.0,0.0,0.0,1.0,0.0,0,0.0,1.0,0.0,1,1
761.838,238.789,-55.482,-3.141,0.0,-0.0,0.0,-0.0,0.0,0.0,0.0,1.0,0.0,0,0.0,1.0,0.0,1,1
761.988,238.789,-55.482,-3.141,0.0,-0.0,0.0,-0.0,0.0,0.0,0.0,1.0,0.0,0,0.0,1.0,0.0,1,1
762.088,238.789,-55.482,-3.141,0.0,-0.0,0.0,-0.0,0.0,0.0,0.0,1.0,0.0,0,0.0,1.0,0.0,1,1
762.188,238.789,-55.482,-3.141,0.0,-0.0,0.0,-0.0,0.0,0.0,0.0,1.0,0.0,0,0.0,1.0,0.0,1,1
762.288,238.789,-55.482,-3.141,0.0,-0.0,0.0,-0.0,0.0,0.0,0.0,1.0,0.0,0,0.0,1.0,0.0,1,1
762.388,238.789,-55.482,-3.141,0.0,-0.0,0.0,-0.0,0.0,0.0,0.0,1.0,0.0,0,0.0,1.0,0.0,1,1
762.538,238.789,-55.482,-3.141,0.0,-0.0,0.0,-0.0,0.0,0.0,0.0,1.0,0.0,0,0.0,1.0,0.0,1,1
762.638,238.789,-55.482,-3.141,0.0,-0.0,0.0,-0.0,0.0,0.0,0.0,1.0,0.0,0,0.0,1.0,0.0,1,1
762.738,238.789,-55.482,-3.141,0.0,-0.0,0.0,-0.0,0.0,0.0,0.0,1.0,0.0,0,0.0,1.0,0.0,1,1
762.838,238.789,-55.482,-3.141,0.0,-0.0,0.0,-0.0,0.0,0.0,0.0,1.0,0.0,0,0.0,1.0,0.0,1,1
762.988,238.789,-55.482,-3.141,0.0,-0.0,0.0,-0.0,0.0,0.0,0.0,1.0,0.0,0,0.0,1.0,0.0,1,1
763.088,238.789,-55.482,-3.141,0.0,-0.0,0.0,-0.0,0.0,0.0,0.0,1.0,0.0,0,0.0,1.0,0.0,1,1
763.188,238.789,-55.482,-3.141,0.0,-0.0,0.0,-0.0,0.0,0.0,0.0,1.0,0.0,0,0.0,1.0,0.0,1,1
763.288,238.789,-55.482,-3.141,0.0,-0.0,0.0,-0.0,0.0,0.0,0.0,1.0,0.0,0,0.0,1.0,0.0,1,1
763.388,238.789,-55.482,-3.141,0.0,-0.0,0.0,-0.0,0.0,0.0,0.0,1.0,0.0,0,0.0,1.0,0.0,1,1
763.538,238.789,-55.482,-3.141,0.0,-0.0,0.0,-0.0,0.0,0.0,0.0,1.0,0.0,0,0.0,1.0,0.0,1,1
763.638,238.789,-55.482,-3.141,0.0,-0.0,0.0,-0.0,0.0,0.0,0.0,1.0,0.0,0,0.0,1.0,0.0,1,1
763.738,238.789,-55.482,-3.141,0.0,-0.0,0.0,-0.0,0.0,0.0,0.0,1.0,0.0,0,0.0,1.0,0.0,1,1
763.838,238.789,-55.482,-3.141,0.0,-0.0,0.0,-0.0,0.0,0.0,0.0,1.0,0.0,0,0.0,1.0,0.0,1,1
763.988,238.789,-55.482,-3.141,0.0,-0.0,0.0,-0.0,0.0,0.0,0.0,1.0,0.0,0,0.0,1.0,0.0,1,1
764.088,238.789,-55.482,-3.141,0.0,-0.0,0.0,-0.0,0.0,0.0,0.0,1.0,0.0,0,0.0,1.0,0.0,1,1
764.188,238.789,-55.482,-3.141,0.0,-0.0,0.0,-0.0,0.0,0.0,0.0,1.0,0.0,0,0.0,1.0,0.0,1,1
764.288,238.789,-55.482,-3.141,0.0,-0.0,0.0,-0.0,0.0,0.0,0.0,1.0,0.0,0,0.0,1.0,0.0,1,1
764.438,238.789,-55.482,-3.141,0.0,-0.0,0.0,-0.0,0.0,0.0,0.0,1.0,0.0,0,0.0,1.0,0.0,1,1
764.538,238.789,-55.482,-3.141,0.0,-0.0,0.0,-0.0,0.0,0.0,0.0,1.0,0.0,0,0.0,1.0,0.0,1,1
764.638,238.789,-55.482,-3.141,0.0,-0.0,0.0,-0.0,0.0,0.0,0.0,1.0,0.0,0,0.0,1.0,0.0,1,1
764.738,238.789,-55.482,-3.141,0.0,-0.0,0.0,-0.0,0.0,0.0,0.0,1.0,0.0,0,0.0,1.0,0.0,1,1
764.838,238.789,-55.482,-3.141,0.0,-0.0,0.0,-0.0,0.0,0.0,0.0,1.0,0.0,0,0.0,1.0,0.0,1,1
764.988,238.789,-55.482,-3.141,0.0,-0.0,0.0,-0.0,0.0,0.0,0.0,1.0,0.0,0,0.0,1.0,0.0,1,1
765.088,238.789,-55.482,-3.141,0.0,-0.0,0.0,-0.0,0.0,0.0,0.0,1.0,0.0,0,0.0,1.0,0.0,1,1
765.188,238.789,-55.482,-3.141,0.0,-0.0,0.0,-0.0,0.0,0.0,0.0,1.0,0.0,0,0.0,1.0,0.0,1,1
765.338,238.789,-55.482,-3.141,0.0,-0.0,0.0,-0.0,0.0,0.0,0.0,1.0,0.0,0,0.0,1.0,0.0,1,1
765.438,238.789,-55.482,-3.141,0.0,-0.0,0.0,-0.0,0.0,0.0,0.0,1.0,0.0,0,0.0,1.0,0.0,1,1
765.538,238.789,-55.482,-3.141,0.0,-0.0,0.0,-0.0,0.0,0.0,0.0,1.0,0.0,0,0.0,1.0,0.0,1,1
765.638,238.789,-55.482,-3.141,0.0,-0.0,0.0,-0.0,0.0,0.0,0.0,1.0,0.0,0,0.0,1.0,0.0,1,1
765.788,238.789,-55.482,-3.141,0.0,-0.0,0.0,-0.0,0.0,0.0,0.0,1.0,0.0,0,0.0,1.0,0.0,1,1
765.888,238.789,-55.482,-3.141,0.0,-0.0,0.0,-0.0,0.0,0.0,0.0,1.0,0.0,0,0.0,1.0,0.0,1,1
765.988,238.789,-55.482,-3.141,0.0,-0.0,0.0,-0.0,0.0,0.0,0.0,1.0,0.0,0,0.0,1.0,0.0,1,1
766.088,238.789,-55.482,-3.141,0.0,-0.0,0.0,-0.0,0.0,0.0,0.0,1.0,0.0,0,0.0,1.0,0.0,1,1
766.238,238.789,-55.482,-3.141,0.0,-0.0,0.0,-0.0,0.0,0.0,0.0,1.0,0.0,0,0.0,1.0,0.0,1,1
766.338,238.789,-55.482,-3.141,0.0,-0.0,0.0,-0.0,0.0,0.0,0.0,1.0,0.0,0,0.0,1.0,0.0,1,1
766.438,238.789,-55.482,-3.141,0.0,-0.0,0.0,-0.0,0.0,0.0,0.0,1.0,0.0,0,0.0,1.0,0.0,1,1
766.538,238.789,-55.482,-3.141,0.0,-0.0,0.0,-0.0,0.0,0.0,0.0,1.0,0.0,0,0.0,1.0,0.0,1,1
766.638,238.789,-55.482,-3.141,0.0,-0.0,0.0,-0.0,0.0,0.0,0.0,1.0,0.0,0,0.0,1.0,0.0,1,1
766.788,238.789,-55.482,-3.141,0.0,-0.0,0.0,-0.0,0.0,0.0,0.0,1.0,0.0,0,0.0,1.0,0.0,1,1
766.888,238.789,-55.482,-3.141,0.0,-0.0,0.0,-0.0,0.0,0.0,0.0,1.0,0.0,0,0.0,1.0,0.0,1,1
766.988,238.789,-55.482,-3.141,0.0,-0.0,0.0,-0.0,0.0,0.0,0.0,1.0,0.0,0,0.0,1.0,0.0,1,1
767.088,238.789,-55.482,-3.141,0.0,-0.0,0.0,-0.0,0.0,0.0,0.0,1.0,0.0,0,0.0,1.0,0.0,1,1
767.238,238.789,-55.482,-3.141,0.0,-0.0,0.0,-0.0,0.0,0.0,0.0,1.0,0.0,0,0.0,1.0,0.0,1,1
767.338,238.789,-55.482,-3.141,0.0,-0.0,0.0,-0.0,0.0,0.0,0.0,1.0,0.0,0,0.0,1.0,0.0,1,1
767.438,238.789,-55.482,-3.141,0.0,-0.0,0.0,-0.0,0.0,0.0,0.0,1.0,0.0,0,0.0,1.0,0.0,1,1
767.538,238.789,-55.482,-3.141,0.0,-0.0,0.0,-0.0,0.0,0.0,0.0,1.0,0.0,0,0.0,1.0,0.0,1,1
767.688,238.789,-55.482,-3.141,0.0,-0.0,0.0,-0.0,0.0,0.0,0.0,1.0,0.0,0,0.0,1.0,0.0,1,1
767.788,238.789,-55.482,-3.141,0.0,-0.0,0.0,-0.0,0.0,0.0,0.0,1.0,0.0,0,0.0,1.0,0.0,1,1
767.888,238.789,-55.482,-3.141,0.0,-0.0,0.0,-0.0,0.0,0.0,0.0,1.0,0.0,0,0.0,1.0,0.0,1,1
767.988,238.789,-55.482,-3.141,0.0,-0.0,0.0,-0.0,0.0,0.0,0.0,1.0,0.0,0,0.0,1.0,0.0,1,1
768.138,238.789,-55.482,-3.141,0.0,-0.0,0.0,-0.0,0.0,0.0,0.0,1.0,0.0,0,0.0,1.0,0.0,1,1
768.238,238.789,-55.482,-3.141,0.0,-0.0,0.0,-0.0,0.0,0.0,0.0,1.0,0.0,0,0.0,1.0,0.0,1,1
768.338,238.789,-55.482,-3.141,0.0,-0.0,0.0,-0.0,0.0,0.0,0.0,1.0,0.0,0,0.0,1.0,0.0,1,1
768.438,238.789,-55.482,-3.141,0.0,-0.0,0.0,-0.0,0.0,0.0,0.0,1.0,0.0,0,0.0,1.0,0.0,1,1
768.588,238.789,-55.482,-3.141,0.0,-0.0,0.0,-0.0,0.0,0.0,0.0,1.0,0.0,0,0.0,1.0,0.0,1,1
768.688,238.789,-55.482,-3.141,0.0,-0.0,0.0,-0.0,0.0,0.0,0.0,1.0,0.0,0,0.0,1.0,0.0,1,1
768.788,238.789,-55.482,-3.141,0.0,-0.0,0.0,-0.0,0.0,0.0,0.0,1.0,0.0,0,0.0,1.0,0.0,1,1
768.888,238.789,-55.482,-3.141,0.0,-0.0,0.0,-0.0,0.0,0.0,0.0,1.0,0.0,0,0.0,1.0,0.0,1,1
769.038,238.789,-55.482,-3.141,0.0,-0.0,0.0,-0.0,0.0,0.0,0.0,1.0,0.0,0,0.0,1.0,0.0,1,1
769.138,238.789,-55.482,-3.141,0.0,-0.0,0.0,-0.0,0.0,0.0,0.0,1.0,0.0,0,0.0,1.0,0.0,1,1
769.238,238.789,-55.482,-3.141,0.0,-0.0,0.0,-0.0,0.0,0.0,0.0,1.0,0.0,0,0.0,1.0,0.0,1,1
769.338,238.789,-55.482,-3.141,0.0,-0.0,0.0,-0.0,0.0,0.0,0.0,1.0,0.0,0,0.0,1.0,0.0,1,1
769.488,238.789,-55.482,-3.141,0.0,-0.0,0.0,-0.0,0.0,0.0,0.0,1.0,0.0,0,0.0,1.0,0.0,1,1
769.588,238.789,-55.482,-3.141,0.0,-0.0,0.0,-0.0,0.0,0.0,0.0,1.0,0.0,0,0.0,1.0,0.0,1,1
769.688,238.789,-55.482,-3.141,0.0,-0.0,0.0,-0.0,0.0,0.0,0.0,1.0,0.0,0,0.0,1.0,0.0,1,1
769.788,238.789,-55.482,-3.141,0.0,-0.0,0.0,-0.0,0.0,0.0,0.0,1.0,0.0,0,0.0,1.0,0.0,1,1
769.938,238.789,-55.482,-3.141,0.0,-0.0,0.0,-0.0,0.0,0.0,0.0,1.0,0.0,0,0.0,1.0,0.0,1,1
770.038,238.789,-55.482,-3.141,0.0,-0.0,0.0,-0.0,0.0,0.0,0.0,1.0,0.0,0,0.0,1.0,0.0,1,1
770.138,238.789,-55.482,-3.141,0.0,-0.0,0.0,-0.0,0.0,0.0,0.0,1.0,0.0,0,0.0,1.0,0.0,1,1
770.238,238.789,-55.482,-3.141,0.0,-0.0,0.0,-0.0,0.0,0.0,0.0,1.0,0.0,0,0.0,1.0,0.0,1,1
770.338,238.789,-55.482,-3.141,0.0,-0.0,0.0,-0.0,0.0,0.0,0.0,1.0,0.0,0,0.0,1.0,0.0,1,1
770.438,238.789,-55.482,-3.141,0.0,-0.0,0.0,-0.0,0.0,0.0,0.0,1.0,0.0,0,0.0,1.0,0.0,1,1
770.588,238.789,-55.482,-3.141,0.0,-0.0,0.0,-0.0,0.0,0.0,0.0,1.0,0.0,0,0.0,1.0,0.0,1,1
770.688,238.789,-55.482,-3.141,0.0,-0.0,0.0,-0.0,0.0,0.0,0.0,1.0,0.0,0,0.0,1.0,0.0,1,1
770.788,238.789,-55.482,-3.141,0.0,-0.0,0.0,-0.0,0.0,0.0,0.0,1.0,0.0,0,0.0,1.0,0.0,1,1
770.888,238.789,-55.482,-3.141,0.0,-0.0,0.0,-0.0,0.0,0.0,0.0,1.0,0.0,0,0.0,1.0,0.0,1,1
771.038,238.789,-55.482,-3.141,0.0,-0.0,0.0,-0.0,0.0,0.0,0.0,1.0,0.0,0,0.0,1.0,0.0,1,1
771.088,238.789,-55.482,-3.141,0.0,-0.0,0.0,-0.0,0.0,0.0,0.0,1.0,0.0,0,0.0,1.0,0.0,1,1
771.188,238.789,-55.482,-3.141,0.0,-0.0,0.0,-0.0,0.0,0.0,0.0,1.0,0.0,0,0.0,1.0,0.0,1,1
771.288,238.789,-55.482,-3.141,0.0,-0.0,0.0,-0.0,0.0,0.0,0.0,1.0,0.0,0,0.0,1.0,0.0,1,1
771.388,238.789,-55.482,-3.141,0.0,-0.0,0.0,-0.0,0.0,0.0,0.0,1.0,0.0,0,0.0,1.0,0.0,1,1
771.488,238.789,-55.482,-3.141,0.0,-0.0,0.0,-0.0,0.0,0.0,0.0,1.0,0.0,0,0.0,1.0,0.0,1,1
771.638,238.789,-55.482,-3.141,0.0,-0.0,0.0,-0.0,0.0,0.0,0.0,1.0,0.0,0,0.0,1.0,0.0,1,1
771.738,238.789,-55.482,-3.141,0.0,-0.0,0.0,-0.0,0.0,0.0,0.0,1.0,0.0,0,0.0,1.0,0.0,1,1
771.838,238.789,-55.482,-3.141,0.0,-0.0,0.0,-0.0,0.0,0.0,0.0,1.0,0.0,0,0.0,1.0,0.0,1,1
771.938,238.789,-55.482,-3.141,0.0,-0.0,0.0,-0.0,0.0,0.0,0.0,1.0,0.0,0,0.0,1.0,0.0,1,1
772.088,238.789,-55.482,-3.141,0.0,-0.0,0.0,-0.0,0.0,0.0,0.0,1.0,0.0,0,0.0,1.0,0.0,1,1
772.188,238.789,-55.482,-3.141,0.0,-0.0,0.0,-0.0,0.0,0.0,0.0,1.0,0.0,0,0.0,1.0,0.0,1,1
772.288,238.789,-55.482,-3.141,0.0,-0.0,0.0,-0.0,0.0,0.0,0.0,1.0,0.0,0,0.0,1.0,0.0,1,1
772.388,238.789,-55.482,-3.141,0.0,-0.0,0.0,-0.0,0.0,0.0,0.0,1.0,0.0,0,0.0,1.0,0.0,1,1
772.538,238.789,-55.482,-3.141,0.0,-0.0,0.0,-0.0,0.0,0.0,0.0,1.0,0.0,0,0.0,1.0,0.0,1,1
772.638,238.789,-55.482,-3.141,0.0,-0.0,0.0,-0.0,0.0,0.0,0.0,1.0,0.0,0,0.0,1.0,0.0,1,1
772.738,238.789,-55.482,-3.141,0.0,-0.0,0.0,-0.0,0.0,0.0,0.0,1.0,0.0,0,0.0,1.0,0.0,1,1
772.888,238.789,-55.482,-3.141,0.0,-0.0,0.0,-0.0,0.0,0.0,0.0,1.0,0.0,0,0.0,1.0,0.0,1,1
772.988,238.789,-55.482,-3.141,0.0,-0.0,0.0,-0.0,0.0,0.0,0.0,1.0,0.0,0,0.0,1.0,0.0,1,1
773.088,238.789,-55.482,-3.141,0.0,-0.0,0.0,-0.0,0.0,0.0,0.0,1.0,0.0,0,0.0,1.0,0.0,1,1
773.188,238.789,-55.482,-3.141,0.0,-0.0,0.0,-0.0,0.0,0.0,0.0,1.0,0.0,0,0.0,1.0,0.0,1,1
773.288,238.789,-55.482,-3.141,0.0,-0.0,0.0,-0.0,0.0,0.0,0.0,1.0,0.0,0,0.0,1.0,0.0,1,1
773.438,238.789,-55.482,-3.141,0.0,-0.0,0.0,-0.0,0.0,0.0,0.0,1.0,0.0,0,0.0,1.0,0.0,1,1
773.538,238.789,-55.482,-3.141,0.0,-0.0,0.0,-0.0,0.0,0.0,0.0,1.0,0.0,0,0.0,1.0,0.0,1,1
773.638,238.789,-55.482,-3.141,0.0,-0.0,0.0,-0.0,0.0,0.0,0.0,1.0,0.0,0,0.0,1.0,0.0,1,1
773.788,238.789,-55.482,-3.141,0.0,-0.0,0.0,-0.0,0.0,0.0,0.0,1.0,0.0,0,0.0,1.0,0.0,1,1
773.888,238.789,-55.482,-3.141,0.0,-0.0,0.0,-0.0,0.0,0.0,0.0,1.0,0.0,0,0.0,1.0,0.0,1,1
773.988,238.789,-55.482,-3.141,0.0,-0.0,0.0,-0.0,0.0,0.0,0.0,1.0,0.0,0,0.0,1.0,0.0,1,1
774.138,238.789,-55.482,-3.141,0.0,-0.0,0.0,-0.0,0.0,0.0,0.0,1.0,0.0,0,0.0,1.0,0.0,1,1
774.238,238.789,-55.482,-3.141,0.0,-0.0,0.0,-0.0,0.0,0.0,0.0,1.0,0.0,0,0.0,1.0,0.0,1,1
774.338,238.789,-55.482,-3.141,0.0,-0.0,0.0,-0.0,0.0,0.0,0.0,1.0,0.0,0,0.0,1.0,0.0,1,1
774.438,238.789,-55.482,-3.141,0.0,-0.0,0.0,-0.0,0.0,0.0,0.0,1.0,0.0,0,0.0,1.0,0.0,1,1
774.538,238.789,-55.482,-3.141,0.0,-0.0,0.0,-0.0,0.0,0.0,0.0,1.0,0.0,0,0.0,1.0,0.0,1,1
774.688,238.789,-55.482,-3.141,0.0,-0.0,0.0,-0.0,0.0,0.0,0.0,1.0,0.0,0,0.0,1.0,0.0,1,1
774.788,238.789,-55.482,-3.141,0.0,-0.0,0.0,-0.0,0.0,0.0,0.0,1.0,0.0,0,0.0,1.0,0.0,1,1
774.888,238.789,-55.482,-3.141,0.0,-0.0,0.0,-0.0,0.0,0.0,0.0,1.0,0.0,0,0.0,1.0,0.0,1,1
774.988,238.789,-55.482,-3.141,0.0,-0.0,0.0,-0.0,0.0,0.0,0.0,1.0,0.0,0,0.0,1.0,0.0,1,1
775.088,238.789,-55.482,-3.141,0.0,-0.0,0.0,-0.0,0.0,0.0,0.0,1.0,0.0,0,0.0,1.0,0.0,1,1
775.238,238.789,-55.482,-3.141,0.0,-0.0,0.0,-0.0,0.0,0.0,0.0,1.0,0.0,0,0.0,1.0,0.0,1,1
775.338,238.789,-55.482,-3.141,0.0,-0.0,0.0,-0.0,0.0,0.0,0.0,1.0,0.0,0,0.0,1.0,0.0,1,1
775.438,238.789,-55.482,-3.141,0.0,-0.0,0.0,-0.0,0.0,0.0,0.0,1.0,0.0,0,0.0,1.0,0.0,1,1
775.538,238.789,-55.482,-3.141,0.0,-0.0,0.0,-0.0,0.0,0.0,0.0,1.0,0.0,0,0.0,1.0,0.0,1,1
775.638,238.789,-55.482,-3.141,0.0,-0.0,0.0,-0.0,0.0,0.0,0.0,1.0,0.0,0,0.0,1.0,0.0,1,1
775.788,238.789,-55.482,-3.141,0.0,-0.0,0.0,-0.0,0.0,0.0,0.0,1.0,0.0,0,0.0,1.0,0.0,1,1
775.888,238.789,-55.482,-3.141,0.0,-0.0,0.0,-0.0,0.0,0.0,0.0,1.0,0.0,0,0.0,1.0,0.0,1,1
775.988,238.789,-55.482,-3.141,0.0,-0.0,0.0,-0.0,0.0,0.0,0.0,1.0,0.0,0,0.0,1.0,0.0,1,1
776.088,238.789,-55.482,-3.141,0.0,-0.0,0.0,-0.0,0.0,0.0,0.0,1.0,0.0,0,0.0,1.0,0.0,1,1
776.238,238.789,-55.482,-3.141,0.0,-0.0,0.0,-0.0,0.0,0.0,0.0,1.0,0.0,0,0.0,1.0,0.0,1,1
776.338,238.789,-55.482,-3.141,0.0,-0.0,0.0,-0.0,0.0,0.0,0.0,1.0,0.0,0,0.0,1.0,0.0,1,1
776.438,238.789,-55.482,-3.141,0.0,-0.0,0.0,-0.0,0.0,0.0,0.0,1.0,0.0,0,0.0,1.0,0.0,1,1
776.538,238.789,-55.482,-3.141,0.0,-0.0,0.0,-0.0,0.0,0.0,0.0,1.0,0.0,0,0.0,1.0,0.0,1,1
776.638,238.789,-55.482,-3.141,0.0,-0.0,0.0,-0.0,0.0,0.0,0.0,1.0,0.0,0,0.0,1.0,0.0,1,1
776.738,238.789,-55.482,-3.141,0.0,-0.0,0.0,-0.0,0.0,0.0,0.0,1.0,0.0,0,0.0,1.0,0.0,1,1
776.888,238.789,-55.482,-3.141,0.0,-0.0,0.0,-0.0,0.0,0.0,0.0,1.0,0.0,0,0.0,1.0,0.0,1,1
776.988,238.789,-55.482,-3.141,0.0,-0.0,0.0,-0.0,0.0,0.0,0.0,1.0,0.0,0,0.0,1.0,0.0,1,1
777.088,238.789,-55.482,-3.141,0.0,-0.0,0.0,-0.0,0.0,0.0,0.0,1.0,0.0,0,0.0,1.0,0.0,1,1
777.188,238.789,-55.482,-3.141,0.0,-0.0,0.0,-0.0,0.0,0.0,0.0,1.0,0.0,0,0.0,1.0,0.0,1,1
777.338,238.789,-55.482,-3.141,0.0,-0.0,0.0,-0.0,0.0,0.0,0.0,1.0,0.0,0,0.0,1.0,0.0,1,1
777.438,238.789,-55.482,-3.141,0.0,-0.0,0.0,-0.0,0.0,0.0,0.0,1.0,0.0,0,0.0,1.0,0.0,1,1
777.538,238.789,-55.482,-3.141,0.0,-0.0,0.0,-0.0,0.0,0.0,0.0,1.0,0.0,0,0.0,1.0,0.0,1,1
777.688,238.789,-55.482,-3.141,0.0,-0.0,0.0,-0.0,0.0,0.0,0.0,1.0,0.0,0,0.0,1.0,0.0,1,1
777.788,238.789,-55.482,-3.141,0.0,-0.0,0.0,-0.0,0.0,0.0,0.0,1.0,0.0,0,0.0,1.0,0.0,1,1
777.888,238.789,-55.482,-3.141,0.0,-0.0,0.0,-0.0,0.0,0.0,0.0,1.0,0.0,0,0.0,1.0,0.0,1,1
777.988,238.789,-55.482,-3.141,0.0,-0.0,0.0,-0.0,0.0,0.0,0.0,1.0,0.0,0,0.0,1.0,0.0,1,1
778.088,238.789,-55.482,-3.141,0.0,-0.0,0.0,-0.0,0.0,0.0,0.0,1.0,0.0,0,0.0,1.0,0.0,1,1
778.238,238.789,-55.482,-3.141,0.0,-0.0,0.0,-0.0,0.0,0.0,0.0,1.0,0.0,0,0.0,1.0,0.0,1,1
778.338,238.789,-55.482,-3.141,0.0,-0.0,0.0,-0.0,0.0,0.0,0.0,1.0,0.0,0,0.0,1.0,0.0,1,1
778.438,238.789,-55.482,-3.141,0.0,-0.0,0.0,-0.0,0.0,0.0,0.0,1.0,0.0,0,0.0,1.0,0.0,1,1
778.538,238.789,-55.482,-3.141,0.0,-0.0,0.0,-0.0,0.0,0.0,0.0,1.0,0.0,0,0.0,1.0,0.0,1,1
778.688,238.789,-55.482,-3.141,0.0,-0.0,0.0,-0.0,0.0,0.0,0.0,1.0,0.0,0,0.0,1.0,0.0,1,1
778.788,238.789,-55.482,-3.141,0.0,-0.0,0.0,-0.0,0.0,0.0,0.0,1.0,0.0,0,0.0,1.0,0.0,1,1
778.888,238.789,-55.482,-3.141,0.0,-0.0,0.0,-0.0,0.0,0.0,0.0,1.0,0.0,0,0.0,1.0,0.0,1,1
778.988,238.789,-55.482,-3.141,0.0,-0.0,0.0,-0.0,0.0,0.0,0.0,1.0,0.0,0,0.0,1.0,0.0,1,1
779.088,238.789,-55.482,-3.141,0.0,-0.0,0.0,-0.0,0.0,0.0,0.0,1.0,0.0,0,0.0,1.0,0.0,1,1
779.238,238.789,-55.482,-3.141,0.0,-0.0,0.0,-0.0,0.0,0.0,0.0,1.0,0.0,0,0.0,1.0,0.0,1,1
779.338,238.789,-55.482,-3.141,0.0,-0.0,0.0,-0.0,0.0,0.0,0.0,1.0,0.0,0,0.0,1.0,0.0,1,1
779.438,238.789,-55.482,-3.141,0.0,-0.0,0.0,-0.0,0.0,0.0,0.0,1.0,0.0,0,0.0,1.0,0.0,1,1
779.538,238.789,-55.482,-3.141,0.0,-0.0,0.0,-0.0,0.0,0.0,0.0,1.0,0.0,0,0.0,1.0,0.0,1,1
779.638,238.789,-55.482,-3.141,0.0,-0.0,0.0,-0.0,0.0,0.0,0.0,1.0,0.0,0,0.0,1.0,0.0,1,1
779.788,238.789,-55.482,-3.141,0.0,-0.0,0.0,-0.0,0.0,0.0,0.0,1.0,0.0,0,0.0,1.0,0.0,1,1
779.888,238.789,-55.482,-3.141,0.0,-0.0,0.0,-0.0,0.0,0.0,0.0,1.0,0.0,0,0.0,1.0,0.0,1,1
779.988,238.789,-55.482,-3.141,0.0,-0.0,0.0,-0.0,0.0,0.0,0.0,1.0,0.0,0,0.0,1.0,0.0,1,1
780.088,238.789,-55.482,-3.141,0.0,-0.0,0.0,-0.0,0.0,0.0,0.0,1.0,0.0,0,0.0,1.0,0.0,1,1
780.188,238.789,-55.482,-3.141,0.0,-0.0,0.0,-0.0,0.0,0.0,0.0,1.0,0.0,0,0.0,1.0,0.0,1,1
780.338,238.789,-55.482,-3.141,0.0,-0.0,0.0,-0.0,0.0,0.0,0.0,1.0,0.0,0,0.0,1.0,0.0,1,1
780.438,238.789,-55.482,-3.141,0.0,-0.0,0.0,-0.0,0.0,0.0,0.0,1.0,0.0,0,0.0,1.0,0.0,1,1
780.538,238.789,-55.482,-3.141,0.0,-0.0,0.0,-0.0,0.0,0.0,0.0,1.0,0.0,0,0.0,1.0,0.0,1,1
780.688,238.789,-55.482,-3.141,0.0,-0.0,0.0,-0.0,0.0,0.0,0.0,1.0,0.0,0,0.0,1.0,0.0,1,1
780.788,238.789,-55.482,-3.141,0.0,-0.0,0.0,-0.0,0.0,0.0,0.0,1.0,0.0,0,0.0,1.0,0.0,1,1
780.888,238.789,-55.482,-3.141,0.0,-0.0,0.0,-0.0,0.0,0.0,0.0,1.0,0.0,0,0.0,1.0,0.0,1,1
780.988,238.789,-55.482,-3.141,0.0,-0.0,0.0,-0.0,0.0,0.0,0.0,1.0,0.0,0,0.0,1.0,0.0,1,1
781.088,238.789,-55.482,-3.141,0.0,-0.0,0.0,-0.0,0.0,0.0,0.0,1.0,0.0,0,0.0,1.0,0.0,1,1
781.238,238.789,-55.482,-3.141,0.0,-0.0,0.0,-0.0,0.0,0.0,0.0,1.0,0.0,0,0.0,1.0,0.0,1,1
781.338,238.789,-55.482,-3.141,0.0,-0.0,0.0,-0.0,0.0,0.0,0.0,1.0,0.0,0,0.0,1.0,0.0,1,1
781.438,238.789,-55.482,-3.141,0.0,-0.0,0.0,-0.0,0.0,0.0,0.0,1.0,0.0,0,0.0,1.0,0.0,1,1
781.538,238.789,-55.482,-3.141,0.0,-0.0,0.0,-0.0,0.0,0.0,0.0,1.0,0.0,0,0.0,1.0,0.0,1,1
781.638,238.789,-55.482,-3.141,0.0,-0.0,0.0,-0.0,0.0,0.0,0.0,1.0,0.0,0,0.0,1.0,0.0,1,1
781.788,238.789,-55.482,-3.141,0.0,-0.0,0.0,-0.0,0.0,0.0,0.0,1.0,0.0,0,0.0,1.0,0.0,1,1
781.888,238.789,-55.482,-3.141,0.0,-0.0,0.0,-0.0,0.0,0.0,0.0,1.0,0.0,0,0.0,1.0,0.0,1,1
781.988,238.789,-55.482,-3.141,0.0,-0.0,0.0,-0.0,0.0,0.0,0.0,1.0,0.0,0,0.0,1.0,0.0,1,1
782.088,238.789,-55.482,-3.141,0.0,-0.0,0.0,-0.0,0.0,0.0,0.0,1.0,0.0,0,0.0,1.0,0.0,1,1
782.238,238.789,-55.482,-3.141,0.0,-0.0,0.0,-0.0,0.0,0.0,0.0,1.0,0.0,0,0.0,1.0,0.0,1,1
782.338,238.789,-55.482,-3.141,0.0,-0.0,0.0,-0.0,0.0,0.0,0.0,1.0,0.0,0,0.0,1.0,0.0,1,1
782.438,238.789,-55.482,-3.141,0.0,-0.0,0.0,-0.0,0.0,0.0,0.0,1.0,0.0,0,0.0,1.0,0.0,1,1
782.538,238.789,-55.482,-3.141,0.0,-0.0,0.0,-0.0,0.0,0.0,0.0,1.0,0.0,0,0.0,1.0,0.0,1,1
782.688,238.789,-55.482,-3.141,0.0,-0.0,0.0,-0.0,0.0,0.0,0.0,1.0,0.0,0,0.0,1.0,0.0,1,1
782.788,238.789,-55.482,-3.141,0.0,-0.0,0.0,-0.0,0.0,0.0,0.0,1.0,0.0,0,0.0,1.0,0.0,1,1
782.888,238.789,-55.482,-3.141,0.0,-0.0,0.0,-0.0,0.0,0.0,0.0,1.0,0.0,0,0.0,1.0,0.0,1,1
782.988,238.789,-55.482,-3.141,0.0,-0.0,0.0,-0.0,0.0,0.0,0.0,1.0,0.0,0,0.0,1.0,0.0,1,1
783.138,238.789,-55.482,-3.141,0.0,-0.0,0.0,-0.0,0.0,0.0,0.0,1.0,0.0,0,0.0,1.0,0.0,1,1
783.238,238.789,-55.482,-3.141,0.0,-0.0,0.0,-0.0,0.0,0.0,0.0,1.0,0.0,0,0.0,1.0,0.0,1,1
783.338,238.789,-55.482,-3.141,0.0,-0.0,0.0,-0.0,0.0,0.0,0.0,1.0,0.0,0,0.0,1.0,0.0,1,1
783.438,238.789,-55.482,-3.141,0.0,-0.0,0.0,-0.0,0.0,0.0,0.0,1.0,0.0,0,0.0,1.0,0.0,1,1
783.538,238.789,-55.482,-3.141,0.0,-0.0,0.0,-0.0,0.0,0.0,0.0,1.0,0.0,0,0.0,1.0,0.0,1,1
783.688,238.789,-55.482,-3.141,0.0,-0.0,0.0,-0.0,0.0,0.0,0.0,1.0,0.0,0,0.0,1.0,0.0,1,1
783.788,238.789,-55.482,-3.141,0.0,-0.0,0.0,-0.0,0.0,0.0,0.0,1.0,0.0,0,0.0,1.0,0.0,1,1
783.888,238.789,-55.482,-3.141,0.0,-0.0,0.0,-0.0,0.0,0.0,0.0,1.0,0.0,0,0.0,1.0,0.0,1,1
783.988,238.789,-55.482,-3.141,0.0,-0.0,0.0,-0.0,0.0,0.0,0.0,1.0,0.0,0,0.0,1.0,0.0,1,1
784.138,238.789,-55.482,-3.141,0.0,-0.0,0.0,-0.0,0.0,0.0,0.0,1.0,0.0,0,0.0,1.0,0.0,1,1
784.238,238.789,-55.482,-3.141,0.0,-0.0,0.0,-0.0,0.0,0.0,0.0,1.0,0.0,0,0.0,1.0,0.0,1,1
784.338,238.789,-55.482,-3.141,0.0,-0.0,0.0,-0.0,0.0,0.0,0.0,1.0,0.0,0,0.0,1.0,0.0,1,1
784.438,238.789,-55.482,-3.141,0.0,-0.0,0.0,-0.0,0.0,0.0,0.0,1.0,0.0,0,0.0,1.0,0.0,1,1
784.588,238.789,-55.482,-3.141,0.0,-0.0,0.0,-0.0,0.0,0.0,0.0,1.0,0.0,0,0.0,1.0,0.0,1,1
784.688,238.789,-55.482,-3.141,0.0,-0.0,0.0,-0.0,0.0,0.0,0.0,1.0,0.0,0,0.0,1.0,0.0,1,1
784.788,238.789,-55.482,-3.141,0.0,-0.0,0.0,-0.0,0.0,0.0,0.0,1.0,0.0,0,0.0,1.0,0.0,1,1
784.888,238.789,-55.482,-3.141,0.0,-0.0,0.0,-0.0,0.0,0.0,0.0,1.0,0.0,0,0.0,1.0,0.0,1,1
784.988,238.789,-55.482,-3.141,0.0,-0.0,0.0,-0.0,0.0,0.0,0.0,1.0,0.0,0,0.0,1.0,0.0,1,1
785.138,238.789,-55.482,-3.141,0.0,-0.0,0.0,-0.0,0.0,0.0,0.0,1.0,0.0,0,0.0,1.0,0.0,1,1
785.238,238.789,-55.482,-3.141,0.0,-0.0,0.0,-0.0,0.0,0.0,0.0,1.0,0.0,0,0.0,1.0,0.0,1,1
785.338,238.789,-55.482,-3.141,0.0,-0.0,0.0,-0.0,0.0,0.0,0.0,1.0,0.0,0,0.0,1.0,0.0,1,1
785.488,238.789,-55.482,-3.141,0.0,-0.0,0.0,-0.0,0.0,0.0,0.0,1.0,0.0,0,0.0,1.0,0.0,1,1
785.588,238.789,-55.482,-3.141,0.0,-0.0,0.0,-0.0,0.0,0.0,0.0,1.0,0.0,0,0.0,1.0,0.0,1,1
785.688,238.789,-55.482,-3.141,0.0,-0.0,0.0,-0.0,0.0,0.0,0.0,1.0,0.0,0,0.0,1.0,0.0,1,1
785.788,238.789,-55.482,-3.141,0.0,-0.0,0.0,-0.0,0.0,0.0,0.0,1.0,0.0,0,0.0,1.0,0.0,1,1
785.888,238.789,-55.482,-3.141,0.0,-0.0,0.0,-0.0,0.0,0.0,0.0,1.0,0.0,0,0.0,1.0,0.0,1,1
786.038,238.789,-55.482,-3.141,0.0,-0.0,0.0,-0.0,0.0,0.0,0.0,1.0,0.0,0,0.0,1.0,0.0,1,1
786.138,238.789,-55.482,-3.141,0.0,-0.0,0.0,-0.0,0.0,0.0,0.0,1.0,0.0,0,0.0,1.0,0.0,1,1
786.238,238.789,-55.482,-3.141,0.0,-0.0,0.0,-0.0,0.0,0.0,0.0,1.0,0.0,0,0.0,1.0,0.0,1,1
786.338,238.789,-55.482,-3.141,0.0,-0.0,0.0,-0.0,0.0,0.0,0.0,1.0,0.0,0,0.0,1.0,0.0,1,1
786.488,238.789,-55.482,-3.141,0.0,-0.0,0.0,-0.0,0.0,0.0,0.0,1.0,0.0,0,0.0,1.0,0.0,1,1
786.588,238.789,-55.482,-3.141,0.0,-0.0,0.0,-0.0,0.0,0.0,0.0,1.0,0.0,0,0.0,1.0,0.0,1,1
786.688,238.789,-55.482,-3.141,0.0,-0.0,0.0,-0.0,0.0,0.0,0.0,1.0,0.0,0,0.0,1.0,0.0,1,1
786.788,238.789,-55.482,-3.141,0.0,-0.0,0.0,-0.0,0.0,0.0,0.0,1.0,0.0,0,0.0,1.0,0.0,1,1
786.888,238.789,-55.482,-3.141,0.0,-0.0,0.0,-0.0,0.0,0.0,0.0,1.0,0.0,0,0.0,1.0,0.0,1,1
787.038,238.789,-55.482,-3.141,0.0,-0.0,0.0,-0.0,0.0,0.0,0.0,1.0,0.0,0,0.0,1.0,0.0,1,1
787.138,238.789,-55.482,-3.141,0.0,-0.0,0.0,-0.0,0.0,0.0,0.0,1.0,0.0,0,0.0,1.0,0.0,1,1
787.238,238.789,-55.482,-3.141,0.0,-0.0,0.0,-0.0,0.0,0.0,0.0,1.0,0.0,0,0.0,1.0,0.0,1,1
787.338,238.789,-55.482,-3.141,0.0,-0.0,0.0,-0.0,0.0,0.0,0.0,1.0,0.0,0,0.0,1.0,0.0,1,1
787.438,238.789,-55.482,-3.141,0.0,-0.0,0.0,-0.0,0.0,0.0,0.0,1.0,0.0,0,0.0,1.0,0.0,1,1
787.588,238.789,-55.482,-3.141,0.0,-0.0,0.0,-0.0,0.0,0.0,0.0,1.0,0.0,0,0.0,1.0,0.0,1,1
787.688,238.789,-55.482,-3.141,0.0,-0.0,0.0,-0.0,0.0,0.0,0.0,1.0,0.0,0,0.0,1.0,0.0,1,1
787.788,238.789,-55.482,-3.141,0.0,-0.0,0.0,-0.0,0.0,0.0,0.0,1.0,0.0,0,0.0,1.0,0.0,1,1
787.888,238.789,-55.482,-3.141,0.0,-0.0,0.0,-0.0,0.0,0.0,0.0,1.0,0.0,0,0.0,1.0,0.0,1,1
787.988,238.789,-55.482,-3.141,0.0,-0.0,0.0,-0.0,0.0,0.0,0.0,1.0,0.0,0,0.0,1.0,0.0,1,1
788.138,238.789,-55.482,-3.141,0.0,-0.0,0.0,-0.0,0.0,0.0,0.0,1.0,0.0,0,0.0,1.0,0.0,1,1
788.238,238.789,-55.482,-3.141,0.0,-0.0,0.0,-0.0,0.0,0.0,0.0,1.0,0.0,0,0.0,1.0,0.0,1,1
788.338,238.789,-55.482,-3.141,0.0,-0.0,0.0,-0.0,0.0,0.0,0.0,1.0,0.0,0,0.0,1.0,0.0,1,1
788.488,238.789,-55.482,-3.141,0.0,-0.0,0.0,-0.0,0.0,0.0,0.0,1.0,0.0,0,0.0,1.0,0.0,1,1
788.588,238.789,-55.482,-3.141,0.0,-0.0,0.0,-0.0,0.0,0.0,0.0,1.0,0.0,0,0.0,1.0,0.0,1,1
788.688,238.789,-55.482,-3.141,0.0,-0.0,0.0,-0.0,0.0,0.0,0.0,1.0,0.0,0,0.0,1.0,0.0,1,1
788.838,238.789,-55.482,-3.141,0.0,-0.0,0.0,-0.0,0.0,0.0,0.0,1.0,0.0,0,0.0,1.0,0.0,1,1
788.938,238.789,-55.482,-3.141,0.0,-0.0,0.0,-0.0,0.0,0.0,0.0,1.0,0.0,0,0.0,1.0,0.0,1,1
789.038,238.789,-55.482,-3.141,0.0,-0.0,0.0,-0.0,0.0,0.0,0.0,1.0,0.0,0,0.0,1.0,0.0,1,1
789.138,238.789,-55.482,-3.141,0.0,-0.0,0.0,-0.0,0.0,0.0,0.0,1.0,0.0,0,0.0,1.0,0.0,1,1
789.238,238.789,-55.482,-3.141,0.0,-0.0,0.0,-0.0,0.0,0.0,0.0,1.0,0.0,0,0.0,1.0,0.0,1,1
789.388,238.789,-55.482,-3.141,0.0,-0.0,0.0,-0.0,0.0,0.0,0.0,1.0,0.0,0,0.0,1.0,0.0,1,1
789.488,238.789,-55.482,-3.141,0.0,-0.0,0.0,-0.0,0.0,0.0,0.0,1.0,0.0,0,0.0,1.0,0.0,1,1
789.638,238.789,-55.482,-3.141,0.0,-0.0,0.0,-0.0,0.0,0.0,0.0,1.0,0.0,0,0.0,1.0,0.0,1,1
789.738,238.789,-55.482,-3.141,0.0,-0.0,0.0,-0.0,0.0,0.0,0.0,1.0,0.0,0,0.0,1.0,0.0,1,1
789.838,238.789,-55.482,-3.141,0.0,-0.0,0.0,-0.0,0.0,0.0,0.0,1.0,0.0,0,0.0,1.0,0.0,1,1
789.938,238.789,-55.482,-3.141,0.0,-0.0,0.0,-0.0,0.0,0.0,0.0,1.0,0.0,0,0.0,1.0,0.0,1,1
790.038,238.789,-55.482,-3.141,0.0,-0.0,0.0,-0.0,0.0,0.0,0.0,1.0,0.0,0,0.0,1.0,0.0,1,1
790.188,238.789,-55.482,-3.141,0.0,-0.0,0.0,-0.0,0.0,0.0,0.0,1.0,0.0,0,0.0,1.0,0.0,1,1
790.288,238.789,-55.482,-3.141,0.0,-0.0,0.0,-0.0,0.0,0.0,0.0,1.0,0.0,0,0.0,1.0,0.0,1,1
790.388,238.789,-55.482,-3.141,0.0,-0.0,0.0,-0.0,0.0,0.0,0.0,1.0,0.0,0,0.0,1.0,0.0,1,1
790.488,238.789,-55.482,-3.141,0.0,-0.0,0.0,-0.0,0.0,0.0,0.0,1.0,0.0,0,0.0,1.0,0.0,1,1
790.638,238.789,-55.482,-3.141,0.0,-0.0,0.0,-0.0,0.0,0.0,0.0,1.0,0.0,0,0.0,1.0,0.0,1,1
790.738,238.789,-55.482,-3.141,0.0,-0.0,0.0,-0.0,0.0,0.0,0.0,1.0,0.0,0,0.0,1.0,0.0,1,1
790.838,238.789,-55.482,-3.141,0.0,-0.0,0.0,-0.0,0.0,0.0,0.0,1.0,0.0,0,0.0,1.0,0.0,1,1
790.938,238.789,-55.482,-3.141,0.0,-0.0,0.0,-0.0,0.0,0.0,0.0,1.0,0.0,0,0.0,1.0,0.0,1,1
791.088,238.789,-55.482,-3.141,0.0,-0.0,0.0,-0.0,0.0,0.0,0.0,1.0,0.0,0,0.0,1.0,0.0,1,1
791.188,238.789,-55.482,-3.141,0.0,-0.0,0.0,-0.0,0.0,0.0,0.0,1.0,0.0,0,0.0,1.0,0.0,1,1
791.288,238.789,-55.482,-3.141,0.0,-0.0,0.0,-0.0,0.0,0.0,0.0,1.0,0.0,0,0.0,1.0,0.0,1,1
791.388,238.789,-55.482,-3.141,0.0,-0.0,0.0,-0.0,0.0,0.0,0.0,1.0,0.0,0,0.0,1.0,0.0,1,1
791.488,238.789,-55.482,-3.141,0.0,-0.0,0.0,-0.0,0.0,0.0,0.0,1.0,0.0,0,0.0,1.0,0.0,1,1
791.638,238.789,-55.482,-3.141,0.0,-0.0,0.0,-0.0,0.0,0.0,0.0,1.0,0.0,0,0.0,1.0,0.0,1,1
791.738,238.789,-55.482,-3.141,0.0,-0.0,0.0,-0.0,0.0,0.0,0.0,1.0,0.0,0,0.0,1.0,0.0,1,1
791.838,238.789,-55.482,-3.141,0.0,-0.0,0.0,-0.0,0.0,0.0,0.0,1.0,0.0,0,0.0,1.0,0.0,1,1
791.938,238.789,-55.482,-3.141,0.0,-0.0,0.0,-0.0,0.0,0.0,0.0,1.0,0.0,0,0.0,1.0,0.0,1,1
792.088,238.789,-55.482,-3.141,0.0,-0.0,0.0,-0.0,0.0,0.0,0.0,1.0,0.0,0,0.0,1.0,0.0,1,1
792.188,238.789,-55.482,-3.141,0.0,-0.0,0.0,-0.0,0.0,0.0,0.0,1.0,0.0,0,0.0,1.0,0.0,1,1
792.288,238.789,-55.482,-3.141,0.0,-0.0,0.0,-0.0,0.0,0.0,0.0,1.0,0.0,0,0.0,1.0,0.0,1,1
792.388,238.789,-55.482,-3.141,0.0,-0.0,0.0,-0.0,0.0,0.0,0.0,1.0,0.0,0,0.0,1.0,0.0,1,1
792.488,238.789,-55.482,-3.141,0.0,-0.0,0.0,-0.0,0.0,0.0,0.0,1.0,0.0,0,0.0,1.0,0.0,1,1
792.638,238.789,-55.482,-3.141,0.0,-0.0,0.0,-0.0,0.0,0.0,0.0,1.0,0.0,0,0.0,1.0,0.0,1,1
792.738,238.789,-55.482,-3.141,0.0,-0.0,0.0,-0.0,0.0,0.0,0.0,1.0,0.0,0,0.0,1.0,0.0,1,1
792.838,238.789,-55.482,-3.141,0.0,-0.0,0.0,-0.0,0.0,0.0,0.0,1.0,0.0,0,0.0,1.0,0.0,1,1
792.988,238.789,-55.482,-3.141,0.0,-0.0,0.0,-0.0,0.0,0.0,0.0,1.0,0.0,0,0.0,1.0,0.0,1,1
793.088,238.789,-55.482,-3.141,0.0,-0.0,0.0,-0.0,0.0,0.0,0.0,1.0,0.0,0,0.0,1.0,0.0,1,1
793.188,238.789,-55.482,-3.141,0.0,-0.0,0.0,-0.0,0.0,0.0,0.0,1.0,0.0,0,0.0,1.0,0.0,1,1
793.288,238.789,-55.482,-3.141,0.0,-0.0,0.0,-0.0,0.0,0.0,0.0,1.0,0.0,0,0.0,1.0,0.0,1,1
793.388,238.789,-55.482,-3.141,0.0,-0.0,0.0,-0.0,0.0,0.0,0.0,1.0,0.0,0,0.0,1.0,0.0,1,1
793.538,238.789,-55.482,-3.141,0.0,-0.0,0.0,-0.0,0.0,0.0,0.0,1.0,0.0,0,0.0,1.0,0.0,1,1
793.638,238.789,-55.482,-3.141,0.0,-0.0,0.0,-0.0,0.0,0.0,0.0,1.0,0.0,0,0.0,1.0,0.0,1,1
793.738,238.789,-55.482,-3.141,0.0,-0.0,0.0,-0.0,0.0,0.0,0.0,1.0,0.0,0,0.0,1.0,0.0,1,1
793.888,238.789,-55.482,-3.141,0.0,-0.0,0.0,-0.0,0.0,0.0,0.0,1.0,0.0,0,0.0,1.0,0.0,1,1
793.988,238.789,-55.482,-3.141,0.0,-0.0,0.0,-0.0,0.0,0.0,0.0,1.0,0.0,0,0.0,1.0,0.0,1,1
794.088,238.789,-55.482,-3.141,0.0,-0.0,0.0,-0.0,0.0,0.0,0.0,1.0,0.0,0,0.0,1.0,0.0,1,1
794.188,238.789,-55.482,-3.141,0.0,-0.0,0.0,-0.0,0.0,0.0,0.0,1.0,0.0,0,0.0,1.0,0.0,1,1
794.338,238.789,-55.482,-3.141,0.0,-0.0,0.0,-0.0,0.0,0.0,0.0,1.0,0.0,0,0.0,1.0,0.0,1,1
794.438,238.789,-55.482,-3.141,0.0,-0.0,0.0,-0.0,0.0,0.0,0.0,1.0,0.0,0,0.0,1.0,0.0,1,1
794.538,238.789,-55.482,-3.141,0.0,-0.0,0.0,-0.0,0.0,0.0,0.0,1.0,0.0,0,0.0,1.0,0.0,1,1
794.638,238.789,-55.482,-3.141,0.0,-0.0,0.0,-0.0,0.0,0.0,0.0,1.0,0.0,0,0.0,1.0,0.0,1,1
794.738,238.789,-55.482,-3.141,0.0,-0.0,0.0,-0.0,0.0,0.0,0.0,1.0,0.0,0,0.0,1.0,0.0,1,1
794.888,238.789,-55.482,-3.141,0.0,-0.0,0.0,-0.0,0.0,0.0,0.0,1.0,0.0,0,0.0,1.0,0.0,1,1
794.988,238.789,-55.482,-3.141,0.0,-0.0,0.0,-0.0,0.0,0.0,0.0,1.0,0.0,0,0.0,1.0,0.0,1,1
795.088,238.789,-55.482,-3.141,0.0,-0.0,0.0,-0.0,0.0,0.0,0.0,1.0,0.0,0,0.0,1.0,0.0,1,1
795.238,238.789,-55.482,-3.141,0.0,-0.0,0.0,-0.0,0.0,0.0,0.0,1.0,0.0,0,0.0,1.0,0.0,1,1
795.338,238.789,-55.482,-3.141,0.0,-0.0,0.0,-0.0,0.0,0.0,0.0,1.0,0.0,0,0.0,1.0,0.0,1,1
795.438,238.789,-55.482,-3.141,0.0,-0.0,0.0,-0.0,0.0,0.0,0.0,1.0,0.0,0,0.0,1.0,0.0,1,1
795.538,238.789,-55.482,-3.141,0.0,-0.0,0.0,-0.0,0.0,0.0,0.0,1.0,0.0,0,0.0,1.0,0.0,1,1
795.688,238.789,-55.482,-3.141,0.0,-0.0,0.0,-0.0,0.0,0.0,0.0,1.0,0.0,0,0.0,1.0,0.0,1,1
795.788,238.789,-55.482,-3.141,0.0,-0.0,0.0,-0.0,0.0,0.0,0.0,1.0,0.0,0,0.0,1.0,0.0,1,1
795.888,238.789,-55.482,-3.141,0.0,-0.0,0.0,-0.0,0.0,0.0,0.0,1.0,0.0,0,0.0,1.0,0.0,1,1
795.988,238.789,-55.482,-3.141,0.0,-0.0,0.0,-0.0,0.0,0.0,0.0,1.0,0.0,0,0.0,1.0,0.0,1,1
796.138,238.789,-55.482,-3.141,0.0,-0.0,0.0,-0.0,0.0,0.0,0.0,1.0,0.0,0,0.0,1.0,0.0,1,1
796.238,238.789,-55.482,-3.141,0.0,-0.0,0.0,-0.0,0.0,0.0,0.0,1.0,0.0,0,0.0,1.0,0.0,1,1
796.338,238.789,-55.482,-3.141,0.0,-0.0,0.0,-0.0,0.0,0.0,0.0,1.0,0.0,0,0.0,1.0,0.0,1,1
796.488,238.789,-55.482,-3.141,0.0,-0.0,0.0,-0.0,0.0,0.0,0.0,1.0,0.0,0,0.0,1.0,0.0,1,1
796.588,238.789,-55.482,-3.141,0.0,-0.0,0.0,-0.0,0.0,0.0,0.0,1.0,0.0,0,0.0,1.0,0.0,1,1
796.688,238.789,-55.482,-3.141,0.0,-0.0,0.0,-0.0,0.0,0.0,0.0,1.0,0.0,0,0.0,1.0,0.0,1,1
796.788,238.789,-55.482,-3.141,0.0,-0.0,0.0,-0.0,0.0,0.0,0.0,1.0,0.0,0,0.0,1.0,0.0,1,1
796.888,238.789,-55.482,-3.141,0.0,-0.0,0.0,-0.0,0.0,0.0,0.0,1.0,0.0,0,0.0,1.0,0.0,1,1
797.038,238.789,-55.482,-3.141,0.0,-0.0,0.0,-0.0,0.0,0.0,0.0,1.0,0.0,0,0.0,1.0,0.0,1,1
797.138,238.789,-55.482,-3.141,0.0,-0.0,0.0,-0.0,0.0,0.0,0.0,1.0,0.0,0,0.0,1.0,0.0,1,1
797.238,238.789,-55.482,-3.141,0.0,-0.0,0.0,-0.0,0.0,0.0,0.0,1.0,0.0,0,0.0,1.0,0.0,1,1
797.338,238.789,-55.482,-3.141,0.0,-0.0,0.0,-0.0,0.0,0.0,0.0,1.0,0.0,0,0.0,1.0,0.0,1,1
797.488,238.789,-55.482,-3.141,0.0,-0.0,0.0,-0.0,0.0,0.0,0.0,1.0,0.0,0,0.0,1.0,0.0,1,1
797.588,238.789,-55.482,-3.141,0.0,-0.0,0.0,-0.0,0.0,0.0,0.0,1.0,0.0,0,0.0,1.0,0.0,1,1
797.688,238.789,-55.482,-3.141,0.0,-0.0,0.0,-0.0,0.0,0.0,0.0,1.0,0.0,0,0.0,1.0,0.0,1,1
797.838,238.789,-55.482,-3.141,0.0,-0.0,0.0,-0.0,0.0,0.0,0.0,1.0,0.0,0,0.0,1.0,0.0,1,1
797.938,238.789,-55.482,-3.141,0.0,-0.0,0.0,-0.0,0.0,0.0,0.0,1.0,0.0,0,0.0,1.0,0.0,1,1
798.038,238.789,-55.482,-3.141,0.0,-0.0,0.0,-0.0,0.0,0.0,0.0,1.0,0.0,0,0.0,1.0,0.0,1,1
798.138,238.789,-55.482,-3.141,0.0,-0.0,0.0,-0.0,0.0,0.0,0.0,1.0,0.0,0,0.0,1.0,0.0,1,1
798.238,238.789,-55.482,-3.141,0.0,-0.0,0.0,-0.0,0.0,0.0,0.0,1.0,0.0,0,0.0,1.0,0.0,1,1
798.388,238.789,-55.482,-3.141,0.0,-0.0,0.0,-0.0,0.0,0.0,0.0,1.0,0.0,0,0.0,1.0,0.0,1,1
798.488,238.789,-55.482,-3.141,0.0,-0.0,0.0,-0.0,0.0,0.0,0.0,1.0,0.0,0,0.0,1.0,0.0,1,1
798.588,238.789,-55.482,-3.141,0.0,-0.0,0.0,-0.0,0.0,0.0,0.0,1.0,0.0,0,0.0,1.0,0.0,1,1
798.688,238.789,-55.482,-3.141,0.0,-0.0,0.0,-0.0,0.0,0.0,0.0,1.0,0.0,0,0.0,1.0,0.0,1,1
798.788,238.789,-55.482,-3.141,0.0,-0.0,0.0,-0.0,0.0,0.0,0.0,1.0,0.0,0,0.0,1.0,0.0,1,1
798.938,238.789,-55.482,-3.141,0.0,-0.0,0.0,-0.0,0.0,0.0,0.0,1.0,0.0,0,0.0,1.0,0.0,1,1
799.038,238.789,-55.482,-3.141,0.0,-0.0,0.0,-0.0,0.0,0.0,0.0,1.0,0.0,0,0.0,1.0,0.0,1,1
799.138,238.789,-55.482,-3.141,0.0,-0.0,0.0,-0.0,0.0,0.0,0.0,1.0,0.0,0,0.0,1.0,0.0,1,1
799.238,238.789,-55.482,-3.141,0.0,-0.0,0.0,-0.0,0.0,0.0,0.0,1.0,0.0,0,0.0,1.0,0.0,1,1
799.338,238.789,-55.482,-3.141,0.0,-0.0,0.0,-0.0,0.0,0.0,0.0,1.0,0.0,0,0.0,1.0,0.0,1,1
799.488,238.789,-55.482,-3.141,0.0,-0.0,0.0,-0.0,0.0,0.0,0.0,1.0,0.0,0,0.0,1.0,0.0,1,1
799.588,238.789,-55.482,-3.141,0.0,-0.0,0.0,-0.0,0.0,0.0,0.0,1.0,0.0,0,0.0,1.0,0.0,1,1
799.688,238.789,-55.482,-3.141,0.0,-0.0,0.0,-0.0,0.0,0.0,0.0,1.0,0.0,0,0.0,1.0,0.0,1,1
799.788,238.789,-55.482,-3.141,0.0,-0.0,0.0,-0.0,0.0,0.0,0.0,1.0,0.0,0,0.0,1.0,0.0,1,1
799.938,238.789,-55.482,-3.141,0.0,-0.0,0.0,-0.0,0.0,0.0,0.0,1.0,0.0,0,0.0,1.0,0.0,1,1
800.038,238.789,-55.482,-3.141,0.0,-0.0,0.0,-0.0,0.0,0.0,0.0,1.0,0.0,0,0.0,1.0,0.0,1,1
800.138,238.789,-55.482,-3.141,0.0,-0.0,0.0,-0.0,0.0,0.0,0.0,1.0,0.0,0,0.0,1.0,0.0,1,1
800.238,238.789,-55.482,-3.141,0.0,-0.0,0.0,-0.0,0.0,0.0,0.0,1.0,0.0,0,0.0,1.0,0.0,1,1
800.338,238.789,-55.482,-3.141,0.0,-0.0,0.0,-0.0,0.0,0.0,0.0,1.0,0.0,0,0.0,1.0,0.0,1,1
800.438,238.789,-55.482,-3.141,0.0,-0.0,0.0,-0.0,0.0,0.0,0.0,1.0,0.0,0,0.0,1.0,0.0,1,1
800.538,238.789,-55.482,-3.141,0.0,-0.0,0.0,-0.0,0.0,0.0,0.0,1.0,0.0,0,0.0,1.0,0.0,1,1
800.638,238.789,-55.482,-3.141,0.0,-0.0,0.0,-0.0,0.0,0.0,0.0,1.0,0.0,0,0.0,1.0,0.0,1,1
800.738,238.789,-55.482,-3.141,0.0,-0.0,0.0,-0.0,0.0,0.0,0.0,1.0,0.0,0,0.0,1.0,0.0,1,1
800.838,238.789,-55.482,-3.141,0.0,-0.0,0.0,-0.0,0.0,0.0,0.0,1.0,0.0,0,0.0,1.0,0.0,1,1
800.938,238.789,-55.482,-3.141,0.0,-0.0,0.0,-0.0,0.0,0.0,0.0,1.0,0.0,0,0.0,1.0,0.0,1,1
801.038,238.789,-55.482,-3.141,0.0,-0.0,0.0,-0.0,0.0,0.0,0.0,1.0,0.0,0,0.0,1.0,0.0,1,1
801.138,238.789,-55.482,-3.141,0.0,-0.0,0.0,-0.0,0.0,0.0,0.0,1.0,0.0,0,0.0,1.0,0.0,1,1
801.238,238.789,-55.482,-3.141,0.0,-0.0,0.0,-0.0,0.0,0.0,0.0,1.0,0.0,0,0.0,1.0,0.0,1,1
801.338,238.789,-55.482,-3.141,0.0,-0.0,0.0,-0.0,0.0,0.0,0.0,1.0,0.0,0,0.0,1.0,0.0,1,1
801.438,238.789,-55.482,-3.141,0.0,-0.0,0.0,-0.0,0.0,0.0,0.0,1.0,0.0,0,0.0,1.0,0.0,1,1
801.538,238.789,-55.482,-3.141,0.0,-0.0,0.0,-0.0,0.0,0.0,0.0,1.0,0.0,0,0.0,1.0,0.0,1,1
801.638,238.789,-55.482,-3.141,0.0,-0.0,0.0,-0.0,0.0,0.0,0.0,1.0,0.0,0,0.0,1.0,0.0,1,1
801.738,238.789,-55.482,-3.141,0.0,-0.0,0.0,-0.0,0.0,0.0,0.0,1.0,0.0,0,0.0,1.0,0.0,1,1
801.888,238.789,-55.482,-3.141,0.0,-0.0,0.0,-0.0,0.0,0.0,0.0,1.0,0.0,0,0.0,1.0,0.0,1,1
801.988,238.789,-55.482,-3.141,0.0,-0.0,0.0,-0.0,0.0,0.0,0.0,1.0,0.0,0,0.0,1.0,0.0,1,1
802.038,238.789,-55.482,-3.141,0.0,-0.0,0.0,-0.0,0.0,0.0,0.0,1.0,0.0,0,0.0,1.0,0.0,1,1
802.138,238.789,-55.482,-3.141,0.0,-0.0,0.0,-0.0,0.0,0.0,0.0,1.0,0.0,0,0.0,1.0,0.0,1,1
802.238,238.789,-55.482,-3.141,0.0,-0.0,0.0,-0.0,0.0,0.0,0.0,1.0,0.0,0,0.0,1.0,0.0,1,1
802.338,238.789,-55.482,-3.141,0.0,-0.0,0.0,-0.0,0.0,0.0,0.0,1.0,0.0,0,0.0,1.0,0.0,1,1
802.438,238.789,-55.482,-3.141,0.0,-0.0,0.0,-0.0,0.0,0.0,0.0,1.0,0.0,0,0.0,1.0,0.0,1,1
802.538,238.789,-55.482,-3.141,0.0,-0.0,0.0,-0.0,0.0,0.0,0.0,1.0,0.0,0,0.0,1.0,0.0,1,1
802.688,238.789,-55.482,-3.141,0.0,-0.0,0.0,-0.0,0.0,0.0,0.0,1.0,0.0,0,0.0,1.0,0.0,1,1
802.788,238.789,-55.482,-3.141,0.0,-0.0,0.0,-0.0,0.0,0.0,0.0,1.0,0.0,0,0.0,1.0,0.0,1,1
802.888,238.789,-55.482,-3.141,0.0,-0.0,0.0,-0.0,0.0,0.0,0.0,1.0,0.0,0,0.0,1.0,0.0,1,1
802.988,238.789,-55.482,-3.141,0.0,-0.0,0.0,-0.0,0.0,0.0,0.0,1.0,0.0,0,0.0,1.0,0.0,1,1
803.138,238.789,-55.482,-3.141,0.0,-0.0,0.0,-0.0,0.0,0.0,0.0,1.0,0.0,0,0.0,1.0,0.0,1,1
803.238,238.789,-55.482,-3.141,0.0,-0.0,0.0,-0.0,0.0,0.0,0.0,1.0,0.0,0,0.0,1.0,0.0,1,1
803.338,238.789,-55.482,-3.141,0.0,-0.0,0.0,-0.0,0.0,0.0,0.0,1.0,0.0,0,0.0,1.0,0.0,1,1
803.438,238.789,-55.482,-3.141,0.0,-0.0,0.0,-0.0,0.0,0.0,0.0,1.0,0.0,0,0.0,1.0,0.0,1,1
803.538,238.789,-55.482,-3.141,0.0,-0.0,0.0,-0.0,0.0,0.0,0.0,1.0,0.0,0,0.0,1.0,0.0,1,1
803.638,238.789,-55.482,-3.141,0.0,-0.0,0.0,-0.0,0.0,0.0,0.0,1.0,0.0,0,0.0,1.0,0.0,1,1
803.738,238.789,-55.482,-3.141,0.0,-0.0,0.0,-0.0,0.0,0.0,0.0,1.0,0.0,0,0.0,1.0,0.0,1,1
803.888,238.789,-55.482,-3.141,0.0,-0.0,0.0,-0.0,0.0,0.0,0.0,1.0,0.0,0,0.0,1.0,0.0,1,1
803.988,238.789,-55.482,-3.141,0.0,-0.0,0.0,-0.0,0.0,0.0,0.0,1.0,0.0,0,0.0,1.0,0.0,1,1
804.088,238.789,-55.482,-3.141,0.0,-0.0,0.0,-0.0,0.0,0.0,0.0,1.0,0.0,0,0.0,1.0,0.0,1,1
804.188,238.789,-55.482,-3.141,0.0,-0.0,0.0,-0.0,0.0,0.0,0.0,1.0,0.0,0,0.0,1.0,0.0,1,1
804.288,238.789,-55.482,-3.141,0.0,-0.0,0.0,-0.0,0.0,0.0,0.0,1.0,0.0,0,0.0,1.0,0.0,1,1
804.388,238.789,-55.482,-3.141,0.0,-0.0,0.0,-0.0,0.0,0.0,0.0,1.0,0.0,0,0.0,1.0,0.0,1,1
804.488,238.789,-55.482,-3.141,0.0,-0.0,0.0,-0.0,0.0,0.0,0.0,1.0,0.0,0,0.0,1.0,0.0,1,1
804.588,238.789,-55.482,-3.141,0.0,-0.0,0.0,-0.0,0.0,0.0,0.0,1.0,0.0,0,0.0,1.0,0.0,1,1
804.688,238.789,-55.482,-3.141,0.0,-0.0,0.0,-0.0,0.0,0.0,0.0,1.0,0.0,0,0.0,1.0,0.0,1,1
804.788,238.789,-55.482,-3.141,0.0,-0.0,0.0,-0.0,0.0,0.0,0.0,1.0,0.0,0,0.0,1.0,0.0,1,1
804.888,238.789,-55.482,-3.141,0.0,-0.0,0.0,-0.0,0.0,0.0,0.0,1.0,0.0,0,0.0,1.0,0.0,1,1
805.038,238.789,-55.482,-3.141,0.0,-0.0,0.0,-0.0,0.0,0.0,0.0,1.0,0.0,0,0.0,1.0,0.0,1,1
805.138,238.789,-55.482,-3.141,0.0,-0.0,0.0,-0.0,0.0,0.0,0.0,1.0,0.0,0,0.0,1.0,0.0,1,1
805.238,238.789,-55.482,-3.141,0.0,-0.0,0.0,-0.0,0.0,0.0,0.0,1.0,0.0,0,0.0,1.0,0.0,1,1
805.338,238.789,-55.482,-3.141,0.0,-0.0,0.0,-0.0,0.0,0.0,0.0,1.0,0.0,0,0.0,1.0,0.0,1,1
805.488,238.789,-55.482,-3.141,0.0,-0.0,0.0,-0.0,0.0,0.0,0.0,1.0,0.0,0,0.0,1.0,0.0,1,1
805.588,238.789,-55.482,-3.141,0.0,-0.0,0.0,-0.0,0.0,0.0,0.0,1.0,0.0,0,0.0,1.0,0.0,1,1
805.688,238.789,-55.482,-3.141,0.0,-0.0,0.0,-0.0,0.0,0.0,0.0,1.0,0.0,0,0.0,1.0,0.0,1,1
805.788,238.789,-55.482,-3.141,0.0,-0.0,0.0,-0.0,0.0,0.0,0.0,1.0,0.0,0,0.0,1.0,0.0,1,1
805.938,238.789,-55.482,-3.141,0.0,-0.0,0.0,-0.0,0.0,0.0,0.0,1.0,0.0,0,0.0,1.0,0.0,1,1
806.038,238.789,-55.482,-3.141,0.0,-0.0,0.0,-0.0,0.0,0.0,0.0,1.0,0.0,0,0.0,1.0,0.0,1,1
806.138,238.789,-55.482,-3.141,0.0,-0.0,0.0,-0.0,0.0,0.0,0.0,1.0,0.0,0,0.0,1.0,0.0,1,1
806.238,238.789,-55.482,-3.141,0.0,-0.0,0.0,-0.0,0.0,0.0,0.0,1.0,0.0,0,0.0,1.0,0.0,1,1
806.388,238.789,-55.482,-3.141,0.0,-0.0,0.0,-0.0,0.0,0.0,0.0,1.0,0.0,0,0.0,1.0,0.0,1,1
806.488,238.789,-55.482,-3.141,0.0,-0.0,0.0,-0.0,0.0,0.0,0.0,1.0,0.0,0,0.0,1.0,0.0,1,1
806.588,238.789,-55.482,-3.141,0.0,-0.0,0.0,-0.0,0.0,0.0,0.0,1.0,0.0,0,0.0,1.0,0.0,1,1
806.688,238.789,-55.482,-3.141,0.0,-0.0,0.0,-0.0,0.0,0.0,0.0,1.0,0.0,0,0.0,1.0,0.0,1,1
806.788,238.789,-55.482,-3.141,0.0,-0.0,0.0,-0.0,0.0,0.0,0.0,1.0,0.0,0,0.0,1.0,0.0,1,1
806.938,238.789,-55.482,-3.141,0.0,-0.0,0.0,-0.0,0.0,0.0,0.0,1.0,0.0,0,0.0,1.0,0.0,1,1
807.038,238.789,-55.482,-3.141,0.0,-0.0,0.0,-0.0,0.0,0.0,0.0,1.0,0.0,0,0.0,1.0,0.0,1,1
807.138,238.789,-55.482,-3.141,0.0,-0.0,0.0,-0.0,0.0,0.0,0.0,1.0,0.0,0,0.0,1.0,0.0,1,1
807.288,238.789,-55.482,-3.141,0.0,-0.0,0.0,-0.0,0.0,0.0,0.0,1.0,0.0,0,0.0,1.0,0.0,1,1
807.388,238.789,-55.482,-3.141,0.0,-0.0,0.0,-0.0,0.0,0.0,0.0,1.0,0.0,0,0.0,1.0,0.0,1,1
807.488,238.789,-55.482,-3.141,0.0,-0.0,0.0,-0.0,0.0,0.0,0.0,1.0,0.0,0,0.0,1.0,0.0,1,1
807.588,238.789,-55.482,-3.141,0.0,-0.0,0.0,-0.0,0.0,0.0,0.0,1.0,0.0,0,0.0,1.0,0.0,1,1
807.738,238.789,-55.482,-3.141,0.0,-0.0,0.0,-0.0,0.0,0.0,0.0,1.0,0.0,0,0.0,1.0,0.0,1,1
807.838,238.789,-55.482,-3.141,0.0,-0.0,0.0,-0.0,0.0,0.0,0.0,1.0,0.0,0,0.0,1.0,0.0,1,1
807.938,238.789,-55.482,-3.141,0.0,-0.0,0.0,-0.0,0.0,0.0,0.0,1.0,0.0,0,0.0,1.0,0.0,1,1
808.038,238.789,-55.482,-3.141,0.0,-0.0,0.0,-0.0,0.0,0.0,0.0,1.0,0.0,0,0.0,1.0,0.0,1,1
808.188,238.789,-55.482,-3.141,0.0,-0.0,0.0,-0.0,0.0,0.0,0.0,1.0,0.0,0,0.0,1.0,0.0,1,1
808.288,238.789,-55.482,-3.141,0.0,-0.0,0.0,-0.0,0.0,0.0,0.0,1.0,0.0,0,0.0,1.0,0.0,1,1
808.388,238.789,-55.482,-3.141,0.0,-0.0,0.0,-0.0,0.0,0.0,0.0,1.0,0.0,0,0.0,1.0,0.0,1,1
808.488,238.789,-55.482,-3.141,0.0,-0.0,0.0,-0.0,0.0,0.0,0.0,1.0,0.0,0,0.0,1.0,0.0,1,1
808.588,238.789,-55.482,-3.141,0.0,-0.0,0.0,-0.0,0.0,0.0,0.0,1.0,0.0,0,0.0,1.0,0.0,1,1
808.688,238.789,-55.482,-3.141,0.0,-0.0,0.0,-0.0,0.0,0.0,0.0,1.0,0.0,0,0.0,1.0,0.0,1,1
808.788,238.789,-55.482,-3.141,0.0,-0.0,0.0,-0.0,0.0,0.0,0.0,1.0,0.0,0,0.0,1.0,0.0,1,1
808.938,238.789,-55.482,-3.141,0.0,-0.0,0.0,-0.0,0.0,0.0,0.0,1.0,0.0,0,0.0,1.0,0.0,1,1
809.038,238.789,-55.482,-3.141,0.0,-0.0,0.0,-0.0,0.0,0.0,0.0,1.0,0.0,0,0.0,1.0,0.0,1,1
809.138,238.789,-55.482,-3.141,0.0,-0.0,0.0,-0.0,0.0,0.0,0.0,1.0,0.0,0,0.0,1.0,0.0,1,1
809.238,238.789,-55.482,-3.141,0.0,-0.0,0.0,-0.0,0.0,0.0,0.0,1.0,0.0,0,0.0,1.0,0.0,1,1
809.338,238.789,-55.482,-3.141,0.0,-0.0,0.0,-0.0,0.0,0.0,0.0,1.0,0.0,0,0.0,1.0,0.0,1,1
809.488,238.789,-55.482,-3.141,0.0,-0.0,0.0,-0.0,0.0,0.0,0.0,1.0,0.0,0,0.0,1.0,0.0,1,1
809.588,238.789,-55.482,-3.141,0.0,-0.0,0.0,-0.0,0.0,0.0,0.0,1.0,0.0,0,0.0,1.0,0.0,1,1
809.688,238.789,-55.482,-3.141,0.0,-0.0,0.0,-0.0,0.0,0.0,0.0,1.0,0.0,0,0.0,1.0,0.0,1,1
809.788,238.789,-55.482,-3.141,0.0,-0.0,0.0,-0.0,0.0,0.0,0.0,1.0,0.0,0,0.0,1.0,0.0,1,1
809.888,238.789,-55.482,-3.141,0.0,-0.0,0.0,-0.0,0.0,0.0,0.0,1.0,0.0,0,0.0,1.0,0.0,1,1
809.988,238.789,-55.482,-3.141,0.0,-0.0,0.0,-0.0,0.0,0.0,0.0,1.0,0.0,0,0.0,1.0,0.0,1,1
810.138,238.789,-55.482,-3.141,0.0,-0.0,0.0,-0.0,0.0,0.0,0.0,1.0,0.0,0,0.0,1.0,0.0,1,1
810.238,238.789,-55.482,-3.141,0.0,-0.0,0.0,-0.0,0.0,0.0,0.0,1.0,0.0,0,0.0,1.0,0.0,1,1
810.338,238.789,-55.482,-3.141,0.0,-0.0,0.0,-0.0,0.0,0.0,0.0,1.0,0.0,0,0.0,1.0,0.0,1,1
810.438,238.789,-55.482,-3.141,0.0,-0.0,0.0,-0.0,0.0,0.0,0.0,1.0,0.0,0,0.0,1.0,0.0,1,1
810.538,238.789,-55.482,-3.141,0.0,-0.0,0.0,-0.0,0.0,0.0,0.0,1.0,0.0,0,0.0,1.0,0.0,1,1
810.638,238.789,-55.482,-3.141,0.0,-0.0,0.0,-0.0,0.0,0.0,0.0,1.0,0.0,0,0.0,1.0,0.0,1,1
810.738,238.789,-55.482,-3.141,0.0,-0.0,0.0,-0.0,0.0,0.0,0.0,1.0,0.0,0,0.0,1.0,0.0,1,1
810.838,238.789,-55.482,-3.141,0.0,-0.0,0.0,-0.0,0.0,0.0,0.0,1.0,0.0,0,0.0,1.0,0.0,1,1
810.938,238.789,-55.482,-3.141,0.0,-0.0,0.0,-0.0,0.0,0.0,0.0,1.0,0.0,0,0.0,1.0,0.0,1,1
811.038,238.789,-55.482,-3.141,0.0,-0.0,0.0,-0.0,0.0,0.0,0.0,1.0,0.0,0,0.0,1.0,0.0,1,1
811.138,238.789,-55.482,-3.141,0.0,-0.0,0.0,-0.0,0.0,0.0,0.0,1.0,0.0,0,0.0,1.0,0.0,1,1
811.238,238.789,-55.482,-3.141,0.0,-0.0,0.0,-0.0,0.0,0.0,0.0,1.0,0.0,0,0.0,1.0,0.0,1,1
811.338,238.789,-55.482,-3.141,0.0,-0.0,0.0,-0.0,0.0,0.0,0.0,1.0,0.0,0,0.0,1.0,0.0,1,1
811.438,238.789,-55.482,-3.141,0.0,-0.0,0.0,-0.0,0.0,0.0,0.0,1.0,0.0,0,0.0,1.0,0.0,1,1
811.538,238.789,-55.482,-3.141,0.0,-0.0,0.0,-0.0,0.0,0.0,0.0,1.0,0.0,0,0.0,1.0,0.0,1,1
811.638,238.789,-55.482,-3.141,0.0,-0.0,0.0,-0.0,0.0,0.0,0.0,1.0,0.0,0,0.0,1.0,0.0,1,1
811.788,238.789,-55.482,-3.141,0.0,-0.0,0.0,-0.0,0.0,0.0,0.0,1.0,0.0,0,0.0,1.0,0.0,1,1
811.888,238.789,-55.482,-3.141,0.0,-0.0,0.0,-0.0,0.0,0.0,0.0,1.0,0.0,0,0.0,1.0,0.0,1,1
811.988,238.789,-55.482,-3.141,0.0,-0.0,0.0,-0.0,0.0,0.0,0.0,1.0,0.0,0,0.0,1.0,0.0,1,1
812.088,238.789,-55.482,-3.141,0.0,-0.0,0.0,-0.0,0.0,0.0,0.0,1.0,0.0,0,0.0,1.0,0.0,1,1
812.188,238.789,-55.482,-3.141,0.0,-0.0,0.0,-0.0,0.0,0.0,0.0,1.0,0.0,0,0.0,1.0,0.0,1,1
812.288,238.789,-55.482,-3.141,0.0,-0.0,0.0,-0.0,0.0,0.0,0.0,1.0,0.0,0,0.0,1.0,0.0,1,1
812.388,238.789,-55.482,-3.141,0.0,-0.0,0.0,-0.0,0.0,0.0,0.0,1.0,0.0,0,0.0,1.0,0.0,1,1
812.488,238.789,-55.482,-3.141,0.0,-0.0,0.0,-0.0,0.0,0.0,0.0,1.0,0.0,0,0.0,1.0,0.0,1,1
812.588,238.789,-55.482,-3.141,0.0,-0.0,0.0,-0.0,0.0,0.0,0.0,1.0,0.0,0,0.0,1.0,0.0,1,1
812.738,238.789,-55.482,-3.141,0.0,-0.0,0.0,-0.0,0.0,0.0,0.0,1.0,0.0,0,0.0,1.0,0.0,1,1
812.838,238.789,-55.482,-3.141,0.0,-0.0,0.0,-0.0,0.0,0.0,0.0,1.0,0.0,0,0.0,1.0,0.0,1,1
812.938,238.789,-55.482,-3.141,0.0,-0.0,0.0,-0.0,0.0,0.0,0.0,1.0,0.0,0,0.0,1.0,0.0,1,1
813.038,238.789,-55.482,-3.141,0.0,-0.0,0.0,-0.0,0.0,0.0,0.0,1.0,0.0,0,0.0,1.0,0.0,1,1
813.138,238.789,-55.482,-3.141,0.0,-0.0,0.0,-0.0,0.0,0.0,0.0,1.0,0.0,0,0.0,1.0,0.0,1,1
813.238,238.789,-55.482,-3.141,0.0,-0.0,0.0,-0.0,0.0,0.0,0.0,1.0,0.0,0,0.0,1.0,0.0,1,1
813.338,238.789,-55.482,-3.141,0.0,-0.0,0.0,-0.0,0.0,0.0,0.0,1.0,0.0,0,0.0,1.0,0.0,1,1
813.438,238.789,-55.482,-3.141,0.0,-0.0,0.0,-0.0,0.0,0.0,0.0,1.0,0.0,0,0.0,1.0,0.0,1,1
813.538,238.789,-55.482,-3.141,0.0,-0.0,0.0,-0.0,0.0,0.0,0.0,1.0,0.0,0,0.0,1.0,0.0,1,1
813.638,238.789,-55.482,-3.141,0.0,-0.0,0.0,-0.0,0.0,0.0,0.0,1.0,0.0,0,0.0,1.0,0.0,1,1
813.788,238.789,-55.482,-3.141,0.0,-0.0,0.0,-0.0,0.0,0.0,0.0,1.0,0.0,0,0.0,1.0,0.0,1,1
813.888,238.789,-55.482,-3.141,0.0,-0.0,0.0,-0.0,0.0,0.0,0.0,1.0,0.0,0,0.0,1.0,0.0,1,1
813.938,238.789,-55.482,-3.141,0.0,-0.0,0.0,-0.0,0.0,0.0,0.0,1.0,0.0,0,0.0,1.0,0.0,1,1
814.038,238.789,-55.482,-3.141,0.0,-0.0,0.0,-0.0,0.0,0.0,0.0,1.0,0.0,0,0.0,1.0,0.0,1,1
814.188,238.789,-55.482,-3.141,0.0,-0.0,0.0,-0.0,0.0,0.0,0.0,1.0,0.0,0,0.0,1.0,0.0,1,1
814.288,238.789,-55.482,-3.141,0.0,-0.0,0.0,-0.0,0.0,0.0,0.0,1.0,0.0,0,0.0,1.0,0.0,1,1
814.388,238.789,-55.482,-3.141,0.0,-0.0,0.0,-0.0,0.0,0.0,0.0,1.0,0.0,0,0.0,1.0,0.0,1,1
814.488,238.789,-55.482,-3.141,0.0,-0.0,0.0,-0.0,0.0,0.0,0.0,1.0,0.0,0,0.0,1.0,0.0,1,1
814.588,238.789,-55.482,-3.141,0.0,-0.0,0.0,-0.0,0.0,0.0,0.0,1.0,0.0,0,0.0,1.0,0.0,1,1
814.688,238.789,-55.482,-3.141,0.0,-0.0,0.0,-0.0,0.0,0.0,0.0,1.0,0.0,0,0.0,1.0,0.0,1,1
814.788,238.789,-55.482,-3.141,0.0,-0.0,0.0,-0.0,0.0,0.0,0.0,1.0,0.0,0,0.0,1.0,0.0,1,1
814.888,238.789,-55.482,-3.141,0.0,-0.0,0.0,-0.0,0.0,0.0,0.0,1.0,0.0,0,0.0,1.0,0.0,1,1
814.988,238.789,-55.482,-3.141,0.0,-0.0,0.0,-0.0,0.0,0.0,0.0,1.0,0.0,0,0.0,1.0,0.0,1,1
815.088,238.789,-55.482,-3.141,0.0,-0.0,0.0,-0.0,0.0,0.0,0.0,1.0,0.0,0,0.0,1.0,0.0,1,1
815.188,238.789,-55.482,-3.141,0.0,-0.0,0.0,-0.0,0.0,0.0,0.0,1.0,0.0,0,0.0,1.0,0.0,1,1
815.288,238.789,-55.482,-3.141,0.0,-0.0,0.0,-0.0,0.0,0.0,0.0,1.0,0.0,0,0.0,1.0,0.0,1,1
815.388,238.789,-55.482,-3.141,0.0,-0.0,0.0,-0.0,0.0,0.0,0.0,1.0,0.0,0,0.0,1.0,0.0,1,1
815.538,238.789,-55.482,-3.141,0.0,-0.0,0.0,-0.0,0.0,0.0,0.0,1.0,0.0,0,0.0,1.0,0.0,1,1
815.638,238.789,-55.482,-3.141,0.0,-0.0,0.0,-0.0,0.0,0.0,0.0,1.0,0.0,0,0.0,1.0,0.0,1,1
815.738,238.789,-55.482,-3.141,0.0,-0.0,0.0,-0.0,0.0,0.0,0.0,1.0,0.0,0,0.0,1.0,0.0,1,1
815.888,238.789,-55.482,-3.141,0.0,-0.0,0.0,-0.0,0.0,0.0,0.0,1.0,0.0,0,0.0,1.0,0.0,1,1
815.988,238.789,-55.482,-3.141,0.0,-0.0,0.0,-0.0,0.0,0.0,0.0,1.0,0.0,0,0.0,1.0,0.0,1,1
816.088,238.789,-55.482,-3.141,0.0,-0.0,0.0,-0.0,0.0,0.0,0.0,1.0,0.0,0,0.0,1.0,0.0,1,1
816.188,238.789,-55.482,-3.141,0.0,-0.0,0.0,-0.0,0.0,0.0,0.0,1.0,0.0,0,0.0,1.0,0.0,1,1
816.288,238.789,-55.482,-3.141,0.0,-0.0,0.0,-0.0,0.0,0.0,0.0,1.0,0.0,0,0.0,1.0,0.0,1,1
816.388,238.789,-55.482,-3.141,0.0,-0.0,0.0,-0.0,0.0,0.0,0.0,1.0,0.0,0,0.0,1.0,0.0,1,1
816.538,238.789,-55.482,-3.141,0.0,-0.0,0.0,-0.0,0.0,0.0,0.0,1.0,0.0,0,0.0,1.0,0.0,1,1
816.638,238.789,-55.482,-3.141,0.0,-0.0,0.0,-0.0,0.0,0.0,0.0,1.0,0.0,0,0.0,1.0,0.0,1,1
816.738,238.789,-55.482,-3.141,0.0,-0.0,0.0,-0.0,0.0,0.0,0.0,1.0,0.0,0,0.0,1.0,0.0,1,1
816.838,238.789,-55.482,-3.141,0.0,-0.0,0.0,-0.0,0.0,0.0,0.0,1.0,0.0,0,0.0,1.0,0.0,1,1
816.938,238.789,-55.482,-3.141,0.0,-0.0,0.0,-0.0,0.0,0.0,0.0,1.0,0.0,0,0.0,1.0,0.0,1,1
817.038,238.789,-55.482,-3.141,0.0,-0.0,0.0,-0.0,0.0,0.0,0.0,1.0,0.0,0,0.0,1.0,0.0,1,1
817.138,238.789,-55.482,-3.141,0.0,-0.0,0.0,-0.0,0.0,0.0,0.0,1.0,0.0,0,0.0,1.0,0.0,1,1
817.238,238.789,-55.482,-3.141,0.0,-0.0,0.0,-0.0,0.0,0.0,0.0,1.0,0.0,0,0.0,1.0,0.0,1,1
817.338,238.789,-55.482,-3.141,0.0,-0.0,0.0,-0.0,0.0,0.0,0.0,1.0,0.0,0,0.0,1.0,0.0,1,1
817.388,238.789,-55.482,-3.141,0.0,-0.0,0.0,-0.0,0.0,0.0,0.0,1.0,0.0,0,0.0,1.0,0.0,1,1
817.488,238.789,-55.482,-3.141,0.0,-0.0,0.0,-0.0,0.0,0.0,0.0,1.0,0.0,0,0.0,1.0,0.0,1,1
817.588,238.789,-55.482,-3.141,0.0,-0.0,0.0,-0.0,0.0,0.0,0.0,1.0,0.0,0,0.0,1.0,0.0,1,1
817.738,238.789,-55.482,-3.141,0.0,-0.0,0.0,-0.0,0.0,0.0,0.0,1.0,0.0,0,0.0,1.0,0.0,1,1
817.838,238.789,-55.482,-3.141,0.0,-0.0,0.0,-0.0,0.0,0.0,0.0,1.0,0.0,0,0.0,1.0,0.0,1,1
817.938,238.789,-55.482,-3.141,0.0,-0.0,0.0,-0.0,0.0,0.0,0.0,1.0,0.0,0,0.0,1.0,0.0,1,1
818.088,238.789,-55.482,-3.141,0.0,-0.0,0.0,-0.0,0.0,0.0,0.0,1.0,0.0,0,0.0,1.0,0.0,1,1
818.188,238.789,-55.482,-3.141,0.0,-0.0,0.0,-0.0,0.0,0.0,0.0,1.0,0.0,0,0.0,1.0,0.0,1,1
818.288,238.789,-55.482,-3.141,0.0,-0.0,0.0,-0.0,0.0,0.0,0.0,1.0,0.0,0,0.0,1.0,0.0,1,1
818.388,238.789,-55.482,-3.141,0.0,-0.0,0.0,-0.0,0.0,0.0,0.0,1.0,0.0,0,0.0,1.0,0.0,1,1
818.488,238.789,-55.482,-3.141,0.0,-0.0,0.0,-0.0,0.0,0.0,0.0,1.0,0.0,0,0.0,1.0,0.0,1,1
818.588,238.789,-55.482,-3.141,0.0,-0.0,0.0,-0.0,0.0,0.0,0.0,1.0,0.0,0,0.0,1.0,0.0,1,1
818.688,238.789,-55.482,-3.141,0.0,-0.0,0.0,-0.0,0.0,0.0,0.0,1.0,0.0,0,0.0,1.0,0.0,1,1
818.788,238.789,-55.482,-3.141,0.0,-0.0,0.0,-0.0,0.0,0.0,0.0,1.0,0.0,0,0.0,1.0,0.0,1,1
818.888,238.789,-55.482,-3.141,0.0,-0.0,0.0,-0.0,0.0,0.0,0.0,1.0,0.0,0,0.0,1.0,0.0,1,1
818.988,238.789,-55.482,-3.141,0.0,-0.0,0.0,-0.0,0.0,0.0,0.0,1.0,0.0,0,0.0,1.0,0.0,1,1
819.138,238.789,-55.482,-3.141,0.0,-0.0,0.0,-0.0,0.0,0.0,0.0,1.0,0.0,0,0.0,1.0,0.0,1,1
819.238,238.789,-55.482,-3.141,0.0,-0.0,0.0,-0.0,0.0,0.0,0.0,1.0,0.0,0,0.0,1.0,0.0,1,1
819.288,238.789,-55.482,-3.141,0.0,-0.0,0.0,-0.0,0.0,0.0,0.0,1.0,0.0,0,0.0,1.0,0.0,1,1
819.438,238.789,-55.482,-3.141,0.0,-0.0,0.0,-0.0,0.0,0.0,0.0,1.0,0.0,0,0.0,1.0,0.0,1,1
819.538,238.789,-55.482,-3.141,0.0,-0.0,0.0,-0.0,0.0,0.0,0.0,1.0,0.0,0,0.0,1.0,0.0,1,1
819.638,238.789,-55.482,-3.141,0.0,-0.0,0.0,-0.0,0.0,0.0,0.0,1.0,0.0,0,0.0,1.0,0.0,1,1
819.738,238.789,-55.482,-3.141,0.0,-0.0,0.0,-0.0,0.0,0.0,0.0,1.0,0.0,0,0.0,1.0,0.0,1,1
819.838,238.789,-55.482,-3.141,0.0,-0.0,0.0,-0.0,0.0,0.0,0.0,1.0,0.0,0,0.0,1.0,0.0,1,1
819.938,238.789,-55.482,-3.141,0.0,-0.0,0.0,-0.0,0.0,0.0,0.0,1.0,0.0,0,0.0,1.0,0.0,1,1
820.088,238.789,-55.482,-3.141,0.0,-0.0,0.0,-0.0,0.0,0.0,0.0,1.0,0.0,0,0.0,1.0,0.0,1,1
820.188,238.789,-55.482,-3.141,0.0,-0.0,0.0,-0.0,0.0,0.0,0.0,1.0,0.0,0,0.0,1.0,0.0,1,1
820.288,238.789,-55.482,-3.141,0.0,-0.0,0.0,-0.0,0.0,0.0,0.0,1.0,0.0,0,0.0,1.0,0.0,1,1
820.388,238.789,-55.482,-3.141,0.0,-0.0,0.0,-0.0,0.0,0.0,0.0,1.0,0.0,0,0.0,1.0,0.0,1,1
820.538,238.789,-55.482,-3.141,0.0,-0.0,0.0,-0.0,0.0,0.0,0.0,1.0,0.0,0,0.0,1.0,0.0,1,1
820.638,238.789,-55.482,-3.141,0.0,-0.0,0.0,-0.0,0.0,0.0,0.0,1.0,0.0,0,0.0,1.0,0.0,1,1
820.738,238.789,-55.482,-3.141,0.0,-0.0,0.0,-0.0,0.0,0.0,0.0,1.0,0.0,0,0.0,1.0,0.0,1,1
820.888,238.789,-55.482,-3.141,0.0,-0.0,0.0,-0.0,0.0,0.0,0.0,1.0,0.0,0,0.0,1.0,0.0,1,1
820.988,238.789,-55.482,-3.141,0.0,-0.0,0.0,-0.0,0.0,0.0,0.0,1.0,0.0,0,0.0,1.0,0.0,1,1
821.088,238.789,-55.482,-3.141,0.0,-0.0,0.0,-0.0,0.0,0.0,0.0,1.0,0.0,0,0.0,1.0,0.0,1,1
821.188,238.789,-55.482,-3.141,0.0,-0.0,0.0,-0.0,0.0,0.0,0.0,1.0,0.0,0,0.0,1.0,0.0,1,1
821.338,238.789,-55.482,-3.141,0.0,-0.0,0.0,-0.0,0.0,0.0,0.0,1.0,0.0,0,0.0,1.0,0.0,1,1
821.438,238.789,-55.482,-3.141,0.0,-0.0,0.0,-0.0,0.0,0.0,0.0,1.0,0.0,0,0.0,1.0,0.0,1,1
821.538,238.789,-55.482,-3.141,0.0,-0.0,0.0,-0.0,0.0,0.0,0.0,1.0,0.0,0,0.0,1.0,0.0,1,1
821.638,238.789,-55.482,-3.141,0.0,-0.0,0.0,-0.0,0.0,0.0,0.0,1.0,0.0,0,0.0,1.0,0.0,1,1
821.788,238.789,-55.482,-3.141,0.0,-0.0,0.0,-0.0,0.0,0.0,0.0,1.0,0.0,0,0.0,1.0,0.0,1,1
821.888,238.789,-55.482,-3.141,0.0,-0.0,0.0,-0.0,0.0,0.0,0.0,1.0,0.0,0,0.0,1.0,0.0,1,1
821.988,238.789,-55.482,-3.141,0.0,-0.0,0.0,-0.0,0.0,0.0,0.0,1.0,0.0,0,0.0,1.0,0.0,1,1
822.138,238.789,-55.482,-3.141,0.0,-0.0,0.0,-0.0,0.0,0.0,0.0,1.0,0.0,0,0.0,1.0,0.0,1,1
822.238,238.789,-55.482,-3.141,0.0,-0.0,0.0,-0.0,0.0,0.0,0.0,1.0,0.0,0,0.0,1.0,0.0,1,1
822.338,238.789,-55.482,-3.141,0.0,-0.0,0.0,-0.0,0.0,0.0,0.0,1.0,0.0,0,0.0,1.0,0.0,1,1
822.438,238.789,-55.482,-3.141,0.0,-0.0,0.0,-0.0,0.0,0.0,0.0,1.0,0.0,0,0.0,1.0,0.0,1,1
822.588,238.789,-55.482,-3.141,0.0,-0.0,0.0,-0.0,0.0,0.0,0.0,1.0,0.0,0,0.0,1.0,0.0,1,1
822.688,238.789,-55.482,-3.141,0.0,-0.0,0.0,-0.0,0.0,0.0,0.0,1.0,0.0,0,0.0,1.0,0.0,1,1
822.788,238.789,-55.482,-3.141,0.0,-0.0,0.0,-0.0,0.0,0.0,0.0,1.0,0.0,0,0.0,1.0,0.0,1,1
822.888,238.789,-55.482,-3.141,0.0,-0.0,0.0,-0.0,0.0,0.0,0.0,1.0,0.0,0,0.0,1.0,0.0,1,1
822.988,238.789,-55.482,-3.141,0.0,-0.0,0.0,-0.0,0.0,0.0,0.0,1.0,0.0,0,0.0,1.0,0.0,1,1
823.138,238.789,-55.482,-3.141,0.0,-0.0,0.0,-0.0,0.0,0.0,0.0,1.0,0.0,0,0.0,1.0,0.0,1,1
823.238,238.789,-55.482,-3.141,0.0,-0.0,0.0,-0.0,0.0,0.0,0.0,1.0,0.0,0,0.0,1.0,0.0,1,1
823.338,238.789,-55.482,-3.141,0.0,-0.0,0.0,-0.0,0.0,0.0,0.0,1.0,0.0,0,0.0,1.0,0.0,1,1
823.438,238.789,-55.482,-3.141,0.0,-0.0,0.0,-0.0,0.0,0.0,0.0,1.0,0.0,0,0.0,1.0,0.0,1,1
823.588,238.789,-55.482,-3.141,0.0,-0.0,0.0,-0.0,0.0,0.0,0.0,1.0,0.0,0,0.0,1.0,0.0,1,1
823.688,238.789,-55.482,-3.141,0.0,-0.0,0.0,-0.0,0.0,0.0,0.0,1.0,0.0,0,0.0,1.0,0.0,1,1
823.788,238.789,-55.482,-3.141,0.0,-0.0,0.0,-0.0,0.0,0.0,0.0,1.0,0.0,0,0.0,1.0,0.0,1,1
823.888,238.789,-55.482,-3.141,0.0,-0.0,0.0,-0.0,0.0,0.0,0.0,1.0,0.0,0,0.0,1.0,0.0,1,1
824.038,238.789,-55.482,-3.141,0.0,-0.0,0.0,-0.0,0.0,0.0,0.0,1.0,0.0,0,0.0,1.0,0.0,1,1
824.138,238.789,-55.482,-3.141,0.0,-0.0,0.0,-0.0,0.0,0.0,0.0,1.0,0.0,0,0.0,1.0,0.0,1,1
824.238,238.789,-55.482,-3.141,0.0,-0.0,0.0,-0.0,0.0,0.0,0.0,1.0,0.0,0,0.0,1.0,0.0,1,1
824.338,238.789,-55.482,-3.141,0.0,-0.0,0.0,-0.0,0.0,0.0,0.0,1.0,0.0,0,0.0,1.0,0.0,1,1
824.488,238.789,-55.482,-3.141,0.0,-0.0,0.0,-0.0,0.0,0.0,0.0,1.0,0.0,0,0.0,1.0,0.0,1,1
824.588,238.789,-55.482,-3.141,0.0,-0.0,0.0,-0.0,0.0,0.0,0.0,1.0,0.0,0,0.0,1.0,0.0,1,1
824.688,238.789,-55.482,-3.141,0.0,-0.0,0.0,-0.0,0.0,0.0,0.0,1.0,0.0,0,0.0,1.0,0.0,1,1
824.788,238.789,-55.482,-3.141,0.0,-0.0,0.0,-0.0,0.0,0.0,0.0,1.0,0.0,0,0.0,1.0,0.0,1,1
824.938,238.789,-55.482,-3.141,0.0,-0.0,0.0,-0.0,0.0,0.0,0.0,1.0,0.0,0,0.0,1.0,0.0,1,1
825.038,238.789,-55.482,-3.141,0.0,-0.0,0.0,-0.0,0.0,0.0,0.0,1.0,0.0,0,0.0,1.0,0.0,1,1
825.138,238.789,-55.482,-3.141,0.0,-0.0,0.0,-0.0,0.0,0.0,0.0,1.0,0.0,0,0.0,1.0,0.0,1,1
825.238,238.789,-55.482,-3.141,0.0,-0.0,0.0,-0.0,0.0,0.0,0.0,1.0,0.0,0,0.0,1.0,0.0,1,1
825.388,238.789,-55.482,-3.141,0.0,-0.0,0.0,-0.0,0.0,0.0,0.0,1.0,0.0,0,0.0,1.0,0.0,1,1
825.488,238.789,-55.482,-3.141,0.0,-0.0,0.0,-0.0,0.0,0.0,0.0,1.0,0.0,0,0.0,1.0,0.0,1,1
825.588,238.789,-55.482,-3.141,0.0,-0.0,0.0,-0.0,0.0,0.0,0.0,1.0,0.0,0,0.0,1.0,0.0,1,1
825.688,238.789,-55.482,-3.141,0.0,-0.0,0.0,-0.0,0.0,0.0,0.0,1.0,0.0,0,0.0,1.0,0.0,1,1
825.838,238.789,-55.482,-3.141,0.0,-0.0,0.0,-0.0,0.0,0.0,0.0,1.0,0.0,0,0.0,1.0,0.0,1,1
825.938,238.789,-55.482,-3.141,0.0,-0.0,0.0,-0.0,0.0,0.0,0.0,1.0,0.0,0,0.0,1.0,0.0,1,1
826.038,238.789,-55.482,-3.141,0.0,-0.0,0.0,-0.0,0.0,0.0,0.0,1.0,0.0,0,0.0,1.0,0.0,1,1
826.138,238.789,-55.482,-3.141,0.0,-0.0,0.0,-0.0,0.0,0.0,0.0,1.0,0.0,0,0.0,1.0,0.0,1,1
826.288,238.789,-55.482,-3.141,0.0,-0.0,0.0,-0.0,0.0,0.0,0.0,1.0,0.0,0,0.0,1.0,0.0,1,1
826.388,238.789,-55.482,-3.141,0.0,-0.0,0.0,-0.0,0.0,0.0,0.0,1.0,0.0,0,0.0,1.0,0.0,1,1
826.488,238.789,-55.482,-3.141,0.0,-0.0,0.0,-0.0,0.0,0.0,0.0,1.0,0.0,0,0.0,1.0,0.0,1,1
826.588,238.789,-55.482,-3.141,0.0,-0.0,0.0,-0.0,0.0,0.0,0.0,1.0,0.0,0,0.0,1.0,0.0,1,1
826.688,238.789,-55.482,-3.141,0.0,-0.0,0.0,-0.0,0.0,0.0,0.0,1.0,0.0,0,0.0,1.0,0.0,1,1
826.838,238.789,-55.482,-3.141,0.0,-0.0,0.0,-0.0,0.0,0.0,0.0,1.0,0.0,0,0.0,1.0,0.0,1,1
826.938,238.789,-55.482,-3.141,0.0,-0.0,0.0,-0.0,0.0,0.0,0.0,1.0,0.0,0,0.0,1.0,0.0,1,1
827.038,238.789,-55.482,-3.141,0.0,-0.0,0.0,-0.0,0.0,0.0,0.0,1.0,0.0,0,0.0,1.0,0.0,1,1
827.138,238.789,-55.482,-3.141,0.0,-0.0,0.0,-0.0,0.0,0.0,0.0,1.0,0.0,0,0.0,1.0,0.0,1,1
827.238,238.789,-55.482,-3.141,0.0,-0.0,0.0,-0.0,0.0,0.0,0.0,1.0,0.0,0,0.0,1.0,0.0,1,1
827.338,238.789,-55.482,-3.141,0.0,-0.0,0.0,-0.0,0.0,0.0,0.0,1.0,0.0,0,0.0,1.0,0.0,1,1
827.438,238.789,-55.482,-3.141,0.0,-0.0,0.0,-0.0,0.0,0.0,0.0,1.0,0.0,0,0.0,1.0,0.0,1,1
827.538,238.789,-55.482,-3.141,0.0,-0.0,0.0,-0.0,0.0,0.0,0.0,1.0,0.0,0,0.0,1.0,0.0,1,1
827.638,238.789,-55.482,-3.141,0.0,-0.0,0.0,-0.0,0.0,0.0,0.0,1.0,0.0,0,0.0,1.0,0.0,1,1
827.788,238.789,-55.482,-3.141,0.0,-0.0,0.0,-0.0,0.0,0.0,0.0,1.0,0.0,0,0.0,1.0,0.0,1,1
827.888,238.789,-55.482,-3.141,0.0,-0.0,0.0,-0.0,0.0,0.0,0.0,1.0,0.0,0,0.0,1.0,0.0,1,1
827.988,238.789,-55.482,-3.141,0.0,-0.0,0.0,-0.0,0.0,0.0,0.0,1.0,0.0,0,0.0,1.0,0.0,1,1
828.088,238.789,-55.482,-3.141,0.0,-0.0,0.0,-0.0,0.0,0.0,0.0,1.0,0.0,0,0.0,1.0,0.0,1,1
828.188,238.789,-55.482,-3.141,0.0,-0.0,0.0,-0.0,0.0,0.0,0.0,1.0,0.0,0,0.0,1.0,0.0,1,1
828.338,238.789,-55.482,-3.141,0.0,-0.0,0.0,-0.0,0.0,0.0,0.0,1.0,0.0,0,0.0,1.0,0.0,1,1
828.438,238.789,-55.482,-3.141,0.0,-0.0,0.0,-0.0,0.0,0.0,0.0,1.0,0.0,0,0.0,1.0,0.0,1,1
828.538,238.789,-55.482,-3.141,0.0,-0.0,0.0,-0.0,0.0,0.0,0.0,1.0,0.0,0,0.0,1.0,0.0,1,1
828.638,238.789,-55.482,-3.141,0.0,-0.0,0.0,-0.0,0.0,0.0,0.0,1.0,0.0,0,0.0,1.0,0.0,1,1
828.788,238.789,-55.482,-3.141,0.0,-0.0,0.0,-0.0,0.0,0.0,0.0,1.0,0.0,0,0.0,1.0,0.0,1,1
828.888,238.789,-55.482,-3.141,0.0,-0.0,0.0,-0.0,0.0,0.0,0.0,1.0,0.0,0,0.0,1.0,0.0,1,1
828.988,238.789,-55.482,-3.141,0.0,-0.0,0.0,-0.0,0.0,0.0,0.0,1.0,0.0,0,0.0,1.0,0.0,1,1
829.138,238.789,-55.482,-3.141,0.0,-0.0,0.0,-0.0,0.0,0.0,0.0,1.0,0.0,0,0.0,1.0,0.0,1,1
829.238,238.789,-55.482,-3.141,0.0,-0.0,0.0,-0.0,0.0,0.0,0.0,1.0,0.0,0,0.0,1.0,0.0,1,1
829.338,238.789,-55.482,-3.141,0.0,-0.0,0.0,-0.0,0.0,0.0,0.0,1.0,0.0,0,0.0,1.0,0.0,1,1
829.438,238.789,-55.482,-3.141,0.0,-0.0,0.0,-0.0,0.0,0.0,0.0,1.0,0.0,0,0.0,1.0,0.0,1,1
829.588,238.789,-55.482,-3.141,0.0,-0.0,0.0,-0.0,0.0,0.0,0.0,1.0,0.0,0,0.0,1.0,0.0,1,1
829.688,238.789,-55.482,-3.141,0.0,-0.0,0.0,-0.0,0.0,0.0,0.0,1.0,0.0,0,0.0,1.0,0.0,1,1
829.788,238.789,-55.482,-3.141,0.0,-0.0,0.0,-0.0,0.0,0.0,0.0,1.0,0.0,0,0.0,1.0,0.0,1,1
829.938,238.789,-55.482,-3.141,0.0,-0.0,0.0,-0.0,0.0,0.0,0.0,1.0,0.0,0,0.0,1.0,0.0,1,1
830.038,238.789,-55.482,-3.141,0.0,-0.0,0.0,-0.0,0.0,0.0,0.0,1.0,0.0,0,0.0,1.0,0.0,1,1
830.138,238.789,-55.482,-3.141,0.0,-0.0,0.0,-0.0,0.0,0.0,0.0,1.0,0.0,0,0.0,1.0,0.0,1,1
830.288,238.789,-55.482,-3.141,0.0,-0.0,0.0,-0.0,0.0,0.0,0.0,1.0,0.0,0,0.0,1.0,0.0,1,1
830.388,238.789,-55.482,-3.141,0.0,-0.0,0.0,-0.0,0.0,0.0,0.0,1.0,0.0,0,0.0,1.0,0.0,1,1
830.488,238.789,-55.482,-3.141,0.0,-0.0,0.0,-0.0,0.0,0.0,0.0,1.0,0.0,0,0.0,1.0,0.0,1,1
830.588,238.789,-55.482,-3.141,0.0,-0.0,0.0,-0.0,0.0,0.0,0.0,1.0,0.0,0,0.0,1.0,0.0,1,1
830.738,238.789,-55.482,-3.141,0.0,-0.0,0.0,-0.0,0.0,0.0,0.0,1.0,0.0,0,0.0,1.0,0.0,1,1
830.838,238.789,-55.482,-3.141,0.0,-0.0,0.0,-0.0,0.0,0.0,0.0,1.0,0.0,0,0.0,1.0,0.0,1,1
830.938,238.789,-55.482,-3.141,0.0,-0.0,0.0,-0.0,0.0,0.0,0.0,1.0,0.0,0,0.0,1.0,0.0,1,1
831.088,238.789,-55.482,-3.141,0.0,-0.0,0.0,-0.0,0.0,0.0,0.0,1.0,0.0,0,0.0,1.0,0.0,1,1
831.188,238.789,-55.482,-3.141,0.0,-0.0,0.0,-0.0,0.0,0.0,0.0,1.0,0.0,0,0.0,1.0,0.0,1,1
831.288,238.789,-55.482,-3.141,0.0,-0.0,0.0,-0.0,0.0,0.0,0.0,1.0,0.0,0,0.0,1.0,0.0,1,1
831.388,238.789,-55.482,-3.141,0.0,-0.0,0.0,-0.0,0.0,0.0,0.0,1.0,0.0,0,0.0,1.0,0.0,1,1
831.538,238.789,-55.482,-3.141,0.0,-0.0,0.0,-0.0,0.0,0.0,0.0,1.0,0.0,0,0.0,1.0,0.0,1,1
831.638,238.789,-55.482,-3.141,0.0,-0.0,0.0,-0.0,0.0,0.0,0.0,1.0,0.0,0,0.0,1.0,0.0,1,1
831.738,238.789,-55.482,-3.141,0.0,-0.0,0.0,-0.0,0.0,0.0,0.0,1.0,0.0,0,0.0,1.0,0.0,1,1
831.838,238.789,-55.482,-3.141,0.0,-0.0,0.0,-0.0,0.0,0.0,0.0,1.0,0.0,0,0.0,1.0,0.0,1,1
831.988,238.789,-55.482,-3.141,0.0,-0.0,0.0,-0.0,0.0,0.0,0.0,1.0,0.0,0,0.0,1.0,0.0,1,1
832.088,238.789,-55.482,-3.141,0.0,-0.0,0.0,-0.0,0.0,0.0,0.0,1.0,0.0,0,0.0,1.0,0.0,1,1
832.188,238.789,-55.482,-3.141,0.0,-0.0,0.0,-0.0,0.0,0.0,0.0,1.0,0.0,0,0.0,1.0,0.0,1,1
832.338,238.789,-55.482,-3.141,0.0,-0.0,0.0,-0.0,0.0,0.0,0.0,1.0,0.0,0,0.0,1.0,0.0,1,1
832.438,238.789,-55.482,-3.141,0.0,-0.0,0.0,-0.0,0.0,0.0,0.0,1.0,0.0,0,0.0,1.0,0.0,1,1
832.538,238.789,-55.482,-3.141,0.0,-0.0,0.0,-0.0,0.0,0.0,0.0,1.0,0.0,0,0.0,1.0,0.0,1,1
832.638,238.789,-55.482,-3.141,0.0,-0.0,0.0,-0.0,0.0,0.0,0.0,1.0,0.0,0,0.0,1.0,0.0,1,1
832.738,238.789,-55.482,-3.141,0.0,-0.0,0.0,-0.0,0.0,0.0,0.0,1.0,0.0,0,0.0,1.0,0.0,1,1
832.838,238.789,-55.482,-3.141,0.0,-0.0,0.0,-0.0,0.0,0.0,0.0,1.0,0.0,0,0.0,1.0,0.0,1,1
832.988,238.789,-55.482,-3.141,0.0,-0.0,0.0,-0.0,0.0,0.0,0.0,1.0,0.0,0,0.0,1.0,0.0,1,1
833.088,238.789,-55.482,-3.141,0.0,-0.0,0.0,-0.0,0.0,0.0,0.0,1.0,0.0,0,0.0,1.0,0.0,1,1
833.188,238.789,-55.482,-3.141,0.0,-0.0,0.0,-0.0,0.0,0.0,0.0,1.0,0.0,0,0.0,1.0,0.0,1,1
833.288,238.789,-55.482,-3.141,0.0,-0.0,0.0,-0.0,0.0,0.0,0.0,1.0,0.0,0,0.0,1.0,0.0,1,1
833.438,238.789,-55.482,-3.141,0.0,-0.0,0.0,-0.0,0.0,0.0,0.0,1.0,0.0,0,0.0,1.0,0.0,1,1
833.538,238.789,-55.482,-3.141,0.0,-0.0,0.0,-0.0,0.0,0.0,0.0,1.0,0.0,0,0.0,1.0,0.0,1,1
833.638,238.789,-55.482,-3.141,0.0,-0.0,0.0,-0.0,0.0,0.0,0.0,1.0,0.0,0,0.0,1.0,0.0,1,1
833.788,238.789,-55.482,-3.141,0.0,-0.0,0.0,-0.0,0.0,0.0,0.0,1.0,0.0,0,0.0,1.0,0.0,1,1
833.888,238.789,-55.482,-3.141,0.0,-0.0,0.0,-0.0,0.0,0.0,0.0,1.0,0.0,0,0.0,1.0,0.0,1,1
833.988,238.789,-55.482,-3.141,0.0,-0.0,0.0,-0.0,0.0,0.0,0.0,1.0,0.0,0,0.0,1.0,0.0,1,1
834.088,238.789,-55.482,-3.141,0.0,-0.0,0.0,-0.0,0.0,0.0,0.0,1.0,0.0,0,0.0,1.0,0.0,1,1
834.238,238.789,-55.482,-3.141,0.0,-0.0,0.0,-0.0,0.0,0.0,0.0,1.0,0.0,0,0.0,1.0,0.0,1,1
834.338,238.789,-55.482,-3.141,0.0,-0.0,0.0,-0.0,0.0,0.0,0.0,1.0,0.0,0,0.0,1.0,0.0,1,1
834.438,238.789,-55.482,-3.141,0.0,-0.0,0.0,-0.0,0.0,0.0,0.0,1.0,0.0,0,0.0,1.0,0.0,1,1
834.538,238.789,-55.482,-3.141,0.0,-0.0,0.0,-0.0,0.0,0.0,0.0,1.0,0.0,0,0.0,1.0,0.0,1,1
834.688,238.789,-55.482,-3.141,0.0,-0.0,0.0,-0.0,0.0,0.0,0.0,1.0,0.0,0,0.0,1.0,0.0,1,1
834.788,238.789,-55.482,-3.141,0.0,-0.0,0.0,-0.0,0.0,0.0,0.0,1.0,0.0,0,0.0,1.0,0.0,1,1
834.888,238.789,-55.482,-3.141,0.0,-0.0,0.0,-0.0,0.0,0.0,0.0,1.0,0.0,0,0.0,1.0,0.0,1,1
834.988,238.789,-55.482,-3.141,0.0,-0.0,0.0,-0.0,0.0,0.0,0.0,1.0,0.0,0,0.0,1.0,0.0,1,1
835.138,238.789,-55.482,-3.141,0.0,-0.0,0.0,-0.0,0.0,0.0,0.0,1.0,0.0,0,0.0,1.0,0.0,1,1
835.238,238.789,-55.482,-3.141,0.0,-0.0,0.0,-0.0,0.0,0.0,0.0,1.0,0.0,0,0.0,1.0,0.0,1,1
835.338,238.789,-55.482,-3.141,0.0,-0.0,0.0,-0.0,0.0,0.0,0.0,1.0,0.0,0,0.0,1.0,0.0,1,1
835.488,238.789,-55.482,-3.141,0.0,-0.0,0.0,-0.0,0.0,0.0,0.0,1.0,0.0,0,0.0,1.0,0.0,1,1
835.588,238.789,-55.482,-3.141,0.0,-0.0,0.0,-0.0,0.0,0.0,0.0,1.0,0.0,0,0.0,1.0,0.0,1,1
835.688,238.789,-55.482,-3.141,0.0,-0.0,0.0,-0.0,0.0,0.0,0.0,1.0,0.0,0,0.0,1.0,0.0,1,1
835.838,238.789,-55.482,-3.141,0.0,-0.0,0.0,-0.0,0.0,0.0,0.0,1.0,0.0,0,0.0,1.0,0.0,1,1
835.938,238.789,-55.482,-3.141,0.0,-0.0,0.0,-0.0,0.0,0.0,0.0,1.0,0.0,0,0.0,1.0,0.0,1,1
836.038,238.789,-55.482,-3.141,0.0,-0.0,0.0,-0.0,0.0,0.0,0.0,1.0,0.0,0,0.0,1.0,0.0,1,1
836.138,238.789,-55.482,-3.141,0.0,-0.0,0.0,-0.0,0.0,0.0,0.0,1.0,0.0,0,0.0,1.0,0.0,1,1
836.238,238.789,-55.482,-3.141,0.0,-0.0,0.0,-0.0,0.0,0.0,0.0,1.0,0.0,0,0.0,1.0,0.0,1,1
836.338,238.789,-55.482,-3.141,0.0,-0.0,0.0,-0.0,0.0,0.0,0.0,1.0,0.0,0,0.0,1.0,0.0,1,1
836.488,238.789,-55.482,-3.141,0.0,-0.0,0.0,-0.0,0.0,0.0,0.0,1.0,0.0,0,0.0,1.0,0.0,1,1
836.588,238.789,-55.482,-3.141,0.0,-0.0,0.0,-0.0,0.0,0.0,0.0,1.0,0.0,0,0.0,1.0,0.0,1,1
836.688,238.789,-55.482,-3.141,0.0,-0.0,0.0,-0.0,0.0,0.0,0.0,1.0,0.0,0,0.0,1.0,0.0,1,1
836.788,238.789,-55.482,-3.141,0.0,-0.0,0.0,-0.0,0.0,0.0,0.0,1.0,0.0,0,0.0,1.0,0.0,1,1
836.888,238.789,-55.482,-3.141,0.0,-0.0,0.0,-0.0,0.0,0.0,0.0,1.0,0.0,0,0.0,1.0,0.0,1,1
836.988,238.789,-55.482,-3.141,0.0,-0.0,0.0,-0.0,0.0,0.0,0.0,1.0,0.0,0,0.0,1.0,0.0,1,1
837.088,238.789,-55.482,-3.141,0.0,-0.0,0.0,-0.0,0.0,0.0,0.0,1.0,0.0,0,0.0,1.0,0.0,1,1
837.188,238.789,-55.482,-3.141,0.0,-0.0,0.0,-0.0,0.0,0.0,0.0,1.0,0.0,0,0.0,1.0,0.0,1,1
837.338,238.789,-55.482,-3.141,0.0,-0.0,0.0,-0.0,0.0,0.0,0.0,1.0,0.0,0,0.0,1.0,0.0,1,1
837.438,238.789,-55.482,-3.141,0.0,-0.0,0.0,-0.0,0.0,0.0,0.0,1.0,0.0,0,0.0,1.0,0.0,1,1
837.538,238.789,-55.482,-3.141,0.0,-0.0,0.0,-0.0,0.0,0.0,0.0,1.0,0.0,0,0.0,1.0,0.0,1,1
837.638,238.789,-55.482,-3.141,0.0,-0.0,0.0,-0.0,0.0,0.0,0.0,1.0,0.0,0,0.0,1.0,0.0,1,1
837.788,238.789,-55.482,-3.141,0.0,-0.0,0.0,-0.0,0.0,0.0,0.0,1.0,0.0,0,0.0,1.0,0.0,1,1
837.888,238.789,-55.482,-3.141,0.0,-0.0,0.0,-0.0,0.0,0.0,0.0,1.0,0.0,0,0.0,1.0,0.0,1,1
837.988,238.789,-55.482,-3.141,0.0,-0.0,0.0,-0.0,0.0,0.0,0.0,1.0,0.0,0,0.0,1.0,0.0,1,1
838.088,238.789,-55.482,-3.141,0.0,-0.0,0.0,-0.0,0.0,0.0,0.0,1.0,0.0,0,0.0,1.0,0.0,1,1
838.238,238.789,-55.482,-3.141,0.0,-0.0,0.0,-0.0,0.0,0.0,0.0,1.0,0.0,0,0.0,1.0,0.0,1,1
838.338,238.789,-55.482,-3.141,0.0,-0.0,0.0,-0.0,0.0,0.0,0.0,1.0,0.0,0,0.0,1.0,0.0,1,1
838.438,238.789,-55.482,-3.141,0.0,-0.0,0.0,-0.0,0.0,0.0,0.0,1.0,0.0,0,0.0,1.0,0.0,1,1
838.538,238.789,-55.482,-3.141,0.0,-0.0,0.0,-0.0,0.0,0.0,0.0,1.0,0.0,0,0.0,1.0,0.0,1,1
838.638,238.789,-55.482,-3.141,0.0,-0.0,0.0,-0.0,0.0,0.0,0.0,1.0,0.0,0,0.0,1.0,0.0,1,1
838.788,238.789,-55.482,-3.141,0.0,-0.0,0.0,-0.0,0.0,0.0,0.0,1.0,0.0,0,0.0,1.0,0.0,1,1
838.888,238.789,-55.482,-3.141,0.0,-0.0,0.0,-0.0,0.0,0.0,0.0,1.0,0.0,0,0.0,1.0,0.0,1,1
839.038,238.789,-55.482,-3.141,0.0,-0.0,0.0,-0.0,0.0,0.0,0.0,1.0,0.0,0,0.0,1.0,0.0,1,1
839.138,238.789,-55.482,-3.141,0.0,-0.0,0.0,-0.0,0.0,0.0,0.0,1.0,0.0,0,0.0,1.0,0.0,1,1
839.238,238.789,-55.482,-3.141,0.0,-0.0,0.0,-0.0,0.0,0.0,0.0,1.0,0.0,0,0.0,1.0,0.0,1,1
839.338,238.789,-55.482,-3.141,0.0,-0.0,0.0,-0.0,0.0,0.0,0.0,1.0,0.0,0,0.0,1.0,0.0,1,1
839.438,238.789,-55.482,-3.141,0.0,-0.0,0.0,-0.0,0.0,0.0,0.0,1.0,0.0,0,0.0,1.0,0.0,1,1
839.588,238.789,-55.482,-3.141,0.0,-0.0,0.0,-0.0,0.0,0.0,0.0,1.0,0.0,0,0.0,1.0,0.0,1,1
839.688,238.789,-55.482,-3.141,0.0,-0.0,0.0,-0.0,0.0,0.0,0.0,1.0,0.0,0,0.0,1.0,0.0,1,1
839.788,238.789,-55.482,-3.141,0.0,-0.0,0.0,-0.0,0.0,0.0,0.0,1.0,0.0,0,0.0,1.0,0.0,1,1
839.888,238.789,-55.482,-3.141,0.0,-0.0,0.0,-0.0,0.0,0.0,0.0,1.0,0.0,0,0.0,1.0,0.0,1,1
840.038,238.789,-55.482,-3.141,0.0,-0.0,0.0,-0.0,0.0,0.0,0.0,1.0,0.0,0,0.0,1.0,0.0,1,1
840.138,238.789,-55.482,-3.141,0.0,-0.0,0.0,-0.0,0.0,0.0,0.0,1.0,0.0,0,0.0,1.0,0.0,1,1
840.238,238.789,-55.482,-3.141,0.0,-0.0,0.0,-0.0,0.0,0.0,0.0,1.0,0.0,0,0.0,1.0,0.0,1,1
840.388,238.789,-55.482,-3.141,0.0,-0.0,0.0,-0.0,0.0,0.0,0.0,1.0,0.0,0,0.0,1.0,0.0,1,1
840.488,238.789,-55.482,-3.141,0.0,-0.0,0.0,-0.0,0.0,0.0,0.0,1.0,0.0,0,0.0,1.0,0.0,1,1
840.588,238.789,-55.482,-3.141,0.0,-0.0,0.0,-0.0,0.0,0.0,0.0,1.0,0.0,0,0.0,1.0,0.0,1,1
840.688,238.789,-55.482,-3.141,0.0,-0.0,0.0,-0.0,0.0,0.0,0.0,1.0,0.0,0,0.0,1.0,0.0,1,1
840.788,238.789,-55.482,-3.141,0.0,-0.0,0.0,-0.0,0.0,0.0,0.0,1.0,0.0,0,0.0,1.0,0.0,1,1
840.888,238.789,-55.482,-3.141,0.0,-0.0,0.0,-0.0,0.0,0.0,0.0,1.0,0.0,0,0.0,1.0,0.0,1,1
841.038,238.789,-55.482,-3.141,0.0,-0.0,0.0,-0.0,0.0,0.0,0.0,1.0,0.0,0,0.0,1.0,0.0,1,1
841.138,238.789,-55.482,-3.141,0.0,-0.0,0.0,-0.0,0.0,0.0,0.0,1.0,0.0,0,0.0,1.0,0.0,1,1
841.288,238.789,-55.482,-3.141,0.0,-0.0,0.0,-0.0,0.0,0.0,0.0,1.0,0.0,0,0.0,1.0,0.0,1,1
841.388,238.789,-55.482,-3.141,0.0,-0.0,0.0,-0.0,0.0,0.0,0.0,1.0,0.0,0,0.0,1.0,0.0,1,1
841.488,238.789,-55.482,-3.141,0.0,-0.0,0.0,-0.0,0.0,0.0,0.0,1.0,0.0,0,0.0,1.0,0.0,1,1
841.588,238.789,-55.482,-3.141,0.0,-0.0,0.0,-0.0,0.0,0.0,0.0,1.0,0.0,0,0.0,1.0,0.0,1,1
841.688,238.789,-55.482,-3.141,0.0,-0.0,0.0,-0.0,0.0,0.0,0.0,1.0,0.0,0,0.0,1.0,0.0,1,1
841.838,238.789,-55.482,-3.141,0.0,-0.0,0.0,-0.0,0.0,0.0,0.0,1.0,0.0,0,0.0,1.0,0.0,1,1
841.938,238.789,-55.482,-3.141,0.0,-0.0,0.0,-0.0,0.0,0.0,0.0,1.0,0.0,0,0.0,1.0,0.0,1,1
842.038,238.789,-55.482,-3.141,0.0,-0.0,0.0,-0.0,0.0,0.0,0.0,1.0,0.0,0,0.0,1.0,0.0,1,1
842.188,238.789,-55.482,-3.141,0.0,-0.0,0.0,-0.0,0.0,0.0,0.0,1.0,0.0,0,0.0,1.0,0.0,1,1
842.288,238.789,-55.482,-3.141,0.0,-0.0,0.0,-0.0,0.0,0.0,0.0,1.0,0.0,0,0.0,1.0,0.0,1,1
842.388,238.789,-55.482,-3.141,0.0,-0.0,0.0,-0.0,0.0,0.0,0.0,1.0,0.0,0,0.0,1.0,0.0,1,1
842.488,238.789,-55.482,-3.141,0.0,-0.0,0.0,-0.0,0.0,0.0,0.0,1.0,0.0,0,0.0,1.0,0.0,1,1
842.638,238.789,-55.482,-3.141,0.0,-0.0,0.0,-0.0,0.0,0.0,0.0,1.0,0.0,0,0.0,1.0,0.0,1,1
842.738,238.789,-55.482,-3.141,0.0,-0.0,0.0,-0.0,0.0,0.0,0.0,1.0,0.0,0,0.0,1.0,0.0,1,1
842.838,238.789,-55.482,-3.141,0.0,-0.0,0.0,-0.0,0.0,0.0,0.0,1.0,0.0,0,0.0,1.0,0.0,1,1
842.938,238.789,-55.482,-3.141,0.0,-0.0,0.0,-0.0,0.0,0.0,0.0,1.0,0.0,0,0.0,1.0,0.0,1,1
843.088,238.789,-55.482,-3.141,0.0,-0.0,0.0,-0.0,0.0,0.0,0.0,1.0,0.0,0,0.0,1.0,0.0,1,1
843.188,238.789,-55.482,-3.141,0.0,-0.0,0.0,-0.0,0.0,0.0,0.0,1.0,0.0,0,0.0,1.0,0.0,1,1
843.288,238.789,-55.482,-3.141,0.0,-0.0,0.0,-0.0,0.0,0.0,0.0,1.0,0.0,0,0.0,1.0,0.0,1,1
843.438,238.789,-55.482,-3.141,0.0,-0.0,0.0,-0.0,0.0,0.0,0.0,1.0,0.0,0,0.0,1.0,0.0,1,1
843.538,238.789,-55.482,-3.141,0.0,-0.0,0.0,-0.0,0.0,0.0,0.0,1.0,0.0,0,0.0,1.0,0.0,1,1
843.638,238.789,-55.482,-3.141,0.0,-0.0,0.0,-0.0,0.0,0.0,0.0,1.0,0.0,0,0.0,1.0,0.0,1,1
843.788,238.789,-55.482,-3.141,0.0,-0.0,0.0,-0.0,0.0,0.0,0.0,1.0,0.0,0,0.0,1.0,0.0,1,1
843.888,238.789,-55.482,-3.141,0.0,-0.0,0.0,-0.0,0.0,0.0,0.0,1.0,0.0,0,0.0,1.0,0.0,1,1
843.988,238.789,-55.482,-3.141,0.0,-0.0,0.0,-0.0,0.0,0.0,0.0,1.0,0.0,0,0.0,1.0,0.0,1,1
844.088,238.789,-55.482,-3.141,0.0,-0.0,0.0,-0.0,0.0,0.0,0.0,1.0,0.0,0,0.0,1.0,0.0,1,1
844.188,238.789,-55.482,-3.141,0.0,-0.0,0.0,-0.0,0.0,0.0,0.0,1.0,0.0,0,0.0,1.0,0.0,1,1
844.338,238.789,-55.482,-3.141,0.0,-0.0,0.0,-0.0,0.0,0.0,0.0,1.0,0.0,0,0.0,1.0,0.0,1,1
844.438,238.789,-55.482,-3.141,0.0,-0.0,0.0,-0.0,0.0,0.0,0.0,1.0,0.0,0,0.0,1.0,0.0,1,1
844.588,238.789,-55.482,-3.141,0.0,-0.0,0.0,-0.0,0.0,0.0,0.0,1.0,0.0,0,0.0,1.0,0.0,1,1
844.688,238.789,-55.482,-3.141,0.0,-0.0,0.0,-0.0,0.0,0.0,0.0,1.0,0.0,0,0.0,1.0,0.0,1,1
844.788,238.789,-55.482,-3.141,0.0,-0.0,0.0,-0.0,0.0,0.0,0.0,1.0,0.0,0,0.0,1.0,0.0,1,1
844.888,238.789,-55.482,-3.141,0.0,-0.0,0.0,-0.0,0.0,0.0,0.0,1.0,0.0,0,0.0,1.0,0.0,1,1
845.038,238.789,-55.482,-3.141,0.0,-0.0,0.0,-0.0,0.0,0.0,0.0,1.0,0.0,0,0.0,1.0,0.0,1,1
845.138,238.789,-55.482,-3.141,0.0,-0.0,0.0,-0.0,0.0,0.0,0.0,1.0,0.0,0,0.0,1.0,0.0,1,1
845.238,238.789,-55.482,-3.141,0.0,-0.0,0.0,-0.0,0.0,0.0,0.0,1.0,0.0,0,0.0,1.0,0.0,1,1
845.388,238.789,-55.482,-3.141,0.0,-0.0,0.0,-0.0,0.0,0.0,0.0,1.0,0.0,0,0.0,1.0,0.0,1,1
845.488,238.789,-55.482,-3.141,0.0,-0.0,0.0,-0.0,0.0,0.0,0.0,1.0,0.0,0,0.0,1.0,0.0,1,1
845.588,238.789,-55.482,-3.141,0.0,-0.0,0.0,-0.0,0.0,0.0,0.0,1.0,0.0,0,0.0,1.0,0.0,1,1
845.738,238.789,-55.482,-3.141,0.0,-0.0,0.0,-0.0,0.0,0.0,0.0,1.0,0.0,0,0.0,1.0,0.0,1,1
845.838,238.789,-55.482,-3.141,0.0,-0.0,0.0,-0.0,0.0,0.0,0.0,1.0,0.0,0,0.0,1.0,0.0,1,1
845.938,238.789,-55.482,-3.141,0.0,-0.0,0.0,-0.0,0.0,0.0,0.0,1.0,0.0,0,0.0,1.0,0.0,1,1
846.038,238.789,-55.482,-3.141,0.0,-0.0,0.0,-0.0,0.0,0.0,0.0,1.0,0.0,0,0.0,1.0,0.0,1,1
846.188,238.789,-55.482,-3.141,0.0,-0.0,0.0,-0.0,0.0,0.0,0.0,1.0,0.0,0,0.0,1.0,0.0,1,1
846.288,238.789,-55.482,-3.141,0.0,-0.0,0.0,-0.0,0.0,0.0,0.0,1.0,0.0,0,0.0,1.0,0.0,1,1
846.388,238.789,-55.482,-3.141,0.0,-0.0,0.0,-0.0,0.0,0.0,0.0,1.0,0.0,0,0.0,1.0,0.0,1,1
846.488,238.789,-55.482,-3.141,0.0,-0.0,0.0,-0.0,0.0,0.0,0.0,1.0,0.0,0,0.0,1.0,0.0,1,1
846.588,238.789,-55.482,-3.141,0.0,-0.0,0.0,-0.0,0.0,0.0,0.0,1.0,0.0,0,0.0,1.0,0.0,1,1
846.738,238.789,-55.482,-3.141,0.0,-0.0,0.0,-0.0,0.0,0.0,0.0,1.0,0.0,0,0.0,1.0,0.0,1,1
846.838,238.789,-55.482,-3.141,0.0,-0.0,0.0,-0.0,0.0,0.0,0.0,1.0,0.0,0,0.0,1.0,0.0,1,1
846.988,238.789,-55.482,-3.141,0.0,-0.0,0.0,-0.0,0.0,0.0,0.0,1.0,0.0,0,0.0,1.0,0.0,1,1
847.088,238.789,-55.482,-3.141,0.0,-0.0,0.0,-0.0,0.0,0.0,0.0,1.0,0.0,0,0.0,1.0,0.0,1,1
847.188,238.789,-55.482,-3.141,0.0,-0.0,0.0,-0.0,0.0,0.0,0.0,1.0,0.0,0,0.0,1.0,0.0,1,1
847.288,238.789,-55.482,-3.141,0.0,-0.0,0.0,-0.0,0.0,0.0,0.0,1.0,0.0,0,0.0,1.0,0.0,1,1
847.438,238.789,-55.482,-3.141,0.0,-0.0,0.0,-0.0,0.0,0.0,0.0,1.0,0.0,0,0.0,1.0,0.0,1,1
847.538,238.789,-55.482,-3.141,0.0,-0.0,0.0,-0.0,0.0,0.0,0.0,1.0,0.0,0,0.0,1.0,0.0,1,1
847.638,238.789,-55.482,-3.141,0.0,-0.0,0.0,-0.0,0.0,0.0,0.0,1.0,0.0,0,0.0,1.0,0.0,1,1
847.788,238.789,-55.482,-3.141,0.0,-0.0,0.0,-0.0,0.0,0.0,0.0,1.0,0.0,0,0.0,1.0,0.0,1,1
847.888,238.789,-55.482,-3.141,0.0,-0.0,0.0,-0.0,0.0,0.0,0.0,1.0,0.0,0,0.0,1.0,0.0,1,1
847.988,238.789,-55.482,-3.141,0.0,-0.0,0.0,-0.0,0.0,0.0,0.0,1.0,0.0,0,0.0,1.0,0.0,1,1
848.138,238.789,-55.482,-3.141,0.0,-0.0,0.0,-0.0,0.0,0.0,0.0,1.0,0.0,0,0.0,1.0,0.0,1,1
848.238,238.789,-55.482,-3.141,0.0,-0.0,0.0,-0.0,0.0,0.0,0.0,1.0,0.0,0,0.0,1.0,0.0,1,1
848.338,238.789,-55.482,-3.141,0.0,-0.0,0.0,-0.0,0.0,0.0,0.0,1.0,0.0,0,0.0,1.0,0.0,1,1
848.438,238.789,-55.482,-3.141,0.0,-0.0,0.0,-0.0,0.0,0.0,0.0,1.0,0.0,0,0.0,1.0,0.0,1,1
848.588,238.789,-55.482,-3.141,0.0,-0.0,0.0,-0.0,0.0,0.0,0.0,1.0,0.0,0,0.0,1.0,0.0,1,1
848.688,238.789,-55.482,-3.141,0.0,-0.0,0.0,-0.0,0.0,0.0,0.0,1.0,0.0,0,0.0,1.0,0.0,1,1
848.788,238.789,-55.482,-3.141,0.0,-0.0,0.0,-0.0,0.0,0.0,0.0,1.0,0.0,0,0.0,1.0,0.0,1,1
848.938,238.789,-55.482,-3.141,0.0,-0.0,0.0,-0.0,0.0,0.0,0.0,1.0,0.0,0,0.0,1.0,0.0,1,1
849.038,238.789,-55.482,-3.141,0.0,-0.0,0.0,-0.0,0.0,0.0,0.0,1.0,0.0,0,0.0,1.0,0.0,1,1
849.138,238.789,-55.482,-3.141,0.0,-0.0,0.0,-0.0,0.0,0.0,0.0,1.0,0.0,0,0.0,1.0,0.0,1,1
849.288,238.789,-55.482,-3.141,0.0,-0.0,0.0,-0.0,0.0,0.0,0.0,1.0,0.0,0,0.0,1.0,0.0,1,1
849.388,238.789,-55.482,-3.141,0.0,-0.0,0.0,-0.0,0.0,0.0,0.0,1.0,0.0,0,0.0,1.0,0.0,1,1
849.488,238.789,-55.482,-3.141,0.0,-0.0,0.0,-0.0,0.0,0.0,0.0,1.0,0.0,0,0.0,1.0,0.0,1,1
849.638,238.789,-55.482,-3.141,0.0,-0.0,0.0,-0.0,0.0,0.0,0.0,1.0,0.0,0,0.0,1.0,0.0,1,1
849.738,238.789,-55.482,-3.141,0.0,-0.0,0.0,-0.0,0.0,0.0,0.0,1.0,0.0,0,0.0,1.0,0.0,1,1
849.838,238.789,-55.482,-3.141,0.0,-0.0,0.0,-0.0,0.0,0.0,0.0,1.0,0.0,0,0.0,1.0,0.0,1,1
849.988,238.789,-55.482,-3.141,0.0,-0.0,0.0,-0.0,0.0,0.0,0.0,1.0,0.0,0,0.0,1.0,0.0,1,1
850.088,238.789,-55.482,-3.141,0.0,-0.0,0.0,-0.0,0.0,0.0,0.0,1.0,0.0,0,0.0,1.0,0.0,1,1
850.188,238.789,-55.482,-3.141,0.0,-0.0,0.0,-0.0,0.0,0.0,0.0,1.0,0.0,0,0.0,1.0,0.0,1,1
850.338,238.789,-55.482,-3.141,0.0,-0.0,0.0,-0.0,0.0,0.0,0.0,1.0,0.0,0,0.0,1.0,0.0,1,1
850.438,238.789,-55.482,-3.141,0.0,-0.0,0.0,-0.0,0.0,0.0,0.0,1.0,0.0,0,0.0,1.0,0.0,1,1
850.538,238.789,-55.482,-3.141,0.0,-0.0,0.0,-0.0,0.0,0.0,0.0,1.0,0.0,0,0.0,1.0,0.0,1,1
850.638,238.789,-55.482,-3.141,0.0,-0.0,0.0,-0.0,0.0,0.0,0.0,1.0,0.0,0,0.0,1.0,0.0,1,1
850.788,238.789,-55.482,-3.141,0.0,-0.0,0.0,-0.0,0.0,0.0,0.0,1.0,0.0,0,0.0,1.0,0.0,1,1
850.888,238.789,-55.482,-3.141,0.0,-0.0,0.0,-0.0,0.0,0.0,0.0,1.0,0.0,0,0.0,1.0,0.0,1,1
850.988,238.789,-55.482,-3.141,0.0,-0.0,0.0,-0.0,0.0,0.0,0.0,1.0,0.0,0,0.0,1.0,0.0,1,1
851.088,238.789,-55.482,-3.141,0.0,-0.0,0.0,-0.0,0.0,0.0,0.0,1.0,0.0,0,0.0,1.0,0.0,1,1
851.238,238.789,-55.482,-3.141,0.0,-0.0,0.0,-0.0,0.0,0.0,0.0,1.0,0.0,0,0.0,1.0,0.0,1,1
851.338,238.789,-55.482,-3.141,0.0,-0.0,0.0,-0.0,0.0,0.0,0.0,1.0,0.0,0,0.0,1.0,0.0,1,1
851.438,238.789,-55.482,-3.141,0.0,-0.0,0.0,-0.0,0.0,0.0,0.0,1.0,0.0,0,0.0,1.0,0.0,1,1
851.538,238.789,-55.482,-3.141,0.0,-0.0,0.0,-0.0,0.0,0.0,0.0,1.0,0.0,0,0.0,1.0,0.0,1,1
851.688,238.789,-55.482,-3.141,0.0,-0.0,0.0,-0.0,0.0,0.0,0.0,1.0,0.0,0,0.0,1.0,0.0,1,1
851.788,238.789,-55.482,-3.141,0.0,-0.0,0.0,-0.0,0.0,0.0,0.0,1.0,0.0,0,0.0,1.0,0.0,1,1
851.888,238.789,-55.482,-3.141,0.0,-0.0,0.0,-0.0,0.0,0.0,0.0,1.0,0.0,0,0.0,1.0,0.0,1,1
851.988,238.789,-55.482,-3.141,0.0,-0.0,0.0,-0.0,0.0,0.0,0.0,1.0,0.0,0,0.0,1.0,0.0,1,1
852.138,238.789,-55.482,-3.141,0.0,-0.0,0.0,-0.0,0.0,0.0,0.0,1.0,0.0,0,0.0,1.0,0.0,1,1
852.238,238.789,-55.482,-3.141,0.0,-0.0,0.0,-0.0,0.0,0.0,0.0,1.0,0.0,0,0.0,1.0,0.0,1,1
852.338,238.789,-55.482,-3.141,0.0,-0.0,0.0,-0.0,0.0,0.0,0.0,1.0,0.0,0,0.0,1.0,0.0,1,1
852.488,238.789,-55.482,-3.141,0.0,-0.0,0.0,-0.0,0.0,0.0,0.0,1.0,0.0,0,0.0,1.0,0.0,1,1
852.588,238.789,-55.482,-3.141,0.0,-0.0,0.0,-0.0,0.0,0.0,0.0,1.0,0.0,0,0.0,1.0,0.0,1,1
852.688,238.789,-55.482,-3.141,0.0,-0.0,0.0,-0.0,0.0,0.0,0.0,1.0,0.0,0,0.0,1.0,0.0,1,1
852.838,238.789,-55.482,-3.141,0.0,-0.0,0.0,-0.0,0.0,0.0,0.0,1.0,0.0,0,0.0,1.0,0.0,1,1
852.938,238.789,-55.482,-3.141,0.0,-0.0,0.0,-0.0,0.0,0.0,0.0,1.0,0.0,0,0.0,1.0,0.0,1,1
853.038,238.789,-55.482,-3.141,0.0,-0.0,0.0,-0.0,0.0,0.0,0.0,1.0,0.0,0,0.0,1.0,0.0,1,1
853.138,238.789,-55.482,-3.141,0.0,-0.0,0.0,-0.0,0.0,0.0,0.0,1.0,0.0,0,0.0,1.0,0.0,1,1
853.238,238.789,-55.482,-3.141,0.0,-0.0,0.0,-0.0,0.0,0.0,0.0,1.0,0.0,0,0.0,1.0,0.0,1,1
853.388,238.789,-55.482,-3.141,0.0,-0.0,0.0,-0.0,0.0,0.0,0.0,1.0,0.0,0,0.0,1.0,0.0,1,1
853.488,238.789,-55.482,-3.141,0.0,-0.0,0.0,-0.0,0.0,0.0,0.0,1.0,0.0,0,0.0,1.0,0.0,1,1
853.588,238.789,-55.482,-3.141,0.0,-0.0,0.0,-0.0,0.0,0.0,0.0,1.0,0.0,0,0.0,1.0,0.0,1,1
853.738,238.789,-55.482,-3.141,0.0,-0.0,0.0,-0.0,0.0,0.0,0.0,1.0,0.0,0,0.0,1.0,0.0,1,1
853.838,238.789,-55.482,-3.141,0.0,-0.0,0.0,-0.0,0.0,0.0,0.0,1.0,0.0,0,0.0,1.0,0.0,1,1
853.938,238.789,-55.482,-3.141,0.0,-0.0,0.0,-0.0,0.0,0.0,0.0,1.0,0.0,0,0.0,1.0,0.0,1,1
854.088,238.789,-55.482,-3.141,0.0,-0.0,0.0,-0.0,0.0,0.0,0.0,1.0,0.0,0,0.0,1.0,0.0,1,1
854.188,238.789,-55.482,-3.141,0.0,-0.0,0.0,-0.0,0.0,0.0,0.0,1.0,0.0,0,0.0,1.0,0.0,1,1
854.288,238.789,-55.482,-3.141,0.0,-0.0,0.0,-0.0,0.0,0.0,0.0,1.0,0.0,0,0.0,1.0,0.0,1,1
854.388,238.789,-55.482,-3.141,0.0,-0.0,0.0,-0.0,0.0,0.0,0.0,1.0,0.0,0,0.0,1.0,0.0,1,1
854.538,238.789,-55.482,-3.141,0.0,-0.0,0.0,-0.0,0.0,0.0,0.0,1.0,0.0,0,0.0,1.0,0.0,1,1
854.638,238.789,-55.482,-3.141,0.0,-0.0,0.0,-0.0,0.0,0.0,0.0,1.0,0.0,0,0.0,1.0,0.0,1,1
854.738,238.789,-55.482,-3.141,0.0,-0.0,0.0,-0.0,0.0,0.0,0.0,1.0,0.0,0,0.0,1.0,0.0,1,1
854.888,238.789,-55.482,-3.141,0.0,-0.0,0.0,-0.0,0.0,0.0,0.0,1.0,0.0,0,0.0,1.0,0.0,1,1
854.988,238.789,-55.482,-3.141,0.0,-0.0,0.0,-0.0,0.0,0.0,0.0,1.0,0.0,0,0.0,1.0,0.0,1,1
855.088,238.789,-55.482,-3.141,0.0,-0.0,0.0,-0.0,0.0,0.0,0.0,1.0,0.0,0,0.0,1.0,0.0,1,1
855.188,238.789,-55.482,-3.141,0.0,-0.0,0.0,-0.0,0.0,0.0,0.0,1.0,0.0,0,0.0,1.0,0.0,1,1
855.338,238.789,-55.482,-3.141,0.0,-0.0,0.0,-0.0,0.0,0.0,0.0,1.0,0.0,0,0.0,1.0,0.0,1,1
855.438,238.789,-55.482,-3.141,0.0,-0.0,0.0,-0.0,0.0,0.0,0.0,1.0,0.0,0,0.0,1.0,0.0,1,1
855.538,238.789,-55.482,-3.141,0.0,-0.0,0.0,-0.0,0.0,0.0,0.0,1.0,0.0,0,0.0,1.0,0.0,1,1
855.638,238.789,-55.482,-3.141,0.0,-0.0,0.0,-0.0,0.0,0.0,0.0,1.0,0.0,0,0.0,1.0,0.0,1,1
855.788,238.789,-55.482,-3.141,0.0,-0.0,0.0,-0.0,0.0,0.0,0.0,1.0,0.0,0,0.0,1.0,0.0,1,1
855.888,238.789,-55.482,-3.141,0.0,-0.0,0.0,-0.0,0.0,0.0,0.0,1.0,0.0,0,0.0,1.0,0.0,1,1
855.988,238.789,-55.482,-3.141,0.0,-0.0,0.0,-0.0,0.0,0.0,0.0,1.0,0.0,0,0.0,1.0,0.0,1,1
856.138,238.789,-55.482,-3.141,0.0,-0.0,0.0,-0.0,0.0,0.0,0.0,1.0,0.0,0,0.0,1.0,0.0,1,1
856.238,238.789,-55.482,-3.141,0.0,-0.0,0.0,-0.0,0.0,0.0,0.0,1.0,0.0,0,0.0,1.0,0.0,1,1
856.338,238.789,-55.482,-3.141,0.0,-0.0,0.0,-0.0,0.0,0.0,0.0,1.0,0.0,0,0.0,1.0,0.0,1,1
856.488,238.789,-55.482,-3.141,0.0,-0.0,0.0,-0.0,0.0,0.0,0.0,1.0,0.0,0,0.0,1.0,0.0,1,1
856.588,238.789,-55.482,-3.141,0.0,-0.0,0.0,-0.0,0.0,0.0,0.0,1.0,0.0,0,0.0,1.0,0.0,1,1
856.688,238.789,-55.482,-3.141,0.0,-0.0,0.0,-0.0,0.0,0.0,0.0,1.0,0.0,0,0.0,1.0,0.0,1,1
856.838,238.789,-55.482,-3.141,0.0,-0.0,0.0,-0.0,0.0,0.0,0.0,1.0,0.0,0,0.0,1.0,0.0,1,1
856.938,238.789,-55.482,-3.141,0.0,-0.0,0.0,-0.0,0.0,0.0,0.0,1.0,0.0,0,0.0,1.0,0.0,1,1
857.038,238.789,-55.482,-3.141,0.0,-0.0,0.0,-0.0,0.0,0.0,0.0,1.0,0.0,0,0.0,1.0,0.0,1,1
857.138,238.789,-55.482,-3.141,0.0,-0.0,0.0,-0.0,0.0,0.0,0.0,1.0,0.0,0,0.0,1.0,0.0,1,1
857.288,238.789,-55.482,-3.141,0.0,-0.0,0.0,-0.0,0.0,0.0,0.0,1.0,0.0,0,0.0,1.0,0.0,1,1
857.388,238.789,-55.482,-3.141,0.0,-0.0,0.0,-0.0,0.0,0.0,0.0,1.0,0.0,0,0.0,1.0,0.0,1,1
857.488,238.789,-55.482,-3.141,0.0,-0.0,0.0,-0.0,0.0,0.0,0.0,1.0,0.0,0,0.0,1.0,0.0,1,1
857.588,238.789,-55.482,-3.141,0.0,-0.0,0.0,-0.0,0.0,0.0,0.0,1.0,0.0,0,0.0,1.0,0.0,1,1
857.688,238.789,-55.482,-3.141,0.0,-0.0,0.0,-0.0,0.0,0.0,0.0,1.0,0.0,0,0.0,1.0,0.0,1,1
857.838,238.789,-55.482,-3.141,0.0,-0.0,0.0,-0.0,0.0,0.0,0.0,1.0,0.0,0,0.0,1.0,0.0,1,1
857.938,238.789,-55.482,-3.141,0.0,-0.0,0.0,-0.0,0.0,0.0,0.0,1.0,0.0,0,0.0,1.0,0.0,1,1
858.038,238.789,-55.482,-3.141,0.0,-0.0,0.0,-0.0,0.0,0.0,0.0,1.0,0.0,0,0.0,1.0,0.0,1,1
858.138,238.789,-55.482,-3.141,0.0,-0.0,0.0,-0.0,0.0,0.0,0.0,1.0,0.0,0,0.0,1.0,0.0,1,1
858.288,238.789,-55.482,-3.141,0.0,-0.0,0.0,-0.0,0.0,0.0,0.0,1.0,0.0,0,0.0,1.0,0.0,1,1
858.388,238.789,-55.482,-3.141,0.0,-0.0,0.0,-0.0,0.0,0.0,0.0,1.0,0.0,0,0.0,1.0,0.0,1,1
858.488,238.789,-55.482,-3.141,0.0,-0.0,0.0,-0.0,0.0,0.0,0.0,1.0,0.0,0,0.0,1.0,0.0,1,1
858.588,238.789,-55.482,-3.141,0.0,-0.0,0.0,-0.0,0.0,0.0,0.0,1.0,0.0,0,0.0,1.0,0.0,1,1
858.688,238.789,-55.482,-3.141,0.0,-0.0,0.0,-0.0,0.0,0.0,0.0,1.0,0.0,0,0.0,1.0,0.0,1,1
858.838,238.789,-55.482,-3.141,0.0,-0.0,0.0,-0.0,0.0,0.0,0.0,1.0,0.0,0,0.0,1.0,0.0,1,1
858.938,238.789,-55.482,-3.141,0.0,-0.0,0.0,-0.0,0.0,0.0,0.0,1.0,0.0,0,0.0,1.0,0.0,1,1
859.038,238.789,-55.482,-3.141,0.0,-0.0,0.0,-0.0,0.0,0.0,0.0,1.0,0.0,0,0.0,1.0,0.0,1,1
859.188,238.789,-55.482,-3.141,0.0,-0.0,0.0,-0.0,0.0,0.0,0.0,1.0,0.0,0,0.0,1.0,0.0,1,1
859.288,238.789,-55.482,-3.141,0.0,-0.0,0.0,-0.0,0.0,0.0,0.0,1.0,0.0,0,0.0,1.0,0.0,1,1
859.388,238.789,-55.482,-3.141,0.0,-0.0,0.0,-0.0,0.0,0.0,0.0,1.0,0.0,0,0.0,1.0,0.0,1,1
859.488,238.789,-55.482,-3.141,0.0,-0.0,0.0,-0.0,0.0,0.0,0.0,1.0,0.0,0,0.0,1.0,0.0,1,1
859.638,238.789,-55.482,-3.141,0.0,-0.0,0.0,-0.0,0.0,0.0,0.0,1.0,0.0,0,0.0,1.0,0.0,1,1
859.738,238.789,-55.482,-3.141,0.0,-0.0,0.0,-0.0,0.0,0.0,0.0,1.0,0.0,0,0.0,1.0,0.0,1,1
859.838,238.789,-55.482,-3.141,0.0,-0.0,0.0,-0.0,0.0,0.0,0.0,1.0,0.0,0,0.0,1.0,0.0,1,1
859.938,238.789,-55.482,-3.141,0.0,-0.0,0.0,-0.0,0.0,0.0,0.0,1.0,0.0,0,0.0,1.0,0.0,1,1
860.088,238.789,-55.482,-3.141,0.0,-0.0,0.0,-0.0,0.0,0.0,0.0,1.0,0.0,0,0.0,1.0,0.0,1,1
860.188,238.789,-55.482,-3.141,0.0,-0.0,0.0,-0.0,0.0,0.0,0.0,1.0,0.0,0,0.0,1.0,0.0,1,1
860.288,238.789,-55.482,-3.141,0.0,-0.0,0.0,-0.0,0.0,0.0,0.0,1.0,0.0,0,0.0,1.0,0.0,1,1
860.438,238.789,-55.482,-3.141,0.0,-0.0,0.0,-0.0,0.0,0.0,0.0,1.0,0.0,0,0.0,1.0,0.0,1,1
860.538,238.789,-55.482,-3.141,0.0,-0.0,0.0,-0.0,0.0,0.0,0.0,1.0,0.0,0,0.0,1.0,0.0,1,1
860.638,238.789,-55.482,-3.141,0.0,-0.0,0.0,-0.0,0.0,0.0,0.0,1.0,0.0,0,0.0,1.0,0.0,1,1
860.788,238.789,-55.482,-3.141,0.0,-0.0,0.0,-0.0,0.0,0.0,0.0,1.0,0.0,0,0.0,1.0,0.0,1,1
860.888,238.789,-55.482,-3.141,0.0,-0.0,0.0,-0.0,0.0,0.0,0.0,1.0,0.0,0,0.0,1.0,0.0,1,1
860.988,238.789,-55.482,-3.141,0.0,-0.0,0.0,-0.0,0.0,0.0,0.0,1.0,0.0,0,0.0,1.0,0.0,1,1
861.088,238.789,-55.482,-3.141,0.0,-0.0,0.0,-0.0,0.0,0.0,0.0,1.0,0.0,0,0.0,1.0,0.0,1,1
861.188,238.789,-55.482,-3.141,0.0,-0.0,0.0,-0.0,0.0,0.0,0.0,1.0,0.0,0,0.0,1.0,0.0,1,1
861.338,238.789,-55.482,-3.141,0.0,-0.0,0.0,-0.0,0.0,0.0,0.0,1.0,0.0,0,0.0,1.0,0.0,1,1
861.438,238.789,-55.482,-3.141,0.0,-0.0,0.0,-0.0,0.0,0.0,0.0,1.0,0.0,0,0.0,1.0,0.0,1,1
861.588,238.789,-55.482,-3.141,0.0,-0.0,0.0,-0.0,0.0,0.0,0.0,1.0,0.0,0,0.0,1.0,0.0,1,1
861.688,238.789,-55.482,-3.141,0.0,-0.0,0.0,-0.0,0.0,0.0,0.0,1.0,0.0,0,0.0,1.0,0.0,1,1
861.788,238.789,-55.482,-3.141,0.0,-0.0,0.0,-0.0,0.0,0.0,0.0,1.0,0.0,0,0.0,1.0,0.0,1,1
861.938,238.789,-55.482,-3.141,0.0,-0.0,0.0,-0.0,0.0,0.0,0.0,1.0,0.0,0,0.0,1.0,0.0,1,1
862.038,238.789,-55.482,-3.141,0.0,-0.0,0.0,-0.0,0.0,0.0,0.0,1.0,0.0,0,0.0,1.0,0.0,1,1
862.138,238.789,-55.482,-3.141,0.0,-0.0,0.0,-0.0,0.0,0.0,0.0,1.0,0.0,0,0.0,1.0,0.0,1,1
862.238,238.789,-55.482,-3.141,0.0,-0.0,0.0,-0.0,0.0,0.0,0.0,1.0,0.0,0,0.0,1.0,0.0,1,1
862.388,238.789,-55.482,-3.141,0.0,-0.0,0.0,-0.0,0.0,0.0,0.0,1.0,0.0,0,0.0,1.0,0.0,1,1
862.488,238.789,-55.482,-3.141,0.0,-0.0,0.0,-0.0,0.0,0.0,0.0,1.0,0.0,0,0.0,1.0,0.0,1,1
862.588,238.789,-55.482,-3.141,0.0,-0.0,0.0,-0.0,0.0,0.0,0.0,1.0,0.0,0,0.0,1.0,0.0,1,1
862.738,238.789,-55.482,-3.141,0.0,-0.0,0.0,-0.0,0.0,0.0,0.0,1.0,0.0,0,0.0,1.0,0.0,1,1
862.838,238.789,-55.482,-3.141,0.0,-0.0,0.0,-0.0,0.0,0.0,0.0,1.0,0.0,0,0.0,1.0,0.0,1,1
862.938,238.789,-55.482,-3.141,0.0,-0.0,0.0,-0.0,0.0,0.0,0.0,1.0,0.0,0,0.0,1.0,0.0,1,1
863.038,238.789,-55.482,-3.141,0.0,-0.0,0.0,-0.0,0.0,0.0,0.0,1.0,0.0,0,0.0,1.0,0.0,1,1
863.188,238.789,-55.482,-3.141,0.0,-0.0,0.0,-0.0,0.0,0.0,0.0,1.0,0.0,0,0.0,1.0,0.0,1,1
863.288,238.789,-55.482,-3.141,0.0,-0.0,0.0,-0.0,0.0,0.0,0.0,1.0,0.0,0,0.0,1.0,0.0,1,1
863.388,238.789,-55.482,-3.141,0.0,-0.0,0.0,-0.0,0.0,0.0,0.0,1.0,0.0,0,0.0,1.0,0.0,1,1
863.488,238.789,-55.482,-3.141,0.0,-0.0,0.0,-0.0,0.0,0.0,0.0,1.0,0.0,0,0.0,1.0,0.0,1,1
863.638,238.789,-55.482,-3.141,0.0,-0.0,0.0,-0.0,0.0,0.0,0.0,1.0,0.0,0,0.0,1.0,0.0,1,1
863.738,238.789,-55.482,-3.141,0.0,-0.0,0.0,-0.0,0.0,0.0,0.0,1.0,0.0,0,0.0,1.0,0.0,1,1
863.838,238.789,-55.482,-3.141,0.0,-0.0,0.0,-0.0,0.0,0.0,0.0,1.0,0.0,0,0.0,1.0,0.0,1,1
863.938,238.789,-55.482,-3.141,0.0,-0.0,0.0,-0.0,0.0,0.0,0.0,1.0,0.0,0,0.0,1.0,0.0,1,1
864.088,238.789,-55.482,-3.141,0.0,-0.0,0.0,-0.0,0.0,0.0,0.0,1.0,0.0,0,0.0,1.0,0.0,1,1
864.188,238.789,-55.482,-3.141,0.0,-0.0,0.0,-0.0,0.0,0.0,0.0,1.0,0.0,0,0.0,1.0,0.0,1,1
864.338,238.789,-55.482,-3.141,0.0,-0.0,0.0,-0.0,0.0,0.0,0.0,1.0,0.0,0,0.0,1.0,0.0,1,1
864.388,238.789,-55.482,-3.141,0.0,-0.0,0.0,-0.0,0.0,0.0,0.0,1.0,0.0,0,0.0,1.0,0.0,1,1
864.538,238.789,-55.482,-3.141,0.0,-0.0,0.0,-0.0,0.0,0.0,0.0,1.0,0.0,0,0.0,1.0,0.0,1,1
864.638,238.789,-55.482,-3.141,0.0,-0.0,0.0,-0.0,0.0,0.0,0.0,1.0,0.0,0,0.0,1.0,0.0,1,1
864.738,238.789,-55.482,-3.141,0.0,-0.0,0.0,-0.0,0.0,0.0,0.0,1.0,0.0,0,0.0,1.0,0.0,1,1
864.888,238.789,-55.482,-3.141,0.0,-0.0,0.0,-0.0,0.0,0.0,0.0,1.0,0.0,0,0.0,1.0,0.0,1,1
864.988,238.789,-55.482,-3.141,0.0,-0.0,0.0,-0.0,0.0,0.0,0.0,1.0,0.0,0,0.0,1.0,0.0,1,1
865.088,238.789,-55.482,-3.141,0.0,-0.0,0.0,-0.0,0.0,0.0,0.0,1.0,0.0,0,0.0,1.0,0.0,1,1
865.238,238.789,-55.482,-3.141,0.0,-0.0,0.0,-0.0,0.0,0.0,0.0,1.0,0.0,0,0.0,1.0,0.0,1,1
865.338,238.789,-55.482,-3.141,0.0,-0.0,0.0,-0.0,0.0,0.0,0.0,1.0,0.0,0,0.0,1.0,0.0,1,1
865.438,238.789,-55.482,-3.141,0.0,-0.0,0.0,-0.0,0.0,0.0,0.0,1.0,0.0,0,0.0,1.0,0.0,1,1
865.538,238.789,-55.482,-3.141,0.0,-0.0,0.0,-0.0,0.0,0.0,0.0,1.0,0.0,0,0.0,1.0,0.0,1,1
865.638,238.789,-55.482,-3.141,0.0,-0.0,0.0,-0.0,0.0,0.0,0.0,1.0,0.0,0,0.0,1.0,0.0,1,1
865.788,238.789,-55.482,-3.141,0.0,-0.0,0.0,-0.0,0.0,0.0,0.0,1.0,0.0,0,0.0,1.0,0.0,1,1
865.888,238.789,-55.482,-3.141,0.0,-0.0,0.0,-0.0,0.0,0.0,0.0,1.0,0.0,0,0.0,1.0,0.0,1,1
865.988,238.789,-55.482,-3.141,0.0,-0.0,0.0,-0.0,0.0,0.0,0.0,1.0,0.0,0,0.0,1.0,0.0,1,1
866.088,238.789,-55.482,-3.141,0.0,-0.0,0.0,-0.0,0.0,0.0,0.0,1.0,0.0,0,0.0,1.0,0.0,1,1
866.238,238.789,-55.482,-3.141,0.0,-0.0,0.0,-0.0,0.0,0.0,0.0,1.0,0.0,0,0.0,1.0,0.0,1,1
866.338,238.789,-55.482,-3.141,0.0,-0.0,0.0,-0.0,0.0,0.0,0.0,1.0,0.0,0,0.0,1.0,0.0,1,1
866.438,238.789,-55.482,-3.141,0.0,-0.0,0.0,-0.0,0.0,0.0,0.0,1.0,0.0,0,0.0,1.0,0.0,1,1
866.538,238.789,-55.482,-3.141,0.0,-0.0,0.0,-0.0,0.0,0.0,0.0,1.0,0.0,0,0.0,1.0,0.0,1,1
866.638,238.789,-55.482,-3.141,0.0,-0.0,0.0,-0.0,0.0,0.0,0.0,1.0,0.0,0,0.0,1.0,0.0,1,1
866.788,238.789,-55.482,-3.141,0.0,-0.0,0.0,-0.0,0.0,0.0,0.0,1.0,0.0,0,0.0,1.0,0.0,1,1
866.888,238.789,-55.482,-3.141,0.0,-0.0,0.0,-0.0,0.0,0.0,0.0,1.0,0.0,0,0.0,1.0,0.0,1,1
866.988,238.789,-55.482,-3.141,0.0,-0.0,0.0,-0.0,0.0,0.0,0.0,1.0,0.0,0,0.0,1.0,0.0,1,1
867.088,238.789,-55.482,-3.141,0.0,-0.0,0.0,-0.0,0.0,0.0,0.0,1.0,0.0,0,0.0,1.0,0.0,1,1
867.238,238.789,-55.482,-3.141,0.0,-0.0,0.0,-0.0,0.0,0.0,0.0,1.0,0.0,0,0.0,1.0,0.0,1,1
867.338,238.789,-55.482,-3.141,0.0,-0.0,0.0,-0.0,0.0,0.0,0.0,1.0,0.0,0,0.0,1.0,0.0,1,1
867.438,238.789,-55.482,-3.141,0.0,-0.0,0.0,-0.0,0.0,0.0,0.0,1.0,0.0,0,0.0,1.0,0.0,1,1
867.588,238.789,-55.482,-3.141,0.0,-0.0,0.0,-0.0,0.0,0.0,0.0,1.0,0.0,0,0.0,1.0,0.0,1,1
867.688,238.789,-55.482,-3.141,0.0,-0.0,0.0,-0.0,0.0,0.0,0.0,1.0,0.0,0,0.0,1.0,0.0,1,1
867.788,238.789,-55.482,-3.141,0.0,-0.0,0.0,-0.0,0.0,0.0,0.0,1.0,0.0,0,0.0,1.0,0.0,1,1
867.888,238.789,-55.482,-3.141,0.0,-0.0,0.0,-0.0,0.0,0.0,0.0,1.0,0.0,0,0.0,1.0,0.0,1,1
867.988,238.789,-55.482,-3.141,0.0,-0.0,0.0,-0.0,0.0,0.0,0.0,1.0,0.0,0,0.0,1.0,0.0,1,1
868.138,238.789,-55.482,-3.141,0.0,-0.0,0.0,-0.0,0.0,0.0,0.0,1.0,0.0,0,0.0,1.0,0.0,1,1
868.238,238.789,-55.482,-3.141,0.0,-0.0,0.0,-0.0,0.0,0.0,0.0,1.0,0.0,0,0.0,1.0,0.0,1,1
868.338,238.789,-55.482,-3.141,0.0,-0.0,0.0,-0.0,0.0,0.0,0.0,1.0,0.0,0,0.0,1.0,0.0,1,1
868.488,238.789,-55.482,-3.141,0.0,-0.0,0.0,-0.0,0.0,0.0,0.0,1.0,0.0,0,0.0,1.0,0.0,1,1
868.588,238.789,-55.482,-3.141,0.0,-0.0,0.0,-0.0,0.0,0.0,0.0,1.0,0.0,0,0.0,1.0,0.0,1,1
868.688,238.789,-55.482,-3.141,0.0,-0.0,0.0,-0.0,0.0,0.0,0.0,1.0,0.0,0,0.0,1.0,0.0,1,1
868.838,238.789,-55.482,-3.141,0.0,-0.0,0.0,-0.0,0.0,0.0,0.0,1.0,0.0,0,0.0,1.0,0.0,1,1
868.938,238.789,-55.482,-3.141,0.0,-0.0,0.0,-0.0,0.0,0.0,0.0,1.0,0.0,0,0.0,1.0,0.0,1,1
869.038,238.789,-55.482,-3.141,0.0,-0.0,0.0,-0.0,0.0,0.0,0.0,1.0,0.0,0,0.0,1.0,0.0,1,1
869.138,238.789,-55.482,-3.141,0.0,-0.0,0.0,-0.0,0.0,0.0,0.0,1.0,0.0,0,0.0,1.0,0.0,1,1
869.238,238.789,-55.482,-3.141,0.0,-0.0,0.0,-0.0,0.0,0.0,0.0,1.0,0.0,0,0.0,1.0,0.0,1,1
869.388,238.789,-55.482,-3.141,0.0,-0.0,0.0,-0.0,0.0,0.0,0.0,1.0,0.0,0,0.0,1.0,0.0,1,1
869.488,238.789,-55.482,-3.141,0.0,-0.0,0.0,-0.0,0.0,0.0,0.0,1.0,0.0,0,0.0,1.0,0.0,1,1
869.588,238.789,-55.482,-3.141,0.0,-0.0,0.0,-0.0,0.0,0.0,0.0,1.0,0.0,0,0.0,1.0,0.0,1,1
869.738,238.789,-55.482,-3.141,0.0,-0.0,0.0,-0.0,0.0,0.0,0.0,1.0,0.0,0,0.0,1.0,0.0,1,1
869.838,238.789,-55.482,-3.141,0.0,-0.0,0.0,-0.0,0.0,0.0,0.0,1.0,0.0,0,0.0,1.0,0.0,1,1
869.938,238.789,-55.482,-3.141,0.0,-0.0,0.0,-0.0,0.0,0.0,0.0,1.0,0.0,0,0.0,1.0,0.0,1,1
870.038,238.789,-55.482,-3.141,0.0,-0.0,0.0,-0.0,0.0,0.0,0.0,1.0,0.0,0,0.0,1.0,0.0,1,1
870.188,238.789,-55.482,-3.141,0.0,-0.0,0.0,-0.0,0.0,0.0,0.0,1.0,0.0,0,0.0,1.0,0.0,1,1
870.288,238.789,-55.482,-3.141,0.0,-0.0,0.0,-0.0,0.0,0.0,0.0,1.0,0.0,0,0.0,1.0,0.0,1,1
870.388,238.789,-55.482,-3.141,0.0,-0.0,0.0,-0.0,0.0,0.0,0.0,1.0,0.0,0,0.0,1.0,0.0,1,1
870.488,238.789,-55.482,-3.141,0.0,-0.0,0.0,-0.0,0.0,0.0,0.0,1.0,0.0,0,0.0,1.0,0.0,1,1
870.588,238.789,-55.482,-3.141,0.0,-0.0,0.0,-0.0,0.0,0.0,0.0,1.0,0.0,0,0.0,1.0,0.0,1,1
870.738,238.789,-55.482,-3.141,0.0,-0.0,0.0,-0.0,0.0,0.0,0.0,1.0,0.0,0,0.0,1.0,0.0,1,1
870.838,238.789,-55.482,-3.141,0.0,-0.0,0.0,-0.0,0.0,0.0,0.0,1.0,0.0,0,0.0,1.0,0.0,1,1
870.938,238.789,-55.482,-3.141,0.0,-0.0,0.0,-0.0,0.0,0.0,0.0,1.0,0.0,0,0.0,1.0,0.0,1,1
871.038,238.789,-55.482,-3.141,0.0,-0.0,0.0,-0.0,0.0,0.0,0.0,1.0,0.0,0,0.0,1.0,0.0,1,1
871.138,238.789,-55.482,-3.141,0.0,-0.0,0.0,-0.0,0.0,0.0,0.0,1.0,0.0,0,0.0,1.0,0.0,1,1
871.238,238.789,-55.482,-3.141,0.0,-0.0,0.0,-0.0,0.0,0.0,0.0,1.0,0.0,0,0.0,1.0,0.0,1,1
871.388,238.789,-55.482,-3.141,0.0,-0.0,0.0,-0.0,0.0,0.0,0.0,1.0,0.0,0,0.0,1.0,0.0,1,1
871.488,238.789,-55.482,-3.141,0.0,-0.0,0.0,-0.0,0.0,0.0,0.0,1.0,0.0,0,0.0,1.0,0.0,1,1
871.588,238.789,-55.482,-3.141,0.0,-0.0,0.0,-0.0,0.0,0.0,0.0,1.0,0.0,0,0.0,1.0,0.0,1,1
871.738,238.789,-55.482,-3.141,0.0,-0.0,0.0,-0.0,0.0,0.0,0.0,1.0,0.0,0,0.0,1.0,0.0,1,1
871.838,238.789,-55.482,-3.141,0.0,-0.0,0.0,-0.0,0.0,0.0,0.0,1.0,0.0,0,0.0,1.0,0.0,1,1
871.938,238.789,-55.482,-3.141,0.0,-0.0,0.0,-0.0,0.0,0.0,0.0,1.0,0.0,0,0.0,1.0,0.0,1,1
872.088,238.789,-55.482,-3.141,0.0,-0.0,0.0,-0.0,0.0,0.0,0.0,1.0,0.0,0,0.0,1.0,0.0,1,1
872.188,238.789,-55.482,-3.141,0.0,-0.0,0.0,-0.0,0.0,0.0,0.0,1.0,0.0,0,0.0,1.0,0.0,1,1
872.288,238.789,-55.482,-3.141,0.0,-0.0,0.0,-0.0,0.0,0.0,0.0,1.0,0.0,0,0.0,1.0,0.0,1,1
872.388,238.789,-55.482,-3.141,0.0,-0.0,0.0,-0.0,0.0,0.0,0.0,1.0,0.0,0,0.0,1.0,0.0,1,1
872.488,238.789,-55.482,-3.141,0.0,-0.0,0.0,-0.0,0.0,0.0,0.0,1.0,0.0,0,0.0,1.0,0.0,1,1
872.588,238.789,-55.482,-3.141,0.0,-0.0,0.0,-0.0,0.0,0.0,0.0,1.0,0.0,0,0.0,1.0,0.0,1,1
872.738,238.789,-55.482,-3.141,0.0,-0.0,0.0,-0.0,0.0,0.0,0.0,1.0,0.0,0,0.0,1.0,0.0,1,1
872.838,238.789,-55.482,-3.141,0.0,-0.0,0.0,-0.0,0.0,0.0,0.0,1.0,0.0,0,0.0,1.0,0.0,1,1
872.938,238.789,-55.482,-3.141,0.0,-0.0,0.0,-0.0,0.0,0.0,0.0,1.0,0.0,0,0.0,1.0,0.0,1,1
873.038,238.789,-55.482,-3.141,0.0,-0.0,0.0,-0.0,0.0,0.0,0.0,1.0,0.0,0,0.0,1.0,0.0,1,1
873.188,238.789,-55.482,-3.141,0.0,-0.0,0.0,-0.0,0.0,0.0,0.0,1.0,0.0,0,0.0,1.0,0.0,1,1
873.288,238.789,-55.482,-3.141,0.0,-0.0,0.0,-0.0,0.0,0.0,0.0,1.0,0.0,0,0.0,1.0,0.0,1,1
873.388,238.789,-55.482,-3.141,0.0,-0.0,0.0,-0.0,0.0,0.0,0.0,1.0,0.0,0,0.0,1.0,0.0,1,1
873.488,238.789,-55.482,-3.141,0.0,-0.0,0.0,-0.0,0.0,0.0,0.0,1.0,0.0,0,0.0,1.0,0.0,1,1
873.588,238.789,-55.482,-3.141,0.0,-0.0,0.0,-0.0,0.0,0.0,0.0,1.0,0.0,0,0.0,1.0,0.0,1,1
873.688,238.789,-55.482,-3.141,0.0,-0.0,0.0,-0.0,0.0,0.0,0.0,1.0,0.0,0,0.0,1.0,0.0,1,1
873.838,238.789,-55.482,-3.141,0.0,-0.0,0.0,-0.0,0.0,0.0,0.0,1.0,0.0,0,0.0,1.0,0.0,1,1
873.938,238.789,-55.482,-3.141,0.0,-0.0,0.0,-0.0,0.0,0.0,0.0,1.0,0.0,0,0.0,1.0,0.0,1,1
874.038,238.789,-55.482,-3.141,0.0,-0.0,0.0,-0.0,0.0,0.0,0.0,1.0,0.0,0,0.0,1.0,0.0,1,1
874.138,238.789,-55.482,-3.141,0.0,-0.0,0.0,-0.0,0.0,0.0,0.0,1.0,0.0,0,0.0,1.0,0.0,1,1
874.238,238.789,-55.482,-3.141,0.0,-0.0,0.0,-0.0,0.0,0.0,0.0,1.0,0.0,0,0.0,1.0,0.0,1,1
874.338,238.789,-55.482,-3.141,0.0,-0.0,0.0,-0.0,0.0,0.0,0.0,1.0,0.0,0,0.0,1.0,0.0,1,1
874.438,238.789,-55.482,-3.141,0.0,-0.0,0.0,-0.0,0.0,0.0,0.0,1.0,0.0,0,0.0,1.0,0.0,1,1
874.538,238.789,-55.482,-3.141,0.0,-0.0,0.0,-0.0,0.0,0.0,0.0,1.0,0.0,0,0.0,1.0,0.0,1,1
874.638,238.789,-55.482,-3.141,0.0,-0.0,0.0,-0.0,0.0,0.0,0.0,1.0,0.0,0,0.0,1.0,0.0,1,1
874.738,238.789,-55.482,-3.141,0.0,-0.0,0.0,-0.0,0.0,0.0,0.0,1.0,0.0,0,0.0,1.0,0.0,1,1
874.838,238.789,-55.482,-3.141,0.0,-0.0,0.0,-0.0,0.0,0.0,0.0,1.0,0.0,0,0.0,1.0,0.0,1,1
874.988,238.789,-55.482,-3.141,0.0,-0.0,0.0,-0.0,0.0,0.0,0.0,1.0,0.0,0,0.0,1.0,0.0,1,1
875.088,238.789,-55.482,-3.141,0.0,-0.0,0.0,-0.0,0.0,0.0,0.0,1.0,0.0,0,0.0,1.0,0.0,1,1
875.188,238.789,-55.482,-3.141,0.0,-0.0,0.0,-0.0,0.0,0.0,0.0,1.0,0.0,0,0.0,1.0,0.0,1,1
875.288,238.789,-55.482,-3.141,0.0,-0.0,0.0,-0.0,0.0,0.0,0.0,1.0,0.0,0,0.0,1.0,0.0,1,1
875.438,238.789,-55.482,-3.141,0.0,-0.0,0.0,-0.0,0.0,0.0,0.0,1.0,0.0,0,0.0,1.0,0.0,1,1
875.538,238.789,-55.482,-3.141,0.0,-0.0,0.0,-0.0,0.0,0.0,0.0,1.0,0.0,0,0.0,1.0,0.0,1,1
