timestamp,x,y,yaw,v_total,v_lat,v_long,w_z,a_lat,a_long,throttle_cmd,brake_cmd,steer_cmd,gear_cmd,throttle_real,brake_real,steer_real,gear_real,is_idle
118.715,244.1,1.96,-3.142,0.0,-0.0,0.0,-0.0,0.0,0.0,0.0,1.0,0.0,0,0.0,1.0,0.0,0,1
119.765,244.1,1.96,-3.142,0.0,-0.0,0.0,-0.0,0.0,0.0,0.0,1.0,0.0,0,0.0,1.0,0.0,0,1
120.765,244.1,1.96,-3.142,0.0,-0.0,0.0,-0.0,0.0,0.0,0.0,1.0,0.0,0,0.0,1.0,0.0,0,1
121.765,244.1,1.96,-3.142,0.0,-0.0,0.0,-0.0,0.0,0.0,0.0,1.0,0.0,0,0.0,1.0,0.0,0,1
122.865,244.1,1.96,-3.142,0.0,-0.0,0.0,-0.0,0.0,0.0,0.0,1.0,0.0,0,0.0,1.0,0.0,0,1
123.915,244.1,1.96,-3.142,0.0,-0.0,0.0,-0.0,0.0,0.0,0.0,1.0,0.0,0,0.0,1.0,0.0,0,1
125.015,244.1,1.96,-3.142,0.0,-0.0,0.0,-0.0,0.0,0.0,0.0,1.0,0.0,0,0.0,1.0,0.0,0,1
126.065,244.1,1.96,-3.142,0.0,-0.0,0.0,-0.0,0.0,0.0,0.0,1.0,0.0,0,0.0,1.0,0.0,0,1
127.065,244.1,1.96,-3.142,0.0,-0.0,0.0,-0.0,0.0,0.0,0.0,1.0,0.0,0,0.0,1.0,0.0,0,1
128.115,244.1,1.96,-3.142,0.0,-0.0,0.0,-0.0,0.0,0.0,0.0,1.0,0.0,0,0.0,1.0,0.0,0,1
129.215,244.1,1.96,-3.142,0.0,-0.0,0.0,-0.0,0.0,0.0,0.0,1.0,0.0,0,0.0,1.0,0.0,0,1
130.265,244.1,1.96,-3.142,0.0,-0.0,0.0,-0.0,0.0,0.0,0.0,1.0,0.0,0,0.0,1.0,0.0,0,1
131.315,244.1,1.96,-3.142,0.0,-0.0,0.0,-0.0,0.0,0.0,0.0,1.0,0.0,0,0.0,1.0,0.0,0,1
132.415,244.1,1.96,-3.142,0.0,-0.0,0.0,-0.0,0.0,0.0,0.0,1.0,0.0,0,0.0,1.0,0.0,0,1
133.465,244.1,1.96,-3.142,0.0,-0.0,0.0,-0.0,0.0,0.0,0.0,1.0,0.0,0,0.0,1.0,0.0,0,1
134.565,244.1,1.96,-3.142,0.0,-0.0,0.0,-0.0,0.0,0.0,0.0,1.0,0.0,0,0.0,1.0,0.0,0,1
135.565,244.1,1.96,-3.142,0.0,-0.0,0.0,-0.0,0.0,0.0,0.0,1.0,0.0,0,0.0,1.0,0.0,0,1
136.615,244.1,1.96,-3.142,0.0,-0.0,0.0,-0.0,0.0,0.0,0.0,1.0,0.0,0,0.0,1.0,0.0,0,1
137.665,244.1,1.96,-3.142,0.0,-0.0,0.0,-0.0,0.0,0.0,0.0,1.0,0.0,0,0.0,1.0,0.0,0,1
138.715,244.1,1.96,-3.142,0.0,-0.0,0.0,-0.0,0.0,0.0,0.0,1.0,0.0,0,0.0,1.0,0.0,0,1
139.815,244.1,1.96,-3.142,0.0,-0.0,0.0,-0.0,0.0,0.0,0.0,1.0,0.0,0,0.0,1.0,0.0,0,1
140.815,244.1,1.96,-3.142,0.0,-0.0,0.0,-0.0,0.0,0.0,0.0,1.0,0.0,0,0.0,1.0,0.0,0,1
141.815,244.1,1.96,-3.142,0.0,-0.0,0.0,-0.0,0.0,0.0,0.0,1.0,0.0,0,0.0,1.0,0.0,0,1
142.865,244.1,1.96,-3.142,0.0,-0.0,0.0,-0.0,0.0,0.0,0.0,1.0,0.0,0,0.0,1.0,0.0,0,1
143.815,244.1,1.96,-3.142,0.0,-0.0,0.0,-0.0,-0.0,-0.0,1.0,0.0,0.004,0,1.0,0.0,0.142,0,1
143.965,244.1,1.96,-3.142,0.0,-0.0,-0.0,-0.0,0.0,-0.0,1.0,0.0,0.004,0,1.0,0.0,0.004,0,1
144.365,244.091,1.96,-3.142,0.422,-0.001,0.422,0.0,-0.028,8.455,1.0,0.0,0.004,0,1.0,0.0,0.004,1,0
144.465,244.002,1.96,3.141,1.206,-0.003,1.206,-0.001,-0.039,6.715,1.0,0.0,0.004,0,1.0,0.0,0.004,1,0
144.565,243.841,1.961,3.141,1.939,-0.006,1.939,0.007,0.003,7.84,1.0,0.0,0.004,0,1.0,0.0,0.004,1,0
144.665,243.604,1.961,3.141,2.725,-0.006,2.725,0.0,-0.027,8.497,1.0,0.0,0.004,0,1.0,0.0,0.004,1,0
144.765,243.285,1.962,3.14,3.542,-0.007,3.542,-0.005,-0.018,7.474,1.0,0.0,0.003,0,1.0,0.0,0.003,1,0
144.865,242.889,1.964,3.14,4.281,-0.007,4.281,-0.005,-0.023,7.208,1.0,0.0,0.003,0,1.0,0.0,0.003,1,0
145.015,242.161,1.966,3.139,5.358,-0.007,5.358,-0.005,-0.023,7.165,1.0,0.0,0.002,0,1.0,0.0,0.003,1,0
145.115,241.598,1.968,3.139,5.709,-0.005,5.709,-0.005,-0.013,1.498,1.0,0.0,0.001,0,1.0,0.0,0.002,1,0
145.215,241.022,1.97,3.138,5.796,-0.004,5.796,-0.003,-0.003,-0.092,1.0,0.0,0.001,0,1.0,0.0,0.001,0,0
145.315,240.438,1.973,3.138,6.15,-0.003,6.15,-0.002,-0.011,13.663,1.0,0.0,0.001,0,1.0,0.0,0.001,2,0
145.415,239.748,1.976,3.138,7.408,-0.002,7.408,-0.002,0.002,10.005,1.0,0.0,0.0,0,1.0,0.0,0.0,2,0
145.515,238.953,1.979,3.138,8.357,-0.001,8.357,-0.001,-0.001,8.258,1.0,0.0,-0.0,0,1.0,0.0,0.0,2,0
145.615,238.076,1.982,3.138,9.025,-0.0,9.025,-0.0,0.006,-3.463,1.0,0.0,-0.0,0,1.0,0.0,-0.0,0,0
145.715,237.183,1.986,3.138,9.039,0.001,9.039,0.001,0.014,9.899,1.0,0.0,-0.0,0,1.0,0.0,-0.0,3,0
145.865,235.717,1.991,3.138,10.319,0.001,10.319,0.002,0.022,7.356,1.0,0.0,-0.001,0,1.0,0.0,-0.001,3,0
145.965,234.649,1.995,3.138,10.966,0.002,10.966,0.002,0.022,5.948,1.0,0.0,-0.001,0,1.0,0.0,-0.001,3,0
146.065,233.52,1.999,3.138,11.551,0.002,11.551,0.002,0.025,5.618,1.0,0.0,-0.001,0,1.0,0.0,-0.001,3,0
146.165,232.334,2.003,3.138,12.109,0.001,12.109,0.003,0.035,5.475,1.0,0.0,-0.001,0,1.0,0.0,-0.001,3,0
146.315,230.459,2.008,3.139,12.71,0.001,12.71,0.003,0.033,1.12,1.0,0.0,-0.001,0,1.0,0.0,-0.001,3,0
146.415,229.189,2.011,3.139,12.876,0.001,12.876,0.003,0.035,5.866,1.0,0.0,-0.001,0,1.0,0.0,-0.001,4,0
146.515,227.869,2.014,3.139,13.44,0.0,13.44,0.002,0.032,5.1,1.0,0.0,-0.001,0,1.0,0.0,-0.001,4,0
146.615,226.497,2.017,3.14,13.939,0.0,13.939,0.002,0.028,4.747,1.0,0.0,-0.0,0,1.0,0.0,-0.0,4,0
146.715,225.077,2.019,3.14,14.409,0.0,14.409,0.002,0.029,4.592,1.0,0.0,-0.0,0,1.0,0.0,-0.0,4,0
146.815,223.611,2.022,3.14,14.866,-0.0,14.866,0.002,0.026,4.524,1.0,0.0,-0.0,0,1.0,0.0,-0.0,4,0
146.915,222.1,2.024,3.14,15.318,-0.0,15.318,0.002,0.026,4.497,1.0,0.0,-0.0,0,1.0,0.0,-0.0,4,0
147.015,220.543,2.026,3.14,15.767,-0.0,15.767,0.002,0.022,4.487,1.0,0.0,-0.0,0,1.0,0.0,-0.0,4,0
147.165,218.135,2.028,3.141,16.151,-0.001,16.151,0.001,0.019,-0.256,1.0,0.0,-0.0,0,0.943,0.0,-0.0,0,0
147.265,216.513,2.03,3.141,16.413,-0.001,16.413,0.001,0.018,4.599,0.503,0.0,-0.0,0,1.0,0.0,-0.0,5,0
147.365,214.847,2.031,3.141,16.843,-0.001,16.843,0.001,0.017,2.773,0.308,0.0,-0.0,0,0.415,0.0,-0.0,5,0
147.515,212.294,2.033,3.141,17.106,-0.001,17.106,0.001,0.014,0.33,0.322,0.0,-0.0,0,0.309,0.0,-0.0,5,0
147.615,210.583,2.034,3.141,17.125,-0.001,17.125,0.001,0.012,-0.124,0.314,0.0,-0.0,0,0.323,0.0,-0.0,5,0
147.765,208.017,2.035,3.141,17.091,-0.0,17.091,0.001,0.011,-0.326,0.287,0.0,-0.0,0,0.3,0.0,-0.0,5,0
147.865,206.31,2.036,3.141,17.046,-0.0,17.046,0.0,0.008,-0.54,0.265,0.0,-0.0,0,0.268,0.0,-0.0,5,0
147.965,204.609,2.037,3.141,16.99,-0.0,16.99,0.0,0.007,-0.619,0.266,0.0,-0.0,0,0.264,0.0,-0.0,5,0
148.065,202.913,2.037,3.141,16.927,-0.0,16.927,0.0,0.006,-0.64,0.276,0.0,-0.0,0,0.271,0.0,-0.0,5,0
148.165,201.224,2.038,3.141,16.864,-0.0,16.864,0.0,0.005,-0.615,0.292,0.0,-0.0,0,0.284,0.0,-0.0,5,0
148.315,198.702,2.038,3.141,16.776,-0.0,16.776,0.0,0.004,-0.557,0.31,0.0,-0.0,0,0.3,0.0,-0.0,5,0
148.415,197.027,2.039,3.141,16.726,-0.0,16.726,0.0,0.003,-0.434,0.339,0.0,-0.0,0,0.329,0.0,-0.0,5,0
148.515,195.357,2.039,3.141,16.685,-0.0,16.685,0.0,0.002,-0.342,0.357,0.0,-0.0,0,0.348,0.0,-0.0,5,0
148.665,192.858,2.04,3.141,16.64,-0.0,16.64,0.0,0.002,-0.251,0.38,0.0,-0.0,0,0.365,0.0,-0.0,5,0
148.765,191.195,2.04,3.141,16.621,-0.0,16.621,0.0,0.002,-0.127,0.392,0.0,-0.0,0,0.386,0.0,-0.0,5,0
148.865,189.533,2.04,3.141,16.611,-0.0,16.611,0.0,0.001,-0.059,0.401,0.0,-0.0,0,0.397,0.0,-0.0,5,0
149.015,187.042,2.041,3.141,16.606,-0.0,16.606,0.0,0.001,0.019,0.41,0.0,-0.0,0,0.407,0.0,-0.0,5,0
149.115,185.381,2.041,3.141,16.609,-0.0,16.609,0.0,0.001,0.053,0.412,0.0,-0.0,0,0.411,0.0,-0.0,5,0
149.265,182.889,2.041,3.141,16.619,-0.0,16.619,0.0,0.001,0.075,0.413,0.0,-0.0,0,0.413,0.0,-0.0,5,0
149.365,181.227,2.041,3.141,16.627,-0.0,16.627,0.0,0.001,0.086,0.413,0.0,-0.0,0,0.413,0.0,-0.0,5,0
149.465,179.564,2.042,3.141,16.636,-0.0,16.636,0.0,0.001,0.087,0.0,0.0,-0.0,0,0.411,0.0,-0.0,5,0
149.565,177.9,2.042,3.141,16.634,-0.0,16.634,0.0,0.0,-0.64,0.241,0.0,-0.0,0,0.23,0.0,-0.0,5,0
149.715,175.413,2.042,3.141,16.533,-0.0,16.533,0.0,0.0,-0.672,0.0,0.0,-0.0,0,0.303,0.0,-0.0,5,0
149.815,173.765,2.042,3.141,16.439,-0.0,16.439,0.0,0.0,-2.025,0.0,1.0,0.0,0,0.0,1.0,0.0,5,0
149.915,172.132,2.043,3.141,16.206,-0.0,16.206,0.0,0.0,-4.484,0.0,1.0,0.0,0,0.0,1.0,0.0,0,0
150.065,169.777,2.043,3.141,15.14,-0.0,15.14,0.0,0.0,-8.494,0.0,1.0,0.0,0,0.0,1.0,0.0,4,0
150.165,168.309,2.043,3.141,14.33,-0.0,14.33,0.0,0.0,-7.842,0.0,1.0,0.0,0,0.0,1.0,0.0,4,0
150.265,166.919,2.043,3.141,13.552,-0.0,13.552,0.0,0.0,-6.354,0.0,1.0,0.0,0,0.0,1.0,0.0,4,0
150.365,165.599,2.043,3.141,12.928,-0.0,12.928,0.0,0.0,-7.753,1.0,0.0,0.0,0,0.0,1.0,0.0,0,0
150.515,163.752,2.043,3.141,11.872,-0.0,11.872,0.0,0.0,-1.733,1.0,0.0,0.0,0,1.0,0.0,0.0,3,0
150.615,162.571,2.044,3.141,11.804,-0.0,11.804,0.0,0.0,1.772,1.0,0.0,0.0,0,1.0,0.0,0.0,3,0
150.715,161.378,2.044,3.141,12.054,-0.0,12.054,-0.0,-0.0,3.884,1.0,0.0,0.0,0,1.0,0.0,0.0,3,0
150.865,159.518,2.044,3.141,12.711,0.0,12.711,-0.0,-0.0,4.963,1.0,0.0,-0.0,0,1.0,0.0,-0.0,3,0
150.965,158.225,2.044,3.141,13.01,0.0,13.01,-0.0,0.0,-1.34,1.0,0.0,-0.0,0,1.0,0.0,-0.0,0,0
151.065,156.924,2.044,3.141,13.172,0.0,13.172,0.0,0.0,5.693,0.965,0.0,-0.0,0,1.0,0.0,-0.0,4,0
151.215,154.882,2.044,3.141,13.953,0.0,13.953,0.0,0.0,3.69,0.441,0.0,-0.0,0,0.43,0.0,-0.0,4,0
151.315,153.468,2.045,3.141,14.26,0.0,14.26,0.0,0.0,1.566,0.261,0.0,-0.0,0,0.387,0.0,-0.0,4,0
151.465,151.315,2.045,3.141,14.39,0.0,14.39,0.0,0.0,0.232,0.362,0.0,-0.0,0,0.349,0.0,-0.0,4,0
151.565,149.877,2.045,3.141,14.384,0.0,14.384,0.0,0.0,-0.273,0.33,0.0,-0.0,0,0.341,0.0,-0.0,4,0
151.665,148.44,2.045,3.141,14.353,0.0,14.353,0.0,0.0,-0.447,0.296,0.0,-0.0,0,0.282,0.0,-0.0,4,0
151.815,146.294,2.045,3.141,14.273,-0.0,14.273,0.0,0.0,-0.604,0.309,0.0,0.0,0,0.325,0.0,-0.0,4,0
151.915,144.87,2.046,3.141,14.214,-0.0,14.214,0.0,0.0,-0.589,0.412,0.0,0.0,0,0.309,0.0,0.0,4,0
152.065,142.744,2.046,3.141,14.142,-0.0,14.142,-0.0,-0.0,-0.198,0.394,0.0,0.0,0,0.528,0.0,0.0,4,0
152.165,141.331,2.046,3.141,14.134,-0.0,14.134,-0.0,-0.0,-0.01,0.52,0.0,0.0,0,0.381,0.0,0.0,4,0
152.315,139.21,2.046,3.141,14.149,0.0,14.149,-0.0,0.0,0.213,0.704,0.0,-0.0,0,0.407,0.0,-0.0,4,0
152.415,137.793,2.046,3.141,14.197,0.0,14.197,-0.0,0.0,0.584,0.782,0.0,-0.0,0,0.459,0.0,-0.0,4,0
152.565,135.655,2.047,3.141,14.311,-0.0,14.311,0.0,0.0,1.019,0.491,0.0,-0.0,0,0.516,0.0,-0.0,4,0
152.665,134.219,2.047,3.141,14.404,-0.0,14.404,-0.0,-0.0,1.133,0.466,0.0,0.0,0,0.5,0.0,0.0,4,0
152.815,132.046,2.047,3.141,14.551,0.0,14.551,-0.0,-0.0,0.891,0.551,0.0,-0.0,0,0.881,0.0,0.0,4,0
152.915,130.584,2.047,3.141,14.664,0.0,14.664,-0.0,0.0,0.705,0.0,0.0,-0.0,0,0.0,0.0,-0.0,4,0
153.015,129.115,2.047,3.141,14.678,0.0,14.678,0.0,0.0,-1.238,0.0,0.0,-0.0,0,0.0,0.0,-0.0,4,0
153.165,126.932,2.047,3.141,14.429,-0.0,14.429,0.0,-0.0,-2.178,0.0,0.0,0.0,0,0.0,0.0,0.0,4,0
153.315,124.795,2.048,3.141,14.091,-0.0,14.091,0.0,0.0,-2.318,0.0,0.0,0.0,0,0.0,0.0,0.0,4,0
153.415,123.398,2.048,3.141,13.857,0.0,13.857,0.0,0.0,-2.339,0.0,0.0,0.0,0,0.0,0.0,0.0,4,0
153.565,121.348,2.048,3.141,13.508,-0.0,13.508,0.0,0.0,-2.298,0.0,0.0,0.0,0,0.0,0.0,0.0,4,0
153.715,119.344,2.048,3.141,13.286,0.0,13.286,-0.0,-0.0,-0.792,0.0,0.0,0.0,0,0.0,0.0,0.0,0,0
153.815,118.023,2.048,3.141,13.005,-0.0,13.005,-0.0,-0.0,-4.656,0.0,0.0,0.0,0,0.0,0.0,0.0,3,0
153.965,116.125,2.049,3.141,12.382,-0.0,12.382,0.0,0.0,-3.524,0.0,0.0,0.0,0,0.0,0.0,0.0,3,0
154.065,114.906,2.049,3.141,12.051,-0.0,12.051,0.0,0.0,-3.267,0.0,0.0,0.0,0,0.0,0.0,0.0,3,0
154.215,113.136,2.049,3.141,11.584,0.0,11.584,0.0,0.0,-2.828,0.0,0.0,0.0,0,0.0,0.0,0.0,3,0
154.315,111.993,2.049,3.141,11.29,-0.0,11.29,0.0,0.0,-2.749,0.0,0.0,0.0,0,0.0,0.0,0.0,3,0
154.465,110.334,2.049,3.141,10.87,-0.0,10.87,-0.0,0.0,-3.454,0.0,1.0,0.0,0,0.0,1.0,0.0,3,0
154.615,108.743,2.049,3.141,10.334,-0.0,10.334,0.0,0.0,-10.08,0.0,1.0,0.0,0,0.0,1.0,0.0,0,0
154.715,107.767,2.049,3.141,9.234,-0.0,9.234,0.0,0.0,-10.065,0.0,1.0,0.0,0,0.0,1.0,0.0,2,0
154.865,106.498,2.05,3.141,7.89,-0.0,7.89,0.0,0.0,-7.983,0.0,1.0,0.0,0,0.0,1.0,0.0,2,0
154.965,105.751,2.05,3.141,7.177,-0.0,7.177,0.0,0.0,-6.137,0.0,1.0,0.0,0,0.0,1.0,0.0,0,0
155.115,104.847,2.05,3.141,4.398,-0.0,4.398,0.0,0.0,-26.404,0.0,1.0,0.0,0,0.0,1.0,0.0,1,0
155.265,104.506,2.05,3.141,0.482,-0.0,0.482,0.0,0.0,-25.769,1.0,0.0,1.0,0,0.0,1.0,0.0,1,0
155.365,104.501,2.05,3.141,0.012,0.0,-0.012,-0.0,-0.001,-0.01,1.0,0.0,-0.0,0,1.0,0.0,-0.0,1,1
155.465,104.494,2.05,3.141,0.198,0.0,0.198,0.0,0.037,5.954,1.0,0.0,-0.0,0,1.0,0.0,-0.0,1,0
155.615,104.397,2.05,-3.141,0.962,-0.001,0.962,-0.003,0.006,5.939,1.0,0.0,0.0,0,1.0,0.0,0.0,1,0
155.715,104.268,2.05,-3.141,1.527,-0.001,1.527,0.001,0.023,6.955,1.0,0.0,-0.0,0,1.0,0.0,0.0,1,0
155.865,103.953,2.05,-3.141,2.578,0.0,2.578,0.006,-0.001,8.238,1.0,0.0,0.0,0,1.0,0.0,-0.0,1,0
156.015,103.469,2.05,-3.141,3.767,-0.0,3.767,-0.0,-0.002,7.324,1.0,0.0,0.0,0,1.0,0.0,0.0,1,0
156.115,103.052,2.049,-3.141,4.494,-0.0,4.494,-0.0,-0.002,6.936,0.643,0.0,0.0,0,0.902,0.0,0.0,1,0
156.265,102.301,2.049,-3.141,5.362,-0.0,5.362,-0.0,-0.0,-1.81,0.253,0.0,0.0,0,0.263,0.0,0.0,1,0
156.415,101.521,2.049,-3.141,5.078,0.006,5.078,0.005,0.138,-1.958,1.0,0.0,-0.005,0,0.879,0.0,-0.005,1,0
156.515,101.013,2.047,-3.14,5.276,0.012,5.276,0.01,0.05,1.985,0.209,0.0,-0.005,0,1.0,0.0,-0.005,1,0
156.615,100.476,2.045,-3.139,5.397,0.012,5.397,0.01,0.998,0.935,0.55,0.0,-0.037,0,0.441,0.0,-0.036,1,0
156.765,99.658,2.031,-3.131,5.505,0.078,5.505,0.069,0.515,0.27,0.368,0.0,-0.035,0,0.451,0.0,-0.036,1,0
156.915,98.83,2.004,-3.119,5.523,0.15,5.521,0.131,2.034,-0.333,0.327,0.0,-0.087,0,0.376,0.0,-0.086,1,0
157.015,98.281,1.971,-3.103,5.476,0.187,5.473,0.168,0.671,-0.639,0.391,0.0,-0.145,0,0.35,0.0,-0.083,1,0
157.165,97.473,1.896,-3.073,5.351,0.275,5.344,0.248,1.873,-1.066,0.443,0.0,-0.135,0,0.45,0.0,-0.14,1,0
157.315,96.688,1.786,-3.033,5.24,0.281,5.233,0.272,2.602,-0.757,0.48,0.0,-0.192,0,0.464,0.0,-0.197,1,0
157.465,95.924,1.633,-2.983,5.175,0.367,5.162,0.351,1.505,-0.283,0.477,0.0,-0.167,0,0.494,0.0,-0.186,1,0
157.615,95.175,1.438,-2.929,5.148,0.442,5.129,0.408,3.844,-0.747,0.454,0.0,-0.233,0,0.493,0.0,-0.239,1,0
157.715,94.686,1.277,-2.888,5.145,0.473,5.124,0.436,1.43,0.168,0.496,0.0,-0.284,0,0.471,0.0,-0.213,1,0
157.865,93.969,0.992,-2.82,5.153,0.531,5.125,0.484,3.106,-0.438,0.46,0.0,-0.251,0,0.518,0.0,-0.264,1,0
157.965,93.504,0.77,-2.771,5.169,0.516,5.143,0.468,2.521,-0.242,0.429,0.0,-0.307,0,0.487,0.0,-0.237,1,0
158.115,92.828,0.392,-2.696,5.171,0.612,5.135,0.549,3.831,-0.631,0.472,0.0,-0.27,0,0.458,0.0,-0.296,1,0
158.215,92.38,0.096,-2.643,5.517,0.623,5.481,0.525,1.816,-1.299,0.0,0.0,-0.325,0,0.0,0.0,-0.254,1,0
158.315,91.941,-0.223,-2.592,5.352,0.607,5.317,0.527,2.875,-2.753,0.45,0.0,-0.302,0,0.275,0.0,-0.314,1,0
158.415,91.538,-0.553,-2.539,5.116,0.586,5.082,0.528,2.254,-2.166,0.633,0.0,-0.357,0,0.544,0.0,-0.289,1,0
158.565,90.986,-1.083,-2.455,5.118,0.678,5.073,0.578,1.918,-1.784,0.56,0.0,-0.315,0,0.666,0.0,-0.345,1,0
158.665,90.648,-1.463,-2.397,5.188,0.697,5.141,0.573,3.036,2.196,0.589,0.0,-0.298,0,0.56,0.0,-0.315,1,0
158.765,90.321,-1.875,-2.341,5.234,0.713,5.186,0.535,2.549,-2.485,0.484,0.0,-0.336,0,0.018,0.0,-0.35,1,0
158.865,90.027,-2.293,-2.282,5.05,0.678,5.004,0.576,2.672,-2.029,0.682,0.0,-0.305,0,0.484,0.0,-0.336,1,0
158.915,89.892,-2.506,-2.254,4.994,0.66,4.95,0.522,3.522,2.786,0.649,0.0,-0.354,0,0.682,0.0,-0.305,1,0
159.015,89.636,-2.947,-2.199,5.019,0.685,4.972,0.528,3.775,3.158,0.794,0.0,-0.326,0,0.121,0.0,-0.34,1,0
159.115,89.406,-3.406,-2.141,5.099,0.71,5.049,0.597,1.758,-1.313,0.691,0.0,-0.336,0,0.094,0.0,-0.311,1,0
159.215,89.203,-3.868,-2.084,5.033,0.663,4.989,0.548,3.574,-0.288,0.593,0.0,-0.305,0,0.641,0.0,-0.321,1,0
159.315,89.027,-4.345,-2.029,5.104,0.667,5.061,0.514,2.167,-1.7,0.422,0.0,-0.301,0,0.546,0.0,-0.29,1,0
159.415,88.872,-4.831,-1.976,5.174,0.679,5.129,0.528,0.982,-1.6,0.236,0.0,-0.271,0,0.721,0.0,-0.286,1,0
159.515,88.738,-5.322,-1.925,5.034,0.589,5.0,0.51,2.316,3.059,0.738,0.0,-0.263,0,0.687,0.0,-0.256,1,0
159.615,88.623,-5.823,-1.879,5.156,0.562,5.126,0.41,1.527,-1.423,0.608,0.0,-0.235,0,0.182,0.0,-0.249,1,0
159.715,88.528,-6.322,-1.834,5.037,0.495,5.012,0.372,2.31,3.409,0.741,0.0,-0.209,0,0.693,0.0,-0.221,1,0
159.815,88.448,-6.84,-1.794,5.463,0.492,5.441,0.429,1.984,4.719,0.0,0.0,-0.188,0,0.741,0.0,-0.209,1,0
159.915,88.38,-7.378,-1.758,5.375,0.422,5.359,0.4,1.151,-1.3,0.351,0.0,-0.177,0,0.0,0.0,-0.188,1,0
159.965,88.352,-7.642,-1.741,5.288,0.392,5.273,0.283,1.015,-1.954,0.549,0.0,-0.157,0,0.439,0.0,-0.167,1,0
160.065,88.306,-8.158,-1.71,5.116,0.335,5.105,0.244,0.929,-1.329,1.0,0.0,-0.137,0,1.0,0.0,-0.146,1,0
160.165,88.271,-8.662,-1.683,5.033,0.294,5.024,0.205,0.901,0.88,1.0,0.0,-0.117,0,1.0,0.0,-0.125,1,0
160.265,88.247,-9.172,-1.659,5.183,0.268,5.176,0.175,0.662,-0.405,1.0,0.0,-0.102,0,1.0,0.0,-0.109,0,0
160.365,88.229,-9.688,-1.638,5.163,0.229,5.158,0.144,1.324,14.091,1.0,0.0,-0.084,0,1.0,0.0,-0.09,2,0
160.465,88.218,-10.281,-1.617,6.548,0.233,6.543,0.205,1.241,10.987,0.0,0.0,-0.07,0,0.0,0.0,-0.076,2,0
160.565,88.213,-10.994,-1.598,7.47,0.209,7.467,0.189,0.764,3.246,0.0,0.0,-0.051,0,0.0,0.0,-0.058,2,0
160.665,88.216,-11.754,-1.581,7.598,0.153,7.596,0.105,0.499,-2.056,0.0,0.0,-0.035,0,0.0,0.0,-0.046,2,0
160.765,88.224,-12.5,-1.569,7.374,0.098,7.373,0.068,0.332,-2.799,0.0,0.0,-0.021,0,0.0,0.0,-0.03,2,0
160.815,88.23,-12.864,-1.563,7.234,0.076,7.234,0.138,0.161,-2.972,0.0,0.0,-0.017,0,0.0,0.0,-0.021,2,0
160.915,88.243,-13.57,-1.556,6.929,0.042,6.929,0.102,0.165,-3.206,0.0,0.0,-0.007,0,0.0,0.0,-0.014,2,0
161.015,88.257,-14.245,-1.552,6.666,0.022,6.666,0.071,0.032,-0.031,0.0,0.0,-0.004,0,0.0,0.0,-0.006,0,0
161.115,88.271,-14.911,-1.55,6.556,0.013,6.556,0.032,-0.103,-9.221,0.0,0.0,0.001,0,0.0,0.0,0.0,1,0
161.215,88.284,-15.517,-1.55,5.765,-0.0,5.765,0.046,-0.039,-5.731,0.0,0.0,0.005,0,0.0,0.0,0.002,1,0
161.315,88.295,-16.062,-1.55,5.22,-0.008,5.22,0.044,-0.129,-5.174,0.27,0.0,0.005,0,0.0,0.0,0.005,1,0
161.365,88.3,-16.317,-1.551,5.031,-0.005,5.031,-0.064,-0.093,-5.191,0.154,0.0,0.005,0,0.27,0.0,0.005,1,0
161.465,88.309,-16.793,-1.552,4.56,-0.009,4.56,-0.008,-0.123,-3.051,0.204,0.0,0.007,0,0.666,0.0,0.007,1,0
161.565,88.316,-17.234,-1.553,4.312,-0.014,4.312,-0.011,-0.039,-1.43,0.755,0.0,0.006,0,0.707,0.0,0.006,1,0
161.665,88.322,-17.659,-1.554,4.241,-0.013,4.241,-0.007,-0.032,1.954,0.803,0.0,0.007,0,0.851,0.0,0.006,1,0
161.765,88.328,-18.097,-1.555,4.508,-0.015,4.508,-0.012,-0.065,3.633,0.387,0.0,0.007,0,0.632,0.0,0.007,1,0
161.865,88.334,-18.568,-1.556,4.832,-0.016,4.832,-0.012,-0.045,1.503,0.329,0.0,0.006,0,0.32,0.0,0.006,1,0
161.965,88.34,-19.058,-1.557,4.936,-0.014,4.936,-0.011,-0.038,0.573,0.535,0.0,0.007,0,0.329,0.0,0.006,1,0
162.065,88.345,-19.554,-1.558,4.983,-0.016,4.983,-0.012,-0.058,0.645,0.557,0.0,0.006,0,0.535,0.0,0.007,1,0
162.165,88.349,-20.059,-1.559,5.116,-0.015,5.116,-0.012,-0.047,1.445,0.486,0.0,0.006,0,0.557,0.0,0.006,1,0
162.265,88.354,-20.564,-1.56,5.091,-0.015,5.091,-0.01,-0.086,1.987,0.918,0.0,0.006,0,0.432,0.0,0.006,1,0
162.315,88.355,-20.815,-1.561,5.026,-0.013,5.026,-0.014,-0.036,2.503,0.836,0.0,0.006,0,0.454,0.0,0.005,1,0
162.415,88.359,-21.326,-1.561,5.093,-0.015,5.093,0.05,-0.026,-1.546,0.813,0.0,0.006,0,0.408,0.0,0.005,1,0
162.515,88.362,-21.831,-1.563,5.168,-0.012,5.168,-0.012,-0.049,2.827,0.414,0.0,0.005,0,0.935,0.0,0.005,1,0
162.615,88.365,-22.361,-1.564,5.287,-0.011,5.287,-0.019,-0.04,1.581,0.665,0.0,0.004,0,0.336,0.0,0.005,1,0
162.715,88.367,-22.896,-1.565,5.397,-0.008,5.397,-0.049,-0.07,0.178,0.487,0.0,0.004,0,0.421,0.0,0.004,1,0
162.815,88.369,-23.436,-1.567,5.359,-0.005,5.359,-0.061,-0.04,-0.783,0.664,0.0,0.002,0,0.521,0.0,0.003,1,0
162.915,88.37,-23.968,-1.568,5.294,-0.004,5.294,-0.057,-0.036,-0.013,0.685,0.0,0.002,0,0.684,0.0,0.003,1,0
163.015,88.372,-24.497,-1.568,5.319,-0.003,5.319,-0.054,-0.033,0.945,0.588,0.0,0.002,0,0.648,0.0,0.002,1,0
163.115,88.372,-25.035,-1.569,5.426,-0.003,5.426,-0.052,-0.034,1.211,0.444,0.0,0.001,0,0.514,0.0,0.002,1,0
163.215,88.373,-25.584,-1.569,5.536,-0.002,5.536,-0.052,-0.029,0.658,0.364,0.0,0.001,0,0.392,0.0,0.002,1,0
163.315,88.374,-26.141,-1.569,5.583,-0.002,5.583,-0.052,-0.025,-0.065,0.371,0.0,0.001,0,0.359,0.0,0.002,1,0
163.415,88.374,-26.698,-1.57,5.563,-0.001,5.563,-0.053,-0.021,-0.507,0.417,0.0,0.001,0,0.392,0.0,0.001,1,0
163.515,88.375,-27.252,-1.57,5.508,-0.001,5.508,-0.053,0.003,-0.604,0.465,0.0,0.001,0,0.417,0.0,0.001,1,0
163.615,88.375,-27.799,-1.57,5.446,-0.0,5.446,-0.053,-0.018,-0.528,0.502,0.0,0.001,0,0.485,0.0,0.001,1,0
163.715,88.375,-28.341,-1.57,5.398,-0.0,5.398,-0.052,0.007,-0.426,0.513,0.0,0.001,0,0.502,0.0,0.001,1,0
163.765,88.375,-28.61,-1.57,5.383,-0.003,5.383,0.049,0.008,-0.178,0.521,0.0,0.001,0,0.52,0.0,0.0,1,0
163.865,88.375,-29.148,-1.57,5.372,-0.003,5.372,0.049,0.011,0.047,0.511,0.0,0.001,0,0.518,0.0,0.0,1,0
163.965,88.376,-29.685,-1.57,5.38,-0.003,5.38,0.049,0.011,0.172,0.491,0.0,0.001,0,0.502,0.0,0.0,1,0
164.065,88.376,-30.224,-1.57,5.398,-0.003,5.398,0.049,0.012,0.175,0.473,0.0,0.001,0,0.482,0.0,0.0,1,0
164.165,88.376,-30.765,-1.57,5.414,-0.002,5.414,0.049,0.012,0.096,0.465,0.0,0.0,0,0.468,0.0,0.0,1,0
164.265,88.376,-31.307,-1.57,5.421,-0.002,5.421,0.05,0.013,-0.0,0.0,1.0,0.0,0,0.464,0.0,-0.0,1,0
164.365,88.376,-31.849,-1.57,5.394,-0.002,5.394,0.052,0.003,-1.816,0.0,1.0,0.0,0,0.0,1.0,0.0,1,0
164.465,88.376,-32.362,-1.572,4.454,0.01,4.454,-0.039,0.038,-26.679,0.0,1.0,0.0,0,0.0,1.0,0.0,1,0
164.565,88.377,-32.656,-1.574,1.809,0.013,1.809,-0.01,-0.14,-25.757,0.0,1.0,0.0,0,0.0,1.0,0.0,1,0
164.665,88.377,-32.71,-1.575,0.001,0.001,-0.0,0.0,-0.015,-0.157,0.0,1.0,0.0,0,0.0,1.0,0.0,1,1
164.765,88.377,-32.712,-1.575,0.01,-0.0,-0.01,0.0,-0.004,-0.027,0.0,1.0,0.0,0,0.0,1.0,0.0,1,1
164.815,88.377,-32.712,-1.575,0.009,-0.0,-0.009,0.0,0.001,0.032,0.0,1.0,0.0,0,0.0,1.0,0.0,1,1
164.915,88.377,-32.714,-1.575,0.006,-0.0,-0.006,0.0,0.001,0.027,0.0,1.0,0.0,0,0.0,1.0,0.0,1,1
165.015,88.377,-32.715,-1.575,0.003,-0.0,-0.003,0.0,0.001,0.017,0.0,1.0,0.0,0,0.0,1.0,0.0,1,1
165.115,88.377,-32.715,-1.575,0.002,-0.0,-0.002,0.0,0.0,0.009,0.0,1.0,0.0,0,0.0,1.0,0.0,1,1
165.265,88.377,-32.715,-1.575,0.001,-0.0,-0.001,0.0,0.001,0.013,0.0,1.0,0.0,0,0.0,1.0,0.0,1,1
165.365,88.377,-32.715,-1.575,0.0,-0.0,0.0,-0.0,0.0,0.0,0.0,1.0,0.0,0,0.0,1.0,0.0,1,1
166.465,88.377,-32.715,-1.575,0.0,-0.0,0.0,-0.0,0.0,0.0,0.0,1.0,0.0,0,0.0,1.0,0.0,1,1
167.515,88.377,-32.715,-1.575,0.0,-0.0,0.0,-0.0,0.0,0.0,0.0,1.0,0.0,0,0.0,1.0,0.0,1,1
168.615,88.377,-32.715,-1.575,0.0,-0.0,0.0,-0.0,0.0,0.0,0.0,1.0,0.0,0,0.0,1.0,0.0,1,1
169.715,88.377,-32.715,-1.575,0.0,-0.0,0.0,-0.0,0.0,0.0,0.0,1.0,0.0,0,0.0,1.0,0.0,1,1
170.815,88.377,-32.715,-1.575,0.0,-0.0,0.0,-0.0,0.0,0.0,1.0,0.0,-0.003,0,0.0,1.0,0.0,1,1
170.915,88.377,-32.715,-1.575,0.0,-0.0,-0.0,-0.0,-0.001,-0.275,1.0,0.0,-0.003,0,1.0,0.0,-0.003,1,1
171.015,88.377,-32.719,-1.575,0.082,0.0,0.082,0.0,0.003,1.171,1.0,0.0,-0.003,0,1.0,0.0,-0.003,1,1
171.115,88.377,-32.732,-1.575,0.183,0.0,0.183,0.0,0.003,0.848,1.0,0.0,-0.003,0,1.0,0.0,-0.003,1,0
171.165,88.377,-32.748,-1.575,0.386,0.001,0.386,-0.001,0.006,4.497,1.0,0.0,-0.003,0,1.0,0.0,-0.003,1,0
171.265,88.377,-32.812,-1.575,0.82,0.004,0.82,-0.015,-0.012,5.139,1.0,0.0,-0.003,0,1.0,0.0,-0.003,1,0
171.365,88.377,-32.925,-1.575,1.399,0.003,1.399,-0.008,0.007,5.07,1.0,0.0,-0.004,0,1.0,0.0,-0.003,1,0
171.465,88.377,-33.095,-1.575,1.974,0.004,1.974,0.004,0.017,7.408,1.0,0.0,-0.004,0,1.0,0.0,-0.004,1,0
171.565,88.376,-33.337,-1.575,2.814,0.006,2.814,0.004,0.025,8.164,1.0,0.0,-0.003,0,1.0,0.0,-0.004,1,0
171.665,88.375,-33.663,-1.574,3.601,0.007,3.601,0.005,0.025,7.322,1.0,0.0,-0.003,0,1.0,0.0,-0.003,1,0
171.765,88.375,-34.063,-1.574,4.327,0.007,4.327,0.005,0.026,7.159,0.952,0.0,-0.003,0,1.0,0.0,-0.003,1,0
171.865,88.374,-34.535,-1.573,5.037,0.007,5.037,0.005,0.026,6.429,0.443,0.0,-0.003,0,0.692,0.0,-0.003,1,0
171.965,88.374,-35.069,-1.573,5.448,0.006,5.448,0.005,0.014,1.803,0.619,0.0,-0.002,0,0.443,0.0,-0.003,1,0
172.065,88.373,-35.605,-1.572,5.307,0.005,5.307,0.004,0.007,-1.405,1.0,0.0,-0.002,0,0.619,0.0,-0.002,1,0
172.165,88.373,-36.129,-1.572,5.249,0.004,5.249,0.004,0.009,-0.044,1.0,0.0,-0.002,0,1.0,0.0,-0.002,1,0
172.265,88.373,-36.662,-1.571,5.441,0.004,5.441,0.003,0.009,2.793,0.802,0.0,-0.001,0,0.941,0.0,-0.001,1,0
172.365,88.373,-37.203,-1.571,5.411,0.003,5.411,0.002,0.003,-0.037,0.863,0.0,-0.001,0,0.533,0.0,-0.001,0,0
172.465,88.373,-37.803,-1.571,6.572,0.003,6.572,0.002,0.015,12.775,0.0,0.0,-0.001,0,0.816,0.0,-0.001,2,0
172.515,88.373,-38.148,-1.571,7.055,0.003,7.055,0.002,0.009,5.727,0.0,0.0,-0.001,0,0.0,0.0,-0.001,2,0
172.615,88.373,-38.879,-1.571,7.368,0.002,7.368,0.002,0.007,-1.424,0.0,0.0,-0.0,0,0.0,0.0,-0.001,2,0
172.715,88.374,-39.606,-1.57,7.19,0.001,7.19,0.001,0.004,-2.34,0.0,0.0,-0.0,0,0.0,0.0,-0.0,2,0
172.815,88.374,-40.31,-1.57,6.928,0.001,6.928,0.001,-0.002,-2.79,0.0,0.0,-0.0,0,0.0,0.0,-0.0,2,0
172.915,88.374,-40.986,-1.57,6.627,0.0,6.627,0.0,-0.001,-1.813,0.0,0.0,-0.0,0,0.0,0.0,-0.0,2,0
173.015,88.375,-41.64,-1.57,6.533,0.0,6.533,0.0,-0.0,-1.735,0.0,0.0,0.0,0,0.0,0.0,-0.0,0,0
173.115,88.375,-42.273,-1.57,6.0,-0.0,6.0,-0.0,-0.001,-6.137,0.0,0.0,0.0,0,0.0,0.0,0.0,1,0
173.215,88.375,-42.838,-1.57,5.394,-0.0,5.394,-0.0,-0.001,-4.125,0.0,0.0,0.0,0,0.0,0.0,0.0,1,0
173.315,88.376,-43.354,-1.57,4.976,-0.0,4.976,-0.0,-0.002,-6.279,0.022,0.0,0.0,0,0.0,0.0,0.0,1,0
173.415,88.376,-43.818,-1.57,4.395,-0.0,4.395,-0.0,0.008,-4.177,0.684,0.0,-0.0,0,0.499,0.0,-0.0,1,0
173.515,88.376,-44.237,-1.57,4.07,0.0,4.07,0.0,0.002,0.096,0.835,0.0,-0.0,0,0.822,0.0,-0.0,1,0
173.615,88.376,-44.648,-1.57,4.185,0.0,4.185,-0.0,0.001,3.193,0.519,0.0,-0.014,0,0.706,0.0,-0.0,1,0
173.715,88.377,-45.085,-1.57,4.496,0.023,4.496,0.019,0.241,2.138,0.357,0.0,-0.015,0,0.387,0.0,-0.015,1,0
173.815,88.381,-45.546,-1.567,4.663,0.032,4.663,0.025,0.114,0.752,0.516,0.0,-0.013,0,0.419,0.0,-0.014,1,0
173.915,88.387,-46.017,-1.565,4.743,0.031,4.743,0.023,0.083,1.323,0.59,0.0,-0.045,0,0.582,0.0,-0.013,1,0
174.015,88.395,-46.499,-1.561,4.896,0.082,4.895,0.066,0.7,1.858,0.479,0.0,-0.044,0,0.541,0.0,-0.045,1,0
174.115,88.412,-46.998,-1.553,5.072,0.104,5.071,0.081,0.357,0.661,0.408,0.0,-0.04,0,0.426,0.0,-0.042,1,0
174.215,88.432,-47.504,-1.546,4.981,0.092,4.98,0.019,2.04,1.963,0.913,0.0,-0.084,0,0.497,0.0,-0.084,1,0
174.315,88.463,-48.007,-1.533,4.993,0.166,4.991,0.197,1.238,3.301,0.891,0.0,-0.078,0,0.444,0.0,-0.082,1,0
174.415,88.503,-48.515,-1.519,5.056,0.169,5.053,0.127,2.055,-0.363,0.92,0.0,-0.126,0,0.311,0.0,-0.127,1,0
174.515,88.557,-49.022,-1.5,5.246,0.283,5.239,0.224,0.794,-0.609,0.243,0.0,-0.117,0,0.787,0.0,-0.123,1,0
174.615,88.625,-49.54,-1.477,5.28,0.269,5.273,0.199,1.323,1.172,0.708,0.0,-0.11,0,0.243,0.0,-0.117,1,0
174.665,88.663,-49.799,-1.465,5.212,0.241,5.206,0.272,2.247,-1.384,0.81,0.0,-0.159,0,0.503,0.0,-0.164,1,0
174.765,88.751,-50.306,-1.44,5.109,0.308,5.099,0.321,1.506,-0.24,0.876,0.0,-0.147,0,0.865,0.0,-0.154,1,0
174.865,88.854,-50.807,-1.413,5.152,0.313,5.143,0.315,1.326,1.905,0.716,0.0,-0.197,0,0.841,0.0,-0.14,1,0
174.965,88.975,-51.318,-1.385,5.283,0.367,5.27,0.361,2.142,-0.262,0.673,0.0,-0.186,0,0.562,0.0,-0.193,0,0
175.065,89.118,-51.828,-1.352,5.49,0.411,5.475,0.334,3.028,13.86,0.189,0.0,-0.236,0,0.753,0.0,-0.178,2,0
175.165,89.31,-52.421,-1.313,6.683,0.559,6.66,0.479,4.054,4.874,0.0,0.0,-0.219,0,0.0,0.0,-0.229,2,0
175.265,89.556,-53.066,-1.262,6.931,0.543,6.91,0.553,2.477,-1.524,0.0,0.0,-0.264,0,0.0,0.0,-0.206,2,0
175.365,89.826,-53.693,-1.211,6.754,0.533,6.733,0.583,3.699,-2.843,0.0,0.0,-0.242,0,0.0,0.0,-0.254,2,0
175.465,90.121,-54.283,-1.156,6.499,0.516,6.479,0.585,2.875,-3.014,0.0,0.0,-0.288,0,0.0,0.0,-0.23,2,0
175.515,90.275,-54.564,-1.131,6.362,0.497,6.343,0.468,4.513,-3.44,0.0,0.0,-0.278,0,0.0,0.0,-0.288,2,0
175.615,90.602,-55.098,-1.076,6.288,0.609,6.259,0.553,2.541,-3.208,0.0,0.0,-0.324,0,0.0,0.0,-0.267,0,0
175.715,90.952,-55.594,-1.02,5.824,0.593,5.794,0.57,2.86,-5.64,0.0,0.0,-0.299,0,0.0,0.0,-0.312,1,0
175.815,91.298,-56.021,-0.964,5.252,0.554,5.222,0.517,2.216,-4.479,0.283,0.0,-0.339,0,0.0,0.0,-0.285,1,0
175.915,91.634,-56.389,-0.912,4.721,0.622,4.68,0.528,4.138,-7.039,0.28,0.0,-0.327,0,0.283,0.0,-0.339,1,0
175.965,91.798,-56.547,-0.886,4.484,0.648,4.437,0.505,1.914,-3.045,0.864,0.0,-0.298,0,0.778,0.0,-0.313,1,0
176.065,92.124,-56.836,-0.839,4.33,0.622,4.285,0.452,1.688,1.737,0.731,0.0,-0.27,0,0.854,0.0,-0.284,1,0
176.165,92.467,-57.119,-0.795,4.595,0.623,4.553,0.437,3.569,2.223,0.322,0.0,-0.317,0,0.513,0.0,-0.328,1,0
176.265,92.849,-57.399,-0.745,4.829,0.696,4.779,0.523,2.629,1.54,0.326,0.0,-0.303,0,0.322,0.0,-0.317,1,0
176.315,93.05,-57.536,-0.72,4.871,0.654,4.827,0.513,1.942,0.085,0.481,0.0,-0.272,0,0.371,0.0,-0.288,1,0
176.415,93.463,-57.8,-0.671,4.912,0.614,4.874,0.467,3.888,-0.03,0.559,0.0,-0.315,0,0.55,0.0,-0.327,1,0
176.465,93.675,-57.924,-0.646,4.939,0.686,4.891,0.526,2.905,0.841,0.568,0.0,-0.301,0,0.559,0.0,-0.315,1,0
176.565,94.118,-58.158,-0.593,5.085,0.691,5.038,0.528,1.818,0.712,0.408,0.0,-0.27,0,0.481,0.0,-0.286,1,0
176.665,94.577,-58.378,-0.542,5.044,0.592,5.009,0.482,3.34,-0.153,0.806,0.0,-0.289,0,0.456,0.0,-0.302,1,0
176.765,95.044,-58.574,-0.492,5.058,0.62,5.02,0.498,2.513,1.492,0.681,0.0,-0.262,0,0.626,0.0,-0.276,1,0
176.865,95.525,-58.752,-0.443,5.16,0.576,5.128,0.522,2.622,-1.899,0.618,0.0,-0.285,0,0.462,0.0,-0.299,1,0
176.915,95.767,-58.833,-0.419,5.083,0.588,5.049,0.442,2.091,-1.443,0.865,0.0,-0.271,0,0.618,0.0,-0.285,1,0
177.015,96.26,-58.977,-0.37,5.369,0.624,5.333,0.514,1.881,1.144,0.0,0.0,-0.241,0,0.9,0.0,-0.257,1,0
177.115,96.787,-59.108,-0.322,5.447,0.545,5.42,0.507,1.718,-0.128,0.458,0.0,-0.214,0,0.359,0.0,-0.227,1,0
177.215,97.319,-59.223,-0.279,5.44,0.474,5.419,0.465,1.961,-0.427,0.492,0.0,-0.202,0,0.464,0.0,-0.214,1,0
177.315,97.852,-59.319,-0.238,5.418,0.438,5.401,0.437,1.657,-0.354,0.505,0.0,-0.185,0,0.492,0.0,-0.202,1,0
177.415,98.387,-59.398,-0.202,5.409,0.401,5.394,0.405,1.614,-0.204,0.502,0.0,-0.175,0,0.505,0.0,-0.185,1,0
177.465,98.655,-59.432,-0.185,5.41,0.386,5.396,0.289,1.318,-0.039,0.49,0.0,-0.154,0,0.498,0.0,-0.163,1,0
177.565,99.193,-59.489,-0.153,5.418,0.346,5.407,0.252,1.186,0.005,0.539,0.0,-0.136,0,0.482,0.0,-0.145,1,0
177.665,99.734,-59.533,-0.125,5.429,0.309,5.42,0.22,1.013,0.149,0.482,0.0,-0.119,0,0.492,0.0,-0.127,1,0
177.765,100.276,-59.567,-0.1,5.45,0.273,5.443,0.189,0.841,0.226,1.0,0.0,-0.098,0,1.0,0.0,-0.109,1,0
177.865,100.823,-59.592,-0.078,5.515,0.234,5.51,0.156,0.675,1.172,1.0,0.0,-0.082,0,1.0,0.0,-0.089,1,0
177.965,101.38,-59.611,-0.06,5.573,0.195,5.569,0.122,0.522,0.558,1.0,0.0,-0.066,0,1.0,0.0,-0.073,0,0
178.065,101.964,-59.624,-0.043,6.389,0.178,6.387,0.167,0.757,12.587,1.0,0.0,-0.046,0,1.0,0.0,-0.053,2,0
178.165,102.673,-59.633,-0.028,7.558,0.144,7.556,0.134,0.642,9.478,1.0,0.0,-0.033,0,1.0,0.0,-0.039,2,0
178.265,103.48,-59.639,-0.016,8.463,0.109,8.462,0.109,0.53,8.007,1.0,0.0,-0.023,0,1.0,0.0,-0.028,2,0
178.365,104.363,-59.641,-0.007,8.866,0.07,8.866,0.082,0.342,3.324,1.0,0.0,-0.015,0,1.0,0.0,-0.018,0,0
178.465,105.26,-59.639,0.0,9.162,0.041,9.162,0.058,0.344,9.4,1.0,0.0,-0.008,0,1.0,0.0,-0.012,3,0
178.565,106.227,-59.633,0.005,10.036,0.025,10.036,0.038,0.199,7.177,1.0,0.0,-0.004,0,1.0,0.0,-0.006,3,0
178.665,107.269,-59.625,0.008,10.723,0.011,10.723,0.022,0.096,6.165,1.0,0.0,-0.001,0,1.0,0.0,-0.002,3,0
178.765,108.375,-59.616,0.009,11.326,0.002,11.326,0.009,0.021,5.714,1.0,0.0,0.001,0,1.0,0.0,-0.0,3,0
178.865,109.539,-59.605,0.009,11.892,-0.003,11.892,0.0,-0.033,5.516,1.0,0.0,0.002,0,1.0,0.0,0.001,3,0
178.965,110.758,-59.594,0.009,12.441,-0.005,12.441,-0.005,-0.093,5.096,0.0,0.0,0.002,0,0.0,0.0,0.002,3,0
179.065,112.028,-59.584,0.008,12.864,-0.005,12.864,-0.008,-0.087,0.969,0.0,0.0,0.002,0,0.0,0.0,0.002,3,0
179.165,113.317,-59.574,0.008,12.878,-0.002,12.878,-0.008,-0.07,-1.682,0.0,0.0,0.001,0,0.0,0.0,0.001,3,0
179.265,114.594,-59.565,0.007,12.681,-0.0,12.681,-0.006,-0.049,-2.62,0.0,0.0,0.001,0,0.0,0.0,0.001,3,0
179.365,115.846,-59.556,0.007,12.409,0.001,12.409,-0.003,-0.03,-2.928,0.0,0.0,0.0,0,0.0,0.0,0.0,3,0
179.465,117.071,-59.548,0.006,12.114,0.001,12.114,-0.002,-0.015,-3.013,0.0,0.0,-0.0,0,0.0,0.0,0.0,3,0
179.565,118.265,-59.541,0.006,11.819,0.001,11.819,-0.002,-0.006,-3.03,0.0,0.0,-0.0,0,0.0,0.0,-0.0,3,0
179.665,119.431,-59.533,0.006,11.529,0.0,11.529,-0.0,0.0,-3.025,0.0,0.0,-0.0,0,0.0,0.0,-0.0,3,0
179.765,120.567,-59.526,0.006,11.241,0.0,11.241,0.0,0.003,-2.982,0.0,0.0,-0.0,0,0.0,0.0,-0.0,3,0
179.865,121.675,-59.519,0.006,10.957,0.0,10.957,0.0,-0.047,-2.928,0.0,0.0,0.001,0,0.0,0.0,0.001,3,0
179.965,122.755,-59.513,0.006,10.679,-0.003,10.679,-0.003,-0.077,-2.06,0.0,0.0,0.002,0,0.0,0.0,0.002,3,0
180.065,123.814,-59.507,0.006,10.571,-0.005,10.571,-0.006,-0.097,-0.07,0.0,0.0,0.003,0,0.0,0.0,0.003,0,0
180.165,124.855,-59.502,0.005,10.062,-0.006,10.062,-0.009,-0.103,-8.01,0.0,0.0,0.003,0,0.0,0.0,0.003,2,0
180.265,125.818,-59.499,0.004,9.361,-0.007,9.361,-0.009,-0.091,-6.021,0.0,0.0,0.003,0,0.0,0.0,0.003,2,0
180.365,126.724,-59.496,0.003,8.841,-0.006,8.841,-0.009,-0.063,-4.908,0.0,0.0,0.002,0,0.0,0.0,0.003,2,0
180.465,127.582,-59.495,0.002,8.385,-0.006,8.385,-0.008,-0.045,-4.501,0.0,0.0,0.002,0,0.0,0.0,0.002,2,0
180.565,128.397,-59.494,0.001,7.963,-0.005,7.963,-0.006,-0.03,-4.242,0.0,0.0,0.001,0,0.0,0.0,0.002,2,0
180.665,129.171,-59.493,0.001,7.564,-0.004,7.564,-0.005,-0.02,-4.049,0.0,0.0,0.001,0,0.0,0.0,0.001,2,0
180.765,129.906,-59.493,0.001,7.183,-0.003,7.183,-0.003,-0.011,-3.239,0.0,0.0,0.001,0,0.0,0.0,0.001,2,0
180.865,130.611,-59.493,0.0,7.028,-0.002,7.028,-0.002,-0.007,-0.039,0.0,0.0,0.001,0,0.0,0.0,0.001,0,0
180.965,131.297,-59.493,0.0,6.491,-0.002,6.491,-0.001,0.013,-8.311,0.0,1.0,0.0,0,0.0,1.0,0.0,1,0
181.065,131.9,-59.493,0.0,5.537,-0.0,5.537,-0.0,0.002,-26.534,0.0,1.0,0.0,0,0.0,1.0,0.0,1,0
181.165,132.304,-59.493,-0.0,2.889,-0.0,2.889,-0.0,0.0,-26.134,0.0,1.0,0.0,0,0.0,1.0,0.0,1,0
181.265,132.447,-59.493,-0.0,0.304,-0.0,0.304,-0.0,0.001,-6.174,0.0,1.0,0.0,0,0.0,1.0,0.0,1,0
181.365,132.45,-59.493,-0.0,0.011,-0.0,-0.011,-0.0,-0.0,-0.006,0.0,1.0,0.0,0,0.0,1.0,0.0,1,1
181.465,132.452,-59.493,-0.0,0.01,-0.0,-0.01,-0.0,0.0,0.037,0.0,1.0,0.0,0,0.0,1.0,0.0,1,1
181.565,132.453,-59.493,-0.0,0.006,-0.0,-0.006,-0.0,0.0,0.029,0.0,1.0,0.0,0,0.0,1.0,0.0,1,1
181.665,132.454,-59.493,-0.0,0.003,-0.0,-0.003,-0.0,0.0,0.018,0.0,1.0,0.0,0,0.0,1.0,0.0,1,1
181.815,132.455,-59.493,-0.0,0.001,-0.0,-0.001,-0.0,0.0,0.01,0.0,1.0,0.0,0,0.0,1.0,0.0,1,1
181.915,132.455,-59.493,-0.0,0.001,-0.0,-0.001,-0.0,-0.0,0.004,0.0,1.0,0.0,0,0.0,1.0,0.0,1,1
182.015,132.455,-59.493,-0.0,0.0,-0.0,-0.0,-0.0,0.0,0.002,0.0,1.0,0.0,0,0.0,1.0,0.0,1,1
182.115,132.455,-59.493,-0.0,0.0,-0.0,0.0,-0.0,0.0,0.0,0.0,1.0,0.0,0,0.0,1.0,0.0,1,1
183.115,132.455,-59.493,-0.0,0.0,-0.0,0.0,-0.0,0.0,0.0,0.0,1.0,0.0,0,0.0,1.0,0.0,1,1
184.215,132.455,-59.493,-0.0,0.0,-0.0,0.0,-0.0,0.0,0.0,0.0,1.0,0.0,0,0.0,1.0,0.0,1,1
185.265,132.455,-59.493,-0.0,0.0,-0.0,0.0,-0.0,0.0,0.0,0.0,1.0,0.0,0,0.0,1.0,0.0,1,1
186.265,132.455,-59.493,-0.0,0.0,-0.0,0.0,-0.0,0.0,0.0,0.0,1.0,0.0,0,0.0,1.0,0.0,1,1
187.315,132.455,-59.493,-0.0,0.0,-0.0,0.0,-0.0,0.0,0.0,0.0,1.0,0.0,0,0.0,1.0,0.0,1,1
188.315,132.455,-59.493,-0.0,0.0,-0.0,0.0,-0.0,0.0,0.0,0.0,1.0,0.0,0,0.0,1.0,0.0,1,1
189.415,132.455,-59.493,-0.0,0.0,-0.0,0.0,-0.0,0.0,0.0,0.0,1.0,0.0,0,0.0,1.0,0.0,1,1
190.515,132.455,-59.493,-0.0,0.0,-0.0,0.0,-0.0,0.0,0.0,0.0,1.0,0.0,0,0.0,1.0,0.0,1,1
191.565,132.455,-59.493,-0.0,0.0,-0.0,0.0,-0.0,0.0,0.0,0.0,1.0,0.0,0,0.0,1.0,0.0,1,1
192.565,132.455,-59.493,-0.0,0.0,-0.0,0.0,-0.0,0.0,0.0,0.0,1.0,0.0,0,0.0,1.0,0.0,1,1
193.615,132.455,-59.493,-0.0,0.0,-0.0,0.0,-0.0,0.0,0.0,0.0,1.0,0.0,0,0.0,1.0,0.0,1,1
194.715,132.455,-59.493,-0.0,0.0,-0.0,0.0,-0.0,0.0,0.0,0.0,1.0,0.0,0,0.0,1.0,0.0,1,1
195.815,132.455,-59.493,-0.0,0.0,-0.0,0.0,-0.0,0.0,0.0,0.0,1.0,0.0,0,0.0,1.0,0.0,1,1
196.865,132.455,-59.493,-0.0,0.0,-0.0,0.0,-0.0,0.0,0.0,0.0,1.0,0.0,0,0.0,1.0,0.0,1,1
197.865,132.455,-59.493,-0.0,0.0,-0.0,0.0,-0.0,0.0,0.0,0.0,1.0,0.0,0,0.0,1.0,0.0,1,1
198.965,132.455,-59.493,-0.0,0.0,-0.0,0.0,-0.0,0.0,0.0,0.0,1.0,0.0,0,0.0,1.0,0.0,1,1
200.015,132.455,-59.493,-0.0,0.0,-0.0,0.0,-0.0,0.0,0.0,0.0,1.0,0.0,0,0.0,1.0,0.0,1,1
201.015,132.455,-59.493,-0.0,0.0,-0.0,0.0,-0.0,0.0,0.0,0.0,1.0,0.0,0,0.0,1.0,0.0,1,1
202.115,132.455,-59.493,-0.0,0.0,-0.0,0.0,-0.0,0.0,0.0,0.0,1.0,0.0,0,0.0,1.0,0.0,1,1
203.215,132.455,-59.493,-0.0,0.0,-0.0,0.0,-0.0,0.0,0.0,0.0,1.0,0.0,0,0.0,1.0,0.0,1,1
204.265,132.455,-59.493,-0.0,0.0,-0.0,0.0,-0.0,0.0,0.0,0.0,1.0,0.0,0,0.0,1.0,0.0,1,1
205.265,132.455,-59.493,-0.0,0.0,-0.0,0.0,-0.0,0.0,0.0,0.0,1.0,0.0,0,0.0,1.0,0.0,1,1
206.365,132.455,-59.493,-0.0,0.0,-0.0,0.0,-0.0,0.0,0.0,0.0,1.0,0.0,0,0.0,1.0,0.0,1,1
207.415,132.455,-59.493,-0.0,0.0,-0.0,0.0,-0.0,0.0,0.0,0.0,1.0,0.0,0,0.0,1.0,0.0,1,1
208.415,132.455,-59.493,-0.0,0.0,-0.0,0.0,-0.0,0.0,0.0,0.0,1.0,0.0,0,0.0,1.0,0.0,1,1
209.465,132.455,-59.493,-0.0,0.0,-0.0,0.0,-0.0,0.0,0.0,0.0,1.0,0.0,0,0.0,1.0,0.0,1,1
210.465,132.455,-59.493,-0.0,0.0,-0.0,0.0,-0.0,0.0,0.0,0.0,1.0,0.0,0,0.0,1.0,0.0,1,1
211.565,132.455,-59.493,-0.0,0.0,-0.0,0.0,-0.0,0.0,0.0,0.0,1.0,0.0,0,0.0,1.0,0.0,1,1
212.615,132.455,-59.493,-0.0,0.0,-0.0,0.0,-0.0,0.0,0.0,0.0,1.0,0.0,0,0.0,1.0,0.0,1,1
213.615,132.455,-59.493,-0.0,0.0,-0.0,0.0,-0.0,0.0,0.0,0.0,1.0,0.0,0,0.0,1.0,0.0,1,1
214.715,132.455,-59.493,-0.0,0.0,-0.0,0.0,-0.0,0.0,0.0,0.0,1.0,0.0,0,0.0,1.0,0.0,1,1
215.765,132.455,-59.493,-0.0,0.0,-0.0,0.0,-0.0,0.0,0.0,0.0,1.0,0.0,0,0.0,1.0,0.0,1,1
216.115,132.455,-59.493,-0.0,0.0,-0.0,0.0,-0.0,0.0,0.0,1.0,0.0,0.0,0,0.0,1.0,0.0,1,1
216.265,132.455,-59.493,-0.0,0.0,0.0,-0.0,0.0,0.0,-0.283,1.0,0.0,0.0,0,1.0,0.0,0.0,1,1
216.365,132.459,-59.493,-0.0,0.082,-0.0,0.082,-0.0,-0.0,1.916,1.0,0.0,0.0,0,1.0,0.0,0.0,1,1
216.465,132.465,-59.493,0.0,0.189,-0.0,0.189,0.013,-0.033,4.483,1.0,0.0,0.0,0,1.0,0.0,0.0,1,0
216.565,132.506,-59.493,-0.0,0.581,-0.0,0.581,-0.003,0.027,3.361,1.0,0.0,0.0,0,1.0,0.0,0.0,1,0
216.665,132.595,-59.493,0.0,1.103,-0.0,1.103,0.01,-0.001,4.587,1.0,0.0,0.0,0,1.0,0.0,0.0,1,0
216.765,132.737,-59.493,0.0,1.693,-0.0,1.693,-0.004,0.0,6.348,1.0,0.0,0.0,0,1.0,0.0,0.0,1,0
216.865,132.945,-59.493,0.0,2.378,-0.0,2.378,0.0,-0.008,7.044,1.0,0.0,0.001,0,1.0,0.0,0.0,1,0
216.915,133.075,-59.493,0.0,2.734,-0.001,2.734,-0.0,-0.004,8.604,1.0,0.0,0.001,0,1.0,0.0,0.0,1,0
217.015,133.395,-59.493,0.0,3.574,-0.001,3.574,-0.001,-0.004,7.68,1.0,0.0,0.0,0,1.0,0.0,0.0,1,0
217.115,133.795,-59.493,0.0,4.329,-0.001,4.329,-0.001,-0.004,7.286,0.931,0.0,0.0,0,1.0,0.0,0.0,1,0
217.215,134.268,-59.493,0.0,5.046,-0.001,5.046,-0.001,-0.002,6.347,0.433,0.0,0.0,0,0.673,0.0,0.0,1,0
217.315,134.802,-59.493,0.0,5.444,-0.001,5.444,-0.001,-0.002,-1.453,0.64,0.0,0.0,0,0.263,0.0,0.0,1,0
217.415,135.337,-59.493,-0.0,5.299,-0.001,5.299,-0.001,-0.0,-1.127,1.0,0.0,0.0,0,0.979,0.0,0.0,1,0
217.515,135.861,-59.493,-0.0,5.24,-0.0,5.24,-0.0,-0.001,1.023,0.948,0.0,0.0,0,1.0,0.0,0.0,1,0
217.615,136.393,-59.493,-0.0,5.431,-0.0,5.431,-0.0,-0.0,-0.551,0.541,0.0,0.0,0,0.81,0.0,0.0,0,0
217.715,136.933,-59.493,-0.0,5.401,-0.0,5.401,-0.0,-0.001,10.446,0.824,0.0,0.0,0,0.871,0.0,0.0,0,0
217.815,137.532,-59.493,-0.0,6.565,-0.0,6.565,-0.0,0.001,9.75,0.0,0.0,-0.0,0,0.0,0.0,-0.0,2,0
217.915,138.239,-59.493,-0.0,7.343,0.0,7.343,0.0,0.002,0.601,0.0,0.0,-0.0,0,0.0,0.0,-0.0,2,0
218.015,138.974,-59.493,-0.0,7.303,0.0,7.303,0.0,0.001,-2.132,0.0,0.0,-0.0,0,0.0,0.0,-0.0,2,0
218.115,139.691,-59.493,-0.0,7.079,0.0,7.079,0.0,0.001,-2.892,0.0,0.0,-0.0,0,0.0,0.0,-0.0,2,0
218.215,140.382,-59.493,-0.0,6.795,0.0,6.795,0.0,0.001,-3.231,0.0,0.0,-0.0,0,0.0,0.0,-0.0,2,0
218.315,141.044,-59.493,-0.0,6.543,0.0,6.543,0.0,0.001,-0.065,0.0,0.0,-0.0,0,0.0,0.0,-0.0,0,0
218.415,141.697,-59.493,-0.0,6.453,0.0,6.453,0.0,0.001,-8.945,0.0,0.0,-0.0,0,0.0,0.0,-0.0,1,0
218.515,142.296,-59.493,-0.0,5.699,0.0,5.699,0.0,0.0,-5.982,0.0,0.0,-0.0,0,0.0,0.0,-0.0,1,0
218.615,142.834,-59.493,0.0,5.193,0.0,5.193,0.0,0.025,-4.244,0.0,0.0,-0.001,0,0.0,0.0,-0.001,1,0
218.765,143.552,-59.493,0.0,4.399,0.003,4.399,0.002,0.015,-5.362,0.488,0.0,-0.001,0,0.012,0.0,-0.001,1,0
218.865,143.971,-59.492,0.001,4.067,0.03,4.066,0.024,0.62,-2.413,0.819,0.0,-0.02,0,0.676,0.0,-0.019,1,0
218.965,144.381,-59.487,0.004,4.168,0.04,4.168,0.03,0.144,3.222,0.535,0.0,-0.018,0,0.722,0.0,-0.019,1,0
219.065,144.816,-59.48,0.007,4.487,0.04,4.487,0.03,0.108,2.261,0.348,0.0,-0.052,0,0.39,0.0,-0.017,1,0
219.165,145.277,-59.471,0.012,4.661,0.094,4.66,0.074,0.715,0.705,0.513,0.0,-0.051,0,0.406,0.0,-0.052,1,0
219.265,145.747,-59.452,0.02,4.737,0.115,4.735,0.088,0.393,1.275,0.597,0.0,-0.046,0,0.584,0.0,-0.049,1,0
219.365,146.227,-59.43,0.028,4.889,0.11,4.888,0.083,2.031,1.743,0.477,0.0,-0.092,0,0.548,0.0,-0.092,1,0
219.465,146.725,-59.395,0.042,5.063,0.204,5.059,0.161,0.81,0.686,0.412,0.0,-0.084,0,0.437,0.0,-0.089,1,0
219.565,147.229,-59.351,0.058,5.018,0.189,5.014,0.154,0.554,-0.492,0.802,0.0,-0.133,0,0.496,0.0,-0.079,1,0
219.665,147.73,-59.297,0.074,5.056,0.262,5.049,0.158,1.443,0.51,0.564,0.0,-0.127,0,0.742,0.0,-0.131,1,0
219.765,148.236,-59.226,0.097,5.2,0.292,5.191,0.242,0.624,-0.473,0.4,0.0,-0.114,0,0.625,0.0,-0.121,1,0
219.865,148.747,-59.145,0.121,5.151,0.257,5.145,0.238,2.158,-0.851,0.73,0.0,-0.167,0,0.683,0.0,-0.172,1,0
220.015,149.504,-58.99,0.165,5.349,0.362,5.337,0.359,2.153,4.747,0.128,0.0,-0.209,0,0.795,0.0,-0.161,1,0
220.115,150.034,-58.857,0.195,5.574,0.422,5.558,0.359,2.215,-0.238,0.158,0.0,-0.196,0,0.328,0.0,-0.204,1,0
220.215,150.567,-58.7,0.231,5.539,0.426,5.522,0.414,1.618,-1.249,0.463,0.0,-0.178,0,0.391,0.0,-0.188,1,0
220.315,151.086,-58.528,0.266,5.428,0.385,5.414,0.394,3.123,-1.507,0.579,0.0,-0.233,0,0.539,0.0,-0.24,1,0
220.415,151.587,-58.338,0.305,5.33,0.46,5.31,0.456,2.225,-0.636,0.623,0.0,-0.215,0,0.638,0.0,-0.225,1,0
220.515,152.074,-58.127,0.345,5.315,0.454,5.295,0.446,3.588,-0.317,0.569,0.0,-0.268,0,0.617,0.0,-0.277,1,0
220.615,152.551,-57.891,0.39,5.35,0.544,5.322,0.516,2.582,0.39,0.503,0.0,-0.245,0,0.58,0.0,-0.258,1,0
220.715,153.022,-57.628,0.436,5.43,0.533,5.403,0.507,2.103,0.511,0.419,0.0,-0.295,0,0.477,0.0,-0.233,1,0
220.815,153.486,-57.342,0.482,5.481,0.57,5.452,0.542,3.099,-0.352,0.426,0.0,-0.273,0,0.404,0.0,-0.285,1,0
220.965,154.154,-56.864,0.558,5.48,0.565,5.451,0.445,2.391,-0.381,0.435,0.0,-0.32,0,0.446,0.0,-0.261,1,0
221.065,154.573,-56.516,0.611,5.434,0.63,5.397,0.503,2.711,-0.587,0.51,0.0,-0.282,0,0.49,0.0,-0.296,1,0
221.165,154.971,-56.149,0.665,5.413,0.603,5.379,0.479,2.215,-0.307,0.495,0.0,-0.326,0,0.494,0.0,-0.267,1,0
221.265,155.348,-55.763,0.717,5.39,0.629,5.353,0.5,3.154,-0.488,0.534,0.0,-0.302,0,0.482,0.0,-0.314,1,0
221.365,155.7,-55.356,0.772,5.383,0.634,5.345,0.503,2.459,-0.141,0.509,0.0,-0.344,0,0.505,0.0,-0.287,1,0
221.515,156.183,-54.711,0.857,5.386,0.673,5.344,0.633,3.285,-0.323,0.53,0.0,-0.317,0,0.48,0.0,-0.331,1,0
221.615,156.473,-54.257,0.914,5.406,0.643,5.367,0.608,2.473,-0.07,0.46,0.0,-0.332,0,0.492,0.0,-0.286,1,0
221.765,156.862,-53.546,0.998,5.413,0.663,5.372,0.527,3.18,-0.527,0.488,0.0,-0.29,0,0.454,0.0,-0.319,1,0
221.865,157.089,-53.055,1.054,5.418,0.625,5.382,0.496,3.263,-0.525,0.47,0.0,-0.3,0,0.47,0.0,-0.314,1,0
222.015,157.378,-52.298,1.136,5.41,0.608,5.375,0.581,3.401,-0.665,0.475,0.0,-0.296,0,0.488,0.0,-0.312,1,0
222.165,157.605,-51.522,1.217,5.4,0.604,5.366,0.477,2.471,-0.307,0.483,0.0,-0.263,0,0.506,0.0,-0.28,1,0
222.265,157.727,-50.996,1.267,5.411,0.546,5.383,0.427,1.8,-0.107,0.465,0.0,-0.218,0,0.47,0.0,-0.232,1,0
222.415,157.876,-50.198,1.332,5.417,0.462,5.398,0.456,1.696,-0.205,0.469,0.0,-0.188,0,0.461,0.0,-0.201,1,0
222.515,157.953,-49.662,1.371,5.411,0.414,5.395,0.415,1.453,-0.191,0.476,0.0,-0.168,0,0.472,0.0,-0.177,1,0
222.665,158.041,-48.857,1.42,5.4,0.353,5.388,0.259,1.145,-0.153,0.484,0.0,-0.138,0,0.484,0.0,-0.147,1,0
222.815,158.1,-48.05,1.462,5.393,0.288,5.385,0.304,0.964,-0.092,1.0,0.0,-0.12,0,0.487,0.0,-0.128,1,0
222.915,158.127,-47.51,1.486,5.433,0.254,5.427,0.271,0.837,1.289,0.682,0.0,-0.093,0,0.743,0.0,-0.101,1,0
223.065,158.153,-46.677,1.515,5.692,0.212,5.688,0.136,0.59,1.795,1.0,0.0,-0.07,0,0.478,0.0,-0.076,1,0
223.215,158.166,-45.803,1.539,5.889,0.142,5.887,0.176,0.264,0.059,1.0,0.0,-0.041,0,1.0,0.0,-0.047,0,0
223.365,158.171,-44.885,1.553,6.788,0.108,6.787,0.085,0.454,11.599,1.0,0.0,-0.028,0,1.0,0.0,-0.031,2,0
223.515,158.171,-43.734,1.566,8.323,0.077,8.323,0.075,0.388,8.292,1.0,0.0,-0.017,0,1.0,0.0,-0.02,2,0
223.665,158.163,-42.409,1.575,9.067,0.042,9.067,0.053,0.274,2.923,1.0,0.0,-0.011,0,0.723,0.0,-0.015,0,0
223.765,158.154,-41.497,1.579,9.489,0.024,9.489,0.035,0.199,8.579,0.0,0.0,-0.003,0,1.0,0.0,-0.006,3,0
223.915,158.137,-39.98,1.583,10.515,0.006,10.515,0.013,-0.027,1.967,0.0,0.0,0.001,0,0.0,0.0,0.0,3,0
224.015,158.124,-38.921,1.583,10.617,-0.002,10.617,0.001,-0.039,-0.982,0.0,0.0,0.003,0,0.0,0.0,0.001,3,0
224.165,158.106,-37.347,1.582,10.371,-0.006,10.371,-0.008,0.047,-2.958,0.0,1.0,0.0,0,0.0,1.0,0.0,3,0
224.315,158.089,-35.827,1.582,9.879,0.001,9.879,-0.001,-0.005,-4.442,0.0,1.0,0.0,0,0.0,1.0,0.0,0,0
224.415,158.078,-34.901,1.582,8.768,0.001,8.768,-0.0,-0.006,-8.843,0.0,1.0,0.0,0,0.0,1.0,0.0,2,0
224.565,158.065,-33.691,1.582,7.535,0.0,7.535,-0.0,-0.002,-7.733,0.0,1.0,0.0,0,0.0,1.0,0.0,2,0
224.715,158.054,-32.681,1.582,5.469,0.0,5.469,0.0,-0.0,-26.209,0.0,1.0,0.0,0,0.0,1.0,0.0,0,0
224.865,158.048,-32.18,1.582,1.535,0.0,1.535,0.0,-0.0,-25.539,0.0,1.0,0.0,0,0.0,1.0,0.0,1,0
224.965,158.048,-32.141,1.582,0.007,0.0,-0.007,-0.0,-0.001,-0.098,0.0,1.0,0.0,0,0.0,1.0,0.0,1,1
225.115,158.048,-32.138,1.582,0.01,-0.0,-0.01,-0.0,0.0,0.041,0.0,1.0,0.0,0,0.0,1.0,0.0,1,1
225.215,158.048,-32.136,1.582,0.006,-0.0,-0.006,-0.0,0.0,0.031,0.0,1.0,0.0,0,0.0,1.0,0.0,1,1
225.365,158.048,-32.135,1.582,0.003,-0.0,-0.003,-0.0,0.0,0.014,0.0,1.0,0.0,0,0.0,1.0,0.0,1,1
225.515,158.048,-32.134,1.582,0.001,-0.0,-0.001,-0.0,-0.0,0.008,0.0,1.0,0.0,0,0.0,1.0,0.0,1,1
225.615,158.048,-32.134,1.582,0.001,0.0,-0.001,-0.0,-0.0,0.011,0.0,1.0,0.0,0,0.0,1.0,0.0,1,1
225.815,158.048,-32.134,1.582,0.0,-0.0,0.0,-0.0,0.0,-0.0,0.0,1.0,0.0,0,0.0,1.0,0.0,1,1
226.965,158.048,-32.134,1.582,0.0,-0.0,0.0,-0.0,0.0,-0.0,0.0,1.0,0.0,0,0.0,1.0,0.0,1,1
227.965,158.048,-32.134,1.582,0.0,-0.0,0.0,-0.0,0.0,-0.0,0.0,1.0,0.0,0,0.0,1.0,0.0,1,1
229.115,158.048,-32.134,1.582,0.0,-0.0,0.0,-0.0,0.0,-0.0,0.0,1.0,0.0,0,0.0,1.0,0.0,1,1
230.115,158.048,-32.134,1.582,0.0,-0.0,0.0,-0.0,0.0,-0.0,1.0,0.0,-1.0,0,0.0,1.0,0.0,1,1
230.265,158.048,-32.134,1.582,0.0,0.0,-0.0,0.0,0.001,-0.278,1.0,0.0,0.01,0,1.0,0.0,0.01,1,1
230.415,158.048,-32.126,1.582,0.138,-0.001,0.138,0.012,-0.016,1.127,1.0,0.0,0.009,0,1.0,0.0,0.01,1,0
230.565,158.048,-32.074,1.581,0.637,-0.004,0.637,-0.003,-0.032,4.207,1.0,0.0,0.009,0,1.0,0.0,0.009,1,0
230.665,158.047,-31.985,1.581,1.134,-0.006,1.134,-0.008,-0.018,6.263,1.0,0.0,0.009,0,1.0,0.0,0.009,1,0
230.815,158.046,-31.746,1.58,2.025,-0.01,2.025,-0.004,-0.045,6.291,1.0,0.0,0.008,0,1.0,0.0,0.009,1,0
230.965,158.044,-31.359,1.579,3.129,-0.014,3.129,-0.01,-0.058,8.134,0.52,0.0,0.008,0,0.941,0.0,0.008,1,0
231.115,158.042,-30.801,1.577,4.093,-0.016,4.093,-0.011,-0.04,1.604,0.16,0.0,0.007,0,0.11,0.0,0.007,1,0
231.265,158.041,-30.179,1.576,4.13,-0.014,4.13,-0.008,-0.023,-0.389,0.513,0.0,0.006,0,0.462,0.0,0.006,1,0
231.415,158.04,-29.561,1.574,4.164,-0.012,4.164,-0.013,-0.025,0.769,0.272,0.0,0.005,0,0.474,0.0,0.006,1,0
231.515,158.04,-29.142,1.573,4.211,-0.011,4.211,-0.012,-0.014,-0.392,0.225,0.0,0.004,0,0.219,0.0,0.005,1,0
231.665,158.04,-28.518,1.572,4.102,-0.009,4.102,-0.001,-0.013,-0.859,0.333,0.0,0.004,0,0.309,0.0,0.004,1,0
231.815,158.041,-27.912,1.571,4.002,-0.007,4.002,-0.011,-0.01,-0.398,0.306,0.0,0.003,0,0.321,0.0,0.003,1,0
231.965,158.042,-27.316,1.571,3.939,-0.006,3.939,0.002,-0.011,-0.455,0.31,0.0,0.002,0,0.298,0.0,0.003,1,0
232.115,158.042,-26.731,1.57,3.869,-0.004,3.869,-0.009,-0.002,-0.433,0.0,1.0,0.0,0,0.321,0.0,0.002,1,0
232.265,158.043,-26.179,1.57,3.408,-0.0,3.408,0.01,0.005,-4.658,0.0,1.0,0.0,0,0.0,1.0,0.0,1,0
232.365,158.043,-25.869,1.57,2.854,-0.0,2.854,0.013,0.001,-5.48,0.0,1.0,0.0,0,0.0,1.0,0.0,1,0
232.515,158.043,-25.536,1.569,1.106,0.006,1.106,-0.025,-0.096,-21.797,0.0,1.0,0.0,0,0.0,1.0,0.0,1,0
232.665,158.043,-25.518,1.568,0.006,0.0,-0.006,0.0,-0.002,-0.006,0.0,1.0,0.0,0,0.0,1.0,0.0,1,1
232.815,158.043,-25.516,1.568,0.004,-0.0,-0.004,0.0,0.0,0.02,0.0,1.0,0.0,0,0.0,1.0,0.0,1,1
232.965,158.043,-25.515,1.568,0.002,-0.0,-0.002,0.0,0.0,0.01,0.0,1.0,0.0,0,0.0,1.0,0.0,1,1
233.115,158.043,-25.515,1.568,0.001,-0.0,-0.001,0.0,0.0,0.004,0.0,1.0,0.0,0,0.0,1.0,0.0,1,1
233.265,158.043,-25.515,1.568,0.0,-0.0,-0.0,-0.0,0.0,0.002,0.0,1.0,0.0,0,0.0,1.0,0.0,1,1
233.415,158.043,-25.515,1.568,0.0,-0.0,0.0,-0.0,-0.0,0.0,0.0,1.0,0.0,0,0.0,1.0,0.0,1,1
234.465,158.043,-25.515,1.568,0.0,-0.0,0.0,-0.0,-0.0,0.0,0.0,1.0,0.0,0,0.0,1.0,0.0,1,1
235.465,158.043,-25.515,1.568,0.0,-0.0,0.0,-0.0,-0.0,0.0,0.0,1.0,0.0,0,0.0,1.0,0.0,1,1
236.465,158.043,-25.515,1.568,0.0,-0.0,0.0,-0.0,-0.0,0.0,0.0,1.0,0.0,0,0.0,1.0,0.0,1,1
237.465,158.043,-25.515,1.568,0.0,-0.0,0.0,-0.0,-0.0,0.0,0.0,1.0,0.0,0,0.0,1.0,0.0,1,1
238.465,158.043,-25.515,1.568,0.0,-0.0,0.0,-0.0,-0.0,0.0,0.0,1.0,0.0,0,0.0,1.0,0.0,1,1
239.465,158.043,-25.515,1.568,0.0,-0.0,0.0,-0.0,-0.0,0.0,0.0,1.0,0.0,0,0.0,1.0,0.0,1,1
240.465,158.043,-25.515,1.568,0.0,-0.0,0.0,-0.0,-0.0,0.0,0.0,1.0,0.0,0,0.0,1.0,0.0,1,1
241.465,158.043,-25.515,1.568,0.0,-0.0,0.0,-0.0,-0.0,0.0,0.0,1.0,0.0,0,0.0,1.0,0.0,1,1
242.465,158.043,-25.515,1.568,0.0,-0.0,0.0,-0.0,-0.0,0.0,0.0,1.0,0.0,0,0.0,1.0,0.0,1,1
243.465,158.043,-25.515,1.568,0.0,-0.0,0.0,-0.0,-0.0,0.0,0.0,1.0,0.0,0,0.0,1.0,0.0,1,1
244.465,158.043,-25.515,1.568,0.0,-0.0,0.0,-0.0,-0.0,0.0,0.0,1.0,0.0,0,0.0,1.0,0.0,1,1
245.465,158.043,-25.515,1.568,0.0,-0.0,0.0,-0.0,-0.0,0.0,0.0,1.0,0.0,0,0.0,1.0,0.0,1,1
246.415,158.043,-25.515,1.568,0.0,-0.0,-0.0,0.0,0.0,-0.0,1.0,0.0,0.0,0,1.0,0.0,0.0,1,1
246.565,158.043,-25.511,1.568,0.081,-0.0,0.081,-0.0,0.0,0.394,1.0,0.0,0.0,0,1.0,0.0,0.0,1,1
246.715,158.043,-25.485,1.568,0.414,0.0,0.414,0.004,-0.012,3.542,1.0,0.0,0.0,0,1.0,0.0,0.0,1,0
246.865,158.043,-25.371,1.568,1.094,0.0,1.094,0.005,-0.012,5.37,1.0,0.0,-0.0,0,1.0,0.0,-0.0,1,0
247.015,158.044,-25.133,1.569,2.046,-0.001,2.046,0.001,-0.006,6.215,1.0,0.0,0.001,0,1.0,0.0,0.0,1,0
247.165,158.045,-24.741,1.569,3.166,-0.001,3.166,-0.001,-0.005,8.496,0.89,0.0,0.001,0,1.0,0.0,0.001,1,0
247.265,158.046,-24.383,1.569,3.878,-0.001,3.878,-0.001,-0.003,3.929,0.148,0.0,0.0,0,0.262,0.0,0.001,1,0
247.415,158.047,-23.77,1.569,4.147,-0.0,4.147,-0.0,0.001,-0.416,0.467,0.0,0.0,0,0.356,0.0,0.0,1,0
247.565,158.049,-23.152,1.569,4.143,-0.0,4.143,-0.0,0.008,0.735,0.346,0.0,-0.0,0,0.45,0.0,-0.0,1,0
247.715,158.05,-22.523,1.569,4.213,0.0,4.213,0.0,0.001,-0.46,0.24,0.0,-0.0,0,0.221,0.0,-0.0,1,0
247.815,158.051,-22.105,1.569,4.146,0.0,4.146,0.0,0.007,-0.894,0.317,0.0,-0.0,0,0.274,0.0,-0.0,1,0
247.965,158.052,-21.494,1.569,4.031,0.001,4.031,0.001,0.002,-0.579,0.332,0.0,-0.0,0,0.328,0.0,-0.0,1,0
248.065,158.053,-21.093,1.569,3.987,0.001,3.987,0.0,0.005,-0.471,0.294,0.0,-0.0,0,0.306,0.0,-0.0,1,0
248.215,158.054,-20.501,1.569,3.914,0.001,3.914,0.001,0.002,-0.449,0.326,0.0,-0.0,0,0.308,0.0,-0.0,1,0
248.365,158.055,-19.919,1.569,3.853,0.001,3.853,0.001,0.002,-0.317,0.33,0.0,-0.0,0,0.337,0.0,-0.0,1,0
248.515,158.056,-19.344,1.569,3.815,0.001,3.815,0.001,0.002,-0.144,0.34,0.0,-0.0,0,0.33,0.0,-0.0,1,0
248.665,158.057,-18.774,1.569,3.793,0.001,3.793,0.001,0.002,-0.107,0.34,0.0,-0.0,0,0.334,0.0,-0.0,1,0
248.815,158.058,-18.206,1.569,3.777,0.001,3.777,0.0,0.001,-0.103,0.342,0.0,-0.0,0,0.349,0.0,-0.0,1,0
248.915,158.058,-17.829,1.569,3.773,0.001,3.773,0.0,0.002,0.009,0.35,0.0,-0.0,0,0.342,0.0,-0.0,1,0
249.065,158.059,-17.263,1.569,3.772,0.001,3.772,0.0,0.001,-0.042,0.344,0.0,-0.0,0,0.351,0.0,-0.0,1,0
249.215,158.06,-16.697,1.569,3.77,0.001,3.77,0.0,0.001,-0.032,0.345,0.0,-0.0,0,0.352,0.0,-0.0,1,0
249.315,158.06,-16.32,1.569,3.771,0.0,3.771,0.0,0.001,0.044,0.352,0.0,-0.0,0,0.344,0.0,-0.0,1,0
249.465,158.061,-15.754,1.569,3.774,0.0,3.774,0.0,0.001,0.044,0.344,0.0,-0.0,0,0.344,0.0,-0.0,1,0
249.615,158.062,-15.188,1.569,3.774,0.0,3.774,0.0,0.001,-0.025,0.344,0.0,-0.0,0,0.352,0.0,-0.0,1,0
249.715,158.062,-14.811,1.569,3.774,0.0,3.774,0.0,0.001,0.042,0.352,0.0,-0.0,0,0.344,0.0,-0.0,1,0
249.865,158.063,-14.244,1.569,3.777,0.0,3.777,0.0,0.001,-0.029,0.344,0.0,-0.0,0,0.352,0.0,-0.0,1,0
250.015,158.064,-13.678,1.57,3.776,0.0,3.776,0.0,0.0,0.038,0.351,0.0,-0.0,0,0.344,0.0,-0.0,1,0
250.165,158.064,-13.111,1.57,3.778,0.0,3.778,0.0,0.001,-0.032,0.344,0.0,-0.0,0,0.351,0.0,-0.0,1,0
250.315,158.065,-12.545,1.57,3.777,0.0,3.777,0.0,0.0,-0.033,0.344,0.0,-0.0,0,0.351,0.0,-0.0,1,0
250.415,158.066,-12.167,1.57,3.777,0.0,3.777,0.0,0.001,0.035,0.351,0.0,-0.0,0,0.344,0.0,-0.0,1,0
250.565,158.066,-11.6,1.57,3.779,0.0,3.779,0.0,-0.0,-0.034,0.344,0.0,-0.0,0,0.351,0.0,-0.0,1,0
250.715,158.067,-11.034,1.57,3.777,0.0,3.777,0.0,-0.071,0.034,0.351,0.0,0.002,0,0.344,0.0,0.002,1,0
250.865,158.068,-10.467,1.569,3.779,-0.004,3.779,-0.003,-0.02,0.034,0.344,0.0,0.002,0,0.344,0.0,0.002,1,0
251.015,158.071,-9.9,1.568,3.777,-0.033,3.776,-0.026,-0.642,-0.047,0.344,0.0,0.024,0,0.351,0.0,0.023,1,0
251.165,158.08,-9.334,1.563,3.779,-0.045,3.778,-0.033,-0.138,0.038,0.351,0.0,0.06,0,0.344,0.0,0.023,1,0
251.265,158.093,-8.956,1.556,3.776,-0.11,3.775,-0.083,-0.383,-0.035,0.347,0.0,0.059,0,0.356,0.0,0.061,1,0
251.415,158.124,-8.391,1.542,3.773,-0.175,3.769,-0.132,-0.952,-0.03,0.362,0.0,0.107,0,0.342,0.0,0.108,1,0
251.565,158.174,-7.827,1.52,3.778,-0.199,3.773,-0.144,-2.027,-0.271,0.341,0.0,0.16,0,0.353,0.0,0.161,1,0
251.715,158.25,-7.267,1.49,3.772,-0.292,3.761,-0.212,-0.781,0.051,0.354,0.0,0.216,0,0.353,0.0,0.154,1,0
251.865,158.353,-6.711,1.453,3.77,-0.386,3.75,-0.285,-1.556,-0.162,0.373,0.0,0.21,0,0.34,0.0,0.214,1,0
251.965,158.442,-6.345,1.423,3.765,-0.463,3.736,-0.342,-1.623,-0.208,0.375,0.0,0.263,0,0.354,0.0,0.269,1,0
252.115,158.606,-5.804,1.371,3.781,-0.473,3.751,-0.34,-1.057,0.017,0.344,0.0,0.321,0,0.362,0.0,0.255,1,0
252.265,158.809,-5.277,1.311,3.773,-0.567,3.73,-0.412,-1.62,-0.181,0.367,0.0,0.378,0,0.375,0.0,0.31,1,0
252.365,158.971,-4.938,1.265,3.762,-0.662,3.703,-0.484,-1.648,-0.14,0.365,0.0,0.353,0,0.394,0.0,0.363,1,0
252.515,159.247,-4.446,1.193,3.772,-0.717,3.703,-0.523,-2.456,-0.546,0.388,0.0,0.406,0,0.325,0.0,0.415,1,0
252.665,159.57,-3.984,1.111,3.756,-0.809,3.667,-0.595,-2.472,-0.603,0.405,0.0,0.455,0,0.365,0.0,0.466,1,0
252.815,159.939,-3.559,1.022,3.787,-0.807,3.7,-0.579,-3.672,-1.148,0.325,0.0,0.501,0,0.341,0.0,0.511,1,0
252.965,160.351,-3.174,0.926,3.777,-0.885,3.672,-0.643,-3.828,-1.54,0.351,0.0,0.553,0,0.377,0.0,0.566,1,0
253.115,160.805,-2.845,0.822,3.767,-0.969,3.641,-0.698,-2.265,-0.114,0.352,0.0,0.505,0,0.381,0.0,0.521,1,0
253.265,161.294,-2.556,0.721,3.821,-0.905,3.713,-0.654,-1.983,-0.293,0.308,0.0,0.524,0,0.309,0.0,0.489,1,0
253.365,161.634,-2.391,0.654,3.789,-0.923,3.675,-0.672,-1.864,-0.621,0.369,0.0,0.477,0,0.386,0.0,0.494,1,0
253.515,162.16,-2.18,0.559,3.796,-0.847,3.701,-0.607,-1.676,-0.293,0.334,0.0,0.468,0,0.366,0.0,0.462,1,0
253.615,162.519,-2.062,0.498,3.797,-0.825,3.706,-0.594,-1.754,-0.365,0.342,0.0,0.422,0,0.337,0.0,0.437,1,0
253.765,163.069,-1.918,0.413,3.797,-0.753,3.722,-0.545,-1.607,-0.325,0.343,0.0,0.395,0,0.332,0.0,0.408,1,0
253.865,163.439,-1.841,0.361,3.794,-0.702,3.728,-0.508,-1.18,-0.318,0.332,0.0,0.348,0,0.347,0.0,0.363,1,0
253.965,163.812,-1.778,0.313,3.792,-0.646,3.736,-0.467,-1.084,-0.294,0.33,0.0,0.32,0,0.345,0.0,0.333,1,0
254.115,164.374,-1.705,0.248,3.783,-0.569,3.74,-0.408,-1.02,-0.288,0.35,0.0,0.285,0,0.346,0.0,0.307,1,0
254.215,164.751,-1.671,0.209,3.779,-0.528,3.742,-0.378,-1.129,0.208,1.0,0.0,0.237,0,1.0,0.0,0.275,1,0
254.315,165.131,-1.645,0.173,3.885,-0.467,3.857,-0.332,-1.086,3.871,1.0,0.0,0.203,0,1.0,0.0,0.224,1,0
254.415,165.543,-1.623,0.141,4.354,-0.438,4.332,-0.32,-1.334,5.989,1.0,0.0,0.181,0,1.0,0.0,0.192,1,0
254.515,166.012,-1.606,0.109,4.984,-0.425,4.966,-0.322,-0.128,6.864,1.0,0.0,0.119,0,1.0,0.0,0.133,1,0
254.665,166.824,-1.581,0.071,5.68,-0.283,5.673,-0.218,-0.596,3.154,1.0,0.0,0.096,0,1.0,0.0,0.108,1,0
254.765,167.43,-1.569,0.05,6.234,-0.239,6.229,-0.199,-0.344,0.441,1.0,0.0,0.067,0,1.0,0.0,0.077,0,0
254.865,168.055,-1.562,0.032,6.252,-0.179,6.249,-0.165,-0.828,9.97,1.0,0.0,0.053,0,1.0,0.0,0.06,0,0
254.965,168.736,-1.561,0.017,7.368,-0.158,7.366,-0.147,-0.829,10.571,1.0,0.0,0.039,0,1.0,0.0,0.047,2,0
255.115,169.962,-1.572,-0.002,8.795,-0.106,8.794,-0.112,-0.648,8.547,1.0,0.0,0.026,0,1.0,0.0,0.033,2,0
255.215,170.878,-1.586,-0.011,9.204,-0.064,9.204,-0.081,-0.359,3.16,1.0,0.0,0.012,0,1.0,0.0,0.017,0,0
255.315,171.808,-1.604,-0.018,9.497,-0.033,9.497,-0.054,-0.281,9.499,1.0,0.0,0.005,0,1.0,0.0,0.009,3,0
255.415,172.809,-1.626,-0.022,10.38,-0.014,10.38,-0.029,-0.106,7.247,1.0,0.0,-0.0,0,1.0,0.0,0.003,3,0
255.515,173.886,-1.651,-0.024,11.073,-0.0,11.073,-0.009,0.021,6.209,1.0,0.0,-0.003,0,1.0,0.0,-0.001,3,0
255.615,175.027,-1.677,-0.024,11.68,0.008,11.68,0.005,0.112,5.742,1.0,0.0,-0.004,0,1.0,0.0,-0.003,3,0
255.765,176.846,-1.717,-0.022,12.525,0.01,12.525,0.016,0.172,5.535,1.0,0.0,-0.005,0,1.0,0.0,-0.004,3,0
255.865,178.11,-1.743,-0.02,12.617,0.009,12.617,0.021,0.225,2.371,1.0,0.0,-0.005,0,1.0,0.0,-0.005,0,0
255.965,179.389,-1.767,-0.018,13.037,0.007,13.037,0.022,0.282,5.609,1.0,0.0,-0.004,0,1.0,0.0,-0.005,4,0
256.115,181.409,-1.799,-0.015,13.828,0.003,13.828,0.021,0.262,4.972,1.0,0.0,-0.003,0,1.0,0.0,-0.004,4,0
256.215,182.819,-1.818,-0.013,14.303,-0.0,14.303,0.018,0.238,4.616,1.0,0.0,-0.003,0,1.0,0.0,-0.003,4,0
256.315,184.274,-1.836,-0.011,14.762,-0.001,14.762,0.016,0.204,4.535,1.0,0.0,-0.003,0,1.0,0.0,-0.003,4,0
256.465,186.542,-1.859,-0.009,15.439,-0.003,15.439,0.013,0.175,4.493,1.0,0.0,-0.002,0,1.0,0.0,-0.002,4,0
256.565,188.111,-1.873,-0.008,15.888,-0.005,15.888,0.011,0.173,4.486,0.985,0.0,-0.002,0,1.0,0.0,-0.002,4,0
256.715,190.525,-1.891,-0.006,16.126,-0.004,16.126,0.01,0.166,-0.314,1.0,0.0,-0.001,0,0.819,0.0,-0.002,0,0
256.815,192.157,-1.901,-0.005,16.539,-0.005,16.539,0.008,0.135,4.176,0.475,0.0,-0.001,0,0.773,0.0,-0.001,5,0
256.915,193.833,-1.91,-0.005,16.91,-0.005,16.91,0.008,0.127,2.1,0.319,0.0,-0.001,0,0.371,0.0,-0.001,5,0
257.065,196.389,-1.921,-0.004,17.104,-0.005,17.104,0.006,0.103,0.223,0.332,0.0,-0.001,0,0.33,0.0,-0.001,5,0
257.165,198.1,-1.928,-0.003,17.116,-0.004,17.116,0.005,0.092,-0.135,0.311,0.0,-0.001,0,0.325,0.0,-0.001,5,0
257.315,200.664,-1.935,-0.002,17.08,-0.003,17.08,0.004,0.08,-0.335,0.284,0.0,-0.001,0,0.297,0.0,-0.001,5,0
257.415,202.37,-1.939,-0.002,17.035,-0.003,17.035,0.003,0.06,-0.549,0.266,0.0,-0.0,0,0.268,0.0,-0.0,5,0
257.515,204.07,-1.943,-0.002,16.978,-0.002,16.978,0.003,0.051,-0.618,0.269,0.0,-0.0,0,0.266,0.0,-0.0,5,0
257.665,206.609,-1.947,-0.001,16.884,-0.002,16.884,0.002,0.037,-0.621,0.287,0.0,-0.0,0,0.28,0.0,-0.0,5,0
257.765,208.294,-1.95,-0.001,16.822,-0.001,16.822,0.002,0.031,-0.573,0.304,0.0,-0.0,0,0.295,0.0,-0.0,5,0
257.915,210.811,-1.952,-0.001,16.742,-0.001,16.742,0.001,0.027,-0.502,0.323,0.0,-0.0,0,0.314,0.0,-0.0,5,0
258.015,212.482,-1.954,-0.001,16.698,-0.001,16.698,0.001,0.021,-0.416,0.342,0.0,-0.0,0,0.333,0.0,-0.0,5,0
258.115,214.15,-1.955,-0.001,16.663,-0.001,16.663,0.001,0.017,-0.28,0.368,0.0,-0.0,0,0.36,0.0,-0.0,5,0
258.215,215.815,-1.956,-0.001,16.637,-0.001,16.637,0.001,0.015,-0.193,0.382,0.0,-0.0,0,0.375,0.0,-0.0,5,0
258.365,218.309,-1.958,-0.001,16.614,-0.0,16.614,0.001,0.012,-0.115,0.393,0.0,-0.0,0,0.388,0.0,-0.0,5,0
258.465,219.97,-1.959,-0.0,16.608,-0.0,16.608,0.001,0.01,-0.021,0.405,0.0,-0.0,0,0.402,0.0,-0.0,5,0
258.565,221.63,-1.96,-0.0,16.607,-0.0,16.607,0.0,0.008,0.024,0.41,0.0,-0.0,0,0.408,0.0,-0.0,5,0
258.665,223.291,-1.96,-0.0,16.61,-0.0,16.61,0.0,0.007,0.056,0.412,0.0,-0.0,0,0.411,0.0,-0.0,5,0
258.815,225.784,-1.961,-0.0,16.62,-0.0,16.62,0.0,0.006,0.076,0.413,0.0,-0.0,0,0.413,0.0,-0.0,5,0
258.915,227.446,-1.961,-0.0,16.629,-0.0,16.629,0.0,0.004,0.088,0.412,0.0,-0.0,0,0.412,0.0,-0.0,5,0
259.015,229.11,-1.962,-0.0,16.637,-0.0,16.637,0.0,0.004,0.086,0.41,0.0,-0.0,0,0.411,0.0,-0.0,5,0
259.115,230.774,-1.962,-0.0,16.646,-0.0,16.646,0.0,0.003,0.078,0.407,0.0,-0.0,0,0.409,0.0,-0.0,5,0
259.265,233.272,-1.963,-0.0,16.657,-0.0,16.657,0.0,0.003,0.068,0.405,0.0,-0.0,0,0.406,0.0,-0.0,5,0
259.365,234.938,-1.963,-0.0,16.663,-0.0,16.663,0.0,0.002,0.055,0.402,0.0,-0.0,0,0.404,0.0,-0.0,5,0
259.465,236.604,-1.964,-0.0,16.667,-0.0,16.667,0.0,0.002,0.036,0.399,0.0,-0.0,0,0.4,0.0,-0.0,5,0
259.565,238.271,-1.964,-0.0,16.671,-0.0,16.671,0.0,0.002,0.025,0.397,0.0,-0.0,0,0.398,0.0,-0.0,5,0
259.715,240.772,-1.964,-0.0,16.674,-0.0,16.674,0.0,0.001,0.01,0.395,0.0,-0.0,0,0.396,0.0,-0.0,5,0
259.865,243.273,-1.965,-0.0,16.674,-0.0,16.674,0.0,0.001,0.002,0.394,0.0,-0.0,0,0.395,0.0,-0.0,5,0
259.965,244.94,-1.965,-0.0,16.674,-0.0,16.674,0.0,0.001,-0.006,0.394,0.0,-0.0,0,0.394,0.0,-0.0,5,0
260.065,246.608,-1.965,-0.0,16.674,-0.0,16.674,0.0,0.001,-0.009,0.393,0.0,-0.0,0,0.393,0.0,-0.0,5,0
260.215,249.109,-1.965,-0.0,16.672,-0.0,16.672,0.0,0.001,-0.011,0.393,0.0,-0.0,0,0.393,0.0,-0.0,5,0
260.315,250.776,-1.966,-0.0,16.671,-0.0,16.671,0.0,0.001,-0.011,0.394,0.0,-0.0,0,0.394,0.0,-0.0,5,0
260.415,252.443,-1.966,-0.0,16.67,-0.0,16.67,0.0,0.0,-0.011,0.394,0.0,-0.0,0,0.394,0.0,-0.0,5,0
260.565,254.943,-1.966,-0.0,16.668,0.0,16.668,0.0,0.0,-0.009,0.394,0.0,-0.0,0,0.394,0.0,-0.0,5,0
260.665,256.61,-1.966,-0.0,16.668,0.0,16.668,0.0,0.0,-0.007,0.395,0.0,-0.0,0,0.395,0.0,-0.0,5,0
260.815,259.11,-1.967,-0.0,16.667,0.0,16.667,0.0,0.0,-0.005,0.395,0.0,-0.0,0,0.395,0.0,-0.0,5,0
260.915,260.777,-1.967,-0.0,16.666,-0.0,16.666,0.0,0.0,-0.003,0.395,0.0,-0.0,0,0.395,0.0,-0.0,5,0
261.015,262.443,-1.967,-0.0,16.666,0.0,16.666,0.0,0.0,-0.002,0.396,0.0,-0.0,0,0.396,0.0,-0.0,5,0
261.165,264.943,-1.967,-0.0,16.666,0.0,16.666,0.0,0.0,-0.001,0.396,0.0,-0.0,0,0.396,0.0,-0.0,5,0
261.265,266.61,-1.967,-0.0,16.666,0.0,16.666,0.0,0.0,0.0,0.396,0.0,-0.0,0,0.396,0.0,-0.0,5,0
261.415,269.11,-1.968,-0.0,16.666,-0.0,16.666,0.0,0.0,0.001,0.396,0.0,-0.0,0,0.396,0.0,-0.0,5,0
261.515,270.776,-1.968,-0.0,16.666,0.0,16.666,0.0,0.0,0.001,0.396,0.0,-0.0,0,0.396,0.0,-0.0,5,0
261.615,272.443,-1.968,-0.0,16.666,0.0,16.666,0.0,0.0,0.001,0.396,0.0,-0.0,0,0.396,0.0,-0.0,5,0
261.715,274.109,-1.968,-0.0,16.666,0.0,16.666,0.0,0.0,0.001,0.396,0.0,-0.0,0,0.396,0.0,-0.0,5,0
261.865,276.609,-1.969,-0.0,16.666,-0.0,16.666,0.0,0.0,0.001,0.396,0.0,0.0,0,0.396,0.0,-0.0,5,0
261.965,278.276,-1.969,-0.0,16.667,-0.0,16.667,-0.0,-0.002,0.001,0.396,0.0,0.0,0,0.396,0.0,0.0,5,0
262.115,280.776,-1.969,-0.0,16.667,-0.0,16.667,-0.0,-0.005,0.001,0.396,0.0,0.0,0,0.396,0.0,0.0,5,0
262.215,282.442,-1.969,-0.0,16.667,-0.0,16.667,-0.0,-0.007,0.0,0.396,0.0,0.0,0,0.396,0.0,0.0,5,0
262.365,284.942,-1.97,-0.0,16.667,0.0,16.667,-0.001,-0.008,0.0,0.396,0.0,0.0,0,0.396,0.0,0.0,5,0
262.465,286.609,-1.97,-0.0,16.667,0.0,16.667,-0.001,-0.007,0.0,0.396,0.0,0.0,0,0.396,0.0,0.0,5,0
262.565,288.275,-1.971,-0.0,16.667,0.0,16.667,-0.0,-0.006,0.0,0.396,0.0,0.0,0,0.396,0.0,0.0,5,0
262.715,290.775,-1.972,-0.0,16.667,0.0,16.667,-0.0,-0.005,-0.0,0.396,0.0,0.0,0,0.396,0.0,0.0,5,0
262.815,292.442,-1.972,-0.0,16.667,0.0,16.667,-0.0,-0.004,-0.0,0.396,0.0,0.0,0,0.396,0.0,0.0,5,0
262.965,294.942,-1.973,-0.0,16.667,0.0,16.667,-0.0,-0.002,-0.0,0.396,0.0,0.0,0,0.396,0.0,0.0,5,0
263.065,296.608,-1.974,-0.0,16.667,0.0,16.667,-0.0,-0.002,-0.205,0.0,0.0,0.0,0,0.0,0.0,0.0,5,0
263.215,299.102,-1.975,-0.0,16.555,0.0,16.555,-0.0,-0.001,-0.961,0.0,0.0,0.0,0,0.0,0.0,0.0,5,0
263.365,301.577,-1.976,-0.0,16.49,0.0,16.49,-0.0,-0.0,-0.093,0.0,0.0,-0.0,0,0.0,0.0,-0.0,0,0
263.465,303.2,-1.977,-0.0,16.054,0.0,16.054,0.0,-0.0,-3.39,0.0,0.0,-0.0,0,0.0,0.0,-0.0,4,0
263.615,305.569,-1.978,-0.0,15.583,-0.0,15.583,0.0,0.0,-2.802,0.0,0.0,-0.0,0,0.0,0.0,-0.0,4,0
263.765,307.873,-1.979,-0.0,15.174,-0.0,15.174,0.0,-0.001,-2.616,0.0,0.0,0.0,0,0.0,0.0,0.0,4,0
263.865,309.376,-1.98,-0.0,14.914,-0.0,14.914,-0.0,-0.001,-2.551,0.0,0.0,0.0,0,0.0,0.0,0.0,4,0
264.015,311.583,-1.981,-0.0,14.536,-0.0,14.536,-0.0,-0.002,-2.5,0.0,0.0,0.0,0,0.0,0.0,0.0,4,0
264.115,313.023,-1.982,-0.001,14.289,-0.0,14.289,-0.0,-0.003,-2.434,0.0,0.0,0.0,0,0.0,0.0,0.0,4,0
264.215,314.438,-1.983,-0.001,14.047,-0.0,14.047,-0.0,-0.002,-2.393,0.0,0.0,0.0,0,0.0,0.0,0.0,4,0
264.365,316.517,-1.984,-0.001,13.691,0.0,13.691,-0.0,-0.001,-2.333,0.0,1.0,0.0,0,0.0,0.0,0.0,4,0
264.515,318.539,-1.985,-0.001,13.267,0.0,13.267,-0.0,-0.001,-3.155,0.0,1.0,0.0,0,0.0,1.0,0.0,4,0
264.615,319.838,-1.986,-0.001,12.642,0.0,12.642,0.0,-0.0,-9.152,0.0,1.0,0.0,0,0.0,1.0,0.0,3,0
264.765,321.626,-1.987,-0.001,11.327,-0.0,11.327,0.0,0.0,-8.168,0.0,1.0,0.0,0,0.0,1.0,0.0,3,0
264.915,323.228,-1.988,-0.001,10.154,-0.0,10.154,0.0,0.0,-7.337,0.0,1.0,0.0,0,0.0,1.0,0.0,3,0
265.015,324.215,-1.988,-0.001,9.527,-0.0,9.527,0.0,3.834,-11.447,0.0,0.0,-0.0,0,1.0,0.0,-1.0,2,0
265.165,325.53,-1.97,0.011,8.321,0.01,8.321,0.029,-0.654,-5.104,0.0,0.0,0.02,0,0.0,0.0,0.004,2,0
265.265,326.335,-1.964,0.01,7.848,-0.04,7.848,-0.031,-0.445,-4.505,0.0,0.0,0.047,0,0.0,0.0,0.022,2,0
265.365,327.097,-1.964,0.005,7.426,-0.091,7.426,-0.088,-0.905,-4.172,0.0,0.0,0.089,0,0.0,0.0,0.049,2,0
265.515,328.176,-1.991,-0.017,7.13,-0.193,7.127,-0.196,-3.109,-5.857,0.0,0.0,0.147,0,0.0,0.0,0.144,0,0
265.665,329.155,-2.071,-0.061,5.928,-0.394,5.915,-0.364,-3.573,-8.698,0.0,0.0,0.264,0,0.0,0.0,0.205,1,0
265.765,329.711,-2.157,-0.1,5.42,-0.455,5.401,-0.371,-2.387,-4.314,0.0,0.0,0.32,0,0.0,0.0,0.262,1,0
265.915,330.449,-2.328,-0.169,4.656,-0.592,4.618,-0.493,-3.79,-7.165,0.0,0.0,0.366,0,0.0,0.0,0.316,1,0
266.015,330.86,-2.469,-0.217,4.134,-0.669,4.08,-0.502,-1.889,-4.432,0.0,0.0,0.349,0,0.0,0.0,0.358,1,0
266.165,331.384,-2.701,-0.289,3.586,-0.681,3.52,-0.489,-1.2,-3.387,0.013,0.0,0.382,0,0.0,0.0,0.393,1,0
266.265,331.684,-2.863,-0.336,3.285,-0.634,3.223,-0.45,-0.442,-2.762,0.306,0.0,0.425,0,0.144,0.0,0.37,1,0
266.415,332.078,-3.107,-0.401,2.974,-0.614,2.91,-0.435,-0.977,-1.487,0.623,0.0,0.394,0,0.447,0.0,0.416,1,0
266.515,332.32,-3.279,-0.444,3.005,-0.596,2.945,-0.417,-2.759,0.725,0.582,0.0,0.441,0,0.628,0.0,0.45,1,0
266.615,332.561,-3.472,-0.491,3.175,-0.682,3.1,-0.485,-1.979,1.982,0.494,0.0,0.418,0,0.57,0.0,0.43,1,0
266.765,332.937,-3.807,-0.565,3.509,-0.702,3.438,-0.5,-3.007,0.514,0.422,0.0,0.451,0,0.419,0.0,0.461,1,0
266.865,333.186,-4.062,-0.619,3.629,-0.783,3.543,-0.568,-1.909,0.741,0.488,0.0,0.425,0,0.5,0.0,0.438,1,0
267.015,333.546,-4.486,-0.705,3.802,-0.84,3.708,-0.611,-2.771,0.585,0.481,0.0,0.459,0,0.44,0.0,0.473,1,0
267.115,333.771,-4.8,-0.767,3.926,-0.856,3.831,-0.62,-2.21,0.759,0.396,0.0,0.494,0,0.427,0.0,0.444,1,0
267.265,334.08,-5.311,-0.863,4.042,-0.908,3.939,-0.668,-2.775,-0.076,0.426,0.0,0.464,0,0.362,0.0,0.48,1,0
267.365,334.262,-5.674,-0.928,4.104,-0.873,4.01,-0.638,-1.938,0.125,0.361,0.0,0.468,0,0.39,0.0,0.43,1,0
267.465,334.425,-6.051,-0.991,4.134,-0.885,4.038,-0.654,-2.366,-0.378,0.399,0.0,0.433,0,0.352,0.0,0.451,1,0
267.565,334.565,-6.44,-1.055,4.156,-0.853,4.068,-0.626,-1.838,-0.081,0.362,0.0,0.397,0,0.382,0.0,0.415,1,0
267.665,334.688,-6.838,-1.114,4.187,-0.794,4.112,-0.58,-1.624,-0.181,0.334,0.0,0.364,0,0.346,0.0,0.38,1,0
267.765,334.794,-7.242,-1.169,4.197,-0.731,4.133,-0.535,-1.494,-0.366,0.344,0.0,0.336,0,0.34,0.0,0.349,1,0
267.865,334.884,-7.651,-1.22,4.189,-0.675,4.135,-0.494,-1.564,-0.355,0.357,0.0,0.314,0,0.344,0.0,0.336,1,0
267.965,334.958,-8.062,-1.268,4.182,-0.63,4.135,-0.462,-1.483,-0.262,0.365,0.0,0.301,0,0.357,0.0,0.314,1,0
268.065,335.018,-8.475,-1.311,4.183,-0.583,4.142,-0.427,-1.36,-0.171,0.354,0.0,0.272,0,0.353,0.0,0.289,1,0
268.115,335.043,-8.682,-1.332,4.182,-0.551,4.145,-0.401,-1.15,-0.158,0.349,0.0,0.248,0,0.344,0.0,0.26,1,0
268.215,335.085,-9.098,-1.37,4.177,-0.503,4.147,-0.366,-1.083,-0.188,0.711,0.0,0.228,0,0.345,0.0,0.238,1,0
268.315,335.116,-9.514,-1.405,4.183,-0.463,4.157,-0.337,-0.773,0.915,1.0,0.0,0.197,0,0.471,0.0,0.207,1,0
268.415,335.139,-9.937,-1.436,4.302,-0.414,4.282,-0.302,-1.067,2.137,0.513,0.0,0.167,0,0.582,0.0,0.187,1,0
268.515,335.154,-10.38,-1.465,4.523,-0.373,4.507,-0.274,-0.671,2.122,0.362,0.0,0.157,0,0.513,0.0,0.167,1,0
268.565,335.16,-10.608,-1.478,4.602,-0.354,4.588,-0.261,-0.779,0.588,0.283,0.0,0.141,0,0.29,0.0,0.149,1,0
268.665,335.165,-11.071,-1.503,4.632,-0.317,4.622,-0.235,-0.696,-0.374,0.4,0.0,0.114,0,0.34,0.0,0.134,1,0
268.765,335.164,-11.532,-1.524,4.609,-0.264,4.602,-0.195,-0.425,0.08,0.419,0.0,0.1,0,0.434,0.0,0.106,1,0
268.865,335.159,-11.994,-1.542,4.631,-0.228,4.625,-0.169,-0.49,0.296,0.388,0.0,0.094,0,0.419,0.0,0.1,1,0
268.965,335.149,-12.458,-1.557,4.654,-0.184,4.651,-0.135,-0.028,0.17,0.335,0.0,0.071,0,0.35,0.0,0.076,1,0
269.065,335.137,-12.923,-1.569,4.639,-0.153,4.637,-0.113,-0.283,-0.235,0.353,0.0,0.062,0,0.334,0.0,0.066,1,0
269.115,335.13,-13.154,-1.574,4.625,-0.143,4.623,-0.106,-0.305,-0.217,0.38,0.0,0.043,0,0.369,0.0,0.059,1,0
269.215,335.114,-13.615,-1.584,4.608,-0.107,4.607,-0.078,-0.072,-0.033,0.369,0.0,0.037,0,0.376,0.0,0.04,1,0
269.315,335.097,-14.076,-1.591,4.605,-0.086,4.604,-0.063,-0.154,-0.057,0.358,0.0,0.022,0,0.359,0.0,0.035,1,0
269.415,335.08,-14.535,-1.596,4.596,-0.058,4.596,-0.041,0.021,-0.121,0.365,0.0,0.018,0,0.358,0.0,0.02,1,0
269.515,335.063,-14.994,-1.599,4.583,-0.043,4.583,-0.031,-0.031,-0.144,0.368,0.0,0.017,0,0.365,0.0,0.018,1,0
269.565,335.055,-15.223,-1.601,4.578,-0.039,4.578,-0.029,0.243,-0.079,0.371,0.0,0.006,0,0.374,0.0,0.007,1,0
269.665,335.039,-15.68,-1.602,4.573,-0.016,4.573,-0.011,0.024,-0.047,0.367,0.0,0.005,0,0.372,0.0,0.005,1,0
269.765,335.023,-16.137,-1.603,4.569,-0.011,4.569,-0.008,-0.012,-0.056,0.367,0.0,-0.003,0,0.369,0.0,0.004,1,0
269.865,335.007,-16.593,-1.604,4.565,0.002,4.565,0.003,0.1,-0.052,0.37,0.0,-0.004,0,0.372,0.0,-0.004,1,0
269.965,334.993,-17.049,-1.603,4.562,0.008,4.562,0.006,0.038,-0.031,0.371,0.0,-0.009,0,0.374,0.0,-0.004,1,0
270.065,334.98,-17.505,-1.602,4.56,0.017,4.56,0.013,0.108,-0.021,0.37,0.0,-0.009,0,0.374,0.0,-0.009,1,0
270.165,334.967,-17.961,-1.601,4.56,0.02,4.56,0.015,0.057,-0.021,0.37,0.0,-0.012,0,0.373,0.0,-0.008,1,0
270.265,334.956,-18.417,-1.599,4.559,0.025,4.559,0.019,0.104,-0.021,0.371,0.0,-0.011,0,0.374,0.0,-0.012,1,0
270.365,334.946,-18.872,-1.597,4.558,0.025,4.558,0.019,0.064,-0.015,0.371,0.0,-0.01,0,0.374,0.0,-0.011,1,0
270.465,334.937,-19.328,-1.595,4.559,0.023,4.559,0.017,0.058,0.015,0.371,0.0,-0.012,0,0.371,0.0,-0.01,1,0
270.515,334.932,-19.556,-1.595,4.558,0.027,4.558,0.02,0.094,0.015,0.374,0.0,-0.011,0,0.371,0.0,-0.012,1,0
270.615,334.925,-20.012,-1.593,4.558,0.026,4.558,0.019,0.065,0.015,0.374,0.0,-0.012,0,0.371,0.0,-0.011,1,0
270.715,334.917,-20.468,-1.591,4.558,0.027,4.558,0.02,0.083,0.015,0.374,0.0,-0.011,0,0.371,0.0,-0.012,1,0
270.815,334.911,-20.923,-1.589,4.558,0.025,4.558,0.019,0.061,0.016,0.374,0.0,-0.011,0,0.371,0.0,-0.011,1,0
270.915,334.906,-21.379,-1.587,4.559,0.025,4.558,0.018,0.069,0.015,0.374,0.0,-0.01,0,0.371,0.0,-0.011,1,0
271.015,334.901,-21.835,-1.585,4.559,0.023,4.559,0.017,0.057,-0.013,0.371,0.0,-0.01,0,0.374,0.0,-0.01,1,0
271.065,334.899,-22.063,-1.584,4.559,0.022,4.559,0.016,0.047,-0.013,0.371,0.0,-0.009,0,0.374,0.0,-0.009,1,0
271.165,334.895,-22.519,-1.583,4.56,0.021,4.56,0.015,0.052,-0.013,0.371,0.0,-0.008,0,0.374,0.0,-0.009,1,0
271.265,334.892,-22.975,-1.581,4.56,0.019,4.56,0.014,0.042,-0.013,0.371,0.0,-0.008,0,0.374,0.0,-0.008,1,0
271.365,334.889,-23.431,-1.58,4.56,0.018,4.56,0.013,0.052,0.014,0.374,0.0,-0.007,0,0.371,0.0,-0.008,1,0
271.415,334.888,-23.659,-1.579,4.559,0.017,4.559,0.012,0.038,0.014,0.374,0.0,-0.007,0,0.371,0.0,-0.007,1,0
271.515,334.886,-24.115,-1.578,4.559,0.015,4.559,0.011,0.033,0.014,0.374,0.0,-0.006,0,0.371,0.0,-0.006,1,0
271.615,334.884,-24.571,-1.577,4.559,0.014,4.559,0.01,0.03,0.014,0.374,0.0,-0.005,0,0.371,0.0,-0.006,1,0
271.715,334.883,-25.027,-1.576,4.559,0.012,4.559,0.009,0.027,-0.014,0.371,0.0,-0.005,0,0.374,0.0,-0.005,1,0
271.765,334.882,-25.255,-1.576,4.56,0.012,4.56,0.009,0.021,-0.014,0.371,0.0,-0.004,0,0.374,0.0,-0.005,1,0
271.865,334.881,-25.711,-1.575,4.56,0.01,4.56,0.007,0.021,-0.014,0.371,0.0,-0.004,0,0.374,0.0,-0.004,1,0
271.965,334.88,-26.167,-1.574,4.56,0.009,4.56,0.007,0.012,-0.014,0.371,0.0,-0.003,0,0.374,0.0,-0.004,1,0
272.065,334.88,-26.622,-1.574,4.56,0.008,4.56,0.006,0.015,-0.014,0.371,0.0,-0.003,0,0.374,0.0,-0.003,1,0
272.165,334.879,-27.078,-1.573,4.56,0.007,4.56,0.005,0.014,-0.014,0.371,0.0,-0.002,0,0.374,0.0,-0.003,1,0
272.265,334.879,-27.534,-1.573,4.56,0.006,4.56,0.004,0.005,0.014,0.374,0.0,-0.002,0,0.371,0.0,-0.002,1,0
272.315,334.879,-27.762,-1.572,4.559,0.005,4.559,0.004,0.01,0.014,0.374,0.0,-0.002,0,0.371,0.0,-0.002,1,0
272.415,334.878,-28.218,-1.572,4.559,0.005,4.559,0.003,0.002,0.014,0.374,0.0,-0.002,0,0.371,0.0,-0.002,1,0
272.515,334.878,-28.674,-1.572,4.559,0.004,4.559,0.003,0.006,0.014,0.374,0.0,-0.001,0,0.371,0.0,-0.001,1,0
272.615,334.878,-29.13,-1.572,4.559,0.003,4.559,0.002,0.006,0.014,0.374,0.0,-0.001,0,0.371,0.0,-0.001,1,0
272.715,334.878,-29.586,-1.571,4.559,0.002,4.559,0.002,0.002,0.014,0.374,0.0,-0.001,0,0.371,0.0,-0.001,1,0
272.815,334.878,-30.042,-1.571,4.559,0.002,4.559,0.001,0.003,0.014,0.0,1.0,0.0,0,0.371,0.0,-0.001,1,0
272.915,334.878,-30.497,-1.571,4.504,0.0,4.504,0.0,-0.006,-3.438,0.0,1.0,0.0,0,0.0,1.0,0.0,1,0
273.015,334.878,-30.926,-1.571,4.071,0.0,4.071,0.0,-0.001,-6.259,0.0,1.0,0.0,0,0.0,1.0,0.0,1,0
273.115,334.878,-31.298,-1.571,3.454,-0.0,3.454,0.0,-0.0,-5.729,0.0,1.0,0.0,0,0.0,1.0,0.0,1,0
273.215,334.878,-31.611,-1.571,2.876,-0.0,2.876,0.0,0.0,-5.488,0.0,1.0,0.0,0,0.0,1.0,0.0,1,0
273.315,334.878,-31.868,-1.571,2.328,-0.0,2.328,0.0,0.0,-18.275,0.0,1.0,0.0,0,0.0,1.0,0.0,1,0
273.415,334.878,-31.988,-1.571,0.204,-0.0,0.204,0.0,0.0,-4.094,0.0,1.0,0.0,0,0.0,1.0,0.0,1,0
273.515,334.878,-31.989,-1.571,0.006,-0.0,-0.006,0.0,0.0,-0.014,0.0,1.0,0.0,0,0.0,1.0,0.0,1,1
273.615,334.878,-31.99,-1.571,0.006,-0.0,-0.006,0.0,0.0,0.022,0.0,1.0,0.0,0,0.0,1.0,0.0,1,1
273.715,334.878,-31.991,-1.571,0.004,-0.0,-0.004,0.0,0.0,0.018,0.0,1.0,0.0,0,0.0,1.0,0.0,1,1
273.815,334.878,-31.991,-1.571,0.002,-0.0,-0.002,0.0,-0.0,0.014,0.0,1.0,0.0,0,0.0,1.0,0.0,1,1
273.865,334.878,-31.991,-1.571,0.001,-0.0,-0.001,0.0,0.0,0.008,0.0,1.0,0.0,0,0.0,1.0,0.0,1,1
274.015,334.878,-31.992,-1.571,0.001,-0.0,-0.001,-0.0,-0.0,0.004,0.0,1.0,0.0,0,0.0,1.0,0.0,1,1
274.115,334.878,-31.992,-1.571,0.0,0.0,-0.0,-0.0,0.0,0.002,0.0,1.0,0.0,0,0.0,1.0,0.0,1,1
274.215,334.878,-31.992,-1.571,0.0,-0.0,0.0,-0.0,0.0,0.0,0.0,1.0,0.0,0,0.0,1.0,0.0,1,1
275.265,334.878,-31.992,-1.571,0.0,-0.0,0.0,-0.0,0.0,0.0,0.0,1.0,0.0,0,0.0,1.0,0.0,1,1
276.315,334.878,-31.992,-1.571,0.0,-0.0,0.0,-0.0,0.0,0.0,0.0,1.0,0.0,0,0.0,1.0,0.0,1,1
276.515,334.878,-31.992,-1.571,0.0,-0.0,0.0,-0.0,0.0,0.0,1.0,0.0,-0.001,0,0.0,1.0,0.0,1,1
276.665,334.878,-31.992,-1.571,0.0,-0.0,-0.0,-0.0,-0.0,-0.0,1.0,0.0,-0.0,0,1.0,0.0,-0.0,1,1
276.715,334.878,-31.993,-1.571,0.014,-0.0,-0.014,-0.0,0.0,1.917,1.0,0.0,-0.0,0,1.0,0.0,-0.0,1,1
276.815,334.878,-31.997,-1.571,0.036,-0.0,0.036,0.0,0.004,3.193,1.0,0.0,-0.0,0,1.0,0.0,-0.0,1,1
276.915,334.878,-32.018,-1.571,0.435,-0.0,0.435,-0.005,-0.014,4.254,1.0,0.0,-0.0,0,1.0,0.0,-0.0,1,0
277.015,334.878,-32.083,-1.571,0.833,0.0,0.833,0.009,-0.013,5.779,1.0,0.0,-0.0,0,1.0,0.0,-0.001,1,0
277.115,334.878,-32.198,-1.571,1.402,0.001,1.402,-0.003,-0.012,5.479,1.0,0.0,-0.001,0,1.0,0.0,-0.0,1,0
277.215,334.878,-32.37,-1.572,2.019,0.001,2.019,0.002,0.009,6.778,1.0,0.0,-0.001,0,1.0,0.0,-0.001,1,0
277.315,334.878,-32.61,-1.572,2.718,0.001,2.718,0.008,0.009,8.67,1.0,0.0,-0.001,0,1.0,0.0,-0.001,1,0
277.415,334.878,-32.929,-1.572,3.565,0.001,3.565,0.001,0.005,7.731,0.794,0.0,-0.001,0,1.0,0.0,-0.001,1,0
277.515,334.878,-33.328,-1.572,4.304,0.001,4.304,0.001,0.001,7.045,0.558,0.0,-0.0,0,0.794,0.0,-0.001,1,0
277.565,334.878,-33.552,-1.571,4.587,0.001,4.587,0.001,0.002,3.753,0.276,0.0,-0.0,0,0.36,0.0,-0.0,1,0
277.665,334.878,-34.028,-1.571,4.867,0.001,4.867,0.001,0.003,0.582,0.385,0.0,-0.0,0,0.298,0.0,-0.0,1,0
277.765,334.878,-34.517,-1.571,4.902,0.001,4.902,0.001,0.0,0.245,0.468,0.0,-0.0,0,0.455,0.0,-0.0,1,0
277.865,334.878,-35.008,-1.571,4.94,0.001,4.94,0.0,-0.0,0.579,0.348,0.0,-0.0,0,0.421,0.0,-0.0,1,0
277.965,334.878,-35.504,-1.571,4.984,0.0,4.984,0.0,-0.001,-0.162,0.273,0.0,-0.0,0,0.291,0.0,-0.0,1,0
278.065,334.877,-36.001,-1.571,4.946,0.0,4.946,0.0,0.0,-0.829,0.325,0.0,-0.0,0,0.291,0.0,-0.0,1,0
278.165,334.877,-36.491,-1.571,4.864,0.0,4.864,0.0,0.0,-0.668,0.359,0.0,-0.0,0,0.352,0.0,-0.0,1,0
278.265,334.877,-36.973,-1.571,4.806,0.0,4.806,0.0,0.001,-0.407,0.334,0.0,-0.0,0,0.35,0.0,-0.0,1,0
278.365,334.877,-37.452,-1.571,4.765,0.0,4.765,0.0,-0.0,-0.413,0.324,0.0,-0.0,0,0.334,0.0,-0.0,1,0
278.415,334.877,-37.689,-1.571,4.741,0.0,4.741,0.0,-0.001,-0.522,0.334,0.0,0.0,0,0.324,0.0,0.0,1,0
278.515,334.876,-38.16,-1.571,4.689,-0.0,4.689,-0.0,-0.002,-0.46,0.356,0.0,0.0,0,0.347,0.0,0.0,1,0
278.615,334.876,-38.627,-1.571,4.647,-0.0,4.647,-0.0,-0.0,-0.372,0.36,0.0,0.0,0,0.356,0.0,0.0,1,0
278.665,334.876,-38.859,-1.571,4.633,-0.0,4.633,-0.0,0.001,-0.235,0.356,0.0,-0.0,0,0.359,0.0,-0.0,1,0
278.765,334.875,-39.321,-1.571,4.61,0.0,4.61,0.0,-0.0,-0.203,0.357,0.0,-0.0,0,0.356,0.0,-0.0,1,0
278.865,334.875,-39.781,-1.571,4.591,0.0,4.591,-0.0,-0.001,-0.174,0.365,0.0,0.0,0,0.361,0.0,0.0,1,0
278.965,334.875,-40.239,-1.571,4.575,-0.0,4.575,-0.001,-0.003,-0.118,0.37,0.0,0.0,0,0.368,0.0,0.0,1,0
279.065,334.875,-40.696,-1.571,4.564,-0.0,4.564,-0.002,-0.0,-0.061,0.371,0.0,0.0,0,0.371,0.0,0.0,1,0
279.165,334.874,-41.152,-1.571,4.559,0.0,4.559,-0.002,-0.001,-0.032,0.37,0.0,0.0,0,0.371,0.0,0.0,1,0
279.265,334.874,-41.608,-1.571,4.556,0.0,4.556,-0.002,0.001,-0.027,0.371,0.0,0.0,0,0.37,0.0,0.0,1,0
279.315,334.874,-41.836,-1.571,4.555,-0.0,4.555,0.002,0.002,-0.018,0.372,0.0,-0.0,0,0.372,0.0,-0.0,1,0
279.415,334.873,-42.291,-1.571,4.554,0.0,4.554,0.002,0.002,-0.004,0.373,0.0,-0.0,0,0.373,0.0,-0.0,1,0
279.515,334.873,-42.746,-1.571,4.553,0.0,4.553,0.002,0.001,0.006,0.373,0.0,0.0,0,0.373,0.0,-0.0,1,0
279.615,334.873,-43.202,-1.571,4.554,-0.0,4.554,0.002,-0.001,0.007,0.373,0.0,0.0,0,0.373,0.0,0.0,1,0
279.715,334.873,-43.657,-1.571,4.555,-0.0,4.555,0.002,0.0,0.007,0.373,0.0,0.0,0,0.373,0.0,0.0,1,0
279.815,334.873,-44.113,-1.571,4.556,-0.0,4.556,0.002,0.001,0.008,0.373,0.0,0.0,0,0.373,0.0,0.0,1,0
279.915,334.872,-44.568,-1.571,4.556,-0.0,4.556,0.002,-0.0,0.008,0.373,0.0,0.007,0,0.373,0.0,0.0,1,0
280.015,334.871,-45.024,-1.572,4.557,-0.011,4.557,-0.007,-0.255,0.006,0.373,0.0,0.007,0,0.373,0.0,0.007,1,0
280.065,334.871,-45.252,-1.572,4.557,-0.014,4.557,-0.013,-0.077,0.007,0.373,0.0,0.007,0,0.373,0.0,0.007,1,0
280.165,334.868,-45.708,-1.573,4.558,-0.016,4.558,-0.014,-0.881,-0.017,0.373,0.0,0.031,0,0.373,0.0,0.03,1,0
280.265,334.861,-46.163,-1.577,4.557,-0.062,4.557,-0.051,-0.291,0.008,0.374,0.0,0.064,0,0.375,0.0,0.03,1,0
280.365,334.848,-46.619,-1.584,4.556,-0.119,4.555,-0.095,-1.435,-0.072,0.373,0.0,0.064,0,0.374,0.0,0.064,1,0
280.465,334.827,-47.074,-1.594,4.557,-0.138,4.555,-0.106,-0.542,-0.001,0.375,0.0,0.061,0,0.379,0.0,0.063,1,0
280.565,334.799,-47.529,-1.606,4.556,-0.199,4.551,-0.155,-1.891,-0.153,0.369,0.0,0.103,0,0.373,0.0,0.104,1,0
280.665,334.758,-47.982,-1.622,4.556,-0.22,4.551,-0.167,-0.808,-0.027,0.377,0.0,0.15,0,0.384,0.0,0.101,1,0
280.765,334.702,-48.434,-1.644,4.552,-0.31,4.541,-0.237,-1.436,-0.099,0.389,0.0,0.144,0,0.375,0.0,0.148,1,0
280.865,334.632,-48.884,-1.669,4.55,-0.384,4.534,-0.294,-2.687,-0.342,0.37,0.0,0.192,0,0.38,0.0,0.195,1,0
280.915,334.588,-49.107,-1.684,4.552,-0.402,4.534,-0.303,-1.348,-0.036,0.38,0.0,0.239,0,0.394,0.0,0.186,1,0
281.015,334.49,-49.551,-1.716,4.549,-0.472,4.524,-0.357,-1.982,-0.202,0.399,0.0,0.226,0,0.37,0.0,0.234,1,0
281.115,334.37,-49.99,-1.753,4.555,-0.484,4.53,-0.361,-1.363,0.027,0.372,0.0,0.272,0,0.383,0.0,0.217,1,0
281.215,334.233,-50.424,-1.79,4.555,-0.54,4.523,-0.407,-2.171,-0.321,0.4,0.0,0.258,0,0.358,0.0,0.266,1,0
281.315,334.075,-50.851,-1.831,4.555,-0.548,4.522,-0.409,-3.435,-0.687,0.378,0.0,0.305,0,0.387,0.0,0.313,1,0
281.415,333.893,-51.266,-1.877,4.547,-0.632,4.503,-0.475,-2.004,-0.109,0.386,0.0,0.348,0,0.41,0.0,0.295,1,0
281.515,333.688,-51.672,-1.926,4.55,-0.692,4.497,-0.521,-2.601,-0.369,0.403,0.0,0.327,0,0.365,0.0,0.339,1,0
281.615,333.459,-52.065,-1.978,4.561,-0.692,4.508,-0.515,-3.73,-0.859,0.367,0.0,0.368,0,0.381,0.0,0.379,1,0
281.715,333.205,-52.441,-2.034,4.553,-0.761,4.489,-0.57,-2.298,-0.248,0.385,0.0,0.34,0,0.408,0.0,0.355,1,0
281.765,333.07,-52.624,-2.062,4.561,-0.75,4.499,-0.56,-1.988,-0.107,0.367,0.0,0.391,0,0.385,0.0,0.34,1,0
281.865,332.785,-52.98,-2.118,4.561,-0.784,4.493,-0.59,-2.689,-0.576,0.405,0.0,0.367,0,0.35,0.0,0.38,1,0
281.965,332.477,-53.315,-2.177,4.561,-0.774,4.495,-0.578,-3.805,-1.0,0.376,0.0,0.403,0,0.39,0.0,0.416,1,0
282.065,332.149,-53.628,-2.238,4.551,-0.835,4.473,-0.627,-2.416,-0.255,0.386,0.0,0.435,0,0.416,0.0,0.389,1,0
282.165,331.8,-53.919,-2.301,4.554,-0.873,4.47,-0.657,-3.95,-0.973,0.362,0.0,0.422,0,0.386,0.0,0.435,1,0
282.215,331.617,-54.054,-2.334,4.558,-0.873,4.474,-0.653,-2.558,-0.352,0.377,0.0,0.456,0,0.404,0.0,0.406,1,0
282.315,331.24,-54.307,-2.399,4.554,-0.909,4.463,-0.683,-3.085,-0.674,0.444,0.0,0.424,0,0.362,0.0,0.44,1,0
282.415,330.845,-54.532,-2.467,4.567,-0.89,4.479,-0.663,-2.4,-0.093,0.369,0.0,0.388,0,0.398,0.0,0.406,1,0
282.515,330.436,-54.737,-2.53,4.603,-0.832,4.527,-0.616,-2.155,-0.113,0.337,0.0,0.442,0,0.369,0.0,0.388,1,0
282.565,330.226,-54.829,-2.563,4.583,-0.887,4.496,-0.668,-2.903,-0.682,0.434,0.0,0.407,0,0.394,0.0,0.426,1,0
282.665,329.798,-54.99,-2.628,4.592,-0.864,4.511,-0.645,-2.186,-0.017,0.367,0.0,0.369,0,0.405,0.0,0.388,1,0
282.765,329.36,-55.131,-2.69,4.63,-0.798,4.561,-0.593,-1.855,-0.23,0.327,0.0,0.334,0,0.334,0.0,0.351,1,0
282.815,329.138,-55.195,-2.718,4.636,-0.761,4.573,-0.563,-1.799,-0.426,0.341,0.0,0.318,0,0.327,0.0,0.334,1,0
282.915,328.69,-55.308,-2.772,4.619,-0.69,4.567,-0.511,-1.999,-0.596,0.381,0.0,0.301,0,0.362,0.0,0.315,1,0
283.015,328.24,-55.402,-2.821,4.599,-0.648,4.554,-0.481,-1.662,-0.386,0.393,0.0,0.286,0,0.381,0.0,0.301,1,0
283.065,328.014,-55.443,-2.845,4.601,-0.622,4.559,-0.462,-1.477,-0.117,0.368,0.0,0.262,0,0.384,0.0,0.273,1,0
283.165,327.559,-55.513,-2.888,4.61,-0.571,4.575,-0.424,-1.325,-0.165,0.355,0.0,0.236,0,0.358,0.0,0.249,1,0
283.265,327.102,-55.569,-2.928,4.608,-0.519,4.579,-0.385,-1.284,-0.207,0.36,0.0,0.225,0,0.355,0.0,0.236,1,0
283.315,326.873,-55.592,-2.947,4.603,-0.493,4.577,-0.365,-1.173,-0.212,0.376,0.0,0.198,0,0.366,0.0,0.214,1,0
283.415,326.415,-55.629,-2.981,4.597,-0.44,4.576,-0.325,-0.96,-0.086,1.0,0.0,0.178,0,0.375,0.0,0.187,1,0
283.515,325.956,-55.656,-3.012,4.615,-0.395,4.598,-0.292,-0.629,1.867,1.0,0.0,0.146,0,1.0,0.0,0.156,1,0
283.615,325.482,-55.677,-3.038,4.905,-0.345,4.893,-0.258,-0.927,3.827,1.0,0.0,0.136,0,1.0,0.0,0.146,1,0
283.665,325.229,-55.686,-3.051,5.165,-0.333,5.155,-0.253,-1.188,5.765,1.0,0.0,0.094,0,1.0,0.0,0.128,1,0
283.765,324.688,-55.7,-3.075,5.475,-0.251,5.47,-0.214,-0.42,0.019,1.0,0.0,0.073,0,1.0,0.0,0.084,1,0
283.865,324.127,-55.711,-3.092,5.781,-0.202,5.778,-0.16,-0.139,0.388,1.0,0.0,0.059,0,1.0,0.0,0.065,1,0
283.915,323.836,-55.716,-3.1,5.801,-0.166,5.798,-0.141,-0.505,-0.142,1.0,0.0,0.052,0,1.0,0.0,0.059,0,0
284.015,323.251,-55.723,-3.113,6.155,-0.138,6.154,-0.121,-0.728,13.691,1.0,0.0,0.041,0,1.0,0.0,0.046,2,0
284.115,322.561,-55.726,-3.124,7.418,-0.125,7.416,-0.114,-0.628,10.026,1.0,0.0,0.03,0,1.0,0.0,0.036,2,0
284.215,321.764,-55.725,-3.135,8.369,-0.098,8.368,-0.097,-0.506,8.273,1.0,0.0,0.022,0,1.0,0.0,0.026,2,0
284.315,320.886,-55.72,3.14,9.039,-0.068,9.039,-0.077,-0.416,5.117,1.0,0.0,0.017,0,1.0,0.0,0.022,2,0
284.365,320.44,-55.715,3.137,8.866,-0.049,8.866,-0.064,-0.282,3.738,1.0,0.0,0.01,0,1.0,0.0,0.014,0,0
284.465,319.524,-55.705,3.131,9.549,-0.028,9.549,-0.042,-0.219,8.356,1.0,0.0,0.004,0,1.0,0.0,0.007,3,0
284.565,318.524,-55.691,3.128,10.335,-0.013,10.335,-0.024,-0.094,6.698,1.0,0.0,0.001,0,1.0,0.0,0.003,3,0
284.665,317.454,-55.676,3.127,10.983,-0.002,10.983,-0.009,-0.005,5.951,1.0,0.0,-0.002,0,1.0,0.0,-0.0,3,0
284.765,316.323,-55.659,3.126,11.568,0.004,11.568,0.001,0.057,5.752,1.0,0.0,-0.003,0,1.0,0.0,-0.002,3,0
284.815,315.736,-55.65,3.127,11.849,0.005,11.849,0.004,0.11,5.533,1.0,0.0,-0.003,0,1.0,0.0,-0.003,3,0
284.915,314.521,-55.633,3.127,12.399,0.006,12.399,0.01,0.144,5.44,1.0,0.0,-0.004,0,1.0,0.0,-0.003,3,0
285.015,313.259,-55.616,3.128,12.727,0.007,12.727,0.013,0.14,-1.509,1.0,0.0,-0.003,0,1.0,0.0,-0.003,0,0
285.115,311.987,-55.601,3.13,12.893,0.005,12.893,0.014,0.154,5.868,1.0,0.0,-0.003,0,1.0,0.0,-0.003,4,0
285.215,310.666,-55.587,3.131,13.457,0.003,13.457,0.013,0.174,5.101,1.0,0.0,-0.002,0,1.0,0.0,-0.003,4,0
285.315,309.292,-55.574,3.132,13.956,0.001,13.956,0.012,0.158,4.748,1.0,0.0,-0.002,0,1.0,0.0,-0.002,4,0
285.415,307.87,-55.562,3.134,14.426,0.0,14.426,0.012,0.137,4.592,1.0,0.0,-0.002,0,1.0,0.0,-0.002,4,0
285.515,306.402,-55.551,3.135,14.884,-0.001,14.884,0.01,0.14,4.525,1.0,0.0,-0.002,0,1.0,0.0,-0.002,4,0
285.565,305.651,-55.546,3.135,15.11,-0.002,15.11,0.009,0.138,4.508,1.0,0.0,-0.001,0,1.0,0.0,-0.002,4,0
285.665,304.116,-55.536,3.136,15.56,-0.003,15.56,0.008,0.12,4.491,1.0,0.0,-0.001,0,1.0,0.0,-0.001,4,0
285.765,302.535,-55.528,3.137,16.009,-0.003,16.009,0.007,0.115,2.498,0.896,0.0,-0.001,0,1.0,0.0,-0.001,4,0
285.865,300.924,-55.52,3.138,16.113,-0.003,16.113,0.006,0.099,1.431,1.0,0.0,-0.001,0,0.987,0.0,-0.001,0,0
285.965,299.301,-55.514,3.138,16.432,-0.003,16.432,0.006,0.094,4.949,1.0,0.0,-0.001,0,1.0,0.0,-0.001,5,0
286.015,298.473,-55.511,3.138,16.658,-0.003,16.658,0.005,0.088,3.952,0.412,0.0,-0.001,0,0.539,0.0,-0.001,5,0
286.115,296.786,-55.506,3.139,16.993,-0.003,16.993,0.005,0.075,1.639,0.288,0.0,-0.001,0,0.304,0.0,-0.001,5,0
286.215,295.079,-55.501,3.139,17.116,-0.003,17.116,0.004,0.069,0.297,0.314,0.0,-0.001,0,0.3,0.0,-0.001,5,0
286.315,293.367,-55.497,3.14,17.131,-0.003,17.131,0.004,0.062,-0.162,0.308,0.0,-0.0,0,0.316,0.0,-0.001,5,0
286.415,291.655,-55.494,3.14,17.109,-0.002,17.109,0.003,0.051,-0.356,0.283,0.0,-0.0,0,0.296,0.0,-0.0,5,0
286.515,289.947,-55.491,3.14,17.07,-0.002,17.07,0.003,0.045,-0.501,0.266,0.0,-0.0,0,0.273,0.0,-0.0,5,0
286.615,288.243,-55.489,3.14,17.017,-0.002,17.017,0.002,0.041,-0.558,0.263,0.0,-0.0,0,0.266,0.0,-0.0,5,0
286.665,287.393,-55.488,3.141,16.987,-0.002,16.987,0.002,0.036,-0.631,0.266,0.0,-0.0,0,0.263,0.0,-0.0,5,0
286.765,285.698,-55.486,3.141,16.923,-0.001,16.923,0.002,0.028,-0.646,0.276,0.0,-0.0,0,0.27,0.0,-0.0,5,0
286.865,284.009,-55.485,3.141,16.859,-0.001,16.859,0.001,0.024,-0.617,0.0,0.0,-0.0,0,0.284,0.0,-0.0,5,0
286.965,282.327,-55.484,3.141,16.79,-0.001,16.79,0.001,0.018,-1.098,0.0,0.0,-0.0,0,0.121,0.0,-0.0,5,0
287.065,280.654,-55.483,3.141,16.671,-0.001,16.671,0.001,0.016,-1.491,0.0,0.0,-0.0,0,0.0,0.0,-0.0,5,0
287.165,278.993,-55.482,3.141,16.597,-0.001,16.597,0.001,0.012,-0.184,0.0,0.0,-0.0,0,0.0,0.0,-0.0,0,0
287.265,277.339,-55.482,3.141,16.384,-0.0,16.384,0.001,0.011,-4.019,0.0,0.0,-0.0,0,0.0,0.0,-0.0,4,0
287.365,275.723,-55.481,3.141,16.008,-0.0,16.008,0.001,0.009,-3.183,0.0,0.0,-0.0,0,0.0,0.0,-0.0,4,0
287.465,274.14,-55.481,3.141,15.7,-0.0,15.7,0.0,0.007,-2.843,0.0,0.0,-0.0,0,0.0,0.0,-0.0,4,0
287.565,272.586,-55.48,3.141,15.42,-0.0,15.42,0.0,0.007,-2.687,0.0,0.0,-0.0,0,0.0,0.0,-0.0,4,0
287.665,271.058,-55.48,3.141,15.154,-0.0,15.154,0.0,0.005,-2.602,0.0,0.0,-0.0,0,0.0,0.0,-0.0,4,0
287.765,269.557,-55.48,3.142,14.895,-0.0,14.895,0.0,0.004,-2.544,0.0,0.0,-0.0,0,0.0,0.0,-0.0,4,0
287.865,268.082,-55.48,3.142,14.642,-0.0,14.642,0.0,0.004,-2.496,0.0,0.0,-0.0,0,0.0,0.0,-0.0,4,0
287.965,266.631,-55.48,3.142,14.393,-0.0,14.393,0.0,0.004,-2.452,0.0,0.0,-0.0,0,0.0,0.0,-0.0,4,0
288.065,265.205,-55.48,3.142,14.149,-0.0,14.149,0.0,0.003,-2.41,0.0,0.0,-0.0,0,0.0,0.0,-0.0,4,0
288.165,263.803,-55.48,-3.142,13.909,-0.0,13.909,0.0,0.002,-2.37,0.0,0.0,-0.0,0,0.0,0.0,-0.0,4,0
288.265,262.426,-55.48,-3.142,13.673,-0.0,13.673,0.0,0.002,-2.33,0.0,0.0,-0.0,0,0.0,0.0,-0.0,4,0
288.365,261.071,-55.48,-3.142,13.441,-0.0,13.441,0.0,0.002,-2.291,0.0,0.0,-0.0,0,0.0,0.0,-0.0,4,0
288.465,259.737,-55.48,-3.142,13.293,0.0,13.293,0.0,0.001,0.734,0.0,0.0,-0.0,0,0.0,0.0,-0.0,0,0
288.565,258.41,-55.48,-3.142,13.11,0.0,13.11,0.0,0.001,-4.389,0.0,0.0,-0.0,0,0.0,0.0,-0.0,0,0
288.665,257.126,-55.48,-3.142,12.647,0.0,12.647,0.0,0.001,-4.354,0.0,1.0,0.0,0,0.0,0.0,-0.0,3,0
288.765,255.887,-55.48,-3.142,12.147,-0.0,12.147,0.0,0.0,-5.57,0.0,1.0,0.0,0,0.0,1.0,0.0,3,0
288.865,254.711,-55.48,-3.142,11.426,-0.0,11.426,0.0,0.0,-7.788,0.0,1.0,0.0,0,0.0,1.0,0.0,3,0
288.965,253.605,-55.48,-3.142,10.805,-0.0,10.805,-0.0,0.0,-7.65,0.0,1.0,0.0,0,0.0,1.0,0.0,0,0
289.065,252.574,-55.48,-3.142,9.776,-0.0,9.776,0.0,0.0,-12.917,0.0,1.0,0.0,0,0.0,1.0,0.0,2,0
289.165,251.659,-55.48,-3.142,8.68,-0.0,8.68,-0.0,0.0,-10.517,0.0,1.0,0.0,0,0.0,1.0,0.0,2,0
289.265,250.838,-55.481,-3.142,7.852,0.0,7.852,-0.0,-0.0,-7.075,0.0,1.0,0.0,0,0.0,1.0,0.0,2,0
289.365,250.09,-55.481,-3.142,7.197,0.0,7.197,-0.0,-0.0,-5.573,0.0,1.0,0.0,0,0.0,1.0,0.0,0,0
289.465,249.423,-55.481,-3.142,5.763,0.0,5.763,0.0,-0.0,-26.264,0.0,1.0,0.0,0,0.0,1.0,0.0,1,0
289.515,249.177,-55.481,-3.142,4.45,-0.0,4.45,0.0,-0.0,-26.405,0.0,1.0,0.0,0,0.0,1.0,0.0,1,0
289.615,248.88,-55.481,-3.142,1.821,-0.0,1.821,0.0,0.0,-25.801,0.0,1.0,0.0,0,0.0,1.0,0.0,1,0
289.715,248.824,-55.481,-3.142,0.005,0.0,-0.005,0.0,-0.001,-0.138,0.0,1.0,0.0,0,0.0,1.0,0.0,1,1
289.815,248.822,-55.481,-3.142,0.012,-0.0,-0.012,-0.0,0.0,0.03,0.0,1.0,0.0,0,0.0,1.0,0.0,1,1
289.915,248.82,-55.481,-3.142,0.009,-0.0,-0.009,-0.0,0.0,0.039,0.0,1.0,0.0,0,0.0,1.0,0.0,1,1
290.065,248.818,-55.481,-3.142,0.004,-0.0,-0.004,-0.0,0.0,0.026,0.0,1.0,0.0,0,0.0,1.0,0.0,1,1
290.165,248.817,-55.481,-3.142,0.002,-0.0,-0.002,-0.0,0.0,0.015,0.0,1.0,0.0,0,0.0,1.0,0.0,1,1
290.265,248.817,-55.481,-3.142,0.001,-0.0,-0.001,-0.0,0.0,0.008,0.0,1.0,0.0,0,0.0,1.0,0.0,1,1
290.365,248.817,-55.481,-3.142,0.001,-0.0,-0.001,-0.0,0.0,0.004,0.0,1.0,0.0,0,0.0,1.0,0.0,1,1
290.465,248.817,-55.481,-3.142,0.0,-0.0,0.0,-0.0,0.0,0.008,0.0,1.0,0.0,0,0.0,1.0,0.0,1,1
290.565,248.817,-55.481,-3.142,0.0,-0.0,0.0,-0.0,0.0,0.0,0.0,1.0,0.0,0,0.0,1.0,0.0,1,1
291.665,248.817,-55.481,-3.142,0.0,-0.0,0.0,-0.0,0.0,0.0,0.0,1.0,0.0,0,0.0,1.0,0.0,1,1
292.665,248.817,-55.481,-3.142,0.0,-0.0,0.0,-0.0,0.0,0.0,0.0,1.0,0.0,0,0.0,1.0,0.0,1,1
293.315,248.817,-55.481,-3.142,0.0,-0.0,-0.0,-0.0,0.0,-0.001,1.0,0.0,-0.0,0,0.652,0.0,-0.0,1,1
293.415,248.815,-55.481,-3.142,0.014,-0.0,-0.014,0.0,0.0,1.914,1.0,0.0,-0.0,0,1.0,0.0,-0.0,1,1
293.515,248.811,-55.481,-3.142,0.054,0.0,0.054,-0.0,0.0,2.524,1.0,0.0,-0.0,0,1.0,0.0,-0.0,1,1
293.615,248.79,-55.481,3.141,0.405,0.0,0.405,-0.012,-0.011,4.447,1.0,0.0,-0.0,0,1.0,0.0,-0.0,1,0
293.715,248.723,-55.481,3.141,0.883,-0.0,0.883,0.003,0.017,3.981,1.0,0.0,-0.0,0,1.0,0.0,-0.0,1,0
293.815,248.607,-55.481,-3.141,1.394,0.001,1.394,-0.004,0.009,6.252,1.0,0.0,0.0,0,1.0,0.0,-0.0,1,0
293.865,248.529,-55.481,-3.141,1.682,-0.0,1.682,0.01,0.018,7.357,1.0,0.0,0.0,0,1.0,0.0,0.0,1,0
293.965,248.321,-55.481,-3.141,2.394,0.0,2.394,0.008,0.0,7.957,1.0,0.0,0.0,0,1.0,0.0,0.0,1,0
294.065,248.037,-55.481,-3.141,3.205,-0.0,3.205,-0.0,-0.006,7.722,1.0,0.0,0.0,0,1.0,0.0,0.0,1,0
294.165,247.674,-55.481,-3.141,3.961,-0.001,3.961,-0.001,-0.004,7.26,1.0,0.0,0.0,0,1.0,0.0,0.0,1,0
294.315,246.993,-55.481,-3.141,5.042,-0.001,5.042,-0.001,-0.003,7.16,1.0,0.0,0.0,0,1.0,0.0,0.0,1,0
294.415,246.451,-55.481,-3.141,5.644,-0.001,5.644,-0.001,-0.002,4.878,1.0,0.0,0.0,0,1.0,0.0,0.0,1,0
294.515,245.883,-55.481,-3.141,5.77,-0.001,5.77,-0.0,-0.001,2.137,1.0,0.0,0.0,0,1.0,0.0,0.0,1,0
294.615,245.309,-55.482,-3.141,5.745,-0.0,5.745,-0.0,-0.003,10.205,1.0,0.0,0.0,0,1.0,0.0,0.0,0,0
294.715,244.677,-55.482,-3.141,6.914,-0.0,6.914,-0.0,-0.002,11.19,1.0,0.0,0.0,0,1.0,0.0,0.0,2,0
294.815,243.925,-55.482,-3.141,7.962,-0.0,7.962,-0.0,-0.002,8.813,1.0,0.0,0.0,0,1.0,0.0,0.0,2,0
294.865,243.513,-55.482,-3.141,8.403,-0.0,8.403,-0.0,-0.002,8.151,1.0,0.0,0.0,0,1.0,0.0,0.0,2,0
294.965,242.632,-55.482,-3.141,9.064,-0.0,9.064,-0.0,-0.001,-3.444,1.0,0.0,0.0,0,1.0,0.0,0.0,0,0
295.065,241.735,-55.482,-3.141,9.078,-0.0,9.078,-0.0,-0.001,9.861,1.0,0.0,0.0,0,1.0,0.0,0.0,3,0
295.165,240.774,-55.482,-3.141,9.988,-0.0,9.988,-0.0,-0.001,7.342,1.0,0.0,0.0,0,1.0,0.0,0.0,3,0
295.315,239.192,-55.482,-3.142,11.001,-0.0,11.001,-0.0,-0.0,6.241,1.0,0.0,0.0,0,1.0,0.0,0.0,3,0
295.415,238.059,-55.482,-3.142,11.585,0.0,11.585,-0.0,0.0,5.617,1.0,0.0,-0.0,0,1.0,0.0,-0.0,3,0
295.515,236.87,-55.482,-3.142,12.143,0.0,12.143,0.0,0.0,5.476,1.0,0.0,-0.0,0,1.0,0.0,-0.0,3,0
295.615,235.626,-55.483,-3.142,12.689,0.0,12.689,0.0,0.0,1.114,1.0,0.0,-0.0,0,1.0,0.0,-0.0,3,0
295.715,234.356,-55.483,-3.141,12.669,0.0,12.669,0.0,0.001,4.815,1.0,0.0,-0.0,0,1.0,0.0,-0.0,0,0
295.815,233.062,-55.483,-3.141,13.204,0.0,13.204,0.0,0.0,5.42,1.0,0.0,-0.0,0,1.0,0.0,-0.0,4,0
295.915,231.712,-55.483,-3.141,13.73,0.0,13.73,0.0,0.0,4.89,1.0,0.0,-0.0,0,1.0,0.0,-0.0,4,0
296.015,230.312,-55.483,-3.141,14.212,0.0,14.212,0.0,0.0,4.749,1.0,0.0,-0.0,0,1.0,0.0,-0.0,4,0
296.115,228.865,-55.483,-3.141,14.674,0.0,14.674,0.0,0.0,4.593,1.0,0.0,-0.0,0,1.0,0.0,-0.0,4,0
296.215,227.373,-55.483,-3.141,15.128,0.0,15.128,0.0,0.0,4.525,1.0,0.0,-0.0,0,1.0,0.0,-0.0,4,0
296.315,225.835,-55.484,-3.141,15.578,0.0,15.578,0.0,0.0,4.497,1.0,0.0,-0.0,0,1.0,0.0,-0.0,4,0
296.415,224.253,-55.484,-3.141,16.027,-0.0,16.027,0.0,0.0,4.487,1.0,0.0,-0.0,0,1.0,0.0,-0.0,4,0
296.515,222.64,-55.484,-3.141,16.132,0.0,16.132,0.0,0.0,-0.409,0.974,0.0,-0.0,0,0.882,0.0,-0.0,0,0
296.565,221.833,-55.484,-3.141,16.203,-0.0,16.203,0.0,0.0,4.945,1.0,0.0,-0.0,0,1.0,0.0,-0.0,5,0
296.665,220.186,-55.484,-3.141,16.676,-0.0,16.676,0.0,0.0,3.95,0.399,0.0,-0.0,0,0.526,0.0,-0.0,5,0
296.765,218.498,-55.484,-3.141,17.01,0.0,17.01,0.0,0.0,1.596,0.274,0.0,-0.0,0,0.289,0.0,-0.0,5,0
296.865,216.789,-55.485,-3.141,17.128,-0.0,17.128,0.0,0.0,0.238,0.305,0.0,-0.0,0,0.289,0.0,-0.0,5,0
296.965,215.076,-55.485,-3.141,17.137,-0.0,17.137,0.0,0.0,-0.211,0.303,0.0,-0.0,0,0.309,0.0,-0.0,5,0
297.065,213.364,-55.485,-3.141,17.111,-0.0,17.111,0.0,0.0,-0.392,0.28,0.0,-0.0,0,0.292,0.0,-0.0,5,0
297.165,211.656,-55.485,-3.141,17.068,-0.0,17.068,0.0,0.0,-0.525,0.264,0.0,-0.0,0,0.27,0.0,-0.0,5,0
297.265,209.952,-55.485,-3.141,17.013,-0.0,17.013,0.0,0.0,-0.617,0.262,0.0,-0.0,0,0.261,0.0,-0.0,5,0
297.365,208.254,-55.486,-3.141,16.95,-0.0,16.95,0.0,0.0,-0.653,0.27,0.0,-0.0,0,0.265,0.0,-0.0,5,0
297.465,206.563,-55.486,-3.141,16.885,-0.0,16.885,0.0,0.0,-0.639,0.285,0.0,-0.0,0,0.277,0.0,-0.0,5,0
297.565,204.878,-55.486,-3.141,16.822,-0.0,16.822,0.0,0.0,-0.587,0.303,0.0,-0.0,0,0.293,0.0,-0.0,5,0
297.715,202.361,-55.486,-3.141,16.739,-0.0,16.739,0.0,0.0,-0.511,0.322,0.0,-0.0,0,0.312,0.0,-0.0,5,0
297.815,200.69,-55.487,-3.141,16.685,-0.0,16.685,0.0,0.0,-0.619,0.0,0.0,-0.0,0,0.0,0.0,-0.0,5,0
297.915,199.028,-55.487,-3.141,16.562,-0.0,16.562,0.0,0.0,-0.503,0.0,0.0,-0.0,0,0.0,0.0,-0.0,5,0
298.015,197.375,-55.487,-3.141,16.527,-0.0,16.527,0.0,0.0,-2.264,0.0,0.0,-0.0,0,0.0,0.0,-0.0,0,0
298.115,195.737,-55.487,-3.141,16.198,-0.0,16.198,0.0,0.0,-3.653,0.0,0.0,-0.0,0,0.0,0.0,-0.0,4,0
298.215,194.137,-55.487,-3.141,15.852,-0.0,15.852,0.0,0.0,-3.034,0.0,0.0,-0.0,0,0.0,0.0,-0.0,4,0
298.365,191.795,-55.488,-3.141,15.418,-0.0,15.418,0.0,0.0,-2.772,0.0,0.0,-0.0,0,0.0,0.0,-0.0,4,0
298.465,190.268,-55.488,-3.141,15.15,-0.0,15.15,0.0,0.001,-2.606,0.0,0.0,-0.0,0,0.0,0.0,-0.0,4,0
298.565,188.767,-55.488,-3.141,14.891,0.0,14.891,0.0,0.0,-2.545,0.0,0.0,0.0,0,0.0,0.0,-0.0,4,0
298.665,187.292,-55.488,-3.141,14.638,-0.0,14.638,0.0,0.0,-2.496,0.0,0.0,0.0,0,0.0,0.0,-0.0,4,0
298.815,185.126,-55.488,-3.141,14.267,-0.0,14.267,-0.0,-0.0,-2.451,0.0,0.0,0.0,0,0.0,0.0,0.0,4,0
298.915,183.713,-55.489,-3.141,14.025,-0.0,14.025,-0.0,-0.001,-2.389,0.0,0.0,0.0,0,0.0,0.0,0.0,4,0
299.015,182.323,-55.489,-3.141,13.787,-0.0,13.787,-0.0,-0.002,-2.349,0.0,0.0,0.0,0,0.0,0.0,0.0,4,0
299.115,180.957,-55.489,-3.141,13.553,-0.0,13.553,-0.0,-0.001,-2.31,0.0,0.0,0.0,0,0.0,0.0,0.0,4,0
299.215,179.615,-55.489,-3.141,13.323,-0.0,13.323,-0.0,-0.001,0.513,0.0,0.0,-0.0,0,0.0,0.0,0.0,0,0
299.365,177.622,-55.489,-3.141,13.083,0.0,13.083,0.0,0.0,-4.334,0.0,1.0,0.0,0,0.0,0.0,-0.0,0,0
299.465,176.345,-55.49,-3.141,12.5,0.0,12.5,0.0,-0.0,-7.133,0.0,1.0,0.0,0,0.0,1.0,0.0,3,0
299.565,175.136,-55.49,-3.141,11.744,-0.0,11.744,0.0,0.0,-8.002,0.0,1.0,0.0,0,0.0,1.0,0.0,3,0
299.715,173.463,-55.49,-3.141,10.67,-0.0,10.67,0.0,0.0,-7.483,0.0,1.0,0.0,0,0.0,1.0,0.0,0,0
299.815,172.441,-55.49,-3.141,9.66,-0.0,9.66,0.0,0.0,-11.2,0.0,1.0,0.0,0,0.0,1.0,0.0,2,0
299.915,171.537,-55.49,-3.141,8.59,-0.0,8.59,-0.0,0.0,-7.989,0.0,1.0,0.0,0,0.0,1.0,0.0,2,0
300.015,170.722,-55.49,-3.141,7.781,-0.0,7.781,0.0,0.0,-6.757,1.0,0.0,-1.0,0,0.0,1.0,0.0,2,0
300.115,169.979,-55.494,-3.139,7.184,0.112,7.183,0.098,-0.443,-1.791,0.0,0.0,0.004,0,0.0,0.0,-0.0,0,0
300.215,169.289,-55.504,-3.133,6.467,0.013,6.467,0.02,-0.436,-9.62,0.0,0.0,0.012,0,0.0,0.0,0.01,1,0
300.365,168.417,-55.509,-3.134,5.414,-0.023,5.414,-0.069,-0.126,-4.515,0.0,0.0,0.014,0,0.0,0.0,0.013,1,0
300.465,167.897,-55.51,-3.136,5.014,-0.026,5.014,-0.076,-0.079,-6.226,0.0,0.0,0.011,0,0.0,0.0,0.012,1,0
300.565,167.429,-55.51,-3.138,4.415,-0.025,4.414,-0.019,-0.06,-4.797,0.0,0.0,0.009,0,0.0,0.0,0.011,1,0
300.665,167.013,-55.509,-3.139,3.967,-0.019,3.967,-0.014,0.001,-3.675,0.0,0.0,0.008,0,0.0,0.0,0.008,1,0
300.765,166.635,-55.508,-3.141,3.622,-0.015,3.622,-0.004,-0.01,-2.981,0.0,0.0,0.007,0,0.0,0.0,0.007,1,0
300.865,166.289,-55.507,-3.141,3.33,-0.013,3.33,-0.003,0.046,-2.747,0.0,0.0,0.005,0,0.0,0.0,0.005,1,0
300.965,165.971,-55.506,3.141,3.061,-0.008,3.061,0.001,0.004,-2.533,0.0,0.0,0.004,0,0.0,0.0,0.004,1,0
301.065,165.678,-55.505,3.141,2.813,-0.007,2.813,0.002,-0.001,-2.331,0.0,0.0,0.004,0,0.0,0.0,0.004,1,0
301.165,165.41,-55.504,3.14,2.585,-0.006,2.585,0.002,-0.001,-2.143,0.0,0.0,0.002,0,0.0,0.0,0.004,1,0
301.265,165.163,-55.503,3.14,2.375,-0.004,2.375,0.004,0.01,-1.969,0.0,0.0,0.002,0,0.0,0.0,0.002,1,0
301.365,164.936,-55.503,3.14,2.182,-0.003,2.182,0.005,0.002,-2.761,1.0,0.0,-0.001,0,1.0,0.0,0.002,1,0
301.465,164.732,-55.502,3.14,1.949,0.0,1.949,0.015,0.018,-0.634,1.0,0.0,-0.001,0,1.0,0.0,-0.001,1,0
301.615,164.434,-55.502,3.14,2.145,0.002,2.145,-0.01,0.009,3.331,1.0,0.0,-0.001,0,1.0,0.0,-0.001,1,0
301.715,164.188,-55.502,3.14,2.735,0.002,2.735,-0.006,0.005,8.291,1.0,0.0,-0.001,0,1.0,0.0,-0.001,1,0
301.815,163.868,-55.501,3.14,3.558,0.002,3.558,0.002,0.007,7.681,1.0,0.0,-0.001,0,1.0,0.0,-0.001,1,0
301.965,163.243,-55.5,3.14,4.678,0.002,4.678,0.002,0.008,7.293,1.0,0.0,-0.001,0,1.0,0.0,-0.001,1,0
302.065,162.735,-55.5,3.14,5.401,0.002,5.401,0.002,0.005,3.701,1.0,0.0,-0.001,0,1.0,0.0,-0.001,1,0
302.165,162.178,-55.499,3.14,5.615,0.002,5.615,0.002,0.004,2.319,1.0,0.0,-0.001,0,1.0,0.0,-0.001,1,0
302.265,161.609,-55.499,3.141,5.708,0.002,5.708,0.001,0.002,-0.065,1.0,0.0,-0.001,0,1.0,0.0,-0.001,0,0
302.365,161.028,-55.499,3.141,6.222,0.001,6.222,0.001,0.008,13.35,1.0,0.0,-0.0,0,1.0,0.0,-0.0,2,0
302.515,159.945,-55.498,3.141,7.948,0.001,7.948,0.001,0.008,9.867,1.0,0.0,-0.0,0,1.0,0.0,-0.0,2,0
302.615,159.101,-55.498,3.141,8.801,0.001,8.801,0.001,0.005,0.068,1.0,0.0,-0.0,0,1.0,0.0,-0.0,2,0
302.715,158.213,-55.497,3.141,8.973,0.001,8.973,0.001,0.005,2.604,1.0,0.0,-0.0,0,1.0,0.0,-0.0,0,0
302.865,156.805,-55.497,3.141,9.981,0.0,9.981,0.001,0.005,8.113,1.0,0.0,-0.0,0,1.0,0.0,-0.0,3,0
302.965,155.768,-55.496,3.141,10.671,0.0,10.671,0.001,0.005,6.174,1.0,0.0,-0.0,0,1.0,0.0,-0.0,3,0
303.065,154.667,-55.496,3.141,11.274,0.0,11.274,0.0,0.004,5.717,1.0,0.0,-0.0,0,1.0,0.0,-0.0,3,0
303.215,152.908,-55.496,3.141,12.116,0.0,12.116,0.0,0.004,5.516,1.0,0.0,-0.0,0,1.0,0.0,-0.0,3,0
303.315,151.667,-55.496,3.141,12.661,0.0,12.661,0.0,0.004,1.118,1.0,0.0,-0.0,0,1.0,0.0,-0.0,3,0
303.415,150.399,-55.496,3.141,12.641,0.0,12.641,0.0,0.003,4.819,1.0,0.0,-0.0,0,1.0,0.0,-0.0,0,0
303.515,149.109,-55.495,3.141,13.175,0.0,13.175,0.0,0.003,5.416,1.0,0.0,-0.0,0,1.0,0.0,-0.0,4,0
303.665,147.069,-55.495,3.142,13.945,0.0,13.945,0.0,0.003,4.888,1.0,0.0,-0.0,0,1.0,0.0,-0.0,4,0
303.765,145.648,-55.495,3.142,14.415,0.0,14.415,0.0,0.003,4.592,1.0,0.0,-0.0,0,1.0,0.0,-0.0,4,0
303.865,144.181,-55.495,3.142,14.872,0.0,14.872,0.0,0.003,4.524,1.0,0.0,-0.0,0,1.0,0.0,-0.0,4,0
304.015,141.896,-55.495,3.142,15.549,-0.0,15.549,0.0,0.003,4.49,1.0,0.0,-0.0,0,1.0,0.0,-0.0,4,0
304.115,140.317,-55.495,-3.142,15.998,-0.0,15.998,0.0,0.002,2.498,0.904,0.0,-0.0,0,1.0,0.0,-0.0,4,0
304.265,137.902,-55.495,-3.142,16.174,-0.0,16.174,0.0,0.002,4.952,1.0,0.0,-0.0,0,1.0,0.0,-0.0,5,0
304.365,136.257,-55.495,-3.142,16.647,-0.0,16.647,0.0,0.002,3.953,0.42,0.0,-0.0,0,0.547,0.0,-0.0,5,0
304.515,133.72,-55.495,-3.142,17.066,-0.0,17.066,0.0,0.002,1.665,0.307,0.0,-0.0,0,0.312,0.0,-0.0,5,0
304.615,132.01,-55.495,-3.142,17.125,-0.0,17.125,0.0,0.001,0.039,0.0,0.0,-0.0,0,0.319,0.0,-0.0,5,0
304.715,130.298,-55.496,-3.142,17.111,-0.0,17.111,0.0,0.001,-0.926,0.0,0.0,-0.0,0,0.0,0.0,-0.0,5,0
304.865,127.746,-55.496,-3.142,16.924,-0.0,16.924,0.0,0.001,-1.517,0.0,0.0,-0.0,0,0.0,0.0,-0.0,5,0
304.965,126.06,-55.496,-3.141,16.843,-0.0,16.843,0.0,0.0,-0.181,0.0,0.0,0.0,0,0.0,0.0,0.0,0,0
305.115,123.558,-55.496,-3.141,16.416,-0.0,16.416,0.0,0.0,-4.132,0.0,0.0,0.0,0,0.0,0.0,0.0,4,0
305.215,121.936,-55.496,-3.141,16.074,-0.0,16.074,0.0,0.0,-3.034,0.0,0.0,0.0,0,0.0,0.0,0.0,4,0
305.365,119.56,-55.497,-3.141,15.638,-0.0,15.638,0.0,0.0,-2.728,0.0,0.0,-0.0,0,0.0,0.0,-0.0,4,0
305.465,118.012,-55.497,-3.141,15.368,0.0,15.368,0.0,0.001,-2.64,0.0,0.0,-0.0,0,0.0,0.0,-0.0,4,0
305.615,115.738,-55.497,-3.141,14.977,0.0,14.977,0.0,0.001,-2.58,0.0,0.0,-0.0,0,0.0,0.0,-0.0,4,0
305.715,114.254,-55.497,-3.141,14.722,-0.0,14.722,0.0,0.001,-2.508,0.0,0.0,-0.0,0,0.0,0.0,-0.0,4,0
305.815,112.796,-55.497,-3.141,14.473,-0.0,14.473,0.0,0.001,-2.465,0.0,0.0,-0.0,0,0.0,0.0,-0.0,4,0
305.915,111.362,-55.497,-3.141,14.227,-0.0,14.227,0.0,0.0,-3.081,0.0,1.0,0.0,0,0.0,1.0,0.0,4,0
306.065,109.274,-55.498,-3.141,13.575,-0.0,13.575,0.0,0.0,-5.436,0.0,1.0,0.0,0,0.0,1.0,0.0,4,0
306.165,107.95,-55.498,-3.141,12.982,-0.0,12.982,0.0,0.0,-9.878,0.0,0.0,0.0,0,0.0,1.0,0.0,3,0
306.315,106.109,-55.498,-3.141,11.82,-0.0,11.82,-0.0,-0.001,-5.338,0.0,0.0,0.0,0,0.0,0.0,0.0,3,0
306.415,104.947,-55.498,-3.141,11.462,-0.0,11.462,-0.0,-0.001,-3.019,0.0,0.0,0.0,0,0.0,0.0,0.0,3,0
306.565,103.264,-55.499,-3.141,11.015,-0.0,11.015,-0.0,-0.0,-2.991,0.0,0.0,-0.003,0,0.0,0.0,0.0,3,0
306.665,102.178,-55.499,-3.141,10.732,0.005,10.732,0.005,0.112,-2.902,0.0,0.0,-0.027,0,0.0,0.0,-0.003,3,0
306.815,100.586,-55.508,-3.136,10.589,0.064,10.589,0.077,2.603,-8.574,0.0,0.0,-0.074,0,0.0,0.0,-0.07,0,0
306.915,99.573,-55.534,-3.12,9.748,0.16,9.747,0.195,4.282,-6.654,0.0,0.0,-0.128,0,0.0,0.0,-0.125,2,0
307.065,98.19,-55.632,-3.073,8.87,0.286,8.865,0.364,3.423,-5.113,0.0,0.0,-0.179,0,0.0,0.0,-0.127,2,0
307.165,97.339,-55.742,-3.031,8.375,0.383,8.366,0.467,5.177,-5.323,0.0,0.0,-0.223,0,0.0,0.0,-0.229,2,0
307.315,96.165,-55.985,-2.951,7.691,0.458,7.678,0.541,5.907,-4.761,0.0,0.0,-0.253,0,0.0,0.0,-0.263,2,0
307.465,95.113,-56.313,-2.862,7.082,0.532,7.062,0.599,4.438,-4.126,0.0,0.0,-0.287,0,0.0,0.0,-0.241,2,0
307.565,94.467,-56.577,-2.8,6.963,0.608,6.937,0.644,3.37,-5.345,0.0,0.0,-0.306,0,0.0,0.0,-0.261,0,0
307.715,93.612,-57.017,-2.708,5.852,0.614,5.82,0.577,3.314,-7.671,0.0,0.0,-0.26,0,0.0,0.0,-0.292,1,0
307.815,93.141,-57.308,-2.655,5.345,0.525,5.319,0.498,2.95,-5.637,0.0,0.0,-0.294,0,0.0,0.0,-0.307,1,0
307.965,92.544,-57.741,-2.582,4.53,0.577,4.493,0.446,0.729,-4.505,0.524,0.0,-0.255,0,0.225,0.0,-0.269,1,0
308.065,92.215,-58.017,-2.542,4.173,0.5,4.143,0.379,3.001,-1.585,0.702,0.0,-0.297,0,0.651,0.0,-0.307,1,0
308.215,91.763,-58.448,-2.479,4.266,0.585,4.226,0.426,1.784,1.877,0.566,0.0,-0.272,0,0.692,0.0,-0.285,1,0
308.315,91.459,-58.766,-2.437,4.504,0.561,4.469,0.411,1.524,1.99,0.425,0.0,-0.301,0,0.46,0.0,-0.259,1,0
308.415,91.154,-59.108,-2.396,4.617,0.608,4.577,0.457,2.372,0.611,0.602,0.0,-0.279,0,0.492,0.0,-0.291,1,0
308.515,90.862,-59.473,-2.349,4.734,0.611,4.695,0.459,1.86,1.698,0.562,0.0,-0.251,0,0.604,0.0,-0.265,1,0
308.665,90.433,-60.066,-2.281,5.01,0.65,4.968,0.499,3.794,0.974,0.466,0.0,-0.282,0,0.486,0.0,-0.307,1,0
308.765,90.164,-60.496,-2.231,5.12,0.657,5.077,0.493,1.579,-0.889,0.491,0.0,-0.253,0,0.46,0.0,-0.267,1,0
308.865,89.91,-60.934,-2.183,5.018,0.553,4.987,0.392,3.823,0.422,0.833,0.0,-0.29,0,0.686,0.0,-0.301,1,0
308.965,89.68,-61.385,-2.135,5.161,0.639,5.121,0.504,2.013,0.664,0.469,0.0,-0.263,0,0.616,0.0,-0.277,1,0
309.115,89.366,-62.092,-2.061,5.084,0.568,5.052,0.54,2.51,-1.565,0.888,0.0,-0.265,0,0.547,0.0,-0.291,1,0
309.215,89.188,-62.564,-2.013,5.048,0.544,5.019,0.516,2.123,0.915,0.849,0.0,-0.269,0,0.906,0.0,-0.252,1,0
309.315,89.028,-63.05,-1.967,5.22,0.56,5.19,0.514,2.047,-0.512,0.56,0.0,-0.243,0,0.732,0.0,-0.257,0,0
309.415,88.886,-63.551,-1.922,5.204,0.516,5.179,0.496,3.236,10.261,0.824,0.0,-0.235,0,0.824,0.0,-0.23,0,0
309.515,88.752,-64.114,-1.874,6.373,0.594,6.345,0.512,3.616,9.441,0.0,0.0,-0.206,0,0.0,0.0,-0.221,2,0
309.615,88.62,-64.788,-1.822,7.116,0.567,7.093,0.528,2.179,-0.309,0.0,0.0,-0.186,0,0.0,0.0,-0.191,2,0
309.715,88.507,-65.487,-1.775,7.045,0.454,7.03,0.504,2.194,-1.95,0.0,0.0,-0.159,0,0.0,0.0,-0.172,2,0
309.815,88.419,-66.174,-1.732,6.842,0.369,6.832,0.446,1.996,-2.654,0.0,0.0,-0.138,0,0.0,0.0,-0.15,2,0
309.965,88.331,-67.163,-1.679,6.432,0.288,6.426,0.263,1.564,-2.968,0.0,0.0,-0.116,0,0.0,0.0,-0.127,2,0
310.065,88.296,-67.801,-1.652,6.394,0.254,6.389,0.21,0.951,-5.605,0.0,0.0,-0.087,0,0.0,0.0,-0.095,0,0
310.165,88.274,-68.409,-1.63,5.771,0.205,5.767,0.152,0.501,-5.886,1.0,0.0,-0.07,0,0.0,0.0,-0.079,1,0
310.265,88.263,-68.955,-1.614,5.271,0.157,5.269,0.09,0.06,-3.746,1.0,0.0,-0.048,0,1.0,0.0,-0.054,1,0
310.365,88.255,-69.463,-1.602,4.949,0.113,4.948,0.099,0.283,0.874,1.0,0.0,-0.039,0,1.0,0.0,-0.043,1,0
310.465,88.251,-69.966,-1.594,5.165,0.1,5.164,0.077,0.139,1.002,1.0,0.0,-0.03,0,1.0,0.0,-0.034,1,0
310.565,88.249,-70.491,-1.588,5.25,0.081,5.25,0.089,0.045,0.594,1.0,0.0,-0.025,0,1.0,0.0,-0.027,1,0
310.665,88.248,-71.021,-1.584,5.383,0.063,5.382,0.095,0.15,-0.105,1.0,0.0,-0.022,0,1.0,0.0,-0.024,0,0
310.765,88.247,-71.559,-1.579,5.373,0.051,5.372,0.096,0.263,10.892,1.0,0.0,-0.017,0,1.0,0.0,-0.019,0,0
310.865,88.249,-72.158,-1.574,6.609,0.047,6.609,0.048,0.256,11.622,1.0,0.0,-0.013,0,1.0,0.0,-0.015,2,0
310.965,88.252,-72.883,-1.569,7.694,0.039,7.693,0.038,0.189,9.0,1.0,0.0,-0.008,0,1.0,0.0,-0.011,2,0
311.115,88.262,-74.141,-1.565,8.946,0.023,8.946,0.025,0.13,7.779,1.0,0.0,-0.006,0,1.0,0.0,-0.007,2,0
311.215,88.269,-75.044,-1.563,9.112,0.012,9.112,0.016,0.054,2.559,1.0,0.0,-0.001,0,1.0,0.0,-0.003,0,0
311.315,88.278,-75.974,-1.562,9.706,0.004,9.706,0.008,0.017,8.025,1.0,0.0,-0.0,0,1.0,0.0,-0.001,3,0
311.415,88.288,-76.988,-1.561,10.465,0.001,10.465,0.003,-0.037,6.55,1.0,0.0,0.001,0,1.0,0.0,0.001,3,0
311.515,88.298,-78.07,-1.561,11.1,-0.002,11.1,-0.002,-0.071,5.886,1.0,0.0,0.002,0,1.0,0.0,0.002,3,0
311.615,88.308,-79.212,-1.562,11.68,-0.004,11.68,-0.006,-0.095,5.592,0.208,0.0,0.002,0,1.0,0.0,0.002,3,0
311.715,88.318,-80.41,-1.562,12.218,-0.005,12.218,-0.008,-0.11,3.8,0.0,0.0,0.002,0,0.516,0.0,0.002,3,0
311.815,88.328,-81.651,-1.563,12.528,-0.004,12.528,-0.009,-0.116,0.583,0.0,0.0,0.002,0,0.15,0.0,0.002,3,0
311.915,88.336,-82.905,-1.564,12.525,-0.003,12.525,-0.009,-0.109,-1.544,0.0,0.0,0.002,0,0.06,0.0,0.002,3,0
312.015,88.344,-84.147,-1.565,12.344,-0.003,12.344,-0.008,-0.099,-2.453,0.0,0.0,0.002,0,0.025,0.0,0.002,3,0
312.115,88.35,-85.367,-1.566,12.093,-0.002,12.093,-0.005,-0.081,-2.843,0.0,0.0,0.001,0,0.0,0.0,0.002,3,0
312.215,88.356,-86.56,-1.566,11.816,-0.002,11.816,-0.006,-0.07,-2.995,0.0,0.0,0.001,0,0.0,0.0,0.001,3,0
312.315,88.36,-87.725,-1.567,11.529,-0.001,11.529,-0.005,-0.06,-3.009,0.0,0.0,0.001,0,0.0,0.0,0.001,3,0
312.415,88.364,-88.862,-1.568,11.242,-0.001,11.242,-0.005,-0.04,-2.977,0.0,0.0,0.001,0,0.0,0.0,0.001,3,0
312.515,88.367,-89.97,-1.568,10.959,-0.001,10.959,-0.004,-0.035,-2.927,0.0,1.0,0.0,0,0.0,0.0,0.001,3,0
312.615,88.37,-91.05,-1.568,10.656,0.0,10.656,-0.002,-0.006,-2.587,0.0,1.0,0.0,0,0.0,1.0,0.0,0,0
312.765,88.374,-92.598,-1.568,9.731,0.0,9.731,-0.0,-0.006,-11.594,0.0,1.0,0.0,0,0.0,1.0,0.0,0,0
312.865,88.377,-93.508,-1.568,8.642,0.0,8.642,-0.0,-0.002,-8.18,0.0,1.0,0.0,0,0.0,1.0,0.0,2,0
312.965,88.379,-94.327,-1.568,7.818,-0.0,7.818,-0.0,-0.0,-7.185,0.0,1.0,0.0,0,0.0,1.0,0.0,2,0
313.065,88.381,-95.069,-1.568,7.126,-0.0,7.126,0.0,0.0,-10.096,0.0,1.0,0.0,0,0.0,1.0,0.0,0,0
313.165,88.382,-95.714,-1.568,5.467,-0.0,5.467,0.0,0.0,-26.218,0.0,1.0,0.0,0,0.0,1.0,0.0,1,0
313.265,88.383,-96.113,-1.568,2.839,-0.0,2.839,0.0,0.0,-26.12,0.0,1.0,0.0,0,0.0,1.0,0.0,1,0
313.365,88.383,-96.252,-1.568,0.256,-0.0,0.256,0.0,0.001,-5.268,0.0,1.0,0.0,0,0.0,1.0,0.0,1,0
313.465,88.383,-96.255,-1.568,0.012,-0.0,-0.012,-0.0,-0.0,0.001,0.0,1.0,0.0,0,0.0,1.0,0.0,1,1
313.615,88.383,-96.258,-1.568,0.008,-0.0,-0.008,-0.0,0.0,0.041,0.0,1.0,0.0,0,0.0,1.0,0.0,1,1
313.665,88.383,-96.258,-1.568,0.006,-0.0,-0.006,-0.0,0.0,0.031,0.0,1.0,0.0,0,0.0,1.0,0.0,1,1
313.765,88.383,-96.259,-1.568,0.004,-0.0,-0.004,-0.0,0.0,0.019,0.0,1.0,0.0,0,0.0,1.0,0.0,1,1
313.865,88.383,-96.26,-1.568,0.002,-0.0,-0.002,-0.0,0.0,0.01,0.0,1.0,0.0,0,0.0,1.0,0.0,1,1
314.015,88.383,-96.26,-1.568,0.001,-0.0,-0.001,-0.0,-0.0,0.004,0.0,1.0,0.0,0,0.0,1.0,0.0,1,1
314.115,88.383,-96.26,-1.568,0.0,-0.0,0.0,-0.0,0.0,0.0,0.0,1.0,0.0,0,0.0,1.0,0.0,1,1
315.115,88.383,-96.26,-1.568,0.0,-0.0,0.0,-0.0,0.0,0.0,0.0,1.0,0.0,0,0.0,1.0,0.0,1,1
316.165,88.383,-96.26,-1.568,0.0,-0.0,0.0,-0.0,0.0,0.0,0.0,1.0,0.0,0,0.0,1.0,0.0,1,1
317.215,88.383,-96.26,-1.568,0.0,-0.0,0.0,-0.0,0.0,0.0,0.0,1.0,0.0,0,0.0,1.0,0.0,1,1
318.265,88.383,-96.26,-1.568,0.0,-0.0,0.0,-0.0,0.0,0.0,0.0,1.0,0.0,0,0.0,1.0,0.0,1,1
319.315,88.383,-96.26,-1.568,0.0,-0.0,0.0,-0.0,0.0,0.0,0.0,1.0,0.0,0,0.0,1.0,0.0,1,1
320.315,88.383,-96.26,-1.568,0.0,-0.0,0.0,-0.0,0.0,0.0,0.0,1.0,0.0,0,0.0,1.0,0.0,1,1
