timestamp,x,y,yaw,v_cmd,v_total,v_long,v_lat,w_z,a_long,a_lat,a_z,throttle_cmd,brake_cmd,steer_cmd,gear_cmd,throttle_real,brake_real,steer_real,gear_real
214.79331046,63.56303405761719,-330.5685119628906,-0.0004662381036090861,20.0,5.0167860883991295,5.016786075542096,-0.0003591684495344018,-0.00027383105416253794,6.844596862792969,-0.003622164949774742,0.06133384630084038,0.55519038438797,0.0,8.976917888503522e-05,0,0.8168600797653198,0.0,0.0001141210159403272,1
214.993310463,64.63927459716797,-330.56927490234375,-0.0005052855977764908,20.0,5.3866096926049,5.386609690558106,-0.00014849430009656746,-0.00012341337837686479,-0.5877208709716797,0.0005530938506126404,-0.0006248470162972808,1.0,0.0,2.0938807210768573e-05,0,1.0,0.0,3.366970850038342e-05,1
215.193310466,65.72256469726562,-330.570068359375,-0.0005163804009989435,20.0,5.503193505277014,5.503193505275997,-3.345059518775507e-06,-2.7565922834507677e-06,-0.10458946228027344,0.000563180074095726,0.0014850613661110401,0.8338351249694824,0.0,-2.3116404918255284e-05,0,0.6989219188690186,0.0,-1.487361078034155e-05,0
215.393310469,66.93866729736328,-330.57086181640625,-0.0005084154947524375,20.0,7.074632988794549,7.074632987925003,0.00011092082982969437,8.717020876686592e-05,6.549463272094727,-0.0025503989309072495,0.00046215078327804804,0.0,0.0,-4.5878572564106435e-05,0,0.0,0.0,-3.999596447101794e-05,2
215.593310472,68.42131042480469,-330.5716247558594,-0.00048777300544958365,20.0,7.356443037581554,7.356443037088193,8.519848656846539e-05,9.34225174545872e-05,-2.661294937133789,0.001617632806301117,2.632143150549382e-05,0.0,0.0,-1.626436278456822e-05,0,0.0,0.0,-2.7924275855184533e-05,2
215.793310475,69.83218383789062,-330.5724182128906,-0.000474420887121531,20.0,6.783386025398393,6.783386025247995,4.517087550493282e-05,5.535083434632832e-05,-3.3753490447998047,0.0014596153050661087,-0.0002120971621479839,0.0,0.0,-1.3140579540049657e-05,0,0.0,0.0,-6.411798040062422e-06,2
215.993310478,71.14623260498047,-330.57318115234375,-0.00046705194119122767,20.0,6.206211577429885,6.206211577378696,2.520676394092244e-05,2.7582030172109607e-05,-8.049449920654297,0.003826674073934555,-0.00010185241990257055,0.0,0.0,-1.3796765415463597e-05,0,0.0,0.0,-9.978097295970656e-06,0
216.193310481,72.25557708740234,-330.573974609375,-0.0004592924286430508,20.0,5.098544118276086,5.098544118058833,4.706742703200504e-05,4.82991262651755e-05,-4.969758987426758,0.0030216434970498085,-0.10436191409826279,0.04901023209095001,0.0,-5.511457857210189e-05,0,0.06929957121610641,0.0,-4.2725776438601315e-05,1
216.393310484,73.17218017578125,-330.5743713378906,-0.00044408802846161125,20.0,4.231933386141563,4.231933384559424,0.00011571955358821872,8.849271921981408e-05,0.20256996154785156,-0.00024078181013464928,0.004852676764130592,0.8876508474349976,0.0,-1.9214803614886478e-05,0,0.886900782585144,0.0,-3.910543819074519e-05,1
216.593310486,74.0576400756836,-330.5746765136719,-0.00044096121986827633,20.0,4.717498274990136,4.717498274555891,-6.400862951528352e-05,-5.795064701991396e-05,3.3875274658203125,-0.002681771293282509,-0.0019203184638172388,0.31861916184425354,0.0,2.142479752365034e-05,0,0.5203012824058533,0.0,3.7623387470375746e-05,1
216.743310489,74.7864761352539,-330.57525634765625,-0.0004475363864487693,20.0,4.912049229311356,4.912049229269986,-2.0160079308177118e-05,-1.1724088609318218e-05,0.5757045745849609,0.0005084322765469551,-0.000872230448294431,0.5932177901268005,0.0,-2.92096065095393e-05,0,0.5074777603149414,0.0,-1.391118439642014e-05,1
216.993310492,76.04362487792969,-330.57623291015625,-0.0004349031460648685,20.0,5.028459796395912,5.028459795425283,9.880049792522921e-05,7.781388862587825e-05,-2.2040557861328125,0.002009700983762741,-0.02292175218462944,0.5194182991981506,0.0,-6.668041169177741e-05,0,0.47815021872520447,0.0,-5.43635651411023e-05,1
217.193310495,77.0646743774414,-330.5769348144531,-0.0004126228386990484,20.0,5.062441220344407,5.062441217924457,0.000156530213433359,0.00013368638736828924,-0.8257865905761719,0.0011757691390812397,-0.00027675589080899954,0.9198476076126099,0.0,-9.834562661126256e-05,0,0.563621461391449,0.0,-7.931923755677417e-05,1
217.393310498,78.08389282226562,-330.5770568847656,-0.0003893130271169117,20.0,5.275683546760322,5.275683546479883,5.4396856145840134e-05,0.00011504017169443529,3.0696868896484375,-0.001929369755089283,0.0009494781261309981,0.7911928296089172,0.0,1.1622997590166051e-05,0,0.884069561958313,0.0,-1.1183187780261505e-05,1
217.593310501,79.1924819946289,-330.5778503417969,-0.00039243213100836286,20.0,6.427432389989624,6.427432389984086,-8.437082220234868e-06,-1.8633014870019234e-05,13.111610412597656,-0.004821415059268475,-0.0005140305729582906,0.0,0.0,-1.7162596122943796e-05,0,0.8941950798034668,0.0,-1.1168268656547298e-06,2
217.793310504,80.61722564697266,-330.57861328125,-0.0003884559196689146,20.0,7.246326895367012,7.246326895137631,5.765708178759617e-05,5.496263684301079e-05,-2.0240402221679688,0.0006488151848316193,0.0004100799560546875,0.0,0.0,-1.5975172573234886e-05,0,0.0,0.0,-9.937104550772347e-06,2
217.993310507,82.01600646972656,-330.57940673828125,-0.0003793991563866248,20.0,6.753877155858069,6.75387715581545,2.3993356041359348e-05,3.4144243832108974e-05,-3.186922073364258,0.0015766499564051628,-0.00019359588623046875,0.0,0.0,4.641849216113769e-07,0,0.0,0.0,-1.683359187154565e-05,2
218.19331051,83.3238296508789,-330.5802001953125,-0.00037385570465421256,20.0,6.416081252695457,6.416081252566986,4.060234884223643e-05,4.287968934927167e-05,-8.768110275268555,0.0029472168534994125,-0.00016536712064407766,0.0,0.0,-1.6084293747553602e-05,0,0.0,0.0,-1.8734226614469662e-06,1
218.393310513,84.45545959472656,-330.58074951171875,-0.0003657016268454119,20.0,5.169863932889353,5.169863932401602,7.101559220927218e-05,6.964607564177787e-05,-4.107036590576172,0.002419254742562771,8.50677679409273e-05,0.05763476341962814,0.0,-1.9187058569514193e-05,0,0.0,0.0,-4.277144034858793e-05,1
218.543310516,85.17219543457031,-330.58074951171875,-0.00036173448559805515,20.0,4.4311226227063765,4.431122622636882,-2.4816863819144474e-05,-1.8891821332886918e-05,-2.7353763580322266,-0.0006393482908606529,0.019421767443418503,0.8589580655097961,0.0,7.134906627470627e-05,0,0.717821478843689,0.0,5.600248550763354e-05,1
218.743310519,86.04509735107422,-330.5807800292969,-0.00038358423991850164,20.0,4.549716022867191,4.54971601804807,-0.00020940694682185598,-0.0001616907437034073,3.3437347412109375,-0.002672518603503704,-0.00064849853515625,0.546390175819397,0.0,0.00011198210995644331,0,0.7613685727119446,0.0,9.824102744460106e-05,1
218.893310521,86.76246643066406,-330.58135986328125,-0.0004134348557609136,20.0,4.8953292690466705,4.895329261967514,-0.00026326718371137475,-0.0001995358329921717,0.5196762084960938,-0.00012557022273540497,-0.0014072417980059981,0.48820680379867554,0.0,6.159806798677891e-05,0,0.37467217445373535,0.0,8.233617700170726e-05,1
219.093310524,87.7557601928711,-330.5821533203125,-0.00043735958057570195,20.0,5.076146180491312,5.076146179722656,-8.833810821455249e-05,-5.6801085993225826e-05,1.1152172088623047,0.0005393940955400467,-0.057084083557128906,0.48752838373184204,0.0,-1.1151129001518711e-05,0,0.5640521049499512,0.0,1.0678998478397261e-05,1
219.293310527,88.77542877197266,-330.5829162597656,-0.0004385632370620323,20.0,5.180593203895269,5.180593203780333,3.4508985232698386e-05,1.0493698311004576e-05,-1.4543914794921875,0.0015762634575366974,-0.003654289059340954,0.5371334552764893,0.0,-5.0219048716826364e-05,0,0.5789321660995483,0.0,-3.9458700484829023e-05,1
219.49331053,89.78948211669922,-330.5837097167969,-0.0004257059751562597,20.0,5.046926862340728,5.046926861062422,0.0001135915226851616,7.267160154009158e-05,1.1919498443603516,0.000718655064702034,0.0011730194091796875,0.8988962769508362,0.0,-8.862257527653128e-05,0,0.9813559651374817,0.0,-6.942886830074713e-05,1
219.693310533,90.82565307617188,-330.5843200683594,-0.00039822466892573834,20.0,5.222050904632349,5.222050902174591,0.00016021568439592688,0.00013115032135000768,10.562210083007812,-0.002422626130282879,0.00035057071363553405,0.9122613072395325,0.0,-7.308871863642707e-05,0,0.9415795207023621,0.0,-8.804687968222424e-05,0
219.943310536,92.46892547607422,-330.5851745605469,-0.0003657456444249525,20.0,7.336895748436449,7.336895747102573,0.0001399036175370343,9.400478323210351e-05,1.650381088256836,0.0003795744851231575,0.0011671065585687757,0.0,0.0,-2.133399357262533e-05,0,0.0,0.0,-5.2412004151847214e-05,2
220.093310539,93.54705810546875,-330.5857849121094,-0.0003519621928285506,20.0,7.051660842877645,7.051660842365403,8.499596777942856e-05,9.228005970790617e-05,-2.8466415405273438,0.0005860812962055206,-0.0004991531022824347,0.0,0.0,-2.009276249737013e-05,0,0.0,0.0,-8.017797881620936e-06,2
220.293310542,94.89585876464844,-330.5865478515625,-0.00034051967023330127,20.0,6.521490161562449,6.52149016150117,2.8271257709387417e-05,3.862910366039564e-05,-0.064697265625,0.0005277758464217186,1.8882754375226796e-05,0.0,0.0,-3.4302836866118014e-05,0,0.0,0.0,-2.1431751520140097e-05,0
220.493310545,96.14353942871094,-330.58721923828125,-0.00033407528852909485,20.0,5.684446791621359,5.6844467915968675,-1.6686545933148605e-05,-7.628373625396943e-06,-6.117715835571289,0.0017453287728130817,-0.0002716064336709678,0.0,0.0,-3.872983427299914e-07,0,0.0,0.0,1.0172213478654157e-05,1
220.643310547,96.93339538574219,-330.58721923828125,-0.00033440438007834874,20.0,4.966413237347933,4.966413237316264,-1.7735860796485705e-05,-9.46836645896021e-06,-5.974817276000977,0.0010497262701392174,-0.06015777587890625,0.267159104347229,0.0,7.584105333080515e-05,0,0.0495435930788517,0.0,3.3030981285264716e-05,1
220.793310549,97.61527252197266,-330.58721923828125,-0.0003467047903445709,20.0,4.28406899498152,4.284068991365322,-0.00017602295332508377,-0.00013546844102654853,-0.5019283294677734,-0.001171422190964222,0.007649421691894531,0.8883540034294128,0.0,0.00011612017260631546,0,0.8613450527191162,0.0,0.00010406411456642672,1
221.043310553,98.73966217041016,-330.587646484375,-0.00039497695828047473,20.0,4.8244835117937725,4.8244835028514155,-0.0002937422515954979,-0.00022314759086586883,2.5054931640625,-0.0022630393505096436,-0.002077483804896474,0.31741762161254883,0.0,9.971636609407142e-05,0,0.389892041683197,0.0,0.00012588175013661385,1
221.243310556,99.72350311279297,-330.58843994140625,-0.0004158251013559828,20.0,4.9886788926410865,4.988678892602428,1.963975073838156e-05,2.8160851996647652e-05,0.9631443023681641,0.0013111066073179245,-0.0006973266135901213,0.6098606586456299,0.0,-4.371535760583356e-05,0,0.5761557221412659,0.0,-2.5266273951274343e-05,1
221.443310559,100.73637390136719,-330.58880615234375,-0.00039116803975071325,20.0,5.120390233069669,5.120390225295495,0.00028215884479745255,0.00023995495915069727,2.1772003173828125,0.0014992640353739262,0.008172988891601562,0.5024830102920532,0.0,-9.333237539976835e-05,0,0.5302484035491943,0.0,-0.00013444499927572906,1
221.643310562,101.76434326171875,-330.58880615234375,-0.0003513448413990998,20.0,5.339995896527247,5.339995892818252,0.00019902772964536727,0.00015671648088634712,-0.14682769775390625,7.208436727523804e-05,-0.0028778077103197575,0.48894572257995605,0.0,-3.337427187943831e-05,0,0.2516331970691681,0.0,-5.574319220613688e-05,1
221.843310565,102.8351058959961,-330.58880615234375,-0.0003302032044475999,20.0,5.4056635655749385,5.405663564881265,8.659985429729607e-05,7.042295016045003e-05,0.9271621704101562,-0.0006644660606980324,0.0005048752063885331,0.5834316611289978,0.0,7.057332368276548e-06,0,0.6758458018302917,0.0,-1.2822670214518439e-05,1
222.043310568,103.9418716430664,-330.58880615234375,-0.0003256601611163718,20.0,5.66088240153374,5.660882401533364,2.0619744424875727e-06,-2.8936442398339122e-05,0.7120895385742188,-0.0010415376164019108,0.00023593904916197062,0.3478343188762665,0.0,-2.8550412025651895e-06,0,0.4238542318344116,0.0,2.2554148017661646e-05,1
222.243310571,105.08419036865234,-330.58880615234375,-0.0003298625395908745,20.0,5.719743543403673,5.7197435432254835,-4.514859256233734e-05,-5.123783203914604e-05,-0.10966300964355469,-0.0006546103395521641,0.00011978149996139109,0.39746326208114624,0.0,4.6564589865738526e-05,0,0.3484826385974884,0.0,2.7998039513477124e-05,1
222.393310573,105.93563842773438,-330.5892028808594,-0.00033801866548498617,20.0,5.637072418198552,5.637072418124472,-2.8899674316671876e-05,-2.6949941874840917e-05,-0.4888343811035156,0.000873408280313015,4.6539309551008046e-05,0.48465296626091003,0.0,-4.328806608100422e-05,0,0.4464201033115387,0.0,-1.5003579392214306e-05,1
222.593310576,107.0526123046875,-330.5892028808594,-0.0003309246181164226,20.0,5.546023400644835,5.546023400476956,4.3152171727464324e-05,4.148152164965741e-05,-0.4145050048828125,3.594905138015747e-06,-8.964539119915571e-06,0.4969242215156555,0.0,6.19106776866829e-06,0,0.51209956407547,0.0,-1.3100690011924598e-05,1
222.743310578,107.88339233398438,-330.5892028808594,-0.0003287738684655746,20.0,5.538545794442281,5.538545794441788,2.3371320484567407e-06,2.547642881456773e-06,-0.06207466125488281,-0.0007306737825274467,1.2588502613652963e-05,0.4804096519947052,0.0,4.043992157676257e-05,0,0.5164534449577332,0.0,2.1518939320230857e-05,1
222.943310581,108.99269104003906,-330.5892028808594,-0.0003362850100331826,20.0,5.561479899176996,5.561479898967371,-4.8287222215860445e-05,-4.3345868513536805e-05,-0.028619766235351562,-0.0009445915929973125,8.964539119915571e-06,0.45323601365089417,0.0,1.4608808669436257e-05,0,0.4891437292098999,0.0,4.0788618207443506e-05,1
223.143310584,110.10601043701172,-330.5894775390625,-0.0003439169886341381,20.0,5.573183862552708,5.573183862535346,-1.3911207673404496e-05,-8.792679139268024e-06,-0.14932632446289062,-0.0002753431908786297,7.629394076502649e-06,0.4530399441719055,0.0,-1.562741272209678e-05,0,0.4809371829032898,0.0,1.1423793694120832e-05,1
223.393310588,111.49715423583984,-330.5894775390625,-0.00034573162472895173,20.0,5.5553792445482735,5.555379244547924,1.9687990605860236e-06,1.1328485845160894e-06,-0.1825714111328125,0.00045811058953404427,5.91278057981981e-06,0.4631193280220032,0.0,9.449087883695029e-06,0,0.48952624201774597,0.0,-5.8565742619975936e-06,1
223.54331059,112.33048248291016,-330.58984375,-0.00035048718129316155,20.0,5.556418786345006,5.556418785811858,-7.6972610928999e-05,-6.791454142118927e-05,-0.1422405242919922,0.0011848239228129387,9.155272891803179e-06,0.4657433331012726,0.0,-3.503147672745399e-05,0,0.4948330521583557,0.0,-1.1828435162897222e-05,1
223.743310593,113.4410629272461,-330.5900573730469,-0.00034348620802372997,20.0,5.556831179958393,5.556831179195537,9.207669752708499e-05,8.435654591572074e-05,0.14490127563476562,0.0003716186620295048,-1.087188684323337e-05,0.4930308163166046,0.0,-5.6209300964837894e-05,0,0.4643707871437073,0.0,-4.327594433561899e-05,1
223.893310595,114.27425384521484,-330.5900573730469,-0.00033040801297869724,20.0,5.552490992811391,5.552490992423106,6.566505236242648e-05,6.009687381570015e-05,0.14283180236816406,0.0004993961192667484,-8.96453821042087e-06,0.4905461370944977,0.0,-1.9910172341042198e-05,0,0.46126189827919006,0.0,-3.6721365177072585e-05,1
224.093310598,115.38557434082031,-330.5900573730469,-0.00032273822607271544,20.0,5.55358391602223,5.553583916000164,-1.5655437341189845e-05,-1.3616059227012448e-05,-0.13126373291015625,-0.0007789302617311478,3.4332288123550825e-06,0.49061548709869385,0.0,1.3883029168937355e-05,0,0.4903089106082916,0.0,1.7760239643394016e-05,1
224.2433106,116.21910095214844,-330.5900573730469,-0.0003255779451203169,20.0,5.559472394578783,5.559472394363991,-4.886991282639099e-05,-4.3671611605853625e-05,-0.1366138458251953,0.0003870716318488121,3.2424918572360184e-06,0.4620330333709717,0.0,1.7202773960889317e-05,0,0.4911315441131592,0.0,3.635110715549672e-06,1
224.443310603,117.33023071289062,-330.5900573730469,-0.000334260689013674,20.0,5.558567865092338,5.558567864368645,-8.969611155175357e-05,-8.009347259557364e-05,-0.13274192810058594,9.785173460841179e-05,-7.4386593951203395e-06,0.46242615580558777,0.0,3.667574856081046e-05,0,0.49180254340171814,0.0,2.3068650989443995e-05,1
224.643310606,118.4413070678711,-330.5906066894531,-0.00034946473159291625,20.0,5.558561218641051,5.5585612179573225,-8.718426694953034e-05,-7.898373544993222e-05,0.1325702667236328,-0.0001250253990292549,1.087188684323337e-05,0.4916597604751587,0.0,-2.8827826099586673e-05,0,0.462304949760437,0.0,3.543014463502914e-05,1
224.843310609,119.55239868164062,-330.59075927734375,-0.0003379436015328745,20.0,5.558888706144629,5.558888704313394,0.0001426858876788606,0.00012825868496523754,0.1327037811279297,0.0011279061436653137,6.103515261202119e-06,0.4913659989833832,0.0,-5.784727545687929e-05,0,0.4619537889957428,0.0,-7.433814607793465e-05,1
224.993310612,120.3857192993164,-330.59075927734375,-0.0003226473951146383,20.0,5.552412300722946,5.55241230031542,6.727182799841189e-05,6.147638930980376e-05,0.13100624084472656,0.00042621511965990067,-3.0517571758537088e-06,0.49134883284568787,0.0,-1.7511876649223268e-05,0,0.46188777685165405,0.0,-3.452975579421036e-05,1
225.193310615,121.49684143066406,-330.59075927734375,-0.0003141760591383807,20.0,5.552320268121453,5.55232026804005,3.0065778492126928e-05,2.526204934511979e-05,0.13055801391601562,-0.00036088982596993446,-1.0108947208209429e-05,0.4914599061012268,0.0,1.747653732309118e-05,0,0.46200859546661377,0.0,9.923267043632222e-07,1
225.393310618,122.60794830322266,-330.59075927734375,-0.0003177186940684247,20.0,5.552234463569597,5.5522344634720495,-3.291229500385524e-05,-3.129164704174863e-05,-0.13143539428710938,0.00026932917535305023,1.5258790881489404e-05,0.49149414896965027,0.0,3.738463419722393e-05,0,0.4914887547492981,0.0,8.543741387256887e-06,1
225.54331062,123.4413070678711,-330.59075927734375,-0.0003263150607765237,20.0,5.558803887538532,5.5588038866429335,-9.978433378517774e-05,-8.910451156056361e-05,-0.1310253143310547,5.094800144433975e-05,-1.1253356205997989e-05,0.46202388405799866,0.0,4.0458595321979374e-05,0,0.4914747178554535,0.0,2.7098094506072812e-05,1
225.793310624,124.83016204833984,-330.59124755859375,-0.0003444190296096519,20.0,5.552285532916822,5.552285532852618,-2.6701193910001812e-05,-2.574695182896888e-05,0.1312732696533203,0.0008292286656796932,2.0980837689421605e-06,0.4914349317550659,0.0,-2.325477180420421e-05,0,0.46199965476989746,0.0,-2.0953448256477714e-05,1
225.993310627,125.94127655029297,-330.59124755859375,-0.0003372723822088159,20.0,5.552285489154295,5.552285488793853,6.326577694160195e-05,5.77839393774588e-05,-0.13124465942382812,0.0002583838067948818,3.623962356869015e-06,0.4620090126991272,0.0,-6.9484485720749944e-06,0,0.49144238233566284,0.0,-2.524591764085926e-05,1
226.143310629,126.77006530761719,-330.59124755859375,-0.0003338976577649812,20.0,5.436140151740778,5.4361401517374235,6.039538065148537e-06,6.629856350604812e-06,-21.769466400146484,0.007213554345071316,-0.10509280860424042,0.0,1.0,0.0,0,0.0,1.0,0.0,1
226.293310631,127.2972640991211,-330.59124755859375,-0.00033283905773353283,20.0,1.707760180352291,1.7077601803470877,-4.215687037626337e-06,6.929319745092131e-06,-25.679004669189453,0.008547944016754627,0.010757636278867722,0.0,1.0,0.0,0,0.0,1.0,0.0,1
226.493310634,127.34502410888672,-330.59124755859375,-0.0003264312164720175,20.0,0.009838963004867385,-0.009838962961016022,9.289261961685775e-07,2.450842912841598e-05,-0.018713660538196564,1.0557623681961559e-05,0.0031627644784748554,0.0,1.0,0.0,0,0.0,1.0,0.0,1
226.643310636,127.34723663330078,-330.59124755859375,-0.00032507626174700037,20.0,0.005512823045381901,-0.005512822957561945,-9.840080048284192e-07,5.345741401745415e-06,0.026912931352853775,-9.654286259319633e-06,-0.002617454621940851,0.0,1.0,0.0,0,0.0,1.0,0.0,1
226.843310639,127.34842681884766,-330.59124755859375,-0.00032486530895996994,20.0,0.0016685102557324153,-0.0016685099831555035,-9.53726727745164e-07,3.1751008271225764e-07,0.009077382273972034,4.284992428438272e-06,-0.0005241393228061497,0.0,1.0,0.0,0,0.0,1.0,0.0,1
227.043310642,127.34873962402344,-330.59124755859375,-0.000324869860260661,20.0,0.0004626053574818561,-0.000462605197690112,-3.8450098605127224e-07,-1.2992455870477182e-08,0.009252117946743965,4.6842897063470446e-06,-3.204345557605848e-05,0.0,1.0,0.0,0,0.0,1.0,0.0,1
227.193310644,127.34873962402344,-330.59124755859375,-0.000324869860260661,20.0,0.0,0.0,-0.0,-0.0,0.0,-0.0,0.0,0.0,1.0,0.0,0,0.0,1.0,0.0,1
227.393310647,127.34873962402344,-330.59124755859375,-0.000324869860260661,20.0,0.0,0.0,-0.0,-0.0,0.0,-0.0,0.0,0.0,1.0,0.0,0,0.0,1.0,0.0,1
227.59331065,127.34873962402344,-330.59124755859375,-0.000324869860260661,20.0,0.0,0.0,-0.0,-0.0,0.0,-0.0,0.0,0.0,1.0,0.0,0,0.0,1.0,0.0,1
227.793310653,127.34873962402344,-330.59124755859375,-0.000324869860260661,20.0,0.0,0.0,-0.0,-0.0,0.0,-0.0,0.0,0.0,1.0,0.0,0,0.0,1.0,0.0,1
227.943310656,127.34873962402344,-330.59124755859375,-0.000324869860260661,20.0,0.0,0.0,-0.0,-0.0,0.0,-0.0,0.0,0.0,1.0,0.0,0,0.0,1.0,0.0,1
228.093310658,127.34873962402344,-330.59124755859375,-0.000324869860260661,20.0,0.0,0.0,-0.0,-0.0,0.0,-0.0,0.0,0.0,1.0,0.0,0,0.0,1.0,0.0,1
228.293310661,127.34873962402344,-330.59124755859375,-0.000324869860260661,20.0,0.0,0.0,-0.0,-0.0,0.0,-0.0,0.0,0.0,1.0,0.0,0,0.0,1.0,0.0,1
228.443310663,127.34873962402344,-330.59124755859375,-0.000324869860260661,20.0,0.0,0.0,-0.0,-0.0,0.0,-0.0,0.0,0.0,1.0,0.0,0,0.0,1.0,0.0,1
228.643310666,127.34873962402344,-330.59124755859375,-0.000324869860260661,20.0,0.0,0.0,-0.0,-0.0,0.0,-0.0,0.0,0.0,1.0,0.0,0,0.0,1.0,0.0,1
228.793310668,127.34873962402344,-330.59124755859375,-0.000324869860260661,20.0,0.0,0.0,-0.0,-0.0,0.0,-0.0,0.0,0.0,1.0,0.0,0,0.0,1.0,0.0,1
228.943310671,127.34873962402344,-330.59124755859375,-0.000324869860260661,20.0,0.0,0.0,-0.0,-0.0,0.0,-0.0,0.0,0.0,1.0,0.0,0,0.0,1.0,0.0,1
229.143310674,127.34873962402344,-330.59124755859375,-0.000324869860260661,20.0,0.0,0.0,-0.0,-0.0,0.0,-0.0,0.0,0.0,1.0,0.0,0,0.0,1.0,0.0,1
229.343310676,127.34873962402344,-330.59124755859375,-0.000324869860260661,20.0,0.0,0.0,-0.0,-0.0,0.0,-0.0,0.0,0.0,1.0,0.0,0,0.0,1.0,0.0,1
229.493310679,127.34873962402344,-330.59124755859375,-0.000324869860260661,20.0,0.0,0.0,-0.0,-0.0,0.0,-0.0,0.0,0.0,1.0,0.0,0,0.0,1.0,0.0,1
229.693310682,127.34873962402344,-330.59124755859375,-0.000324869860260661,20.0,0.0,0.0,-0.0,-0.0,0.0,-0.0,0.0,0.0,1.0,0.0,0,0.0,1.0,0.0,1
229.843310684,127.34873962402344,-330.59124755859375,-0.000324869860260661,20.0,0.0,0.0,-0.0,-0.0,0.0,-0.0,0.0,0.0,1.0,0.0,0,0.0,1.0,0.0,1
230.043310687,127.34873962402344,-330.59124755859375,-0.000324869860260661,20.0,0.0,0.0,-0.0,-0.0,0.0,-0.0,0.0,0.0,1.0,0.0,0,0.0,1.0,0.0,1
230.24331069,127.34873962402344,-330.59124755859375,-0.000324869860260661,20.0,0.0,0.0,-0.0,-0.0,0.0,-0.0,0.0,0.0,1.0,0.0,0,0.0,1.0,0.0,1
230.493310694,127.34873962402344,-330.59124755859375,-0.000324869860260661,20.0,0.0,0.0,-0.0,-0.0,0.0,-0.0,0.0,0.0,1.0,0.0,0,0.0,1.0,0.0,1
230.693310697,127.34873962402344,-330.59124755859375,-0.000324869860260661,20.0,0.0,0.0,-0.0,-0.0,0.0,-0.0,0.0,0.0,1.0,0.0,0,0.0,1.0,0.0,1
230.9433107,127.34873962402344,-330.59124755859375,-0.000324869860260661,20.0,0.0,0.0,-0.0,-0.0,0.0,-0.0,0.0,0.0,1.0,0.0,0,0.0,1.0,0.0,1
231.143310703,127.34873962402344,-330.59124755859375,-0.000324869860260661,20.0,0.0,0.0,-0.0,-0.0,0.0,-0.0,0.0,0.0,1.0,0.0,0,0.0,1.0,0.0,1
231.343310706,127.34873962402344,-330.59124755859375,-0.000324869860260661,20.0,0.0,0.0,-0.0,-0.0,0.0,-0.0,0.0,0.0,1.0,0.0,0,0.0,1.0,0.0,1
231.543310709,127.34873962402344,-330.59124755859375,-0.000324869860260661,20.0,0.0,0.0,-0.0,-0.0,0.0,-0.0,0.0,0.0,1.0,0.0,0,0.0,1.0,0.0,1
231.693310711,127.34873962402344,-330.59124755859375,-0.000324869860260661,20.0,0.0,0.0,-0.0,-0.0,0.0,-0.0,0.0,0.0,1.0,0.0,0,0.0,1.0,0.0,1
231.893310714,127.34873962402344,-330.59124755859375,-0.000324869860260661,20.0,0.0,0.0,-0.0,-0.0,0.0,-0.0,0.0,0.0,1.0,0.0,0,0.0,1.0,0.0,1
232.093310717,127.34873962402344,-330.59124755859375,-0.000324869860260661,20.0,0.0,0.0,-0.0,-0.0,0.0,-0.0,0.0,0.0,1.0,0.0,0,0.0,1.0,0.0,1
232.29331072,127.34873962402344,-330.59124755859375,-0.000324869860260661,20.0,0.0,0.0,-0.0,-0.0,0.0,-0.0,0.0,0.0,1.0,0.0,0,0.0,1.0,0.0,1
232.443310723,127.34873962402344,-330.59124755859375,-0.000324869860260661,20.0,0.0,0.0,-0.0,-0.0,0.0,-0.0,0.0,0.0,1.0,0.0,0,0.0,1.0,0.0,1
232.643310726,127.34873962402344,-330.59124755859375,-0.000324869860260661,20.0,0.0,0.0,-0.0,-0.0,0.0,-0.0,0.0,0.0,1.0,0.0,0,0.0,1.0,0.0,1
232.843310729,127.34873962402344,-330.59124755859375,-0.000324869860260661,20.0,0.0,0.0,-0.0,-0.0,0.0,-0.0,0.0,0.0,1.0,0.0,0,0.0,1.0,0.0,1
233.093310732,127.34873962402344,-330.59124755859375,-0.000324869860260661,20.0,0.0,0.0,-0.0,-0.0,0.0,-0.0,0.0,0.0,1.0,0.0,0,0.0,1.0,0.0,1
233.293310735,127.34873962402344,-330.59124755859375,-0.000324869860260661,20.0,0.0,0.0,-0.0,-0.0,0.0,-0.0,0.0,0.0,1.0,0.0,0,0.0,1.0,0.0,1
233.543310739,127.34873962402344,-330.59124755859375,-0.000324869860260661,20.0,0.0,0.0,-0.0,-0.0,0.0,-0.0,0.0,0.0,1.0,0.0,0,0.0,1.0,0.0,1
233.743310742,127.34873962402344,-330.59124755859375,-0.000324869860260661,20.0,0.0,0.0,-0.0,-0.0,0.0,-0.0,0.0,0.0,1.0,0.0,0,0.0,1.0,0.0,1
233.893310744,127.34873962402344,-330.59124755859375,-0.000324869860260661,20.0,0.0,0.0,-0.0,-0.0,0.0,-0.0,0.0,0.0,1.0,0.0,0,0.0,1.0,0.0,1
234.093310747,127.34873962402344,-330.59124755859375,-0.000324869860260661,20.0,0.0,0.0,-0.0,-0.0,0.0,-0.0,0.0,0.0,1.0,0.0,0,0.0,1.0,0.0,1
234.243310749,127.34873962402344,-330.59124755859375,-0.000324869860260661,20.0,0.0,0.0,-0.0,-0.0,0.0,-0.0,0.0,0.0,1.0,0.0,0,0.0,1.0,0.0,1
234.393310752,127.34873962402344,-330.59124755859375,-0.000324869860260661,20.0,0.0,0.0,-0.0,-0.0,0.0,-0.0,0.0,0.0,1.0,0.0,0,0.0,1.0,0.0,1
234.593310755,127.34873962402344,-330.59124755859375,-0.000324869860260661,20.0,0.0,0.0,-0.0,-0.0,0.0,-0.0,0.0,0.0,1.0,0.0,0,0.0,1.0,0.0,1
234.793310758,127.34873962402344,-330.59124755859375,-0.000324869860260661,20.0,0.0,0.0,-0.0,-0.0,0.0,-0.0,0.0,0.0,1.0,0.0,0,0.0,1.0,0.0,1
234.993310761,127.34873962402344,-330.59124755859375,-0.000324869860260661,20.0,0.0,0.0,-0.0,-0.0,0.0,-0.0,0.0,0.0,1.0,0.0,0,0.0,1.0,0.0,1
235.193310764,127.34873962402344,-330.59124755859375,-0.000324869860260661,20.0,0.0,0.0,-0.0,-0.0,0.0,-0.0,0.0,0.0,1.0,0.0,0,0.0,1.0,0.0,1
235.443310767,127.34873962402344,-330.59124755859375,-0.000324869860260661,20.0,0.0,0.0,-0.0,-0.0,0.0,-0.0,0.0,0.0,1.0,0.0,0,0.0,1.0,0.0,1
235.64331077,127.34873962402344,-330.59124755859375,-0.000324869860260661,20.0,0.0,0.0,-0.0,-0.0,0.0,-0.0,0.0,0.0,1.0,0.0,0,0.0,1.0,0.0,1
235.893310774,127.34873962402344,-330.59124755859375,-0.000324869860260661,20.0,0.0,0.0,-0.0,-0.0,0.0,-0.0,0.0,0.0,1.0,0.0,0,0.0,1.0,0.0,1
236.093310777,127.34873962402344,-330.59124755859375,-0.000324869860260661,20.0,0.0,0.0,-0.0,-0.0,0.0,-0.0,0.0,0.0,1.0,0.0,0,0.0,1.0,0.0,1
236.343310781,127.34873962402344,-330.59124755859375,-0.000324869860260661,20.0,0.0,0.0,-0.0,-0.0,0.0,-0.0,0.0,0.0,1.0,0.0,0,0.0,1.0,0.0,1
236.593310785,127.34873962402344,-330.59124755859375,-0.000324869860260661,20.0,0.0,0.0,-0.0,-0.0,0.0,-0.0,0.0,0.0,1.0,0.0,0,0.0,1.0,0.0,1
236.843310788,127.34873962402344,-330.59124755859375,-0.000324869860260661,20.0,0.0,0.0,-0.0,-0.0,0.0,-0.0,0.0,0.0,1.0,0.0,0,0.0,1.0,0.0,1
237.093310792,127.34873962402344,-330.59124755859375,-0.000324869860260661,20.0,0.0,0.0,-0.0,-0.0,0.0,-0.0,0.0,0.0,1.0,0.0,0,0.0,1.0,0.0,1
237.343310796,127.34873962402344,-330.59124755859375,-0.000324869860260661,20.0,0.0,0.0,-0.0,-0.0,0.0,-0.0,0.0,0.0,1.0,0.0,0,0.0,1.0,0.0,1
237.593310799,127.34873962402344,-330.59124755859375,-0.000324869860260661,20.0,0.0,0.0,-0.0,-0.0,0.0,-0.0,0.0,0.0,1.0,0.0,0,0.0,1.0,0.0,1
237.843310803,127.34873962402344,-330.59124755859375,-0.000324869860260661,20.0,0.0,0.0,-0.0,-0.0,0.0,-0.0,0.0,0.0,1.0,0.0,0,0.0,1.0,0.0,1
238.043310806,127.34873962402344,-330.59124755859375,-0.000324869860260661,20.0,0.0,0.0,-0.0,-0.0,0.0,-0.0,0.0,0.0,1.0,0.0,0,0.0,1.0,0.0,1
238.243310809,127.34873962402344,-330.59124755859375,-0.000324869860260661,20.0,0.0,0.0,-0.0,-0.0,0.0,-0.0,0.0,0.0,1.0,0.0,0,0.0,1.0,0.0,1
238.493310813,127.34873962402344,-330.59124755859375,-0.000324869860260661,20.0,0.0,0.0,-0.0,-0.0,0.0,-0.0,0.0,0.0,1.0,0.0,0,0.0,1.0,0.0,1
238.743310817,127.34873962402344,-330.59124755859375,-0.000324869860260661,20.0,0.0,0.0,-0.0,-0.0,0.0,-0.0,0.0,0.0,1.0,0.0,0,0.0,1.0,0.0,1
238.94331082,127.34873962402344,-330.59124755859375,-0.000324869860260661,20.0,0.0,0.0,-0.0,-0.0,0.0,-0.0,0.0,0.0,1.0,0.0,0,0.0,1.0,0.0,1
239.243310824,127.34873962402344,-330.59124755859375,-0.000324869860260661,20.0,0.0,0.0,-0.0,-0.0,0.0,-0.0,0.0,0.0,1.0,0.0,0,0.0,1.0,0.0,1
239.443310827,127.34873962402344,-330.59124755859375,-0.000324869860260661,20.0,0.0,0.0,-0.0,-0.0,0.0,-0.0,0.0,0.0,1.0,0.0,0,0.0,1.0,0.0,1
239.693310831,127.34873962402344,-330.59124755859375,-0.000324869860260661,20.0,0.0,0.0,-0.0,-0.0,0.0,-0.0,0.0,0.0,1.0,0.0,0,0.0,1.0,0.0,1
239.943310834,127.34873962402344,-330.59124755859375,-0.000324869860260661,20.0,0.0,0.0,-0.0,-0.0,0.0,-0.0,0.0,0.0,1.0,0.0,0,0.0,1.0,0.0,1
240.193310838,127.34873962402344,-330.59124755859375,-0.000324869860260661,20.0,0.0,0.0,-0.0,-0.0,0.0,-0.0,0.0,0.0,1.0,0.0,0,0.0,1.0,0.0,1
240.393310841,127.34873962402344,-330.59124755859375,-0.000324869860260661,20.0,0.0,0.0,-0.0,-0.0,0.0,-0.0,0.0,0.0,1.0,0.0,0,0.0,1.0,0.0,1
240.643310845,127.34873962402344,-330.59124755859375,-0.000324869860260661,20.0,0.0,0.0,-0.0,-0.0,0.0,-0.0,0.0,0.0,1.0,0.0,0,0.0,1.0,0.0,1
240.843310848,127.34873962402344,-330.59124755859375,-0.000324869860260661,20.0,0.0,0.0,-0.0,-0.0,0.0,-0.0,0.0,0.0,1.0,0.0,0,0.0,1.0,0.0,1
241.043310851,127.34873962402344,-330.59124755859375,-0.000324869860260661,20.0,0.0,0.0,-0.0,-0.0,0.0,-0.0,0.0,0.0,1.0,0.0,0,0.0,1.0,0.0,1
241.293310855,127.34873962402344,-330.59124755859375,-0.000324869860260661,20.0,0.0,0.0,-0.0,-0.0,0.0,-0.0,0.0,0.0,1.0,0.0,0,0.0,1.0,0.0,1
241.493310858,127.34873962402344,-330.59124755859375,-0.000324869860260661,20.0,0.0,0.0,-0.0,-0.0,0.0,-0.0,0.0,0.0,1.0,0.0,0,0.0,1.0,0.0,1
241.743310861,127.34873962402344,-330.59124755859375,-0.000324869860260661,20.0,0.0,0.0,-0.0,-0.0,0.0,-0.0,0.0,0.0,1.0,0.0,0,0.0,1.0,0.0,1
241.993310865,127.34873962402344,-330.59124755859375,-0.000324869860260661,20.0,0.0,0.0,-0.0,-0.0,0.0,-0.0,0.0,0.0,1.0,0.0,0,0.0,1.0,0.0,1
242.243310869,127.34873962402344,-330.59124755859375,-0.000324869860260661,20.0,0.0,0.0,-0.0,-0.0,0.0,-0.0,0.0,0.0,1.0,0.0,0,0.0,1.0,0.0,1
242.493310872,127.34873962402344,-330.59124755859375,-0.000324869860260661,20.0,0.0,0.0,-0.0,-0.0,0.0,-0.0,0.0,0.0,1.0,0.0,0,0.0,1.0,0.0,1
242.693310875,127.34873962402344,-330.59124755859375,-0.000324869860260661,20.0,0.0,0.0,-0.0,-0.0,0.0,-0.0,0.0,0.0,1.0,0.0,0,0.0,1.0,0.0,1
242.893310878,127.34873962402344,-330.59124755859375,-0.000324869860260661,20.0,0.0,0.0,-0.0,-0.0,0.0,-0.0,0.0,0.0,1.0,0.0,0,0.0,1.0,0.0,1
243.093310881,127.34873962402344,-330.59124755859375,-0.000324869860260661,20.0,0.0,0.0,-0.0,-0.0,0.0,-0.0,0.0,0.0,1.0,0.0,0,0.0,1.0,0.0,1
243.343310885,127.34873962402344,-330.59124755859375,-0.000324869860260661,20.0,0.0,0.0,-0.0,-0.0,0.0,-0.0,0.0,0.0,1.0,0.0,0,0.0,1.0,0.0,1
243.593310889,127.34873962402344,-330.59124755859375,-0.000324869860260661,20.0,0.0,0.0,-0.0,-0.0,0.0,-0.0,0.0,0.0,1.0,0.0,0,0.0,1.0,0.0,1
243.843310893,127.34873962402344,-330.59124755859375,-0.000324869860260661,20.0,0.0,0.0,-0.0,-0.0,0.0,-0.0,0.0,0.0,1.0,0.0,0,0.0,1.0,0.0,1
244.093310896,127.34873962402344,-330.59124755859375,-0.000324869860260661,20.0,0.0,0.0,-0.0,-0.0,0.0,-0.0,0.0,0.0,1.0,0.0,0,0.0,1.0,0.0,1
244.293310899,127.34873962402344,-330.59124755859375,-0.000324869860260661,20.0,0.0,0.0,-0.0,-0.0,0.0,-0.0,0.0,0.0,1.0,0.0,0,0.0,1.0,0.0,1
244.543310903,127.34873962402344,-330.59124755859375,-0.000324869860260661,20.0,0.0,0.0,-0.0,-0.0,0.0,-0.0,0.0,0.0,1.0,0.0,0,0.0,1.0,0.0,1
244.743310906,127.34873962402344,-330.59124755859375,-0.000324869860260661,20.0,0.0,0.0,-0.0,-0.0,0.0,-0.0,0.0,0.0,1.0,0.0,0,0.0,1.0,0.0,1
244.99331091,127.34873962402344,-330.59124755859375,-0.000324869860260661,20.0,0.0,0.0,-0.0,-0.0,0.0,-0.0,0.0,0.0,1.0,0.0,0,0.0,1.0,0.0,1
245.193310913,127.34873962402344,-330.59124755859375,-0.000324869860260661,20.0,0.0,0.0,-0.0,-0.0,0.0,-0.0,0.0,0.0,1.0,0.0,0,0.0,1.0,0.0,1
245.443310916,127.34873962402344,-330.59124755859375,-0.000324869860260661,20.0,0.0,0.0,-0.0,-0.0,0.0,-0.0,0.0,0.0,1.0,0.0,0,0.0,1.0,0.0,1
245.643310919,127.34873962402344,-330.59124755859375,-0.000324869860260661,20.0,0.0,0.0,-0.0,-0.0,0.0,-0.0,0.0,0.0,1.0,0.0,0,0.0,1.0,0.0,1
245.893310923,127.34873962402344,-330.59124755859375,-0.000324869860260661,20.0,0.0,0.0,-0.0,-0.0,0.0,-0.0,0.0,0.0,1.0,0.0,0,0.0,1.0,0.0,1
246.143310927,127.34873962402344,-330.59124755859375,-0.000324869860260661,20.0,0.0,0.0,-0.0,-0.0,0.0,-0.0,0.0,0.0,1.0,0.0,0,0.0,1.0,0.0,1
246.34331093,127.34873962402344,-330.59124755859375,-0.000324869860260661,20.0,0.0,0.0,-0.0,-0.0,0.0,-0.0,0.0,0.0,1.0,0.0,0,0.0,1.0,0.0,1
246.543310933,127.34873962402344,-330.59124755859375,-0.000324869860260661,20.0,0.0,0.0,-0.0,-0.0,0.0,-0.0,0.0,0.0,1.0,0.0,0,0.0,1.0,0.0,1
246.743310936,127.34873962402344,-330.59124755859375,-0.000324869860260661,20.0,0.0,0.0,-0.0,-0.0,0.0,-0.0,0.0,0.0,1.0,0.0,0,0.0,1.0,0.0,1
246.993310939,127.34873962402344,-330.59124755859375,-0.000324869860260661,20.0,0.0,0.0,-0.0,-0.0,0.0,-0.0,0.0,0.0,1.0,0.0,0,0.0,1.0,0.0,1
247.193310942,127.34873962402344,-330.59124755859375,-0.000324869860260661,20.0,0.0,0.0,-0.0,-0.0,0.0,-0.0,0.0,0.0,1.0,0.0,0,0.0,1.0,0.0,1
247.393310945,127.34873962402344,-330.59124755859375,-0.000324869860260661,20.0,0.0,0.0,-0.0,-0.0,0.0,-0.0,0.0,0.0,1.0,0.0,0,0.0,1.0,0.0,1
247.643310949,127.34873962402344,-330.59124755859375,-0.000324869860260661,20.0,0.0,0.0,-0.0,-0.0,0.0,-0.0,0.0,0.0,1.0,0.0,0,0.0,1.0,0.0,1
247.843310952,127.34873962402344,-330.59124755859375,-0.000324869860260661,20.0,0.0,0.0,-0.0,-0.0,0.0,-0.0,0.0,0.0,1.0,0.0,0,0.0,1.0,0.0,1
248.043310955,127.34873962402344,-330.59124755859375,-0.000324869860260661,20.0,0.0,0.0,-0.0,-0.0,0.0,-0.0,0.0,0.0,1.0,0.0,0,0.0,1.0,0.0,1
248.243310958,127.34873962402344,-330.59124755859375,-0.000324869860260661,20.0,0.0,0.0,-0.0,-0.0,0.0,-0.0,0.0,0.0,1.0,0.0,0,0.0,1.0,0.0,1
248.493310962,127.34873962402344,-330.59124755859375,-0.000324869860260661,20.0,0.0,0.0,-0.0,-0.0,0.0,-0.0,0.0,0.0,1.0,0.0,0,0.0,1.0,0.0,1
248.693310965,127.34873962402344,-330.59124755859375,-0.000324869860260661,20.0,0.0,0.0,-0.0,-0.0,0.0,-0.0,0.0,0.0,1.0,0.0,0,0.0,1.0,0.0,1
248.943310969,127.34873962402344,-330.59124755859375,-0.000324869860260661,20.0,0.0,0.0,-0.0,-0.0,0.0,-0.0,0.0,0.0,1.0,0.0,0,0.0,1.0,0.0,1
249.093310971,127.34873962402344,-330.59124755859375,-0.000324869860260661,20.0,0.0,0.0,-0.0,-0.0,0.0,-0.0,0.0,0.0,1.0,0.0,0,0.0,1.0,0.0,1
249.293310974,127.34873962402344,-330.59124755859375,-0.000324869860260661,20.0,0.0,0.0,-0.0,-0.0,0.0,-0.0,0.0,0.0,1.0,0.0,0,0.0,1.0,0.0,1
249.493310977,127.34873962402344,-330.59124755859375,-0.000324869860260661,20.0,0.0,0.0,-0.0,-0.0,0.0,-0.0,0.0,0.0,1.0,0.0,0,0.0,1.0,0.0,1
249.69331098,127.34873962402344,-330.59124755859375,-0.000324869860260661,20.0,0.0,0.0,-0.0,-0.0,0.0,-0.0,0.0,0.0,1.0,0.0,0,0.0,1.0,0.0,1
249.943310983,127.34873962402344,-330.59124755859375,-0.000324869860260661,20.0,0.0,0.0,-0.0,-0.0,0.0,-0.0,0.0,0.0,1.0,0.0,0,0.0,1.0,0.0,1
250.143310986,127.34873962402344,-330.59124755859375,-0.000324869860260661,20.0,0.0,0.0,-0.0,-0.0,0.0,-0.0,0.0,0.0,1.0,0.0,0,0.0,1.0,0.0,1
250.343310989,127.34873962402344,-330.59124755859375,-0.000324869860260661,20.0,0.0,0.0,-0.0,-0.0,0.0,-0.0,0.0,0.0,1.0,0.0,0,0.0,1.0,0.0,1
250.593310993,127.34873962402344,-330.59124755859375,-0.000324869860260661,20.0,0.0,0.0,-0.0,-0.0,0.0,-0.0,0.0,0.0,1.0,0.0,0,0.0,1.0,0.0,1
250.843310997,127.34873962402344,-330.59124755859375,-0.000324869860260661,20.0,0.0,0.0,-0.0,-0.0,0.0,-0.0,0.0,0.0,1.0,0.0,0,0.0,1.0,0.0,1
251.043311,127.34873962402344,-330.59124755859375,-0.000324869860260661,20.0,0.0,0.0,-0.0,-0.0,0.0,-0.0,0.0,0.0,1.0,0.0,0,0.0,1.0,0.0,1
251.293311004,127.34873962402344,-330.59124755859375,-0.000324869860260661,20.0,0.0,0.0,-0.0,-0.0,0.0,-0.0,0.0,0.0,1.0,0.0,0,0.0,1.0,0.0,1
251.493311007,127.34873962402344,-330.59124755859375,-0.000324869860260661,20.0,0.0,0.0,-0.0,-0.0,0.0,-0.0,0.0,0.0,1.0,0.0,0,0.0,1.0,0.0,1
251.69331101,127.34873962402344,-330.59124755859375,-0.000324869860260661,20.0,0.0,0.0,-0.0,-0.0,0.0,-0.0,0.0,0.0,1.0,0.0,0,0.0,1.0,0.0,1
251.893311013,127.34873962402344,-330.59124755859375,-0.000324869860260661,20.0,0.0,0.0,-0.0,-0.0,0.0,-0.0,0.0,0.0,1.0,0.0,0,0.0,1.0,0.0,1
252.093311015,127.34873962402344,-330.59124755859375,-0.000324869860260661,20.0,0.0,0.0,-0.0,-0.0,0.0,-0.0,0.0,0.0,1.0,0.0,0,0.0,1.0,0.0,1
252.343311019,127.34873962402344,-330.59124755859375,-0.000324869860260661,20.0,0.0,0.0,-0.0,-0.0,0.0,-0.0,0.0,0.0,1.0,0.0,0,0.0,1.0,0.0,1
252.543311022,127.34873962402344,-330.59124755859375,-0.000324869860260661,20.0,0.0,0.0,-0.0,-0.0,0.0,-0.0,0.0,0.0,1.0,0.0,0,0.0,1.0,0.0,1
252.793311026,127.34873962402344,-330.59124755859375,-0.000324869860260661,20.0,0.0,0.0,-0.0,-0.0,0.0,-0.0,0.0,0.0,1.0,0.0,0,0.0,1.0,0.0,1
252.993311029,127.34873962402344,-330.59124755859375,-0.000324869860260661,20.0,0.0,0.0,-0.0,-0.0,0.0,-0.0,0.0,0.0,1.0,0.0,0,0.0,1.0,0.0,1
253.243311033,127.34873962402344,-330.59124755859375,-0.000324869860260661,20.0,0.0,0.0,-0.0,-0.0,0.0,-0.0,0.0,0.0,1.0,0.0,0,0.0,1.0,0.0,1
253.443311036,127.34873962402344,-330.59124755859375,-0.000324869860260661,20.0,0.0,0.0,-0.0,-0.0,0.0,-0.0,0.0,0.0,1.0,0.0,0,0.0,1.0,0.0,1
253.643311039,127.34873962402344,-330.59124755859375,-0.000324869860260661,20.0,0.0,0.0,-0.0,-0.0,0.0,-0.0,0.0,0.0,1.0,0.0,0,0.0,1.0,0.0,1
253.843311042,127.34873962402344,-330.59124755859375,-0.000324869860260661,20.0,0.0,0.0,-0.0,-0.0,0.0,-0.0,0.0,0.0,1.0,0.0,0,0.0,1.0,0.0,1
254.043311045,127.34873962402344,-330.59124755859375,-0.000324869860260661,0.0,0.0,0.0,-0.0,-0.0,0.0,-0.0,0.0,0.0,1.0,0.0,0,0.0,1.0,0.0,1
254.293311048,127.34873962402344,-330.59124755859375,-0.000324869860260661,0.0,0.0,0.0,-0.0,-0.0,0.0,-0.0,0.0,0.0,1.0,0.0,0,0.0,1.0,0.0,1
254.44331105,127.34873962402344,-330.59124755859375,-0.000324869860260661,20.0,0.0,0.0,-0.0,-0.0,-0.003207096830010414,4.257004206920101e-07,-0.05102863162755966,1.0,0.0,2.546983159845695e-05,0,1.0,0.0,0.004064955282956362,1
254.693311054,127.3559341430664,-330.59124755859375,-0.000330423292345303,20.0,0.16441507191736762,0.1644150718689208,-3.991338071563756e-06,-0.000149984749562082,1.6567325592041016,-0.0006049089715816081,-0.00024051638320088387,1.0,0.0,2.5645891582826152e-05,0,1.0,0.0,2.5534436645102687e-05,1
254.893311057,127.45296478271484,-330.5912780761719,8.202536157444054e-05,20.0,0.8613171343985186,0.8613164150879612,0.001113152504698757,0.00392110289030924,5.147558212280273,0.029305478557944298,-0.0024499895516783,1.0,0.0,7.513347372878343e-05,0,1.0,0.0,8.385514956898987e-05,1
255.09331106,127.73653411865234,-330.59130859375,0.0008713862436553453,20.0,1.9865619379951351,1.9865617447506385,-0.0008762330090667997,0.013812157300046214,6.929311752319336,0.0073743099346756935,-0.0005258559831418097,1.0,0.0,0.0010736933909356594,0,1.0,0.0,0.0007785757770761847,1
255.293311063,128.29013061523438,-330.59136962890625,0.0006641923758657621,20.0,3.5362961524300047,3.5362956774271,-0.0018328943394632197,-0.001364943009513829,7.751264572143555,-0.0018482079030945897,-2.040862455032766e-05,1.0,0.0,0.0009069771040230989,0,1.0,0.0,0.0009545208304189146,1
255.493311066,129.15623474121094,-330.59130859375,0.0003723099203930775,20.0,5.023897630084197,5.023897236667277,-0.0019882083688030024,-0.0015307660091518063,6.847734451293945,-0.0029898895882070065,0.0613429993391037,0.5477001070976257,0.0,0.0006668678252026439,0,0.8088861703872681,0.0,0.0007212324417196214,1
255.693311069,130.23387145996094,-330.59130859375,0.00010173276176834955,20.0,5.391851863913086,5.391851699322719,-0.0013322513759610438,-0.0011601775207172478,-0.6246376037597656,-0.003544797655194998,-0.0007093424210324883,1.0,0.0,0.0004434297443367541,0,1.0,0.0,0.0004812945262528956,1
255.893311072,131.31724548339844,-330.5912780761719,-9.03004064537512e-05,20.0,5.500563831644472,5.500563756708508,-0.0009079538012574298,-0.0008106853512830225,-0.10500907897949219,-0.002441552933305502,0.001441574189811945,0.836397111415863,0.0,0.00030203122878447175,0,0.7060175538063049,0.0,0.00032118524541147053,0
256.143311076,132.8971405029297,-330.59173583984375,-0.000264912943004872,20.0,7.395881528000398,7.395881498875657,-0.0006563583427079857,-0.0006044095458614059,6.548299789428711,-0.003139604814350605,0.0005477905506268144,0.0,0.0,0.00015763219562359154,0,0.0,0.0,0.00019709767366293818,2
256.343311079,134.37733459472656,-330.5924987792969,-0.0003349557051384886,20.0,7.226544191633956,7.226544190983886,-9.69305268689951e-05,-0.0001289896076015754,-2.975292205810547,0.003447378985583782,-0.00019607541617006063,0.0,0.0,-7.093876047292724e-05,0,0.0,0.0,-5.3829684475203976e-05,2
256.543311082,135.7578887939453,-330.5931701660156,-0.00031515133785789206,20.0,6.618318312734945,6.618318307911612,0.0002526750855603782,0.0002465020702133589,-0.18941879272460938,0.002526678144931793,8.449554297840223e-05,0.0,0.0,-0.00013675692025572062,0,0.0,0.0,-0.0001400843175360933,0
256.793311086,137.32176208496094,-330.59320068359375,-0.000247506477257293,20.0,5.5519957979353745,5.551995794414205,0.00019773476287905843,0.00019010782986529992,-6.345882415771484,0.0016442732885479927,-0.00020103456336073577,0.0,0.0,-6.986449443502352e-05,0,0.0,0.0,-8.082747081061825e-05,1
256.993311088,138.33261108398438,-330.59320068359375,-0.00022272813974325232,20.0,4.559373934010784,4.559373933520172,6.688623378106826e-05,5.573159128574825e-05,-5.827798843383789,0.0009316520299762487,0.06527099758386612,0.4057152569293976,0.0,-2.9408300179056823e-05,0,0.12546399235725403,0.0,-2.430184576951433e-05,1
257.193311091,139.2008819580078,-330.59320068359375,-0.00021693540677013276,20.0,4.421000244632786,4.421000244628952,5.822279769385441e-06,-6.610095654476627e-07,3.339052200317383,-0.0005858705844730139,-0.0013370515080168843,0.46267378330230713,0.0,2.4305090846610256e-06,0,0.6599034667015076,0.0,-5.420700745162321e-06,1
257.393311094,140.14439392089844,-330.59320068359375,-0.00021888622428348093,20.0,4.861672935768417,4.861672935603229,-4.007718166149601e-05,-3.3411518961970696e-05,0.5015659332275391,0.00016894889995455742,-0.0011947632301598787,0.5415887236595154,0.0,1.3684189070772845e-05,0,0.4343854784965515,0.0,6.045228474249598e-06,1
257.643311098,141.39129638671875,-330.59320068359375,-0.00022740629168642348,20.0,5.154898090857535,5.154898090570745,-5.437596812713161e-05,2.9946668605299724e-05,1.391754150390625,-0.00022671883925795555,-0.05697479099035263,0.4572986662387848,0.0,2.7605798095464706e-05,0,0.5311156511306763,0.0,1.9792953025898896e-05,1
257.7933111,142.15069580078125,-330.59320068359375,-0.0002365719773470373,20.0,5.066698782675945,5.066698781725869,-9.811983056233175e-05,-7.83714635971456e-05,-1.1769962310791016,0.0005251122638583183,-0.004505157470703125,0.7542932629585266,0.0,3.316386209917255e-05,0,0.7356455326080322,0.0,2.5434905182919465e-05,1
257.993311103,143.19921875,-330.59320068359375,-0.00025141389893772507,20.0,5.404953816519148,5.404953815347426,-0.00011254427045052299,-9.681174916937471e-05,0.3135967254638672,-2.1595042198896408e-05,-0.0006006241892464459,0.6197744011878967,0.0,4.227680983603932e-05,0,0.3503100574016571,0.0,3.3548669307492673e-05,1
258.193311106,144.2828826904297,-330.59320068359375,-0.0002697982929120034,20.0,5.440430129083141,5.4404301273651425,-0.00013672344821338004,-0.00012065158409895229,0.9488105773925781,-6.949994713068008e-05,0.0004480361531022936,0.5981160998344421,0.0,4.537997301667929e-05,0,0.6011770963668823,0.0,3.643841773737222e-05,1
258.44331111,145.67364501953125,-330.59320068359375,-0.00029654776624604874,20.0,5.6700374040067505,5.670037402841354,-0.00011495951623012784,-0.0001031044912873424,0.8471298217773438,-0.00018476508557796478,0.00014057161752134562,0.3683718144893646,0.0,6.628607661696151e-05,0,0.4077374339103699,0.0,4.2961597500834614e-05,1
258.643311113,146.81015014648438,-330.5931701660156,-0.0003181270107589934,20.0,5.672088677598477,5.672088676596907,-0.00010659266481874328,-9.588212162125907e-05,-0.2054309844970703,-0.0005471380427479744,2.7465812308946624e-05,0.42663154006004333,0.0,7.916326285339892e-05,0,0.38688623905181885,0.0,4.959469515597448e-05,1
258.843311116,147.9346160888672,-330.5937805175781,-0.00034070695625673816,20.0,5.584482936559681,5.584482936040304,-7.61636453895144e-05,-6.96435480444298e-05,-0.31696319580078125,0.0005391566082835197,6.8664553509734105e-06,0.4966120719909668,0.0,-4.125765826756833e-06,0,0.4625382721424103,0.0,2.1987963918945752e-05,1
258.993311118,148.7682647705078,-330.5938720703125,-0.0003363933309896296,20.0,5.540367246231661,5.540367244941073,0.00011958539176566844,0.00010789553174229703,0.04467964172363281,0.0003652949817478657,1.0299681889591739e-05,0.5149545669555664,0.0,-3.1012314138934016e-05,0,0.4902537763118744,0.0,-4.9830781790660694e-05,1
259.193311121,149.87657165527344,-330.5938720703125,-0.0003192834637552995,20.0,5.542603258974784,5.54260325851403,7.146711799097686e-05,6.475871828594883e-05,0.24300575256347656,-0.0005539273843169212,-1.7166144061775412e-06,0.4954366385936737,0.0,1.3753757230006158e-05,0,0.47093015909194946,0.0,-6.0090610531915445e-06,1
259.393311124,150.98793029785156,-330.5938720703125,-0.00031652638332453127,20.0,5.56089619580296,5.56089619580093,-4.751722282789781e-06,-3.894421011917779e-06,0.17168045043945312,-0.0007131695747375488,-3.623963493737392e-06,0.4829839766025543,0.0,2.8616793770197546e-06,0,0.4534093141555786,0.0,2.2790622097090818e-05,1
259.543311126,151.82290649414062,-330.5938720703125,-0.0003196766961350065,20.0,5.569377712183032,5.569377712107808,-2.89466031016394e-05,-2.561712800858725e-05,-0.15836715698242188,-0.0007961527444422245,2.3269654775504023e-05,0.45665308833122253,0.0,5.0111597374780104e-05,0,0.48416075110435486,0.0,3.2592917705187574e-05,1
259.693311129,152.65733337402344,-330.5938720703125,-0.00032860270705030036,20.0,5.557202182906159,5.557202182566181,-6.147071409596139e-05,-5.724527262236598e-05,0.08434295654296875,-0.00046664150431752205,-2.4795529043331044e-06,0.4913458526134491,0.0,4.741092925542034e-05,0,0.46088525652885437,0.0,3.209669375792146e-05,1
259.843311131,153.49093627929688,-330.5939025878906,-0.0003387366331689998,20.0,5.558033806368284,5.5580338060086705,-6.322568717138444e-05,-5.793408759998892e-05,-0.1501941680908203,-0.0003576674498617649,-1.5258788153005298e-06,0.465070515871048,0.0,4.322284075897187e-05,0,0.4935928285121918,0.0,2.8356549591990188e-05,1
260.043311134,154.60165405273438,-330.5945129394531,-0.00035040776109610265,20.0,5.556681497217614,5.556681497217613,7.699984916282277e-08,-2.3410801185584162e-06,0.1363849639892578,0.001563460100442171,1.1634827387752011e-05,0.49338653683662415,0.0,-4.96354878123384e-05,0,0.46457621455192566,0.0,-2.4842305720085278e-05,1
260.193311136,155.43475341796875,-330.5945129394531,-0.0003402829375787853,20.0,5.55178242317776,5.551782422472738,8.8477408601544e-05,8.061115866721297e-05,-0.11964797973632812,0.0003607361577451229,-1.7356871467200108e-05,0.49111703038215637,0.0,-3.0803366826148704e-05,0,0.4921585023403168,0.0,-3.54281255567912e-05,1
260.343311138,156.26817321777344,-330.5945129394531,-0.0003292525677704014,20.0,5.559689330402758,5.559689330202418,4.7198110308550344e-05,4.288856438561922e-05,-0.12825965881347656,0.0006758817471563816,6.484984623966739e-06,0.46104151010513306,0.0,-1.405327748216223e-05,0,0.4906054139137268,0.0,-3.0415854780585505e-05,1
260.493311141,157.10162353515625,-330.5945129394531,-0.0003233898097852211,20.0,5.553207683874757,5.553207683862252,1.178500760267002e-05,1.133122094321569e-05,0.12752532958984375,-0.0008516828529536724,-6.103515261202119e-06,0.4909621775150299,0.0,2.6129175694222795e-06,0,0.4613405168056488,0.0,2.3008229618426412e-05,1
260.693311144,158.2128448486328,-330.5945129394531,-0.00032807930747082923,20.0,5.552386603167426,5.552386602827444,-6.144442422875108e-05,-5.397634966495286e-05,-0.1350688934326172,-0.0008591264486312866,3.6239625842426904e-06,0.4916423559188843,0.0,1.9672343114507385e-05,0,0.49136999249458313,0.0,3.424767783144489e-05,1
260.843311146,159.04620361328125,-330.5945129394531,-0.0003341609830192493,20.0,5.558573100640631,5.558573100288409,-6.2575614907591e-05,-5.599469710230445e-05,-0.131683349609375,-0.0011720485053956509,-6.103515261202119e-06,0.4623090624809265,0.0,2.449396561132744e-05,0,0.4917380213737488,0.0,5.250892718322575e-05,1
261.043311149,160.15728759765625,-330.5950622558594,-0.0003455978815072161,20.0,5.558673240938133,5.558673240924803,-1.2173394298250033e-05,-1.1924642487001753e-05,-0.12993812561035156,0.0010287645272910595,-1.7166138377433526e-06,0.46203818917274475,0.0,-5.4606356570729986e-05,0,0.49155744910240173,0.0,-2.6063160476041958e-05,1
261.243311152,161.26837158203125,-330.5950622558594,-0.0003345096451614747,20.0,5.558905414470641,5.558905414105583,6.370750939181507e-05,5.807297541697001e-05,0.13213157653808594,-0.0002124975435435772,-9.536742595628311e-07,0.4913678467273712,0.0,-3.569869659258984e-05,0,0.4619438052177429,0.0,-2.2178479412104934e-05,1
261.393311154,162.10166931152344,-330.5950622558594,-0.00032687789412555376,20.0,5.552378466963298,5.552378466918484,2.230804364034612e-05,2.0777878307428775e-05,0.13090133666992188,-0.0008375127799808979,-9.72747784544481e-06,0.4913869798183441,0.0,-5.5012428674672265e-06,0,0.4619273245334625,0.0,1.9430071915849112e-05,1
261.593311157,163.21278381347656,-330.5950622558594,-0.00032905829224947486,20.0,5.552298860911234,5.552298860739949,-4.361246997216412e-05,-3.866958991823936e-05,-0.1316547393798828,-0.0007463432848453522,-7.4386593951203395e-06,0.4620147943496704,0.0,4.71456905870582e-06,0,0.4914282560348511,0.0,2.648888221301604e-05,1
261.743311159,164.046142578125,-330.5950622558594,-0.00033416156818648097,20.0,5.5588077035622625,5.558807703238609,-5.998544907992034e-05,-5.399920775994141e-05,0.13095855712890625,-0.0007690582424402237,-1.144409225162235e-06,0.4914831817150116,0.0,5.2378403779584914e-05,0,0.4620440602302551,0.0,3.465217014309019e-05,1
261.893311162,164.8794708251953,-330.5954895019531,-0.0003437011269442195,20.0,5.552240714624617,5.55224071445635,-4.3226326078389864e-05,-3.8765057513895534e-05,0.131378173828125,0.0007152068428695202,7.05719003235572e-06,0.49147191643714905,0.0,-1.3832067452312913e-05,0,0.4620428681373596,0.0,-1.1722802810254507e-05,1
262.093311164,165.9906005859375,-330.5954895019531,-0.000339894841667001,20.0,5.552273101938173,5.552273101749589,4.5761776144729525e-05,4.27101493348686e-05,0.13134002685546875,-0.0004736357368528843,5.91278057981981e-06,0.4914424419403076,0.0,-2.2912585336598568e-05,0,0.46200820803642273,0.0,-1.89660820382187e-08,1
262.343311168,167.37954711914062,-330.5954895019531,-0.0003368819781373956,20.0,5.5588458493065005,5.558845849152934,-4.131960226637635e-05,-3.720098271310838e-05,0.1311779022216797,-0.000903015024960041,-1.3351439065445447e-06,0.49144190549850464,0.0,6.591688816115493e-06,0,0.4620046317577362,0.0,2.994091119035147e-05,1
262.543311171,168.4906768798828,-330.5958251953125,-0.00034476577370372893,20.0,5.5588410948100275,5.558841094684366,-3.7377302056476516e-05,-3.555180265305986e-05,-0.1312732696533203,0.0003179442137479782,2.422332727292087e-05,0.46201229095458984,0.0,-2.1124838895048015e-05,0,0.49144601821899414,0.0,1.5852286878725863e-06,1
262.793311175,169.8795623779297,-330.5958251953125,-0.0003418516083805381,20.0,5.552275495454761,5.552275495380589,2.8699177148229056e-05,2.6683507919654383e-05,-0.13118743896484375,-8.16071406006813e-06,1.9073468138230965e-07,0.4620150625705719,0.0,8.476703442283906e-06,0,0.4914517104625702,0.0,-9.455642612010706e-06,1
262.993311178,170.99069213867188,-330.5958251953125,-0.0003446958787288306,20.0,5.552275043390243,5.552275043321206,-2.7687938916287747e-05,-2.4566047782432448e-05,-0.13121604919433594,-0.00035076169297099113,3.814693627646193e-07,0.4620126187801361,0.0,3.216246113879606e-05,0,0.4914509057998657,0.0,1.4819132047705352e-05,1
263.14331118,171.82408142089844,-330.59625244140625,-0.00034911398885608937,20.0,5.5588325093696,5.558832509365834,-6.470328518178914e-06,-6.3073535202420345e-06,-0.1312255859375,0.0008212868124246597,1.0871885933738668e-05,0.4620198607444763,0.0,-2.2116593754617497e-05,0,0.4914543926715851,0.0,-2.1259269487927668e-05,1
263.343311183,172.93521118164062,-330.59625244140625,-0.0003405127457543928,20.0,5.558832944572901,5.5588329441515425,6.844350276922548e-05,6.260541259212351e-05,-0.1311492919921875,-0.0002175825648009777,7.4386593951203395e-06,0.4620145857334137,0.0,-2.622612373670563e-05,0,0.49145254492759705,0.0,-1.0552413186815102e-05,1
263.543311186,174.0463409423828,-330.59625244140625,-0.00033356118660674987,20.0,5.55884249029039,5.558842490289752,2.6622461931950034e-06,2.114616844184195e-06,-0.1312255859375,-0.0009130616672337055,8.010864803509321e-06,0.46200478076934814,0.0,4.016602304091066e-07,0,0.49144241213798523,0.0,2.7627733288682066e-05,1
263.743311189,175.157470703125,-330.59625244140625,-0.00033877691218011556,20.0,5.5588348897631095,5.5588348895098445,-5.306329730793426e-05,-4.680743340002142e-05,0.1311779022216797,-0.0007621292024850845,-9.155272891803179e-06,0.4620177447795868,0.0,2.193649015680421e-05,0,0.46201759576797485,0.0,3.176436075591482e-05,1
263.943311192,176.26861572265625,-330.59686279296875,-0.00034801107866148446,20.0,5.558830118578133,5.558830118574534,6.3257983256246515e-06,4.504278541915941e-06,-0.1311492919921875,0.0025002588517963886,3.814698175119702e-06,0.4620192348957062,0.0,-6.684134859824553e-05,0,0.49145767092704773,0.0,-7.383742922684178e-05,1
264.143311195,177.37974548339844,-330.59686279296875,-0.00032895689577193627,20.0,5.558837209403147,5.558837208714959,8.747032066255448e-05,8.031643756549928e-05,-0.1311969757080078,0.0006780843250453472,-1.5068053471622989e-05,0.46201157569885254,0.0,-2.350150862184819e-05,0,0.4914480745792389,0.0,-4.13142770412378e-05,1
264.343311198,178.49087524414062,-330.59686279296875,-0.0003174088155099452,20.0,5.558842447773089,5.558842447588776,4.52673100516657e-05,3.943484236550401e-05,-0.13121604919433594,-0.00010733958333730698,-5.722046125811175e-07,0.4620055854320526,0.0,8.862712093105074e-06,0,0.49144455790519714,0.0,-7.925155841803644e-06,1
264.593311202,179.8797607421875,-330.59686279296875,-0.0003194636952626652,20.0,5.552275000276459,5.552275000130141,-4.030872503620193e-05,-3.569904942139943e-05,-0.13123512268066406,-0.0004765298217535019,-7.820128303137608e-06,0.4914507269859314,0.0,5.435529601527378e-05,0,0.49144724011421204,0.0,2.106926876876969e-05,1
264.843311205,181.26870727539062,-330.59698486328125,-0.0003371679948765377,20.0,5.558832517984862,5.558832517133281,-9.730155384810893e-05,-8.70792802809168e-05,0.1312255859375,-0.0008645188063383102,6.8664553509734105e-06,0.491452693939209,0.0,2.2275859009823762e-05,0,0.4620188772678375,0.0,5.034075729781762e-05,1
265.043311208,182.3798370361328,-330.5973815917969,-0.00034363614087220943,20.0,5.558836300488628,5.558836300398706,3.16183131140575e-05,2.755272711024962e-05,0.13123512268066406,0.0009447848424315453,6.103515261202119e-06,0.4620121419429779,0.0,-3.670806472655386e-05,0,0.46201351284980774,0.0,-2.826522359100636e-05,1
265.243311211,183.490966796875,-330.5973815917969,-0.00033094978030738596,20.0,5.558836742687138,5.5588367422887135,6.655490907013597e-05,5.906867403467122e-05,0.13124465942382812,0.0004332512617111206,-1.144409225162235e-06,0.4914526045322418,0.0,-1.5979152522049844e-05,0,0.4620138704776764,0.0,-3.2603562431177124e-05,1
265.343311213,184.04653930664062,-330.5973815917969,-0.00032721267480067135,20.0,5.558836752158444,5.558836752134445,1.6334627360079115e-05,1.6021239793389587e-05,0.13121604919433594,-0.0005648075602948666,-1.5258785879268544e-06,0.4620133638381958,0.0,-3.730054913830827e-06,0,0.46201086044311523,0.0,2.036183559539495e-06,1
265.493311215,184.87985229492188,-330.5973815917969,-0.0003287541028168592,20.0,5.552272625690373,5.552272625661628,-1.786617932211393e-05,-1.5907545660747207e-05,0.13124465942382812,-0.0007291743531823158,5.722044988942798e-06,0.49145498871803284,0.0,4.600052488967776e-05,0,0.46201667189598083,0.0,2.76177470368566e-05,1
265.743311219,186.268798828125,-330.59759521484375,-0.0003433696947260389,20.0,5.558834436471147,5.558834435676878,-9.39703451858678e-05,-8.383092757716272e-05,0.1311969757080078,-0.0009090220555663109,-9.536756806483027e-07,0.4914502501487732,0.0,1.1644548976619262e-05,0,0.46201613545417786,0.0,4.985574560123496e-05,1
265.993311223,187.65768432617188,-330.5979309082031,-0.00034018833554299265,20.0,5.552273560710873,5.552273559761341,0.0001026845800939255,9.135842131796786e-05,-0.13121604919433594,0.0012665707617998123,9.536745437799254e-07,0.46201783418655396,0.0,-3.7206838896963745e-05,0,0.4914523661136627,0.0,-5.319214324117638e-05,1
266.243311226,189.046630859375,-330.5979309082031,-0.00032518864636477867,20.0,5.558841514010521,5.558841513952895,2.5311629493895997e-05,2.244971734306061e-05,0.1312255859375,-0.0005127023905515671,-8.964539119915571e-06,0.46200862526893616,0.0,-1.9036599496757844e-06,0,0.4620075225830078,0.0,-2.1402699985628715e-06,1
266.49331123,190.43551635742188,-330.5979309082031,-0.0003312499060786703,20.0,5.5522736083472255,5.552273607628411,-8.934265500720842e-05,-7.89997544029002e-05,0.13120651245117188,0.0003077927976846695,-7.629398623976158e-07,0.4914540648460388,0.0,3.0346089261001907e-05,0,0.46201369166374207,0.0,1.6642819900880568e-05,1
266.693311233,191.54666137695312,-330.5982666015625,-0.0003438681921888718,20.0,5.552270761937237,5.552270761603202,-6.090403284937602e-05,-5.6295700624436325e-05,0.13123512268066406,0.0003128545358777046,1.4877318790240679e-05,0.4914546608924866,0.0,-1.1711950719472952e-05,0,0.46201595664024353,0.0,6.464874786615837e-06,1
266.893311236,192.6577911376953,-330.5984802246094,-0.00034088283151915673,20.0,5.552275469161887,5.5522754682043045,0.00010311900076983919,9.171935571741372e-05,0.13121604919433594,0.00028368784114718437,-9.536745437799254e-07,0.4914497435092926,0.0,-2.44971779466141e-05,0,0.4620138704776764,0.0,-4.2856529034907e-05,1
267.14331124,194.04673767089844,-330.5984802246094,-0.0003246746744795961,20.0,5.558838175081012,5.558838175021195,2.578805789572374e-05,2.382911905464694e-05,-0.1312255859375,-0.0007831724360585213,-1.9073468138230965e-07,0.46201154589653015,0.0,-6.3638481151429005e-06,0,0.49144741892814636,0.0,1.768701258697547e-05,1
267.393311243,195.4356231689453,-330.5984802246094,-0.00032931696867517985,20.0,5.552275031305418,5.552275030754763,-7.819703291588368e-05,-6.934358481959873e-05,-0.1312255859375,-0.0010882318019866943,-7.4386593951203395e-06,0.4620135724544525,0.0,1.7961505363928154e-05,0,0.4914507269859314,0.0,4.345566048868932e-05,1
267.643311247,196.82456970214844,-330.59881591796875,-0.00034387875770833324,20.0,5.558834418536342,5.558834418387135,-4.072876008551793e-05,-3.617218963752508e-05,0.13121604919433594,6.232410669326782e-05,7.2479260779800825e-06,0.4914524257183075,0.0,-9.822123502090108e-06,0,0.46201568841934204,0.0,1.3450857295538299e-05,1
267.84331125,197.93569946289062,-330.59881591796875,-0.00034269411915703336,20.0,5.558838210370139,5.558838210337899,1.8932423728621798e-05,1.8313281932811402e-05,-0.13121604919433594,-0.0005239271558821201,8.010865713004023e-06,0.4620090126991272,0.0,-1.3669105101143941e-05,0,0.4914495050907135,0.0,1.167821028502658e-05,1
268.093311254,199.3245849609375,-330.59893798828125,-0.0003448607983602999,20.0,5.5522769639151806,5.552276963545301,-6.408853019312511e-05,-5.672522556349316e-05,0.13120651245117188,0.00021478626877069473,2.288818359375e-05,0.4914476275444031,0.0,6.028067218721844e-06,0,0.4620119333267212,0.0,1.1968251783400774e-05,1
268.343311258,200.71353149414062,-330.599365234375,-0.00034311384660862043,20.0,5.558832461390862,5.558832460448345,0.00010236496805270643,9.248252757007675e-05,-0.13124465942382812,0.0006999168545007706,5.722051810153062e-07,0.46202167868614197,0.0,-2.8896025469293818e-05,0,0.49145108461380005,0.0,-4.7389297833433375e-05,1
268.643311262,202.38023376464844,-330.599365234375,-0.0003245746108829742,20.0,5.5588367547879525,5.558836754784266,-6.40182776052047e-06,-5.61459018767807e-06,0.13121604919433594,-0.0008092890493571758,-9.5367431640625e-06,0.49144500494003296,0.0,-8.650072231830563e-06,0,0.46201542019844055,0.0,1.5077450370881706e-05,1
268.893311266,203.7691192626953,-330.599365234375,-0.00032778854437525226,20.0,5.552275966427546,5.552275966336089,-3.186833609203554e-05,-2.8333155300756004e-05,-0.1312541961669922,-0.00039546750485897064,1.9073468138230965e-07,0.46201038360595703,0.0,3.277172800153494e-05,0,0.4914483428001404,0.0,1.694486491032876e-05,1
269.14331127,205.15806579589844,-330.599609375,-0.00034361172639493104,20.0,5.558832051303237,5.558832050576447,-8.988999006973645e-05,-8.0298354272575e-05,-0.13120651245117188,-0.0011503277346491814,9.91821252682712e-06,0.4620189666748047,0.0,-7.52315418139915e-06,0,0.49145370721817017,0.0,5.921813499298878e-05,1
269.393311273,206.5469512939453,-330.6000671386719,-0.0003429965205786633,20.0,5.552278795685231,5.552278793648714,0.00015038157581650908,0.00013387470556170425,0.13123512268066406,0.0005942047573626041,-1.5258785879268544e-06,0.4914437532424927,0.0,-4.881051791016944e-05,0,0.46201077103614807,0.0,-6.73661706969142e-05,1
269.643311277,207.93589782714844,-330.6000671386719,-0.0003184456993352391,20.0,5.558838152761018,5.558838152411581,6.232920339450406e-05,5.619343858703422e-05,-0.13124465942382812,-0.0004578474909067154,-7.820128303137608e-06,0.4620148837566376,0.0,-2.0828609194722958e-05,0,0.49145111441612244,0.0,-1.6603177073193365e-06,1
269.893311281,209.3247833251953,-330.6000671386719,-0.00031501720452466875,20.0,5.55227308615955,5.552273085983982,-4.415435034982938e-05,-3.9146887259906924e-05,-0.13121604919433594,-0.0008880998939275742,-7.629387255292386e-07,0.4620164930820465,0.0,8.504537618136965e-06,0,0.49145400524139404,0.0,2.8980375645915046e-05,1
270.143311284,210.71372985839844,-330.6000671386719,-0.0003288687630849831,20.0,5.558838214645222,5.558838214197904,-7.052047171824419e-05,-6.53835265339425e-05,0.13124465942382812,0.0002859346568584442,1.9073485191256623e-06,0.4914465546607971,0.0,3.5898749047191814e-05,0,0.46201449632644653,0.0,2.295458943990525e-05,1
270.343311287,211.82485961914062,-330.6005859375,-0.0003427679152468097,20.0,5.55883871061313,5.558838710401717,-4.848110382339848e-05,-4.3762450691253454e-05,0.1311969757080078,0.00014384742826223373,8.58306884765625e-06,0.46201300621032715,0.0,-2.7813937776954845e-05,0,0.4620084762573242,0.0,1.537253956485074e-05,1
270.54331129,212.9359893798828,-330.6005859375,-0.000336610330504721,20.0,5.558834364428669,5.5588343638603614,7.948744694607037e-05,7.278619678963418e-05,0.13118743896484375,0.0002440391108393669,9.72747784544481e-06,0.4914512038230896,0.0,-1.8430568161420524e-05,0,0.4620150923728943,0.0,-3.636337714851834e-05,1
270.743311293,214.047119140625,-330.6005859375,-0.0003270701865797508,20.0,5.5588338909990105,5.558833890976272,1.5899600852951108e-05,1.4948533777544952e-05,-0.13116836547851562,-0.0008257455192506313,-4.196165264147567e-06,0.46201226115226746,0.0,-3.5715454487217357e-06,0,0.4914523959159851,0.0,2.163618955819402e-05,1
270.993311297,215.43600463867188,-330.6005859375,-0.00033339064286799785,20.0,5.55227361086846,5.552273610222013,-8.472602268109373e-05,-7.523708846641175e-05,0.1312541961669922,0.00017425743862986565,-1.1444103620306123e-06,0.4914550185203552,0.0,3.374878360773437e-05,0,0.46201375126838684,0.0,1.9597309801611118e-05,1
271.243311301,216.824951171875,-330.60113525390625,-0.00034761771624461493,20.0,5.558833939278522,5.558833939263131,-1.308117758095876e-05,-1.217812250577944e-05,-0.13120651245117188,0.0011801812797784805,1.4305113836599048e-05,0.46201688051223755,0.0,-3.7901616451563314e-05,0,0.49145257472991943,0.0,-3.0194016289897263e-05,1
271.443311304,217.93609619140625,-330.60113525390625,-0.00033598937054400805,20.0,5.5588381754322675,5.5588381747427125,8.755714071223539e-05,8.006096330492326e-05,-0.1311779022216797,-0.00012770527973771095,-1.1634825568762608e-05,0.46201014518737793,0.0,-3.660863876575604e-05,0,0.49144673347473145,0.0,-1.8313246982870623e-05,1
271.693311308,219.32498168945312,-330.60113525390625,-0.00032523763786578876,20.0,5.552277863486173,5.552277863466109,-1.492662740271241e-05,-1.2352365192258154e-05,0.13115882873535156,0.00018132617697119713,1.2588499885168858e-05,0.49145039916038513,0.0,1.3337977179617155e-05,0,0.462013840675354,0.0,-1.8908622223534621e-06,1
271.893311311,220.4361114501953,-330.60113525390625,-0.0003312771813735259,20.0,5.552271224223841,5.552271223504552,-8.93720995335279e-05,-7.920333570827554e-05,0.13118743896484375,0.00030864961445331573,-5.722051810153062e-07,0.4914540946483612,0.0,3.0359256925294176e-05,0,0.46201956272125244,0.0,1.665467607381288e-05,1
272.093311314,221.5472412109375,-330.6014709472656,-0.00034389563003018074,20.0,5.55227028520285,5.5522702848673084,-6.10412629703016e-05,-5.5735902830420756e-05,0.13120651245117188,0.00031591858714818954,1.4877318790240679e-05,0.4914529323577881,0.0,-1.170260293292813e-05,0,0.46201878786087036,0.0,6.4686714722483885e-06,1
272.243311316,222.380615234375,-330.6016845703125,-0.00034468976698218834,20.0,5.558834866089436,5.558834865873347,4.90143065995667e-05,4.422199389656458e-05,-0.13115882873535156,0.0015464331954717636,5.722051810153062e-07,0.4620145559310913,0.0,-4.285825343686156e-05,0,0.49144697189331055,0.0,-5.770105781266466e-05,1
272.443311319,223.49176025390625,-330.6016845703125,-0.00032936033606890757,20.0,5.5588410278315585,5.558841027286146,7.786990764250931e-05,7.008117186051991e-05,-0.13123512268066406,1.5210825949907303e-05,-5.722040441469289e-07,0.4620097577571869,0.0,-1.8428845578455366e-06,0,0.4914449453353882,0.0,-2.0093528291909024e-05,1
272.693311322,224.88064575195312,-330.6016845703125,-0.0003251970012524758,20.0,5.552274524397379,5.552274524385668,-1.140336848506796e-05,-1.0207487532033952e-05,0.13120651245117188,-0.0007094512693583965,-1.716613269309164e-06,0.4914514720439911,0.0,4.3463631300255656e-05,0,0.4620157480239868,0.0,2.5127725166385062e-05,1
272.943311326,226.26959228515625,-330.6017761230469,-0.0003386959965556869,20.0,5.558834902663227,5.558834901931716,-9.018147206928463e-05,-8.079021984011527e-05,-0.1312255859375,0.0003465404734015465,-3.814693627646193e-07,0.46201249957084656,0.0,1.345780856354395e-05,0,0.491454154253006,0.0,1.5744943084428087e-05,1
273.19331133,227.65847778320312,-330.6020202636719,-0.0003437819775500671,20.0,5.552275021523919,5.552275021438395,3.081747143423454e-05,2.6973580192805076e-05,0.13121604919433594,-0.00016619451344013214,-1.907349087559851e-06,0.49145179986953735,0.0,1.1684707715176046e-05,0,0.4620134234428406,0.0,-6.141834091977216e-06,1
273.443311334,229.04742431640625,-330.6020202636719,-0.00034267789702099877,20.0,5.558835840714493,5.55883584066477,-2.3511740127448873e-05,-2.0392771218553694e-05,-0.1311969757080078,-0.0010152719914913177,1.5258788153005298e-05,0.46201077103614807,0.0,1.1971038475167006e-05,0,0.49145230650901794,0.0,3.759275932679884e-05,1
273.693311337,230.43630981445312,-330.6025695800781,-0.0003470228287350035,20.0,5.552279311336521,5.552279311074948,5.3894819455697684e-05,4.7007877558849006e-05,0.13123512268066406,0.0013556983321905136,-5.91278057981981e-06,0.4914487898349762,0.0,-4.7384019126184285e-05,0,0.46200862526893616,0.0,-6.232972373254597e-05,1
273.943311341,231.82525634765625,-330.6025695800781,-0.00032696345857854557,20.0,5.5588357820490515,5.558835781652727,6.637926941965161e-05,6.095800835207677e-05,-0.13121604919433594,-0.0003841705620288849,1.9073468138230965e-07,0.46201497316360474,0.0,1.5076186173246242e-05,0,0.49144962430000305,0.0,-4.914137207379099e-06,1
274.193311345,233.21414184570312,-330.6025695800781,-0.0003255498570931951,20.0,5.552270241753128,5.552270241633787,-3.6403674146456524e-05,-3.19034129686995e-05,0.13120651245117188,0.00023442553356289864,5.722047262679553e-06,0.4914550483226776,0.0,1.694346974545624e-05,0,0.46201813220977783,0.0,2.8138276775280247e-06,1
274.443311349,234.6030731201172,-330.6025695800781,-0.0003368709249785744,20.0,5.558835842129134,5.558835841806687,-5.987373052684912e-05,-5.5547092933984674e-05,0.1312255859375,0.00030932947993278503,5.722044988942798e-06,0.4914466440677643,0.0,3.176259997417219e-05,0,0.4620169401168823,0.0,1.8486525732441805e-05,1
274.643311352,235.71421813964844,-330.60321044921875,-0.00035154958491161593,20.0,5.558838723236072,5.558838723124405,-3.5234520134692846e-05,-3.516436911807261e-05,-0.1312255859375,0.0012689828872680664,-4.57763690064894e-06,0.46201419830322266,0.0,-5.324574522092007e-05,0,0.49144718050956726,0.0,-2.7601143301581033e-05,1
274.893311355,237.1031036376953,-330.603271484375,-0.00033029140215313444,20.0,5.552275919539824,5.552275918055483,0.00012838590154611203,0.0001168167881738333,-0.1312255859375,0.00038357218727469444,-7.05719003235572e-06,0.4620155394077301,0.0,-2.775216671579983e-05,0,0.49144816398620605,0.0,-4.8814861656865105e-05,1
275.093311358,238.2142333984375,-330.603271484375,-0.0003167014458546836,20.0,5.552273543263999,5.552273543196544,2.736876674832514e-05,2.5793261313500347e-05,0.13121604919433594,0.00037241261452436447,-1.5258797247952316e-06,0.49145472049713135,0.0,-5.5739633353368845e-06,0,0.46201255917549133,0.0,-2.0830611902056262e-05,1
275.393311363,239.8809356689453,-330.603271484375,-0.00031828299033553404,20.0,5.552274522538168,5.552274522363108,-4.4090414146518186e-05,-3.9466616133453425e-05,-0.13118743896484375,-0.0004937942139804363,-1.1444080882938579e-06,0.46201375126838684,0.0,3.8129517633933574e-05,0,0.4914526343345642,0.0,2.2533940864377655e-05,1
275.643311366,241.26988220214844,-330.6033935546875,-0.00033658029192016,20.0,5.558836332223496,5.558836331337239,-9.92628942910707e-05,-8.808378485272294e-05,0.13121604919433594,-0.0008698389865458012,-5.912779670325108e-06,0.4914507269859314,0.0,2.294926525792107e-05,0,0.46201545000076294,0.0,5.111935024615377e-05,1
275.89331137,242.6587677001953,-330.6037902832031,-0.0003403519873121267,20.0,5.552277858035488,5.552277857374447,8.567708342772542e-05,7.574001532009581e-05,-0.1312255859375,0.0014786981046199799,3.2424923119833693e-06,0.49144887924194336,0.0,-1.842752317315899e-05,0,0.49144500494003296,0.0,-5.0702816224657e-05,1
276.143311374,244.04771423339844,-330.6037902832031,-0.00032710250081465723,20.0,5.5588343679109125,5.558834367888249,1.5873563662486002e-05,1.4989781971888288e-05,-0.13121604919433594,-0.000827473122626543,-4.00543194700731e-06,0.4620172679424286,0.0,-3.569605951270205e-06,0,0.49145230650901794,0.0,2.163979661418125e-05,1
276.393311378,245.4360809326172,-330.6037902832031,-0.00033200665734642987,20.0,5.54529795549526,5.545297954884338,-8.231335188039315e-05,-7.207592568018198e-05,0.10221481323242188,0.00013445038348436356,6.8664553509734105e-06,0.5020502209663391,0.0,3.4999287890968844e-05,0,0.4719710350036621,0.0,2.0671544916694984e-05,1
276.643311381,246.82339477539062,-330.6043701171875,-0.0003471806613411112,20.0,5.556878432717177,5.556878432661451,-2.4886181851346554e-05,-2.3809578939135396e-05,0.18919944763183594,0.0005070772022008896,-8.201597665902227e-06,0.4941853880882263,0.0,-2.4016699171625078e-05,0,0.46729961037635803,0.0,5.6898244338299264e-08,1
276.893311385,248.21316528320312,-330.6043701171875,-0.000331854611394058,20.0,5.559039872093431,5.559039871605734,7.363596057814906e-05,6.714088125863017e-05,-0.12228965759277344,-3.3781398087739944e-05,-2.6702878130890895e-06,0.4571075141429901,0.0,-4.11195469496306e-05,0,0.4869016706943512,0.0,-2.3946298824739642e-05,1
277.093311388,249.32537841796875,-330.6043701171875,-0.0003224473004306853,20.0,5.5558126493705045,5.555812649367897,-5.3832325271094455e-06,-4.381516349012772e-06,0.10395050048828125,0.00018995720893144608,3.1661984394304454e-05,0.4910275936126709,0.0,1.0684513654268812e-05,0,0.46100327372550964,0.0,-4.676552634919062e-06,1
277.343311392,250.71450805664062,-330.6043701171875,-0.00033002433833044157,20.0,5.5578277921453,5.557827791917216,-5.0351824316426024e-05,-4.716764853141164e-05,-0.13436317443847656,-0.0004940596409142017,4.00543194700731e-06,0.4635104835033417,0.0,4.453193105291575e-05,0,0.4928973317146301,0.0,2.873584526241757e-05,1
277.593311395,252.10313415527344,-330.60467529296875,-0.00034565519538663265,20.0,5.551947481903621,5.551947481102386,-9.43230523781627e-05,-8.363736726063034e-05,-0.12517929077148438,-0.0009681377559900284,0.0,0.46211057901382446,0.0,4.172081753495149e-05,0,0.4919619560241699,0.0,4.6782472054474056e-05,1
277.843311399,253.49208068847656,-330.60504150390625,-0.0003394534955371314,20.0,5.55942515172255,5.559425149990498,0.0001387747284974479,0.00012470040493906806,0.13196945190429688,0.0011333334259688854,6.48498553346144e-06,0.4909803569316864,0.0,-5.6755281548248604e-05,0,0.4614812433719635,0.0,-7.298953278223053e-05,1
278.093311403,254.88096618652344,-330.60504150390625,-0.000318759446499306,20.0,5.55239227128707,5.552392271032894,5.312783286516918e-05,4.799222637045191e-05,0.12895584106445312,-0.0005592289380729198,-1.0681153071345761e-05,0.4915328621864319,0.0,2.0300540199968964e-05,0,0.4620613157749176,0.0,9.163778145193646e-07,1
278.343311407,256.2699279785156,-330.60504150390625,-0.0003212710817856638,20.0,5.5586879910685845,5.558687990810973,-5.351606367408692e-05,-4.715520153675388e-05,-0.1308727264404297,0.00036159763112664223,0.0,0.46212056279182434,0.0,1.88923495443305e-05,0,0.4915861487388611,0.0,5.49821788808913e-06,1
278.59331141,257.6588134765625,-330.60504150390625,-0.00033424827046464557,20.0,5.552279806788782,5.552279806329233,-7.14359076513503e-05,-6.539941138608655e-05,-0.130615234375,8.180039003491402e-05,-1.1062621524615679e-05,0.49141037464141846,0.0,5.350506762624718e-05,0,0.49145302176475525,0.0,2.43912963924231e-05,1
278.843311414,259.0477600097656,-330.6056213378906,-0.0003466522553308799,20.0,5.558883991269408,5.558883991201327,2.7511947911689956e-05,2.398536480100467e-05,0.13109207153320312,0.0009676208719611168,-1.907349087559851e-06,0.49141648411750793,0.0,-4.0609251300338656e-05,0,0.46196621656417847,0.0,-2.713474714255426e-05,1
279.093311418,260.4366455078125,-330.6056213378906,-0.00033040694017210596,20.0,5.552271183378945,5.552271183312458,2.7171857230527056e-05,2.5364792926389654e-05,0.13105392456054688,0.00042806845158338547,-5.340575626178179e-06,0.49146416783332825,0.0,-5.917189355386654e-06,0,0.4620269536972046,0.0,-2.2401360183721408e-05,1
279.393311422,262.10333251953125,-330.6056213378906,-0.0003285387612755911,20.0,5.552264049589268,5.552264049445484,-3.9958041042201267e-05,-3.5059681074855724e-05,-0.13121604919433594,-0.0007317611016333103,-7.820130122127011e-06,0.46201854944229126,0.0,4.34844296250958e-05,0,0.49145928025245667,0.0,2.5096875106100924e-05,1
279.643311426,263.4922790527344,-330.6059265136719,-0.0003423425311786495,20.0,5.558839188260818,5.558839188006622,-5.3160850229569826e-05,-4.8574183309707047e-05,0.1312732696533203,0.0002611987292766571,-7.629398623976158e-07,0.49144813418388367,0.0,9.513329132460058e-06,0,0.4620128571987152,0.0,1.6410745956818573e-05,1
279.89331143,264.88116455078125,-330.6059265136719,-0.00034406399564645913,20.0,5.5522797959966885,5.552279795977998,1.4406704874976618e-05,1.3785557588886871e-05,-0.13121604919433594,-1.0579824447631836e-05,-6.67572021484375e-06,0.4620141088962555,0.0,1.2697859347099438e-05,0,0.49144604802131653,0.0,-4.653420091926819e-06,1
280.093311433,265.9923095703125,-330.6063232421875,-0.0003483100991168868,20.0,5.552275045387,5.552275045370933,-1.3357159356675048e-05,-1.2772681874738265e-05,-0.13124465942382812,0.00024357112124562263,3.8146959013829473e-06,0.49145305156707764,0.0,-5.48037096450571e-05,0,0.49145081639289856,0.0,1.4173895124258706e-06,1
280.343311436,267.3812561035156,-330.6063232421875,-0.0003360376793499146,20.0,5.558836763384977,5.558836763298057,3.10861219578299e-05,2.844100080882731e-05,-0.13121604919433594,0.0004830514080822468,3.6239625842426904e-06,0.4620111584663391,0.0,-3.5803470836981433e-06,0,0.49144941568374634,0.0,-2.043107815552503e-05,1
280.59331144,268.7701416015625,-330.6063232421875,-0.00033301490048666074,20.0,5.552273105921347,5.552273105919601,-4.403632936166205e-06,-3.0914849632338384e-06,0.13123512268066406,-0.0006723054684698582,-4.95910626341356e-06,0.49145403504371643,0.0,4.0095143049256876e-05,0,0.4620187282562256,0.0,2.1693442249670625e-05,1
280.843311444,270.1590881347656,-330.6065673828125,-0.0003449069290437328,20.0,5.558833958993606,5.558833958364395,-8.363830371415658e-05,-7.48151178737698e-05,-0.13121604919433594,-0.0011571170762181282,3.261566234868951e-05,0.4620165526866913,0.0,-1.3662090168509167e-05,0,0.49145442247390747,0.0,5.783248707302846e-05,1
281.143311448,271.8257751464844,-330.60699462890625,-0.00033651085207533085,20.0,5.558839114600909,5.558839112928139,0.00013637200466052717,0.0001243185508110887,0.1311779022216797,0.0004748394712805748,-9.155272891803179e-06,0.49144667387008667,0.0,-4.3209260184084997e-05,0,0.46200811862945557,0.0,-6.201494397828355e-05,1
281.393311452,273.21466064453125,-330.60699462890625,-0.00031818731549314983,20.0,5.552273068462667,5.552273068386395,2.9102804397753258e-05,2.669243375176858e-05,-0.1312255859375,-0.00041685067117214203,-8.58306884765625e-06,0.462017685174942,0.0,-1.7352223949274048e-05,0,0.4914509654045105,0.0,-2.93582456833974e-06,1
281.643311456,274.6036071777344,-330.60699462890625,-0.000319275043849021,20.0,5.558836275373601,5.55883627530338,-2.794085855113556e-05,-2.598829673909598e-05,-0.13120651245117188,-0.00040856655687093735,-8.392333256779239e-06,0.46201321482658386,0.0,3.570410262909718e-05,0,0.4914506673812866,0.0,2.024682362389285e-05,1
281.89331146,275.99249267578125,-330.60699462890625,-0.00033482537539227116,20.0,5.552277429047542,5.552277428370689,-8.669569380029567e-05,-7.685009381328906e-05,0.13118743896484375,-0.0009270221926271915,2.365112231927924e-05,0.4914482831954956,0.0,2.0791692804777995e-05,0,0.46200960874557495,0.0,5.473130295285955e-05,1
282.143311463,277.3814392089844,-330.60748291015625,-0.00034406487339730667,20.0,5.558832962219608,5.558832962108185,3.519600407518596e-05,3.199026560233333e-05,-0.13123512268066406,0.0011443300172686577,3.8146970382513246e-07,0.4620175063610077,0.0,-2.6524106942815706e-05,0,0.4914531707763672,0.0,-4.1889150452334434e-05,1
282.393311467,278.77032470703125,-330.60748291015625,-0.00033203945922069615,20.0,5.552277858012813,5.552277857871589,3.960080073113487e-05,3.6278048015205385e-05,0.1312541961669922,-0.0005586771294474602,5.7220458984375e-06,0.491445392370224,0.0,2.3994803996174596e-05,0,0.4620116949081421,0.0,4.7245152927644085e-06,1
282.693311471,280.43701171875,-330.6076354980469,-0.00034004383174605164,20.0,5.552277444092149,5.552277443188108,-0.00010019468997403023,-8.883179112129756e-05,-0.13126373291015625,-0.0012256507761776447,-5.722046125811175e-07,0.4620094895362854,0.0,1.930686630657874e-05,0,0.49144697189331055,0.0,5.297458483255468e-05,1
282.943311475,281.8259582519531,-330.6080322265625,-0.00033784028700718755,20.0,5.558832449871034,5.558832448804918,0.00010887019558016901,9.979116063890086e-05,-0.13121604919433594,0.0003240583464503288,1.9073468138230965e-07,0.46201857924461365,0.0,-1.758533289830666e-05,0,0.49145177006721497,0.0,-3.761431071325205e-05,1
283.193311479,283.21484375,-330.6080322265625,-0.00032235042274454716,20.0,5.552271647316488,5.552271647270725,2.2542671295367122e-05,2.1201492651079236e-05,0.1312541961669922,0.0002667168155312538,5.91278057981981e-06,0.4914499819278717,0.0,-4.630210526102019e-07,0,0.46202200651168823,0.0,-1.5992922271834686e-05,1
283.493311483,284.8815612792969,-330.6080322265625,-0.00032603782154585727,20.0,5.55227787436178,5.552277874192573,-4.334712966526644e-05,-3.899482098922844e-05,-0.13120651245117188,-0.0004166737198829651,-8.39233416627394e-06,0.46201184391975403,0.0,3.669485522550531e-05,0,0.49145030975341797,0.0,2.1069636204629205e-05,1
283.743311487,286.2705078125,-330.6084289550781,-0.0003448163581599809,20.0,5.558833967407101,5.558833966370032,-0.0001073768710872775,-9.677453415890269e-05,-0.1312255859375,0.002010539174079895,2.5176999770337716e-05,0.46201661229133606,0.0,-4.84859301650431e-05,0,0.4914523661136627,0.0,-2.80423500953475e-05,1
284.043311492,287.93719482421875,-330.6085205078125,-0.00032599500681007067,20.0,5.558838148594792,5.558838147344219,0.00011791296072220212,0.00010836247893855378,0.13124465942382812,0.00027685659006237984,-1.5258797247952316e-06,0.4914488196372986,0.0,-3.263861435698345e-05,0,0.4620106518268585,0.0,-5.140713255968876e-05,1
284.293311495,289.3260803222656,-330.6085205078125,-0.0003046240818316136,20.0,5.552277809273832,5.552277809097807,4.4211784749044265e-05,4.047458294471383e-05,0.1311779022216797,0.000807824544608593,8.201598575396929e-06,0.49145084619522095,0.0,-2.512869832571596e-05,0,0.4620134234428406,0.0,-3.982842099503614e-05,1
284.543311499,290.71502685546875,-330.6085205078125,-0.0002951474285512835,20.0,5.558834784157037,5.558834784040583,3.598194448508889e-05,3.1515436934924526e-05,-0.1312255859375,0.0001075398176908493,-5.340575626178179e-06,0.4620150327682495,0.0,3.1477411539526656e-06,0,0.4914489984512329,0.0,-1.2227475963300094e-05,1
284.793311503,292.1039123535156,-330.6085205078125,-0.00028835080868288036,20.0,5.552272545072827,5.55227254503976,1.9162272684414146e-05,1.8502894402360415e-05,-0.13120651245117188,-0.0002512754872441292,1.716613724056515e-06,0.4914513826370239,0.0,-2.0512907212832943e-05,0,0.4914536476135254,0.0,-2.396039917584858e-06,1
284.993311506,293.2150573730469,-330.6085510253906,-0.0002865778494986805,20.0,5.55227540939204,5.552275409391602,-2.2060927939966795e-06,-1.5147856365845102e-06,0.15898704528808594,-0.00021960120648145676,1.182556115963962e-05,0.49144941568374634,0.0,-1.908410013129469e-05,0,0.4914492964744568,0.0,6.739393938914873e-06,1
285.243311509,294.6053161621094,-330.6085510253906,-0.00028492514218059634,20.0,5.567204690214682,5.567204690138508,2.9122965032584622e-05,2.4840387590739017e-05,-0.15697479248046875,0.0002011260949075222,-1.3351439065445447e-06,0.4538039565086365,0.0,9.90331045613857e-07,0,0.4811171591281891,0.0,-1.3011347618885338e-05,1
285.543311514,296.2724304199219,-330.6085510253906,-0.00028247572967654333,20.0,5.553657276781124,5.553657276778216,-5.682971728335491e-06,-5.05775531073068e-06,0.09133338928222656,-0.0004279380664229393,2.479554268575157e-06,0.4951653480529785,0.0,-2.474220127623994e-05,0,0.46492964029312134,0.0,8.478061317873653e-06,1
285.793311518,297.6597900390625,-330.6085510253906,-0.00027949144181341966,20.0,5.547430726307278,5.547430726270258,2.0266600433016758e-05,1.587470721352899e-05,0.15845298767089844,-9.405892342329025e-05,-1.5258797247952316e-06,0.4928858280181885,0.0,8.707724191481248e-06,0,0.46422597765922546,0.0,-5.316105216479627e-06,1
286.093311522,299.3260192871094,-330.6085510253906,-0.00027650601612512325,20.0,5.553274848931828,5.5532748488897825,-2.1609613537970906e-05,-1.8423193812669675e-05,-0.12333869934082031,-0.0006250618025660515,5.722045443690149e-06,0.4603462815284729,0.0,-1.6742829757276922e-05,0,0.490106463432312,0.0,1.712928496999666e-05,1
286.343311526,300.71514892578125,-330.6085510253906,-0.0002775394539656082,20.0,5.559140895354875,5.559140895354366,2.3780263359992395e-06,5.782471339332054e-07,-0.13700485229492188,1.1408701539039612e-07,-7.82012921263231e-06,0.4622105062007904,0.0,1.3401855539996177e-05,0,0.49127039313316345,0.0,-2.3267293158824032e-07,1
286.59331153,302.1039733886719,-330.6085510253906,-0.00027633059599277383,20.0,5.551688882881398,5.5516888828813595,6.522000112526702e-07,1.540686017026619e-06,0.13195037841796875,-0.0006623263470828533,-1.144409225162235e-06,0.4918568432331085,0.0,-1.4671358258055989e-05,0,0.4625132977962494,0.0,2.026887159445323e-05,1
286.893311534,303.7706604003906,-330.6085510253906,-0.00027538350282825633,20.0,5.552269185739704,5.5522691856863435,2.434238472141832e-05,2.2228459110894116e-05,-0.12925148010253906,0.00014333752915263176,-1.544952465337701e-05,0.46189379692077637,0.0,2.956641310447594e-06,0,0.4914380609989166,0.0,-1.047346813720651e-05,1
287.143311538,305.15960693359375,-330.6085510253906,-0.000275109221943039,20.0,5.558964465021026,5.558964465013996,-8.841031101857045e-06,-7.5347031839645345e-06,-0.1317882537841797,-0.0007278029806911945,8.964536391431466e-06,0.4619500935077667,0.0,-1.1187721611349843e-05,0,0.49134600162506104,0.0,2.4934339307947084e-05,1
287.343311541,306.2707214355469,-330.6085510253906,-0.00027761565574289276,20.0,5.55883048053476,5.5588304805022375,-1.9015083489178905e-05,-1.697728723565066e-05,-0.1317119598388672,0.0009066076017916203,1.907349087559851e-06,0.4620623290538788,0.0,-8.532819265383296e-06,0,0.4914712905883789,0.0,-1.992710713238921e-05,1
287.593311544,307.65960693359375,-330.6085510253906,-0.00027695110082341754,20.0,5.552226753098174,5.55222675308594,1.165561625705994e-05,8.160089487782584e-06,0.13144493103027344,-8.461764082312584e-05,1.468658410885837e-05,0.49147215485572815,0.0,1.0984424079651944e-05,0,0.46204909682273865,0.0,-2.71602630164125e-06,1
287.843311548,309.0485534667969,-330.6085510253906,-0.0002747311063834844,20.0,5.558843344060393,5.558843344058296,4.827841235844752e-06,4.959235397457033e-06,-0.1311016082763672,-0.0006331130862236023,8.58306884765625e-06,0.4619944095611572,0.0,-1.5559697203570977e-05,0,0.4914395213127136,0.0,1.847132261900697e-05,1
288.143311553,310.71527099609375,-330.6085510253906,-0.00027694876015449074,20.0,5.558844779143539,5.558844779143511,5.533732837552671e-07,-1.0543489337381633e-06,0.13115882873535156,0.00070914626121521,1.9073468138230965e-07,0.4620109796524048,0.0,1.3940031749370974e-05,0,0.46200576424598694,0.0,-1.1126763638458215e-05,1
288.393311556,312.0999450683594,-330.6085510253906,-0.000276406732751477,0.0,5.445005918013106,5.445005918012281,2.996550762207399e-06,3.5570299423524597e-06,-22.522783279418945,0.006186324171721935,-0.10517120361328125,0.0,1.0,0.0,0,0.0,1.0,0.0,1
288.693311561,312.6678161621094,-330.6085205078125,-0.0002708129078732019,0.0,0.008771588563782087,-0.008771588531509455,7.524390372792286e-07,2.818448421911981e-05,-0.01979125663638115,1.1476604413473979e-05,0.0031229015439748764,0.0,1.0,0.0,0,0.0,1.0,0.0,1
288.993311565,312.67169189453125,-330.6085510253906,-0.0002683138374276804,0.0,0.0030877271860457987,-0.003087727106294052,-7.017857696744185e-07,1.4212024368813069e-06,0.021278638392686844,2.5110628030233784e-06,-0.0019981383811682463,0.0,1.0,0.0,0,0.0,1.0,0.0,1
289.243311569,312.67242431640625,-330.6085510253906,-0.00026828243345291213,0.0,0.0006366766321028044,-0.00063667662816395,7.082057014769212e-08,1.7701989839089648e-09,0.0035161187406629324,-6.226800451258896e-06,-0.0001050949067575857,0.0,1.0,0.0,0,0.0,1.0,0.0,1
289.543311574,312.6725158691406,-330.6085510253906,-0.0002682849366682923,0.0,0.0,0.0,-0.0,-0.0,0.0,-0.0,0.0,0.0,1.0,0.0,0,0.0,1.0,0.0,1
289.843311578,312.6725158691406,-330.6085510253906,-0.0002682849366682923,0.0,0.0,0.0,-0.0,-0.0,0.0,-0.0,0.0,0.0,1.0,0.0,0,0.0,1.0,0.0,1
290.093311582,312.6725158691406,-330.6085510253906,-0.0002682849366682923,0.0,0.0,0.0,-0.0,-0.0,0.0,-0.0,0.0,0.0,1.0,0.0,0,0.0,1.0,0.0,1
290.343311585,312.6725158691406,-330.6085510253906,-0.0002682849366682923,0.0,0.0,0.0,-0.0,-0.0,0.0,-0.0,0.0,0.0,1.0,0.0,0,0.0,1.0,0.0,1
290.593311589,312.6725158691406,-330.6085510253906,-0.0002682849366682923,0.0,0.0,0.0,-0.0,-0.0,0.0,-0.0,0.0,0.0,1.0,0.0,0,0.0,1.0,0.0,1
290.843311593,312.6725158691406,-330.6085510253906,-0.0002682849366682923,0.0,0.0,0.0,-0.0,-0.0,0.0,-0.0,0.0,0.0,1.0,0.0,0,0.0,1.0,0.0,1
291.143311597,312.6725158691406,-330.6085510253906,-0.0002682849366682923,0.0,0.0,0.0,-0.0,-0.0,0.0,-0.0,0.0,0.0,1.0,0.0,0,0.0,1.0,0.0,1
291.443311602,312.6725158691406,-330.6085510253906,-0.0002682849366682923,0.0,0.0,0.0,-0.0,-0.0,0.0,-0.0,0.0,0.0,1.0,0.0,0,0.0,1.0,0.0,1
291.743311606,312.6725158691406,-330.6085510253906,-0.0002682849366682923,0.0,0.0,0.0,-0.0,-0.0,0.0,-0.0,0.0,0.0,1.0,0.0,0,0.0,1.0,0.0,1
291.99331161,312.6725158691406,-330.6085510253906,-0.0002682849366682923,0.0,0.0,0.0,-0.0,-0.0,0.0,-0.0,0.0,0.0,1.0,0.0,0,0.0,1.0,0.0,1
292.293311615,312.6725158691406,-330.6085510253906,-0.0002682849366682923,0.0,0.0,0.0,-0.0,-0.0,0.0,-0.0,0.0,0.0,1.0,0.0,0,0.0,1.0,0.0,1
292.593311619,312.6725158691406,-330.6085510253906,-0.0002682849366682923,0.0,0.0,0.0,-0.0,-0.0,0.0,-0.0,0.0,0.0,1.0,0.0,0,0.0,1.0,0.0,1
292.843311623,312.6725158691406,-330.6085510253906,-0.0002682849366682923,0.0,0.0,0.0,-0.0,-0.0,0.0,-0.0,0.0,0.0,1.0,0.0,0,0.0,1.0,0.0,1
293.093311626,312.6725158691406,-330.6085510253906,-0.0002682849366682923,0.0,0.0,0.0,-0.0,-0.0,0.0,-0.0,0.0,0.0,1.0,0.0,0,0.0,1.0,0.0,1
293.34331163,312.6725158691406,-330.6085510253906,-0.0002682849366682923,0.0,0.0,0.0,-0.0,-0.0,0.0,-0.0,0.0,0.0,1.0,0.0,0,0.0,1.0,0.0,1
293.693311635,312.6725158691406,-330.6085510253906,-0.0002682849366682923,0.0,0.0,0.0,-0.0,-0.0,0.0,-0.0,0.0,0.0,1.0,0.0,0,0.0,1.0,0.0,1
293.99331164,312.6725158691406,-330.6085510253906,-0.0002682849366682923,0.0,0.0,0.0,-0.0,-0.0,0.0,-0.0,0.0,0.0,1.0,0.0,0,0.0,1.0,0.0,1
294.243311644,312.6725158691406,-330.6085510253906,-0.0002682849366682923,0.0,0.0,0.0,-0.0,-0.0,0.0,-0.0,0.0,0.0,1.0,0.0,0,0.0,1.0,0.0,1
294.493311647,312.6725158691406,-330.6085510253906,-0.0002682849366682923,0.0,0.0,0.0,-0.0,-0.0,0.0,-0.0,0.0,0.0,1.0,0.0,0,0.0,1.0,0.0,1
294.743311651,312.6725158691406,-330.6085510253906,-0.0002682849366682923,0.0,0.0,0.0,-0.0,-0.0,0.0,-0.0,0.0,0.0,1.0,0.0,0,0.0,1.0,0.0,1
294.993311655,312.6725158691406,-330.6085510253906,-0.0002682849366682923,0.0,0.0,0.0,-0.0,-0.0,0.0,-0.0,0.0,0.0,1.0,0.0,0,0.0,1.0,0.0,1
295.243311658,312.6725158691406,-330.6085510253906,-0.0002682849366682923,0.0,0.0,0.0,-0.0,-0.0,0.0,-0.0,0.0,0.0,1.0,0.0,0,0.0,1.0,0.0,1
295.393311661,312.6725158691406,-330.6085510253906,-0.0002682849366682923,0.0,0.0,0.0,-0.0,-0.0,0.0,-0.0,0.0,0.0,1.0,0.0,0,0.0,1.0,0.0,1
295.543311663,312.6725158691406,-330.6085510253906,-0.0002682849366682923,0.0,0.0,0.0,-0.0,-0.0,0.0,-0.0,0.0,0.0,1.0,0.0,0,0.0,1.0,0.0,1
295.793311667,312.6725158691406,-330.6085510253906,-0.0002682849366682923,0.0,0.0,0.0,-0.0,-0.0,0.0,-0.0,0.0,0.0,1.0,0.0,0,0.0,1.0,0.0,1
295.99331167,312.6725158691406,-330.6085510253906,-0.0002682849366682923,0.0,0.0,0.0,-0.0,-0.0,0.0,-0.0,0.0,0.0,1.0,0.0,0,0.0,1.0,0.0,1
296.243311673,312.6725158691406,-330.6085510253906,-0.0002682849366682923,0.0,0.0,0.0,-0.0,-0.0,0.0,-0.0,0.0,0.0,1.0,0.0,0,0.0,1.0,0.0,1
296.493311677,312.6725158691406,-330.6085510253906,-0.0002682849366682923,0.0,0.0,0.0,-0.0,-0.0,0.0,-0.0,0.0,0.0,1.0,0.0,0,0.0,1.0,0.0,1
296.743311681,312.6725158691406,-330.6085510253906,-0.0002682849366682923,0.0,0.0,0.0,-0.0,-0.0,0.0,-0.0,0.0,0.0,1.0,0.0,0,0.0,1.0,0.0,1
297.043311685,312.6725158691406,-330.6085510253906,-0.0002682849366682923,0.0,0.0,0.0,-0.0,-0.0,0.0,-0.0,0.0,0.0,1.0,0.0,0,0.0,1.0,0.0,1
297.293311689,312.6725158691406,-330.6085510253906,-0.0002682849366682923,0.0,0.0,0.0,-0.0,-0.0,0.0,-0.0,0.0,0.0,1.0,0.0,0,0.0,1.0,0.0,1
297.543311693,312.6725158691406,-330.6085510253906,-0.0002682849366682923,0.0,0.0,0.0,-0.0,-0.0,0.0,-0.0,0.0,0.0,1.0,0.0,0,0.0,1.0,0.0,1
297.743311696,312.6725158691406,-330.6085510253906,-0.0002682849366682923,0.0,0.0,0.0,-0.0,-0.0,0.0,-0.0,0.0,0.0,1.0,0.0,0,0.0,1.0,0.0,1
297.993311699,312.6725158691406,-330.6085510253906,-0.0002682849366682923,0.0,0.0,0.0,-0.0,-0.0,0.0,-0.0,0.0,0.0,1.0,0.0,0,0.0,1.0,0.0,1
298.193311702,312.6725158691406,-330.6085510253906,-0.0002682849366682923,0.0,0.0,0.0,-0.0,-0.0,0.0,-0.0,0.0,0.0,1.0,0.0,0,0.0,1.0,0.0,1
298.493311707,312.6725158691406,-330.6085510253906,-0.0002682849366682923,0.0,0.0,0.0,-0.0,-0.0,0.0,-0.0,0.0,0.0,1.0,0.0,0,0.0,1.0,0.0,1
298.743311711,312.6725158691406,-330.6085510253906,-0.0002682849366682923,0.0,0.0,0.0,-0.0,-0.0,0.0,-0.0,0.0,0.0,1.0,0.0,0,0.0,1.0,0.0,1
298.993311714,312.6725158691406,-330.6085510253906,-0.0002682849366682923,0.0,0.0,0.0,-0.0,-0.0,0.0,-0.0,0.0,0.0,1.0,0.0,0,0.0,1.0,0.0,1
299.243311718,312.6725158691406,-330.6085510253906,-0.0002682849366682923,0.0,0.0,0.0,-0.0,-0.0,0.0,-0.0,0.0,0.0,1.0,0.0,0,0.0,1.0,0.0,1
299.543311723,312.6725158691406,-330.6085510253906,-0.0002682849366682923,0.0,0.0,0.0,-0.0,-0.0,0.0,-0.0,0.0,0.0,1.0,0.0,0,0.0,1.0,0.0,1
299.793311726,312.6725158691406,-330.6085510253906,-0.0002682849366682923,0.0,0.0,0.0,-0.0,-0.0,0.0,-0.0,0.0,0.0,1.0,0.0,0,0.0,1.0,0.0,1
300.093311731,312.6725158691406,-330.6085510253906,-0.0002682849366682923,0.0,0.0,0.0,-0.0,-0.0,0.0,-0.0,0.0,0.0,1.0,0.0,0,0.0,1.0,0.0,1
300.293311734,312.6725158691406,-330.6085510253906,-0.0002682849366682923,0.0,0.0,0.0,-0.0,-0.0,0.0,-0.0,0.0,0.0,1.0,0.0,0,0.0,1.0,0.0,1
300.543311737,312.6725158691406,-330.6085510253906,-0.0002682849366682923,0.0,0.0,0.0,-0.0,-0.0,0.0,-0.0,0.0,0.0,1.0,0.0,0,0.0,1.0,0.0,1
300.793311741,312.6725158691406,-330.6085510253906,-0.0002682849366682923,0.0,0.0,0.0,-0.0,-0.0,0.0,-0.0,0.0,0.0,1.0,0.0,0,0.0,1.0,0.0,1
301.043311745,312.6725158691406,-330.6085510253906,-0.0002682849366682923,0.0,0.0,0.0,-0.0,-0.0,0.0,-0.0,0.0,0.0,1.0,0.0,0,0.0,1.0,0.0,1
301.343311749,312.6725158691406,-330.6085510253906,-0.0002682849366682923,0.0,0.0,0.0,-0.0,-0.0,0.0,-0.0,0.0,0.0,1.0,0.0,0,0.0,1.0,0.0,1
301.643311754,312.6725158691406,-330.6085510253906,-0.0002682849366682923,0.0,0.0,0.0,-0.0,-0.0,0.0,-0.0,0.0,0.0,1.0,0.0,0,0.0,1.0,0.0,1
301.893311758,312.6725158691406,-330.6085510253906,-0.0002682849366682923,0.0,0.0,0.0,-0.0,-0.0,0.0,-0.0,0.0,0.0,1.0,0.0,0,0.0,1.0,0.0,1
302.193311762,312.6725158691406,-330.6085510253906,-0.0002682849366682923,0.0,0.0,0.0,-0.0,-0.0,0.0,-0.0,0.0,0.0,1.0,0.0,0,0.0,1.0,0.0,1
302.493311767,312.6725158691406,-330.6085510253906,-0.0002682849366682923,0.0,0.0,0.0,-0.0,-0.0,0.0,-0.0,0.0,0.0,1.0,0.0,0,0.0,1.0,0.0,1
302.793311771,312.6725158691406,-330.6085510253906,-0.0002682849366682923,0.0,0.0,0.0,-0.0,-0.0,0.0,-0.0,0.0,0.0,1.0,0.0,0,0.0,1.0,0.0,1
302.993311774,312.6725158691406,-330.6085510253906,-0.0002682849366682923,0.0,0.0,0.0,-0.0,-0.0,0.0,-0.0,0.0,0.0,1.0,0.0,0,0.0,1.0,0.0,1
303.193311777,312.6725158691406,-330.6085510253906,-0.0002682849366682923,0.0,0.0,0.0,-0.0,-0.0,0.0,-0.0,0.0,0.0,1.0,0.0,0,0.0,1.0,0.0,1
303.493311781,312.6725158691406,-330.6085510253906,-0.0002682849366682923,0.0,0.0,0.0,-0.0,-0.0,0.0,-0.0,0.0,0.0,1.0,0.0,0,0.0,1.0,0.0,1
303.743311785,312.6725158691406,-330.6085510253906,-0.0002682849366682923,0.0,0.0,0.0,-0.0,-0.0,0.0,-0.0,0.0,0.0,1.0,0.0,0,0.0,1.0,0.0,1
303.993311789,312.6725158691406,-330.6085510253906,-0.0002682849366682923,0.0,0.0,0.0,-0.0,-0.0,0.0,-0.0,0.0,0.0,1.0,0.0,0,0.0,1.0,0.0,1
304.293311793,312.6725158691406,-330.6085510253906,-0.0002682849366682923,0.0,0.0,0.0,-0.0,-0.0,0.0,-0.0,0.0,0.0,1.0,0.0,0,0.0,1.0,0.0,1
304.543311797,312.6725769042969,-330.6085510253906,-0.00026828371756989285,20.0,0.0001857967850721763,-0.0001857967533769537,-1.0852529619127088e-07,-3.1010351725463267e-09,-0.0005210319068282843,1.9099363726127194e-06,0.044585224241018295,1.0,0.0,-2.440473144815769e-05,0,1.0,0.0,1.946299380506389e-05,1
304.7433118,312.68292236328125,-330.6085510253906,-0.00023741164356060073,20.0,0.20868342232089818,0.20868342199833292,-1.160293241152807e-05,0.0002845049921082309,3.4482474327087402,-0.0010149088921025395,-0.0025285722222179174,1.0,0.0,-2.2662479750579223e-05,0,1.0,0.0,-2.4265405954793096e-05,1
304.943311803,312.8161315917969,-330.6085510253906,0.00012783174045112608,20.0,1.1633296420179664,1.1633295334194007,-0.0005026647484316426,0.011163526042367419,5.706040859222412,-7.657799869775772e-05,-0.0014890669845044613,1.0,0.0,0.0003374682564754039,0,1.0,0.0,0.00013283132284414023,1
305.143311806,313.17938232421875,-330.60858154296875,0.00032916671073379385,20.0,2.4461447288047435,2.446144679386496,-0.0004916994698925748,-0.00937061525630962,6.1763715744018555,-0.004096858203411102,-0.00018157955491915345,1.0,0.0,0.0005284716025926173,0,1.0,0.0,0.0005768025876022875,1
305.343311809,313.8195495605469,-330.60858154296875,0.0002519350228668506,20.0,3.93573850334092,3.935738352121953,-0.0010910163131391585,-0.0008087885642107354,7.3864030838012695,-0.0022812667302787304,1.2588498066179454e-05,1.0,0.0,0.0004445571394171566,0,1.0,0.0,0.0005158943822607398,1
305.543311812,314.7599182128906,-330.6085510253906,9.267799780743484e-05,20.0,5.3700584812541905,5.370058388124581,-0.0010001114416673606,-0.0007715608100967765,2.4139404296875,-0.002016521757468581,-0.047229573130607605,0.3282301425933838,0.0,0.00034902195329777896,0,0.5467424392700195,0.0,0.00037043585325591266,1
305.743311815,315.84393310546875,-330.6085510253906,-4.410530586143637e-05,20.0,5.360731421700672,5.360731383355895,-0.0006411802435353551,-0.0005704587932635867,-0.6256294250488281,-0.0021518918219953775,-0.0007087708218023181,1.0,0.0,0.00023058929946273565,0,1.0,0.0,0.0002587522903922945,1
305.943311818,316.9339904785156,-330.6085510253906,-0.00013518043309335414,20.0,5.495021203108455,5.495021188035005,-0.0004070108783285551,-0.00036093296903707005,7.390756607055664,-0.002729007974267006,0.0010913849109783769,0.878649890422821,0.0,0.00010536758782109246,0,0.8366263508796692,0.0,0.00015522386820521206,0
306.143311821,318.2391052246094,-330.6085510253906,-0.0001961802890298206,20.0,7.395456128152573,7.395456121990735,-0.0003018927191919849,-0.0002807911957629126,6.5491485595703125,-0.003114303108304739,0.0005231855902820826,0.0,0.0,6.334108911687508e-05,0,0.0,0.0,0.00010260415001539513,2
306.293311823,319.35589599609375,-330.6085510253906,-0.0002324957836841939,20.0,7.344575655126487,7.34457565290225,-0.00018075440920559393,-0.00019440300610996426,-2.209148406982422,-0.0002706563100218773,0.0007066726684570312,0.0,0.0,3.597970862756483e-05,0,0.0,0.0,6.899800791870803e-05,2
306.493311826,320.7655334472656,-330.6085510253906,-0.0002610073906086525,20.0,6.768714637487004,6.768714637323722,-4.701508677280604e-05,-5.931999929702799e-05,-3.300180435180664,0.0016154185868799686,-0.00019378661818336695,0.0,0.0,1.253114896826446e-05,0,0.0,0.0,3.262910240664496e-06,2
306.693311829,322.0801696777344,-330.6085510253906,-0.0002672626657691456,20.0,6.205825207616724,6.2058252076032545,-1.2929684164661398e-05,8.815836929279758e-06,-6.746625900268555,0.0011700321920216084,-0.00027256010798737407,0.0,0.0,-1.1646478924376424e-05,0,0.0,0.0,1.994072226807475e-05,1
306.893311832,323.1916198730469,-330.6085510253906,-0.00026852976413618027,20.0,5.095535318266001,5.095535318239825,-1.633291787878662e-05,-6.449197142883979e-06,-4.907693862915039,0.0006383564323186874,-0.10448683798313141,0.12757520377635956,0.0,-8.172522029781248e-06,0,0.0,0.0,2.8128781195846386e-05,1
307.093311835,324.10931396484375,-330.6085510253906,-0.0002703146379754035,20.0,4.257443796377684,4.257443796317539,-2.2630118871579784e-05,-1.6319631397200776e-05,0.6694126129150391,-0.0007655634544789791,0.004935837350785732,0.8304422497749329,0.0,-1.320430965279229e-05,0,0.8642494082450867,0.0,2.4779874365776777e-05,1
307.343311839,325.2431640625,-330.6085510253906,-0.00027262895812215883,20.0,4.821779294783975,4.8217792947024725,-2.8035217664074754e-05,-2.47333588785953e-05,1.7606449127197266,-0.00104112783446908,-0.0019403453916311264,0.3430269658565521,0.0,-1.8680035282159224e-05,0,0.34434136748313904,0.0,1.6319423593813553e-05,1
307.543311842,326.2234802246094,-330.6085510253906,-0.000271759480889069,20.0,4.99567391835676,4.995673918304372,-2.2878417670608416e-05,-2.115925292337106e-05,1.3741111755371094,-0.0009733764454722404,-0.0006937026046216488,0.5951441526412964,0.0,-1.9212197003071196e-05,0,0.6036525368690491,0.0,1.4501619261864107e-05,1
307.693311844,326.98712158203125,-330.6085510253906,-0.00020672865984037647,20.0,5.042863644781056,5.042863627872452,-0.0004129595113917212,0.0030807699762132076,-2.2560787200927734,-0.0018789339810609818,-0.022919654846191406,0.47577357292175293,0.0,5.207027243159246e-06,0,0.45674967765808105,0.0,2.1041241780039854e-06,1
307.893311847,328.00067138671875,-330.6085510253906,-8.894858074795906e-05,20.0,5.274563845465231,5.274563827995111,-0.0004292953720101126,-0.0002553484008572687,5.307884216308594,-0.0022709788754582405,0.015267562121152878,0.0,1.0,0.0,0,0.753326416015625,0.0,0.0001712715602479875,1
308.143311851,329.23565673828125,-330.6085510253906,-0.00012148772305448011,20.0,3.1439824961973644,3.143982496196261,-2.6344607219399165e-06,-8.615570555635413e-06,-26.72475814819336,0.0035503495018929243,0.07347927242517471,0.0,1.0,0.0,0,0.0,1.0,0.0,1
308.393311854,329.40753173828125,-330.6085510253906,-0.00011503500271722189,20.0,0.009490222604942946,-0.009490221607627495,4.350803406343103e-06,2.3529310248946462e-05,-0.029311273247003555,-1.913352207338903e-05,0.0038846966344863176,0.0,1.0,0.0,0,0.0,1.0,0.0,1
308.643311858,329.41058349609375,-330.6085510253906,-0.00011352575077145527,20.0,0.0031119112489576767,-0.003111911218815155,-4.331301236453965e-07,1.4473159055644756e-06,0.021318458020687103,-1.957414497155696e-05,-0.0019905089866369963,0.0,1.0,0.0,0,0.0,1.0,0.0,1
308.843311861,329.4112854003906,-330.6085510253906,-0.00011349116088620327,20.0,0.000887257781402751,-0.0008872577786627843,-6.972885728770197e-08,4.2209174848222744e-08,0.0048849754966795444,-4.63660990135395e-06,-0.00015106199134606868,0.0,1.0,0.0,0,0.0,1.0,0.0,1
309.043311864,329.4114074707031,-330.6085510253906,-0.00011349354219174339,20.0,0.0,0.0,-0.0,-0.0,0.0,-0.0,0.0,0.0,1.0,0.0,0,0.0,1.0,0.0,1
309.243311867,329.4114074707031,-330.6085510253906,-0.00011349354219174339,20.0,0.0,0.0,-0.0,-0.0,0.0,-0.0,0.0,0.0,1.0,0.0,0,0.0,1.0,0.0,1
309.44331187,329.4114074707031,-330.6085510253906,-0.00011349354219174339,20.0,0.0,0.0,-0.0,-0.0,0.0,-0.0,0.0,0.0,1.0,0.0,0,0.0,1.0,0.0,1
309.693311874,329.4114074707031,-330.6085510253906,-0.00011349354219174339,20.0,0.0,0.0,-0.0,-0.0,0.0,-0.0,0.0,0.0,1.0,0.0,0,0.0,1.0,0.0,1
309.843311876,329.4114074707031,-330.6085510253906,-0.00011349354219174339,20.0,0.0,0.0,-0.0,-0.0,0.0,-0.0,0.0,0.0,1.0,0.0,0,0.0,1.0,0.0,1
310.09331188,329.4114074707031,-330.6085510253906,-0.00011349354219174339,20.0,0.0,0.0,-0.0,-0.0,0.0,-0.0,0.0,0.0,1.0,0.0,0,0.0,1.0,0.0,1
310.293311883,329.4114074707031,-330.6085510253906,-0.00011349354219174339,20.0,0.0,0.0,-0.0,-0.0,0.0,-0.0,0.0,0.0,1.0,0.0,0,0.0,1.0,0.0,1
310.543311886,329.4114074707031,-330.6085510253906,-0.00011349354219174339,20.0,0.0,0.0,-0.0,-0.0,0.0,-0.0,0.0,0.0,1.0,0.0,0,0.0,1.0,0.0,1
310.79331189,329.4114074707031,-330.6085510253906,-0.00011349354219174339,20.0,0.0,0.0,-0.0,-0.0,0.0,-0.0,0.0,0.0,1.0,0.0,0,0.0,1.0,0.0,1
310.993311893,329.4114074707031,-330.6085510253906,-0.00011349354219174339,20.0,0.0,0.0,-0.0,-0.0,0.0,-0.0,0.0,0.0,1.0,0.0,0,0.0,1.0,0.0,1
311.243311897,329.4114074707031,-330.6085510253906,-0.00011349354219174339,20.0,0.0,0.0,-0.0,-0.0,0.0,-0.0,0.0,0.0,1.0,0.0,0,0.0,1.0,0.0,1
311.493311901,329.4114074707031,-330.6085510253906,-0.00011349354219174339,20.0,0.0,0.0,-0.0,-0.0,0.0,-0.0,0.0,0.0,1.0,0.0,0,0.0,1.0,0.0,1
311.693311904,329.4114074707031,-330.6085510253906,-0.00011349354219174339,20.0,0.0,0.0,-0.0,-0.0,0.0,-0.0,0.0,0.0,1.0,0.0,0,0.0,1.0,0.0,1
311.943311907,329.4114074707031,-330.6085510253906,-0.00011349354219174339,20.0,0.0,0.0,-0.0,-0.0,0.0,-0.0,0.0,0.0,1.0,0.0,0,0.0,1.0,0.0,1
312.14331191,329.4114074707031,-330.6085510253906,-0.00011349354219174339,20.0,0.0,0.0,-0.0,-0.0,0.0,-0.0,0.0,0.0,1.0,0.0,0,0.0,1.0,0.0,1
312.343311913,329.4114074707031,-330.6085510253906,-0.00011349354219174339,20.0,0.0,0.0,-0.0,-0.0,0.0,-0.0,0.0,0.0,1.0,0.0,0,0.0,1.0,0.0,1
312.543311916,329.4114074707031,-330.6085510253906,-0.00011349354219174339,20.0,0.0,0.0,-0.0,-0.0,0.0,-0.0,0.0,0.0,1.0,0.0,0,0.0,1.0,0.0,1
312.79331192,329.4114074707031,-330.6085510253906,-0.00011349354219174339,20.0,0.0,0.0,-0.0,-0.0,0.0,-0.0,0.0,0.0,1.0,0.0,0,0.0,1.0,0.0,1
312.993311923,329.4114074707031,-330.6085510253906,-0.00011349354219174339,20.0,0.0,0.0,-0.0,-0.0,0.0,-0.0,0.0,0.0,1.0,0.0,0,0.0,1.0,0.0,1
313.243311927,329.4114074707031,-330.6085510253906,-0.00011349354219174339,20.0,0.0,0.0,-0.0,-0.0,0.0,-0.0,0.0,0.0,1.0,0.0,0,0.0,1.0,0.0,1
313.44331193,329.4114074707031,-330.6085510253906,-0.00011349354219174339,20.0,0.0,0.0,-0.0,-0.0,0.0,-0.0,0.0,0.0,1.0,0.0,0,0.0,1.0,0.0,1
313.693311933,329.4114074707031,-330.6085510253906,-0.00011349354219174339,20.0,0.0,0.0,-0.0,-0.0,0.0,-0.0,0.0,0.0,1.0,0.0,0,0.0,1.0,0.0,1
313.893311936,329.4114074707031,-330.6085510253906,-0.00011349354219174339,20.0,0.0,0.0,-0.0,-0.0,0.0,-0.0,0.0,0.0,1.0,0.0,0,0.0,1.0,0.0,1
314.093311939,329.4114074707031,-330.6085510253906,-0.00011349354219174339,20.0,0.0,0.0,-0.0,-0.0,0.0,-0.0,0.0,0.0,1.0,0.0,0,0.0,1.0,0.0,1
314.293311942,329.4114074707031,-330.6085510253906,-0.00011349354219174339,20.0,0.0,0.0,-0.0,-0.0,0.0,-0.0,0.0,0.0,1.0,0.0,0,0.0,1.0,0.0,1
314.543311946,329.4114074707031,-330.6085510253906,-0.00011349354219174339,20.0,0.0,0.0,-0.0,-0.0,0.0,-0.0,0.0,0.0,1.0,0.0,0,0.0,1.0,0.0,1
314.79331195,329.4114074707031,-330.6085510253906,-0.00011349354219174339,20.0,0.0,0.0,-0.0,-0.0,0.0,-0.0,0.0,0.0,1.0,0.0,0,0.0,1.0,0.0,1
315.093311954,329.4114074707031,-330.6085510253906,-0.00011349354219174339,20.0,0.0,0.0,-0.0,-0.0,0.0,-0.0,0.0,0.0,1.0,0.0,0,0.0,1.0,0.0,1
315.343311958,329.4114074707031,-330.6085510253906,-0.00011349354219174339,20.0,0.0,0.0,-0.0,-0.0,0.0,-0.0,0.0,0.0,1.0,0.0,0,0.0,1.0,0.0,1
315.643311962,329.4114074707031,-330.6085510253906,-0.00011349354219174339,20.0,0.0,0.0,-0.0,-0.0,0.0,-0.0,0.0,0.0,1.0,0.0,0,0.0,1.0,0.0,1
315.943311967,329.4114074707031,-330.6085510253906,-0.00011349354219174339,20.0,0.0,0.0,-0.0,-0.0,0.0,-0.0,0.0,0.0,1.0,0.0,0,0.0,1.0,0.0,1
316.243311971,329.4114074707031,-330.6085510253906,-0.00011349354219174339,20.0,0.0,0.0,-0.0,-0.0,0.0,-0.0,0.0,0.0,1.0,0.0,0,0.0,1.0,0.0,1
316.493311975,329.4114074707031,-330.6085510253906,-0.00011349354219174339,20.0,0.0,0.0,-0.0,-0.0,0.0,-0.0,0.0,0.0,1.0,0.0,0,0.0,1.0,0.0,1
316.743311979,329.4114074707031,-330.6085510253906,-0.00011349354219174339,20.0,0.0,0.0,-0.0,-0.0,0.0,-0.0,0.0,0.0,1.0,0.0,0,0.0,1.0,0.0,1
316.993311983,329.4114074707031,-330.6085510253906,-0.00011349354219174339,20.0,0.0,0.0,-0.0,-0.0,0.0,-0.0,0.0,0.0,1.0,0.0,0,0.0,1.0,0.0,1
317.243311986,329.4114074707031,-330.6085510253906,-0.00011349354219174339,20.0,0.0,0.0,-0.0,-0.0,0.0,-0.0,0.0,0.0,1.0,0.0,0,0.0,1.0,0.0,1
317.543311991,329.4114074707031,-330.6085510253906,-0.00011349354219174339,20.0,0.0,0.0,-0.0,-0.0,0.0,-0.0,0.0,0.0,1.0,0.0,0,0.0,1.0,0.0,1
317.843311995,329.4114074707031,-330.6085510253906,-0.00011349354219174339,20.0,0.0,0.0,-0.0,-0.0,0.0,-0.0,0.0,0.0,1.0,0.0,0,0.0,1.0,0.0,1
318.143312,329.4114074707031,-330.6085510253906,-0.00011349354219174339,20.0,0.0,0.0,-0.0,-0.0,0.0,-0.0,0.0,0.0,1.0,0.0,0,0.0,1.0,0.0,1
318.393312003,329.4114074707031,-330.6085510253906,-0.00011349354219174339,20.0,0.0,0.0,-0.0,-0.0,0.0,-0.0,0.0,0.0,1.0,0.0,0,0.0,1.0,0.0,1
318.643312007,329.4114074707031,-330.6085510253906,-0.00011349354219174339,20.0,0.0,0.0,-0.0,-0.0,0.0,-0.0,0.0,0.0,1.0,0.0,0,0.0,1.0,0.0,1
318.893312011,329.4114074707031,-330.6085510253906,-0.00011349354219174339,20.0,0.0,0.0,-0.0,-0.0,0.0,-0.0,0.0,0.0,1.0,0.0,0,0.0,1.0,0.0,1
319.143312015,329.4114074707031,-330.6085510253906,-0.00011349354219174339,20.0,0.0,0.0,-0.0,-0.0,0.0,-0.0,0.0,0.0,1.0,0.0,0,0.0,1.0,0.0,1
319.393312018,329.4114074707031,-330.6085510253906,-0.00011349354219174339,20.0,0.0,0.0,-0.0,-0.0,0.0,-0.0,0.0,0.0,1.0,0.0,0,0.0,1.0,0.0,1
319.643312022,329.4114074707031,-330.6085510253906,-0.00011349354219174339,20.0,0.0,0.0,-0.0,-0.0,0.0,-0.0,0.0,0.0,1.0,0.0,0,0.0,1.0,0.0,1
319.943312027,329.4114074707031,-330.6085510253906,-0.00011349354219174339,20.0,0.0,0.0,-0.0,-0.0,0.0,-0.0,0.0,0.0,1.0,0.0,0,0.0,1.0,0.0,1
320.19331203,329.4114074707031,-330.6085510253906,-0.00011349354219174339,20.0,0.0,0.0,-0.0,-0.0,0.0,-0.0,0.0,0.0,1.0,0.0,0,0.0,1.0,0.0,1
320.493312035,329.4114074707031,-330.6085510253906,-0.00011349354219174339,20.0,0.0,0.0,-0.0,-0.0,0.0,-0.0,0.0,0.0,1.0,0.0,0,0.0,1.0,0.0,1
320.743312038,329.4114074707031,-330.6085510253906,-0.00011349354219174339,20.0,0.0,0.0,-0.0,-0.0,0.0,-0.0,0.0,0.0,1.0,0.0,0,0.0,1.0,0.0,1
321.043312043,329.4114074707031,-330.6085510253906,-0.00011349354219174339,20.0,0.0,0.0,-0.0,-0.0,0.0,-0.0,0.0,0.0,1.0,0.0,0,0.0,1.0,0.0,1
321.343312047,329.4114074707031,-330.6085510253906,-0.00011349354219174339,20.0,0.0,0.0,-0.0,-0.0,0.0,-0.0,0.0,0.0,1.0,0.0,0,0.0,1.0,0.0,1
321.593312051,329.4114074707031,-330.6085510253906,-0.00011349354219174339,20.0,0.0,0.0,-0.0,-0.0,0.0,-0.0,0.0,0.0,1.0,0.0,0,0.0,1.0,0.0,1
321.843312055,329.4114074707031,-330.6085510253906,-0.00011349354219174339,20.0,0.0,0.0,-0.0,-0.0,0.0,-0.0,0.0,0.0,1.0,0.0,0,0.0,1.0,0.0,1
322.143312059,329.4114074707031,-330.6085510253906,-0.00011349354219174339,20.0,0.0,0.0,-0.0,-0.0,0.0,-0.0,0.0,0.0,1.0,0.0,0,0.0,1.0,0.0,1
322.393312063,329.4114074707031,-330.6085510253906,-0.00011349354219174339,20.0,0.0,0.0,-0.0,-0.0,0.0,-0.0,0.0,0.0,1.0,0.0,0,0.0,1.0,0.0,1
322.693312068,329.4114074707031,-330.6085510253906,-0.00011349354219174339,20.0,0.0,0.0,-0.0,-0.0,0.0,-0.0,0.0,0.0,1.0,0.0,0,0.0,1.0,0.0,1
322.943312071,329.4114074707031,-330.6085510253906,-0.00011349354219174339,20.0,0.0,0.0,-0.0,-0.0,0.0,-0.0,0.0,0.0,1.0,0.0,0,0.0,1.0,0.0,1
323.243312076,329.4114074707031,-330.6085510253906,-0.00011349354219174339,20.0,0.0,0.0,-0.0,-0.0,0.0,-0.0,0.0,0.0,1.0,0.0,0,0.0,1.0,0.0,1
323.493312079,329.4114074707031,-330.6085510253906,-0.00011349354219174339,20.0,0.0,0.0,-0.0,-0.0,0.0,-0.0,0.0,0.0,1.0,0.0,0,0.0,1.0,0.0,1
323.793312084,329.4114074707031,-330.6085510253906,-0.00011349354219174339,20.0,0.0,0.0,-0.0,-0.0,0.0,-0.0,0.0,0.0,1.0,0.0,0,0.0,1.0,0.0,1
324.043312088,329.4114074707031,-330.6085510253906,-0.00011349354219174339,20.0,0.0,0.0,-0.0,-0.0,0.0,-0.0,0.0,0.0,1.0,0.0,0,0.0,1.0,0.0,1
324.243312091,329.4114074707031,-330.6085510253906,-0.00011349354219174339,20.0,0.0,0.0,-0.0,-0.0,0.0,-0.0,0.0,0.0,1.0,0.0,0,0.0,1.0,0.0,1
324.393312093,329.4114074707031,-330.6085510253906,-0.00011349354219174339,20.0,0.0,0.0,-0.0,-0.0,0.0,-0.0,0.0,0.0,1.0,0.0,0,0.0,1.0,0.0,1
324.593312096,329.4114074707031,-330.6085510253906,-0.00011349354219174339,20.0,0.0,0.0,-0.0,-0.0,0.0,-0.0,0.0,0.0,1.0,0.0,0,0.0,1.0,0.0,1
324.793312099,329.4114074707031,-330.6085510253906,-0.00011349354219174339,20.0,0.0,0.0,-0.0,-0.0,0.0,-0.0,0.0,0.0,1.0,0.0,0,0.0,1.0,0.0,1
324.943312101,329.4114074707031,-330.6085510253906,-0.00011349354219174339,20.0,0.0,0.0,-0.0,-0.0,0.0,-0.0,0.0,0.0,1.0,0.0,0,0.0,1.0,0.0,1
325.093312103,329.4114074707031,-330.6085510253906,-0.00011349354219174339,20.0,0.0,0.0,-0.0,-0.0,0.0,-0.0,0.0,0.0,1.0,0.0,0,0.0,1.0,0.0,1
325.343312107,329.4114074707031,-330.6085510253906,-0.00011349354219174339,20.0,0.0,0.0,-0.0,-0.0,0.0,-0.0,0.0,0.0,1.0,0.0,0,0.0,1.0,0.0,1
325.54331211,329.4114074707031,-330.6085510253906,-0.00011349354219174339,20.0,0.0,0.0,-0.0,-0.0,0.0,-0.0,0.0,0.0,1.0,0.0,0,0.0,1.0,0.0,1
325.743312113,329.4114074707031,-330.6085510253906,-0.00011349354219174339,20.0,0.0,0.0,-0.0,-0.0,0.0,-0.0,0.0,0.0,1.0,0.0,0,0.0,1.0,0.0,1
325.943312116,329.4114074707031,-330.6085510253906,-0.00011349354219174339,20.0,0.0,0.0,-0.0,-0.0,0.0,-0.0,0.0,0.0,1.0,0.0,0,0.0,1.0,0.0,1
326.143312119,329.4114074707031,-330.6085510253906,-0.00011349354219174339,20.0,0.0,0.0,-0.0,-0.0,0.0,-0.0,0.0,0.0,1.0,0.0,0,0.0,1.0,0.0,1
326.343312122,329.4114074707031,-330.6085510253906,-0.00011349354219174339,20.0,0.0,0.0,-0.0,-0.0,0.0,-0.0,0.0,0.0,1.0,0.0,0,0.0,1.0,0.0,1
326.493312124,329.4114074707031,-330.6085510253906,-0.00011349354219174339,20.0,0.0,0.0,-0.0,-0.0,0.0,-0.0,0.0,0.0,1.0,0.0,0,0.0,1.0,0.0,1
326.693312127,329.4114074707031,-330.6085510253906,-0.00011349354219174339,20.0,0.0,0.0,-0.0,-0.0,0.0,-0.0,0.0,0.0,1.0,0.0,0,0.0,1.0,0.0,1
326.943312131,329.4114074707031,-330.6085510253906,-0.00011349354219174339,20.0,0.0,0.0,-0.0,-0.0,0.0,-0.0,0.0,0.0,1.0,0.0,0,0.0,1.0,0.0,1
327.193312135,329.4114074707031,-330.6085510253906,-0.00011349354219174339,20.0,0.0,0.0,-0.0,-0.0,0.0,-0.0,0.0,0.0,1.0,0.0,0,0.0,1.0,0.0,1
327.393312138,329.4114074707031,-330.6085510253906,-0.00011349354219174339,20.0,0.0,0.0,-0.0,-0.0,0.0,-0.0,0.0,0.0,1.0,0.0,0,0.0,1.0,0.0,1
327.643312141,329.4114074707031,-330.6085510253906,-0.00011349354219174339,20.0,0.0,0.0,-0.0,-0.0,0.0,-0.0,0.0,0.0,1.0,0.0,0,0.0,1.0,0.0,1
327.843312144,329.4114074707031,-330.6085510253906,-0.00011349354219174339,20.0,0.0,0.0,-0.0,-0.0,0.0,-0.0,0.0,0.0,1.0,0.0,0,0.0,1.0,0.0,1
328.043312147,329.4114074707031,-330.6085510253906,-0.00011349354219174339,20.0,0.0,0.0,-0.0,-0.0,0.0,-0.0,0.0,0.0,1.0,0.0,0,0.0,1.0,0.0,1
328.24331215,329.4114074707031,-330.6085510253906,-0.00011349354219174339,20.0,0.0,0.0,-0.0,-0.0,0.0,-0.0,0.0,0.0,1.0,0.0,0,0.0,1.0,0.0,1
328.393312152,329.4114074707031,-330.6085510253906,-0.00011349354219174339,20.0,0.0,0.0,-0.0,-0.0,0.0,-0.0,0.0,0.0,1.0,0.0,0,0.0,1.0,0.0,1
328.543312155,329.4114074707031,-330.6085510253906,-0.00011349354219174339,20.0,0.0,0.0,-0.0,-0.0,0.0,-0.0,0.0,0.0,1.0,0.0,0,0.0,1.0,0.0,1
328.693312157,329.4114074707031,-330.6085510253906,-0.00011349354219174339,20.0,0.0,0.0,-0.0,-0.0,0.0,-0.0,0.0,0.0,1.0,0.0,0,0.0,1.0,0.0,1
328.843312159,329.4114074707031,-330.6085510253906,-0.00011349354219174339,20.0,0.0,0.0,-0.0,-0.0,0.0,-0.0,0.0,0.0,1.0,0.0,0,0.0,1.0,0.0,1
329.043312162,329.4114074707031,-330.6085510253906,-0.00011349354219174339,20.0,0.0,0.0,-0.0,-0.0,0.0,-0.0,0.0,0.0,1.0,0.0,0,0.0,1.0,0.0,1
329.193312164,329.4114074707031,-330.6085510253906,-0.00011349354219174339,20.0,0.0,0.0,-0.0,-0.0,0.0,-0.0,0.0,0.0,1.0,0.0,0,0.0,1.0,0.0,1
329.393312167,329.4114074707031,-330.6085510253906,-0.00011349354219174339,20.0,0.0,0.0,-0.0,-0.0,0.0,-0.0,0.0,0.0,1.0,0.0,0,0.0,1.0,0.0,1
329.54331217,329.4114074707031,-330.6085510253906,-0.00011349354219174339,20.0,0.0,0.0,-0.0,-0.0,0.0,-0.0,0.0,0.0,1.0,0.0,0,0.0,1.0,0.0,1
329.743312173,329.4114074707031,-330.6085510253906,-0.00011349354219174339,20.0,0.0,0.0,-0.0,-0.0,0.0,-0.0,0.0,0.0,1.0,0.0,0,0.0,1.0,0.0,1
329.943312176,329.4114074707031,-330.6085510253906,-0.00011349354219174339,20.0,0.0,0.0,-0.0,-0.0,0.0,-0.0,0.0,0.0,1.0,0.0,0,0.0,1.0,0.0,1
330.093312178,329.4114074707031,-330.6085510253906,-0.00011349354219174339,20.0,0.0,0.0,-0.0,-0.0,0.0,-0.0,0.0,0.0,1.0,0.0,0,0.0,1.0,0.0,1
330.293312181,329.4114074707031,-330.6085510253906,-0.00011349354219174339,20.0,0.0,0.0,-0.0,-0.0,0.0,-0.0,0.0,0.0,1.0,0.0,0,0.0,1.0,0.0,1
330.443312183,329.4114074707031,-330.6085510253906,-0.00011349354219174339,20.0,0.0,0.0,-0.0,-0.0,0.0,-0.0,0.0,0.0,1.0,0.0,0,0.0,1.0,0.0,1
330.643312186,329.4114074707031,-330.6085510253906,-0.00011349354219174339,20.0,0.0,0.0,-0.0,-0.0,0.0,-0.0,0.0,0.0,1.0,0.0,0,0.0,1.0,0.0,1
330.843312189,329.4114074707031,-330.6085510253906,-0.00011349354219174339,20.0,0.0,0.0,-0.0,-0.0,0.0,-0.0,0.0,0.0,1.0,0.0,0,0.0,1.0,0.0,1
331.043312192,329.4114074707031,-330.6085510253906,-0.00011349354219174339,20.0,0.0,0.0,-0.0,-0.0,0.0,-0.0,0.0,0.0,1.0,0.0,0,0.0,1.0,0.0,1
331.243312195,329.4114074707031,-330.6085510253906,-0.00011349354219174339,20.0,0.0,0.0,-0.0,-0.0,0.0,-0.0,0.0,0.0,1.0,0.0,0,0.0,1.0,0.0,1
331.443312198,329.4114074707031,-330.6085510253906,-0.00011349354219174339,20.0,0.0,0.0,-0.0,-0.0,0.0,-0.0,0.0,0.0,1.0,0.0,0,0.0,1.0,0.0,1
331.643312201,329.4114074707031,-330.6085510253906,-0.00011349354219174339,20.0,0.0,0.0,-0.0,-0.0,0.0,-0.0,0.0,0.0,1.0,0.0,0,0.0,1.0,0.0,1
331.843312204,329.4114074707031,-330.6085510253906,-0.00011349354219174339,20.0,0.0,0.0,-0.0,-0.0,0.0,-0.0,0.0,0.0,1.0,0.0,0,0.0,1.0,0.0,1
332.043312207,329.4114074707031,-330.6085510253906,-0.00011349354219174339,20.0,0.0,0.0,-0.0,-0.0,0.0,-0.0,0.0,0.0,1.0,0.0,0,0.0,1.0,0.0,1
332.193312209,329.4114074707031,-330.6085510253906,-0.00011349354219174339,20.0,0.0,0.0,-0.0,-0.0,0.0,-0.0,0.0,0.0,1.0,0.0,0,0.0,1.0,0.0,1
332.393312212,329.4114074707031,-330.6085510253906,-0.00011349354219174339,20.0,0.0,0.0,-0.0,-0.0,0.0,-0.0,0.0,0.0,1.0,0.0,0,0.0,1.0,0.0,1
332.643312216,329.4114074707031,-330.6085510253906,-0.00011349354219174339,20.0,0.0,0.0,-0.0,-0.0,0.0,-0.0,0.0,0.0,1.0,0.0,0,0.0,1.0,0.0,1
332.843312219,329.4114074707031,-330.6085510253906,-0.00011349354219174339,20.0,0.0,0.0,-0.0,-0.0,0.0,-0.0,0.0,0.0,1.0,0.0,0,0.0,1.0,0.0,1
333.093312222,329.4114074707031,-330.6085510253906,-0.00011349354219174339,20.0,0.0,0.0,-0.0,-0.0,0.0,-0.0,0.0,0.0,1.0,0.0,0,0.0,1.0,0.0,1
333.293312225,329.4114074707031,-330.6085510253906,-0.00011349354219174339,20.0,0.0,0.0,-0.0,-0.0,0.0,-0.0,0.0,0.0,1.0,0.0,0,0.0,1.0,0.0,1
333.543312229,329.4114074707031,-330.6085510253906,-0.00011349354219174339,20.0,0.0,0.0,-0.0,-0.0,0.0,-0.0,0.0,0.0,1.0,0.0,0,0.0,1.0,0.0,1
333.743312232,329.4114074707031,-330.6085510253906,-0.00011349354219174339,20.0,0.0,0.0,-0.0,-0.0,0.0,-0.0,0.0,0.0,1.0,0.0,0,0.0,1.0,0.0,1
333.943312235,329.4114074707031,-330.6085510253906,-0.00011349354219174339,20.0,0.0,0.0,-0.0,-0.0,0.0,-0.0,0.0,0.0,1.0,0.0,0,0.0,1.0,0.0,1
334.093312237,329.4114074707031,-330.6085510253906,-0.00011349354219174339,20.0,0.0,0.0,-0.0,-0.0,0.0,-0.0,0.0,0.0,1.0,0.0,0,0.0,1.0,0.0,1
334.24331224,329.4114074707031,-330.6085510253906,-0.00011349354219174339,20.0,0.0,0.0,-0.0,-0.0,0.0,-0.0,0.0,0.0,1.0,0.0,0,0.0,1.0,0.0,1
334.393312242,329.4114074707031,-330.6085510253906,-0.00011349354219174339,20.0,0.0,0.0,-0.0,-0.0,0.0,-0.0,0.0,0.0,1.0,0.0,0,0.0,1.0,0.0,1
334.593312245,329.4114074707031,-330.6085510253906,-0.00011349354219174339,20.0,0.0,0.0,-0.0,-0.0,0.0,-0.0,0.0,0.0,1.0,0.0,0,0.0,1.0,0.0,1
334.793312248,329.4114074707031,-330.6085510253906,-0.00011349354219174339,20.0,0.0,0.0,-0.0,-0.0,0.0,-0.0,0.0,0.0,1.0,0.0,0,0.0,1.0,0.0,1
334.94331225,329.4114074707031,-330.6085510253906,-0.00011349354219174339,20.0,0.0,0.0,-0.0,-0.0,0.0,-0.0,0.0,0.0,1.0,0.0,0,0.0,1.0,0.0,1
335.143312253,329.4114074707031,-330.6085510253906,-0.00011349354219174339,20.0,0.0,0.0,-0.0,-0.0,0.0,-0.0,0.0,0.0,1.0,0.0,0,0.0,1.0,0.0,1
335.343312256,329.4114074707031,-330.6085510253906,-0.00011349354219174339,20.0,0.0,0.0,-0.0,-0.0,0.0,-0.0,0.0,0.0,1.0,0.0,0,0.0,1.0,0.0,1
335.543312259,329.4114074707031,-330.6085510253906,-0.00011349354219174339,20.0,0.0,0.0,-0.0,-0.0,0.0,-0.0,0.0,0.0,1.0,0.0,0,0.0,1.0,0.0,1
335.743312262,329.4114074707031,-330.6085510253906,-0.00011349354219174339,20.0,0.0,0.0,-0.0,-0.0,0.0,-0.0,0.0,0.0,1.0,0.0,0,0.0,1.0,0.0,1
335.943312265,329.4114074707031,-330.6085510253906,-0.00011349354219174339,20.0,0.0,0.0,-0.0,-0.0,0.0,-0.0,0.0,0.0,1.0,0.0,0,0.0,1.0,0.0,1
336.143312268,329.4114074707031,-330.6085510253906,-0.00011349354219174339,20.0,0.0,0.0,-0.0,-0.0,0.0,-0.0,0.0,0.0,1.0,0.0,0,0.0,1.0,0.0,1
336.343312271,329.4114074707031,-330.6085510253906,-0.00011349354219174339,20.0,0.0,0.0,-0.0,-0.0,0.0,-0.0,0.0,0.0,1.0,0.0,0,0.0,1.0,0.0,1
336.543312274,329.4114074707031,-330.6085510253906,-0.00011349354219174339,20.0,0.0,0.0,-0.0,-0.0,0.0,-0.0,0.0,0.0,1.0,0.0,0,0.0,1.0,0.0,1
336.743312277,329.4114074707031,-330.6085510253906,-0.00011349354219174339,20.0,0.0,0.0,-0.0,-0.0,0.0,-0.0,0.0,0.0,1.0,0.0,0,0.0,1.0,0.0,1
336.993312281,329.4114074707031,-330.6085510253906,-0.00011349354219174339,20.0,0.0,0.0,-0.0,-0.0,0.0,-0.0,0.0,0.0,1.0,0.0,0,0.0,1.0,0.0,1
337.193312284,329.4114074707031,-330.6085510253906,-0.00011349354219174339,20.0,0.0,0.0,-0.0,-0.0,0.0,-0.0,0.0,0.0,1.0,0.0,0,0.0,1.0,0.0,1
337.393312287,329.4114074707031,-330.6085510253906,-0.00011349354219174339,20.0,0.0,0.0,-0.0,-0.0,0.0,-0.0,0.0,0.0,1.0,0.0,0,0.0,1.0,0.0,1
337.59331229,329.4114074707031,-330.6085510253906,-0.00011349354219174339,20.0,0.0,0.0,-0.0,-0.0,0.0,-0.0,0.0,0.0,1.0,0.0,0,0.0,1.0,0.0,1
337.843312293,329.4114074707031,-330.6085510253906,-0.00011349354219174339,20.0,0.0,0.0,-0.0,-0.0,0.0,-0.0,0.0,0.0,1.0,0.0,0,0.0,1.0,0.0,1
337.993312295,329.4114074707031,-330.6085510253906,-0.00011349354219174339,20.0,0.0,0.0,-0.0,-0.0,0.0,-0.0,0.0,0.0,1.0,0.0,0,0.0,1.0,0.0,1
338.193312298,329.4114074707031,-330.6085510253906,-0.00011349354219174339,20.0,0.0,0.0,-0.0,-0.0,0.0,-0.0,0.0,0.0,1.0,0.0,0,0.0,1.0,0.0,1
338.343312301,329.4114074707031,-330.6085510253906,-0.00011349354219174339,20.0,0.0,0.0,-0.0,-0.0,0.0,-0.0,0.0,0.0,1.0,0.0,0,0.0,1.0,0.0,1
338.543312304,329.4114074707031,-330.6085510253906,-0.00011349354219174339,20.0,0.0,0.0,-0.0,-0.0,0.0,-0.0,0.0,0.0,1.0,0.0,0,0.0,1.0,0.0,1
338.743312307,329.4114074707031,-330.6085510253906,-0.00011349354219174339,20.0,0.0,0.0,-0.0,-0.0,0.0,-0.0,0.0,0.0,1.0,0.0,0,0.0,1.0,0.0,1
338.94331231,329.4114074707031,-330.6085510253906,-0.00011349354219174339,20.0,0.0,0.0,-0.0,-0.0,0.0,-0.0,0.0,0.0,1.0,0.0,0,0.0,1.0,0.0,1
339.193312313,329.4114074707031,-330.6085510253906,-0.00011349354219174339,20.0,0.0,0.0,-0.0,-0.0,0.0,-0.0,0.0,0.0,1.0,0.0,0,0.0,1.0,0.0,1
339.393312316,329.4114074707031,-330.6085510253906,-0.00011349354219174339,20.0,0.0,0.0,-0.0,-0.0,0.0,-0.0,0.0,0.0,1.0,0.0,0,0.0,1.0,0.0,1
339.64331232,329.4114074707031,-330.6085510253906,-0.00011349354219174339,20.0,0.0,0.0,-0.0,-0.0,0.0,-0.0,0.0,0.0,1.0,0.0,0,0.0,1.0,0.0,1
339.843312323,329.4114074707031,-330.6085510253906,-0.00011349354219174339,20.0,0.0,0.0,-0.0,-0.0,0.0,-0.0,0.0,0.0,1.0,0.0,0,0.0,1.0,0.0,1
340.043312326,329.4114074707031,-330.6085510253906,-0.00011349354219174339,20.0,0.0,0.0,-0.0,-0.0,0.0,-0.0,0.0,0.0,1.0,0.0,0,0.0,1.0,0.0,1
340.243312329,329.4114074707031,-330.6085510253906,-0.00011349354219174339,20.0,0.0,0.0,-0.0,-0.0,0.0,-0.0,0.0,0.0,1.0,0.0,0,0.0,1.0,0.0,1
340.493312333,329.4114074707031,-330.6085510253906,-0.00011349354219174339,20.0,0.0,0.0,-0.0,-0.0,0.0,-0.0,0.0,0.0,1.0,0.0,0,0.0,1.0,0.0,1
340.743312336,329.4114074707031,-330.6085510253906,-0.00011349354219174339,20.0,0.0,0.0,-0.0,-0.0,0.0,-0.0,0.0,0.0,1.0,0.0,0,0.0,1.0,0.0,1
340.99331234,329.4114074707031,-330.6085510253906,-0.00011349354219174339,20.0,0.0,0.0,-0.0,-0.0,0.0,-0.0,0.0,0.0,1.0,0.0,0,0.0,1.0,0.0,1
341.243312344,329.4114074707031,-330.6085510253906,-0.00011349354219174339,20.0,0.0,0.0,-0.0,-0.0,0.0,-0.0,0.0,0.0,1.0,0.0,0,0.0,1.0,0.0,1
341.493312348,329.4114074707031,-330.6085510253906,-0.00011349354219174339,20.0,0.0,0.0,-0.0,-0.0,0.0,-0.0,0.0,0.0,1.0,0.0,0,0.0,1.0,0.0,1
341.743312351,329.4114074707031,-330.6085510253906,-0.00011349354219174339,20.0,0.0,0.0,-0.0,-0.0,0.0,-0.0,0.0,0.0,1.0,0.0,0,0.0,1.0,0.0,1
341.993312355,329.4114074707031,-330.6085510253906,-0.00011349354219174339,20.0,0.0,0.0,-0.0,-0.0,0.0,-0.0,0.0,0.0,1.0,0.0,0,0.0,1.0,0.0,1
342.243312359,329.4114074707031,-330.6085510253906,-0.00011349354219174339,20.0,0.0,0.0,-0.0,-0.0,0.0,-0.0,0.0,0.0,1.0,0.0,0,0.0,1.0,0.0,1
342.443312362,329.4114074707031,-330.6085510253906,-0.00011349354219174339,20.0,0.0,0.0,-0.0,-0.0,0.0,-0.0,0.0,0.0,1.0,0.0,0,0.0,1.0,0.0,1
342.643312365,329.4114074707031,-330.6085510253906,-0.00011349354219174339,20.0,0.0,0.0,-0.0,-0.0,0.0,-0.0,0.0,0.0,1.0,0.0,0,0.0,1.0,0.0,1
342.793312367,329.4114074707031,-330.6085510253906,-0.00011349354219174339,20.0,0.0,0.0,-0.0,-0.0,0.0,-0.0,0.0,0.0,1.0,0.0,0,0.0,1.0,0.0,1
342.99331237,329.4114074707031,-330.6085510253906,-0.00011349354219174339,20.0,0.0,0.0,-0.0,-0.0,0.0,-0.0,0.0,0.0,1.0,0.0,0,0.0,1.0,0.0,1
343.193312373,329.4114074707031,-330.6085510253906,-0.00011349354219174339,20.0,0.0,0.0,-0.0,-0.0,0.0,-0.0,0.0,0.0,1.0,0.0,0,0.0,1.0,0.0,1
343.393312376,329.4114074707031,-330.6085510253906,-0.00011349354219174339,20.0,0.0,0.0,-0.0,-0.0,0.0,-0.0,0.0,0.0,1.0,0.0,0,0.0,1.0,0.0,1
343.64331238,329.4114074707031,-330.6085510253906,-0.00011349354219174339,20.0,0.0,0.0,-0.0,-0.0,0.0,-0.0,0.0,0.0,1.0,0.0,0,0.0,1.0,0.0,1
343.943312384,329.4114074707031,-330.6085510253906,-0.00011349354219174339,20.0,0.0,0.0,-0.0,-0.0,0.0,-0.0,0.0,0.0,1.0,0.0,0,0.0,1.0,0.0,1
344.193312388,329.4114074707031,-330.6085510253906,-0.00011349354219174339,20.0,0.0,0.0,-0.0,-0.0,0.0,-0.0,0.0,0.0,1.0,0.0,0,0.0,1.0,0.0,1
344.493312392,329.4114074707031,-330.6085510253906,-0.00011349354219174339,20.0,0.0,0.0,-0.0,-0.0,0.0,-0.0,0.0,0.0,1.0,0.0,0,0.0,1.0,0.0,1
344.743312396,329.4114074707031,-330.6085510253906,-0.00011349354219174339,20.0,0.0,0.0,-0.0,-0.0,0.0,-0.0,0.0,0.0,1.0,0.0,0,0.0,1.0,0.0,1
345.043312401,329.4114074707031,-330.6085510253906,-0.00011349354219174339,20.0,0.0,0.0,-0.0,-0.0,0.0,-0.0,0.0,0.0,1.0,0.0,0,0.0,1.0,0.0,1
345.293312404,329.4114074707031,-330.6085510253906,-0.00011349354219174339,20.0,0.0,0.0,-0.0,-0.0,0.0,-0.0,0.0,0.0,1.0,0.0,0,0.0,1.0,0.0,1
345.593312409,329.4114074707031,-330.6085510253906,-0.00011349354219174339,20.0,0.0,0.0,-0.0,-0.0,0.0,-0.0,0.0,0.0,1.0,0.0,0,0.0,1.0,0.0,1
345.843312412,329.4114074707031,-330.6085510253906,-0.00011349354219174339,20.0,0.0,0.0,-0.0,-0.0,0.0,-0.0,0.0,0.0,1.0,0.0,0,0.0,1.0,0.0,1
346.143312417,329.4114074707031,-330.6085510253906,-0.00011349354219174339,20.0,0.0,0.0,-0.0,-0.0,0.0,-0.0,0.0,0.0,1.0,0.0,0,0.0,1.0,0.0,1
346.443312421,329.4114074707031,-330.6085510253906,-0.00011349354219174339,20.0,0.0,0.0,-0.0,-0.0,0.0,-0.0,0.0,0.0,1.0,0.0,0,0.0,1.0,0.0,1
346.743312426,329.4114074707031,-330.6085510253906,-0.00011349354219174339,20.0,0.0,0.0,-0.0,-0.0,0.0,-0.0,0.0,0.0,1.0,0.0,0,0.0,1.0,0.0,1
346.99331243,329.4114074707031,-330.6085510253906,-0.00011349354219174339,20.0,0.0,0.0,-0.0,-0.0,0.0,-0.0,0.0,0.0,1.0,0.0,0,0.0,1.0,0.0,1
347.243312433,329.4114074707031,-330.6085510253906,-0.00011349354219174339,20.0,0.0,0.0,-0.0,-0.0,0.0,-0.0,0.0,0.0,1.0,0.0,0,0.0,1.0,0.0,1
347.493312437,329.4114074707031,-330.6085510253906,-0.00011349354219174339,20.0,0.0,0.0,-0.0,-0.0,0.0,-0.0,0.0,0.0,1.0,0.0,0,0.0,1.0,0.0,1
347.743312441,329.4114074707031,-330.6085510253906,-0.00011349354219174339,20.0,0.0,0.0,-0.0,-0.0,0.0,-0.0,0.0,0.0,1.0,0.0,0,0.0,1.0,0.0,1
347.993312445,329.4114074707031,-330.6085510253906,-0.00011349354219174339,20.0,0.0,0.0,-0.0,-0.0,0.0,-0.0,0.0,0.0,1.0,0.0,0,0.0,1.0,0.0,1
348.243312448,329.4114074707031,-330.6085510253906,-0.00011349354219174339,20.0,0.0,0.0,-0.0,-0.0,0.0,-0.0,0.0,0.0,1.0,0.0,0,0.0,1.0,0.0,1
348.493312452,329.4114074707031,-330.6085510253906,-0.00011349354219174339,20.0,0.0,0.0,-0.0,-0.0,0.0,-0.0,0.0,0.0,1.0,0.0,0,0.0,1.0,0.0,1
348.743312456,329.4114074707031,-330.6085510253906,-0.00011349354219174339,20.0,0.0,0.0,-0.0,-0.0,0.0,-0.0,0.0,0.0,1.0,0.0,0,0.0,1.0,0.0,1
348.993312459,329.4114074707031,-330.6085510253906,-0.00011349354219174339,20.0,0.0,0.0,-0.0,-0.0,0.0,-0.0,0.0,0.0,1.0,0.0,0,0.0,1.0,0.0,1
349.243312463,329.4114074707031,-330.6085510253906,-0.00011349354219174339,20.0,0.0,0.0,-0.0,-0.0,0.0,-0.0,0.0,0.0,1.0,0.0,0,0.0,1.0,0.0,1
349.493312467,329.4114074707031,-330.6085510253906,-0.00011349354219174339,20.0,0.0,0.0,-0.0,-0.0,0.0,-0.0,0.0,0.0,1.0,0.0,0,0.0,1.0,0.0,1
349.743312471,329.4114074707031,-330.6085510253906,-0.00011349354219174339,20.0,0.0,0.0,-0.0,-0.0,0.0,-0.0,0.0,0.0,1.0,0.0,0,0.0,1.0,0.0,1
349.943312474,329.4114074707031,-330.6085510253906,-0.00011349354219174339,20.0,0.0,0.0,-0.0,-0.0,0.0,-0.0,0.0,0.0,1.0,0.0,0,0.0,1.0,0.0,1
350.193312477,329.4114074707031,-330.6085510253906,-0.00011349354219174339,20.0,0.0,0.0,-0.0,-0.0,0.0,-0.0,0.0,0.0,1.0,0.0,0,0.0,1.0,0.0,1
350.39331248,329.4114074707031,-330.6085510253906,-0.00011349354219174339,20.0,0.0,0.0,-0.0,-0.0,0.0,-0.0,0.0,0.0,1.0,0.0,0,0.0,1.0,0.0,1
350.643312484,329.4114074707031,-330.6085510253906,-0.00011349354219174339,20.0,0.0,0.0,-0.0,-0.0,0.0,-0.0,0.0,0.0,1.0,0.0,0,0.0,1.0,0.0,1
350.893312488,329.4114074707031,-330.6085510253906,-0.00011349354219174339,20.0,0.0,0.0,-0.0,-0.0,0.0,-0.0,0.0,0.0,1.0,0.0,0,0.0,1.0,0.0,1
351.193312492,329.4114074707031,-330.6085510253906,-0.00011349354219174339,20.0,0.0,0.0,-0.0,-0.0,0.0,-0.0,0.0,0.0,1.0,0.0,0,0.0,1.0,0.0,1
351.393312495,329.4114074707031,-330.6085510253906,-0.00011349354219174339,20.0,0.0,0.0,-0.0,-0.0,0.0,-0.0,0.0,0.0,1.0,0.0,0,0.0,1.0,0.0,1
351.593312498,329.4114074707031,-330.6085510253906,-0.00011349354219174339,20.0,0.0,0.0,-0.0,-0.0,0.0,-0.0,0.0,0.0,1.0,0.0,0,0.0,1.0,0.0,1
351.793312501,329.4114074707031,-330.6085510253906,-0.00011349354219174339,20.0,0.0,0.0,-0.0,-0.0,0.0,-0.0,0.0,0.0,1.0,0.0,0,0.0,1.0,0.0,1
351.993312504,329.4114074707031,-330.6085510253906,-0.00011349354219174339,20.0,0.0,0.0,-0.0,-0.0,0.0,-0.0,0.0,0.0,1.0,0.0,0,0.0,1.0,0.0,1
352.193312507,329.4114074707031,-330.6085510253906,-0.00011349354219174339,20.0,0.0,0.0,-0.0,-0.0,0.0,-0.0,0.0,0.0,1.0,0.0,0,0.0,1.0,0.0,1
352.343312509,329.4114074707031,-330.6085510253906,-0.00011349354219174339,20.0,0.0,0.0,-0.0,-0.0,0.0,-0.0,0.0,0.0,1.0,0.0,0,0.0,1.0,0.0,1
352.543312512,329.4114074707031,-330.6085510253906,-0.00011349354219174339,20.0,0.0,0.0,-0.0,-0.0,0.0,-0.0,0.0,0.0,1.0,0.0,0,0.0,1.0,0.0,1
352.743312515,329.4114074707031,-330.6085510253906,-0.00011349354219174339,20.0,0.0,0.0,-0.0,-0.0,0.0,-0.0,0.0,0.0,1.0,0.0,0,0.0,1.0,0.0,1
352.993312519,329.4114074707031,-330.6085510253906,-0.00011349354219174339,20.0,0.0,0.0,-0.0,-0.0,0.0,-0.0,0.0,0.0,1.0,0.0,0,0.0,1.0,0.0,1
353.293312523,329.4114074707031,-330.6085510253906,-0.00011349354219174339,20.0,0.0,0.0,-0.0,-0.0,0.0,-0.0,0.0,0.0,1.0,0.0,0,0.0,1.0,0.0,1
353.543312527,329.4114074707031,-330.6085510253906,-0.00011349354219174339,20.0,0.0,0.0,-0.0,-0.0,0.0,-0.0,0.0,0.0,1.0,0.0,0,0.0,1.0,0.0,1
353.793312531,329.4114074707031,-330.6085510253906,-0.00011349354219174339,20.0,0.0,0.0,-0.0,-0.0,0.0,-0.0,0.0,0.0,1.0,0.0,0,0.0,1.0,0.0,1
354.043312535,329.4114074707031,-330.6085510253906,-0.00011349354219174339,20.0,0.0,0.0,-0.0,-0.0,0.0,-0.0,0.0,0.0,1.0,0.0,0,0.0,1.0,0.0,1
354.243312538,329.4114074707031,-330.6085510253906,-0.00011349354219174339,20.0,0.0,0.0,-0.0,-0.0,0.0,-0.0,0.0,0.0,1.0,0.0,0,0.0,1.0,0.0,1
354.493312541,329.4114074707031,-330.6085510253906,-0.00011349354219174339,20.0,0.0,0.0,-0.0,-0.0,0.0,-0.0,0.0,0.0,1.0,0.0,0,0.0,1.0,0.0,1
354.743312545,329.4114074707031,-330.6085510253906,-0.00011349354219174339,20.0,0.0,0.0,-0.0,-0.0,0.0,-0.0,0.0,0.0,1.0,0.0,0,0.0,1.0,0.0,1
354.993312549,329.4114074707031,-330.6085510253906,-0.00011349354219174339,20.0,0.0,0.0,-0.0,-0.0,0.0,-0.0,0.0,0.0,1.0,0.0,0,0.0,1.0,0.0,1
355.243312553,329.4114074707031,-330.6085510253906,-0.00011349354219174339,20.0,0.0,0.0,-0.0,-0.0,0.0,-0.0,0.0,0.0,1.0,0.0,0,0.0,1.0,0.0,1
355.493312556,329.4114074707031,-330.6085510253906,-0.00011349354219174339,20.0,0.0,0.0,-0.0,-0.0,0.0,-0.0,0.0,0.0,1.0,0.0,0,0.0,1.0,0.0,1
355.693312559,329.4114074707031,-330.6085510253906,-0.00011349354219174339,20.0,0.0,0.0,-0.0,-0.0,0.0,-0.0,0.0,0.0,1.0,0.0,0,0.0,1.0,0.0,1
355.943312563,329.4114074707031,-330.6085510253906,-0.00011349354219174339,20.0,0.0,0.0,-0.0,-0.0,0.0,-0.0,0.0,0.0,1.0,0.0,0,0.0,1.0,0.0,1
356.193312567,329.4114074707031,-330.6085510253906,-0.00011349354219174339,20.0,0.0,0.0,-0.0,-0.0,0.0,-0.0,0.0,0.0,1.0,0.0,0,0.0,1.0,0.0,1
356.493312571,329.4114074707031,-330.6085510253906,-0.00011349354219174339,20.0,0.0,0.0,-0.0,-0.0,0.0,-0.0,0.0,0.0,1.0,0.0,0,0.0,1.0,0.0,1
356.693312574,329.4114074707031,-330.6085510253906,-0.00011349354219174339,20.0,0.0,0.0,-0.0,-0.0,0.0,-0.0,0.0,0.0,1.0,0.0,0,0.0,1.0,0.0,1
356.943312578,329.4114074707031,-330.6085510253906,-0.00011349354219174339,20.0,0.0,0.0,-0.0,-0.0,0.0,-0.0,0.0,0.0,1.0,0.0,0,0.0,1.0,0.0,1
357.09331258,329.4114074707031,-330.6085510253906,-0.00011349354219174339,20.0,0.0,0.0,-0.0,-0.0,0.0,-0.0,0.0,0.0,1.0,0.0,0,0.0,1.0,0.0,1
357.343312584,329.4114074707031,-330.6085510253906,-0.00011349354219174339,20.0,0.0,0.0,-0.0,-0.0,0.0,-0.0,0.0,0.0,1.0,0.0,0,0.0,1.0,0.0,1
357.543312587,329.4114074707031,-330.6085510253906,-0.00011349354219174339,20.0,0.0,0.0,-0.0,-0.0,0.0,-0.0,0.0,0.0,1.0,0.0,0,0.0,1.0,0.0,1
357.793312591,329.4114074707031,-330.6085510253906,-0.00011349354219174339,20.0,0.0,0.0,-0.0,-0.0,0.0,-0.0,0.0,0.0,1.0,0.0,0,0.0,1.0,0.0,1
358.043312594,329.4114074707031,-330.6085510253906,-0.00011349354219174339,20.0,0.0,0.0,-0.0,-0.0,0.0,-0.0,0.0,0.0,1.0,0.0,0,0.0,1.0,0.0,1
358.293312598,329.4114074707031,-330.6085510253906,-0.00011349354219174339,20.0,0.0,0.0,-0.0,-0.0,0.0,-0.0,0.0,0.0,1.0,0.0,0,0.0,1.0,0.0,1
358.493312601,329.4114074707031,-330.6085510253906,-0.00011349354219174339,20.0,0.0,0.0,-0.0,-0.0,0.0,-0.0,0.0,0.0,1.0,0.0,0,0.0,1.0,0.0,1
358.743312605,329.4114074707031,-330.6085510253906,-0.00011349354219174339,20.0,0.0,0.0,-0.0,-0.0,0.0,-0.0,0.0,0.0,1.0,0.0,0,0.0,1.0,0.0,1
358.993312608,329.4114074707031,-330.6085510253906,-0.00011349354219174339,20.0,0.0,0.0,-0.0,-0.0,0.0,-0.0,0.0,0.0,1.0,0.0,0,0.0,1.0,0.0,1
359.193312611,329.4114074707031,-330.6085510253906,-0.00011349354219174339,20.0,0.0,0.0,-0.0,-0.0,0.0,-0.0,0.0,0.0,1.0,0.0,0,0.0,1.0,0.0,1
359.393312614,329.4114074707031,-330.6085510253906,-0.00011349354219174339,20.0,0.0,0.0,-0.0,-0.0,0.0,-0.0,0.0,0.0,1.0,0.0,0,0.0,1.0,0.0,1
359.593312617,329.4114074707031,-330.6085510253906,-0.00011349354219174339,20.0,0.0,0.0,-0.0,-0.0,0.0,-0.0,0.0,0.0,1.0,0.0,0,0.0,1.0,0.0,1
359.843312621,329.4114074707031,-330.6085510253906,-0.00011349354219174339,20.0,0.0,0.0,-0.0,-0.0,0.0,-0.0,0.0,0.0,1.0,0.0,0,0.0,1.0,0.0,1
360.093312625,329.4114074707031,-330.6085510253906,-0.00011349354219174339,20.0,0.0,0.0,-0.0,-0.0,0.0,-0.0,0.0,0.0,1.0,0.0,0,0.0,1.0,0.0,1
360.293312628,329.4114074707031,-330.6085510253906,-0.00011349354219174339,20.0,0.0,0.0,-0.0,-0.0,0.0,-0.0,0.0,0.0,1.0,0.0,0,0.0,1.0,0.0,1
360.543312632,329.4114074707031,-330.6085510253906,-0.00011349354219174339,20.0,0.0,0.0,-0.0,-0.0,0.0,-0.0,0.0,0.0,1.0,0.0,0,0.0,1.0,0.0,1
360.793312635,329.4114074707031,-330.6085510253906,-0.00011349354219174339,20.0,0.0,0.0,-0.0,-0.0,0.0,-0.0,0.0,0.0,1.0,0.0,0,0.0,1.0,0.0,1
361.043312639,329.4114074707031,-330.6085510253906,-0.00011349354219174339,20.0,0.0,0.0,-0.0,-0.0,0.0,-0.0,0.0,0.0,1.0,0.0,0,0.0,1.0,0.0,1
361.343312643,329.4114074707031,-330.6085510253906,-0.00011349354219174339,20.0,0.0,0.0,-0.0,-0.0,0.0,-0.0,0.0,0.0,1.0,0.0,0,0.0,1.0,0.0,1
361.543312646,329.4114074707031,-330.6085510253906,-0.00011349354219174339,20.0,0.0,0.0,-0.0,-0.0,0.0,-0.0,0.0,0.0,1.0,0.0,0,0.0,1.0,0.0,1
361.79331265,329.4114074707031,-330.6085510253906,-0.00011349354219174339,20.0,0.0,0.0,-0.0,-0.0,0.0,-0.0,0.0,0.0,1.0,0.0,0,0.0,1.0,0.0,1
362.043312654,329.4114074707031,-330.6085510253906,-0.00011349354219174339,20.0,0.0,0.0,-0.0,-0.0,0.0,-0.0,0.0,0.0,1.0,0.0,0,0.0,1.0,0.0,1
362.293312658,329.4114074707031,-330.6085510253906,-0.00011349354219174339,20.0,0.0,0.0,-0.0,-0.0,0.0,-0.0,0.0,0.0,1.0,0.0,0,0.0,1.0,0.0,1
362.543312661,329.4114074707031,-330.6085510253906,-0.00011349354219174339,20.0,0.0,0.0,-0.0,-0.0,0.0,-0.0,0.0,0.0,1.0,0.0,0,0.0,1.0,0.0,1
362.793312665,329.4114074707031,-330.6085510253906,-0.00011349354219174339,20.0,0.0,0.0,-0.0,-0.0,0.0,-0.0,0.0,0.0,1.0,0.0,0,0.0,1.0,0.0,1
363.09331267,329.4114074707031,-330.6085510253906,-0.00011349354219174339,20.0,0.0,0.0,-0.0,-0.0,0.0,-0.0,0.0,0.0,1.0,0.0,0,0.0,1.0,0.0,1
363.343312673,329.4114074707031,-330.6085510253906,-0.00011349354219174339,20.0,0.0,0.0,-0.0,-0.0,0.0,-0.0,0.0,0.0,1.0,0.0,0,0.0,1.0,0.0,1
363.643312678,329.4114074707031,-330.6085510253906,-0.00011349354219174339,20.0,0.0,0.0,-0.0,-0.0,0.0,-0.0,0.0,0.0,1.0,0.0,0,0.0,1.0,0.0,1
363.893312681,329.4114074707031,-330.6085510253906,-0.00011349354219174339,20.0,0.0,0.0,-0.0,-0.0,0.0,-0.0,0.0,0.0,1.0,0.0,0,0.0,1.0,0.0,1
364.143312685,329.4114074707031,-330.6085510253906,-0.00011349354219174339,20.0,0.0,0.0,-0.0,-0.0,0.0,-0.0,0.0,0.0,1.0,0.0,0,0.0,1.0,0.0,1
364.343312688,329.4114074707031,-330.6085510253906,-0.00011349354219174339,20.0,0.0,0.0,-0.0,-0.0,0.0,-0.0,0.0,0.0,1.0,0.0,0,0.0,1.0,0.0,1
364.593312692,329.4114074707031,-330.6085510253906,-0.00011349354219174339,20.0,0.0,0.0,-0.0,-0.0,0.0,-0.0,0.0,0.0,1.0,0.0,0,0.0,1.0,0.0,1
364.893312696,329.4114074707031,-330.6085510253906,-0.00011349354219174339,20.0,0.0,0.0,-0.0,-0.0,0.0,-0.0,0.0,0.0,1.0,0.0,0,0.0,1.0,0.0,1
365.1433127,329.4114074707031,-330.6085510253906,-0.00011349354219174339,20.0,0.0,0.0,-0.0,-0.0,0.0,-0.0,0.0,0.0,1.0,0.0,0,0.0,1.0,0.0,1
365.443312705,329.4114074707031,-330.6085510253906,-0.00011349354219174339,20.0,0.0,0.0,-0.0,-0.0,0.0,-0.0,0.0,0.0,1.0,0.0,0,0.0,1.0,0.0,1
365.693312708,329.4114074707031,-330.6085510253906,-0.00011349354219174339,20.0,0.0,0.0,-0.0,-0.0,0.0,-0.0,0.0,0.0,1.0,0.0,0,0.0,1.0,0.0,1
365.943312712,329.4114074707031,-330.6085510253906,-0.00011349354219174339,20.0,0.0,0.0,-0.0,-0.0,0.0,-0.0,0.0,0.0,1.0,0.0,0,0.0,1.0,0.0,1
366.243312716,329.4114074707031,-330.6085510253906,-0.00011349354219174339,20.0,0.0,0.0,-0.0,-0.0,0.0,-0.0,0.0,0.0,1.0,0.0,0,0.0,1.0,0.0,1
366.49331272,329.4114074707031,-330.6085510253906,-0.00011349354219174339,20.0,0.0,0.0,-0.0,-0.0,0.0,-0.0,0.0,0.0,1.0,0.0,0,0.0,1.0,0.0,1
366.693312723,329.4114074707031,-330.6085510253906,-0.00011349354219174339,20.0,0.0,0.0,-0.0,-0.0,0.0,-0.0,0.0,0.0,1.0,0.0,0,0.0,1.0,0.0,1
366.943312727,329.4114074707031,-330.6085510253906,-0.00011349354219174339,20.0,0.0,0.0,-0.0,-0.0,0.0,-0.0,0.0,0.0,1.0,0.0,0,0.0,1.0,0.0,1
367.193312731,329.4114074707031,-330.6085510253906,-0.00011349354219174339,20.0,0.0,0.0,-0.0,-0.0,0.0,-0.0,0.0,0.0,1.0,0.0,0,0.0,1.0,0.0,1
367.443312734,329.4114074707031,-330.6085510253906,-0.00011349354219174339,20.0,0.0,0.0,-0.0,-0.0,0.0,-0.0,0.0,0.0,1.0,0.0,0,0.0,1.0,0.0,1
367.743312739,329.4114074707031,-330.6085510253906,-0.00011349354219174339,20.0,0.0,0.0,-0.0,-0.0,0.0,-0.0,0.0,0.0,1.0,0.0,0,0.0,1.0,0.0,1
367.993312743,329.4114074707031,-330.6085510253906,-0.00011349354219174339,20.0,0.0,0.0,-0.0,-0.0,0.0,-0.0,0.0,0.0,1.0,0.0,0,0.0,1.0,0.0,1
368.243312746,329.4114074707031,-330.6085510253906,-0.00011349354219174339,20.0,0.0,0.0,-0.0,-0.0,0.0,-0.0,0.0,0.0,1.0,0.0,0,0.0,1.0,0.0,1
368.443312749,329.4114074707031,-330.6085510253906,-0.00011349354219174339,20.0,0.0,0.0,-0.0,-0.0,0.0,-0.0,0.0,0.0,1.0,0.0,0,0.0,1.0,0.0,1
368.593312751,329.4114074707031,-330.6085510253906,-0.00011349354219174339,20.0,0.0,0.0,-0.0,-0.0,0.0,-0.0,0.0,0.0,1.0,0.0,0,0.0,1.0,0.0,1
368.793312754,329.4114074707031,-330.6085510253906,-0.00011349354219174339,20.0,0.0,0.0,-0.0,-0.0,0.0,-0.0,0.0,0.0,1.0,0.0,0,0.0,1.0,0.0,1
368.993312757,329.4114074707031,-330.6085510253906,-0.00011349354219174339,20.0,0.0,0.0,-0.0,-0.0,0.0,-0.0,0.0,0.0,1.0,0.0,0,0.0,1.0,0.0,1
369.19331276,329.4114074707031,-330.6085510253906,-0.00011349354219174339,20.0,0.0,0.0,-0.0,-0.0,0.0,-0.0,0.0,0.0,1.0,0.0,0,0.0,1.0,0.0,1
369.393312763,329.4114074707031,-330.6085510253906,-0.00011349354219174339,20.0,0.0,0.0,-0.0,-0.0,0.0,-0.0,0.0,0.0,1.0,0.0,0,0.0,1.0,0.0,1
369.593312766,329.4114074707031,-330.6085510253906,-0.00011349354219174339,20.0,0.0,0.0,-0.0,-0.0,0.0,-0.0,0.0,0.0,1.0,0.0,0,0.0,1.0,0.0,1
369.84331277,329.4114074707031,-330.6085510253906,-0.00011349354219174339,20.0,0.0,0.0,-0.0,-0.0,0.0,-0.0,0.0,0.0,1.0,0.0,0,0.0,1.0,0.0,1
370.093312774,329.4114074707031,-330.6085510253906,-0.00011349354219174339,20.0,0.0,0.0,-0.0,-0.0,0.0,-0.0,0.0,0.0,1.0,0.0,0,0.0,1.0,0.0,1
370.343312778,329.4114074707031,-330.6085510253906,-0.00011349354219174339,20.0,0.0,0.0,-0.0,-0.0,0.0,-0.0,0.0,0.0,1.0,0.0,0,0.0,1.0,0.0,1
370.543312781,329.4114074707031,-330.6085510253906,-0.00011349354219174339,20.0,0.0,0.0,-0.0,-0.0,0.0,-0.0,0.0,0.0,1.0,0.0,0,0.0,1.0,0.0,1
370.843312785,329.4114074707031,-330.6085510253906,-0.00011349354219174339,20.0,0.0,0.0,-0.0,-0.0,0.0,-0.0,0.0,0.0,1.0,0.0,0,0.0,1.0,0.0,1
371.043312788,329.4114074707031,-330.6085510253906,-0.00011349354219174339,20.0,0.0,0.0,-0.0,-0.0,0.0,-0.0,0.0,0.0,1.0,0.0,0,0.0,1.0,0.0,1
371.243312791,329.4114074707031,-330.6085510253906,-0.00011349354219174339,20.0,0.0,0.0,-0.0,-0.0,0.0,-0.0,0.0,0.0,1.0,0.0,0,0.0,1.0,0.0,1
371.443312794,329.4114074707031,-330.6085510253906,-0.00011349354219174339,20.0,0.0,0.0,-0.0,-0.0,0.0,-0.0,0.0,0.0,1.0,0.0,0,0.0,1.0,0.0,1
371.643312797,329.4114074707031,-330.6085510253906,-0.00011349354219174339,20.0,0.0,0.0,-0.0,-0.0,0.0,-0.0,0.0,0.0,1.0,0.0,0,0.0,1.0,0.0,1
371.893312801,329.4114074707031,-330.6085510253906,-0.00011349354219174339,20.0,0.0,0.0,-0.0,-0.0,0.0,-0.0,0.0,0.0,1.0,0.0,0,0.0,1.0,0.0,1
372.143312804,329.4114074707031,-330.6085510253906,-0.00011349354219174339,20.0,0.0,0.0,-0.0,-0.0,0.0,-0.0,0.0,0.0,1.0,0.0,0,0.0,1.0,0.0,1
372.443312809,329.4114074707031,-330.6085510253906,-0.00011349354219174339,20.0,0.0,0.0,-0.0,-0.0,0.0,-0.0,0.0,0.0,1.0,0.0,0,0.0,1.0,0.0,1
372.643312812,329.4114074707031,-330.6085510253906,-0.00011349354219174339,20.0,0.0,0.0,-0.0,-0.0,0.0,-0.0,0.0,0.0,1.0,0.0,0,0.0,1.0,0.0,1
372.893312816,329.4114074707031,-330.6085510253906,-0.00011349354219174339,20.0,0.0,0.0,-0.0,-0.0,0.0,-0.0,0.0,0.0,1.0,0.0,0,0.0,1.0,0.0,1
373.143312819,329.4114074707031,-330.6085510253906,-0.00011349354219174339,20.0,0.0,0.0,-0.0,-0.0,0.0,-0.0,0.0,0.0,1.0,0.0,0,0.0,1.0,0.0,1
373.393312823,329.4114074707031,-330.6085510253906,-0.00011349354219174339,20.0,0.0,0.0,-0.0,-0.0,0.0,-0.0,0.0,0.0,1.0,0.0,0,0.0,1.0,0.0,1
373.593312826,329.4114074707031,-330.6085510253906,-0.00011349354219174339,20.0,0.0,0.0,-0.0,-0.0,0.0,-0.0,0.0,0.0,1.0,0.0,0,0.0,1.0,0.0,1
373.84331283,329.4114074707031,-330.6085510253906,-0.00011349354219174339,20.0,0.0,0.0,-0.0,-0.0,0.0,-0.0,0.0,0.0,1.0,0.0,0,0.0,1.0,0.0,1
374.043312833,329.4114074707031,-330.6085510253906,-0.00011349354219174339,20.0,0.0,0.0,-0.0,-0.0,0.0,-0.0,0.0,0.0,1.0,0.0,0,0.0,1.0,0.0,1
374.293312836,329.4114074707031,-330.6085510253906,-0.00011349354219174339,20.0,0.0,0.0,-0.0,-0.0,0.0,-0.0,0.0,0.0,1.0,0.0,0,0.0,1.0,0.0,1
374.593312841,329.4114074707031,-330.6085510253906,-0.00011349354219174339,20.0,0.0,0.0,-0.0,-0.0,0.0,-0.0,0.0,0.0,1.0,0.0,0,0.0,1.0,0.0,1
374.843312845,329.4114074707031,-330.6085510253906,-0.00011349354219174339,20.0,0.0,0.0,-0.0,-0.0,0.0,-0.0,0.0,0.0,1.0,0.0,0,0.0,1.0,0.0,1
375.093312848,329.4114074707031,-330.6085510253906,-0.00011349354219174339,20.0,0.0,0.0,-0.0,-0.0,0.0,-0.0,0.0,0.0,1.0,0.0,0,0.0,1.0,0.0,1
375.343312852,329.4114074707031,-330.6085510253906,-0.00011349354219174339,20.0,0.0,0.0,-0.0,-0.0,0.0,-0.0,0.0,0.0,1.0,0.0,0,0.0,1.0,0.0,1
375.593312856,329.4114074707031,-330.6085510253906,-0.00011349354219174339,20.0,0.0,0.0,-0.0,-0.0,0.0,-0.0,0.0,0.0,1.0,0.0,0,0.0,1.0,0.0,1
375.84331286,329.4114074707031,-330.6085510253906,-0.00011349354219174339,20.0,0.0,0.0,-0.0,-0.0,0.0,-0.0,0.0,0.0,1.0,0.0,0,0.0,1.0,0.0,1
376.093312863,329.4114074707031,-330.6085510253906,-0.00011349354219174339,20.0,0.0,0.0,-0.0,-0.0,0.0,-0.0,0.0,0.0,1.0,0.0,0,0.0,1.0,0.0,1
376.293312866,329.4114074707031,-330.6085510253906,-0.00011349354219174339,20.0,0.0,0.0,-0.0,-0.0,0.0,-0.0,0.0,0.0,1.0,0.0,0,0.0,1.0,0.0,1
376.54331287,329.4114074707031,-330.6085510253906,-0.00011349354219174339,20.0,0.0,0.0,-0.0,-0.0,0.0,-0.0,0.0,0.0,1.0,0.0,0,0.0,1.0,0.0,1
376.693312872,329.4114074707031,-330.6085510253906,-0.00011349354219174339,20.0,0.0,0.0,-0.0,-0.0,0.0,-0.0,0.0,0.0,1.0,0.0,0,0.0,1.0,0.0,1
376.893312875,329.4114074707031,-330.6085510253906,-0.00011349354219174339,20.0,0.0,0.0,-0.0,-0.0,0.0,-0.0,0.0,0.0,1.0,0.0,0,0.0,1.0,0.0,1
377.143312879,329.4114074707031,-330.6085510253906,-0.00011349354219174339,20.0,0.0,0.0,-0.0,-0.0,0.0,-0.0,0.0,0.0,1.0,0.0,0,0.0,1.0,0.0,1
377.393312883,329.4114074707031,-330.6085510253906,-0.00011349354219174339,20.0,0.0,0.0,-0.0,-0.0,0.0,-0.0,0.0,0.0,1.0,0.0,0,0.0,1.0,0.0,1
377.643312886,329.4114074707031,-330.6085510253906,-0.00011349354219174339,20.0,0.0,0.0,-0.0,-0.0,0.0,-0.0,0.0,0.0,1.0,0.0,0,0.0,1.0,0.0,1
377.943312891,329.4114074707031,-330.6085510253906,-0.00011349354219174339,20.0,0.0,0.0,-0.0,-0.0,0.0,-0.0,0.0,0.0,1.0,0.0,0,0.0,1.0,0.0,1
378.143312894,329.4114074707031,-330.6085510253906,-0.00011349354219174339,20.0,0.0,0.0,-0.0,-0.0,0.0,-0.0,0.0,0.0,1.0,0.0,0,0.0,1.0,0.0,1
378.393312897,329.4114074707031,-330.6085510253906,-0.00011349354219174339,20.0,0.0,0.0,-0.0,-0.0,0.0,-0.0,0.0,0.0,1.0,0.0,0,0.0,1.0,0.0,1
378.5933129,329.4114074707031,-330.6085510253906,-0.00011349354219174339,20.0,0.0,0.0,-0.0,-0.0,0.0,-0.0,0.0,0.0,1.0,0.0,0,0.0,1.0,0.0,1
378.843312904,329.4114074707031,-330.6085510253906,-0.00011349354219174339,20.0,0.0,0.0,-0.0,-0.0,0.0,-0.0,0.0,0.0,1.0,0.0,0,0.0,1.0,0.0,1
379.093312908,329.4114074707031,-330.6085510253906,-0.00011349354219174339,20.0,0.0,0.0,-0.0,-0.0,0.0,-0.0,0.0,0.0,1.0,0.0,0,0.0,1.0,0.0,1
379.293312911,329.4114074707031,-330.6085510253906,-0.00011349354219174339,20.0,0.0,0.0,-0.0,-0.0,0.0,-0.0,0.0,0.0,1.0,0.0,0,0.0,1.0,0.0,1
379.493312914,329.4114074707031,-330.6085510253906,-0.00011349354219174339,20.0,0.0,0.0,-0.0,-0.0,0.0,-0.0,0.0,0.0,1.0,0.0,0,0.0,1.0,0.0,1
379.693312917,329.4114074707031,-330.6085510253906,-0.00011349354219174339,20.0,0.0,0.0,-0.0,-0.0,0.0,-0.0,0.0,0.0,1.0,0.0,0,0.0,1.0,0.0,1
379.89331292,329.4114074707031,-330.6085510253906,-0.00011349354219174339,20.0,0.0,0.0,-0.0,-0.0,0.0,-0.0,0.0,0.0,1.0,0.0,0,0.0,1.0,0.0,1
380.143312924,329.4114074707031,-330.6085510253906,-0.00011349354219174339,20.0,0.0,0.0,-0.0,-0.0,0.0,-0.0,0.0,0.0,1.0,0.0,0,0.0,1.0,0.0,1
380.343312927,329.4114074707031,-330.6085510253906,-0.00011349354219174339,20.0,0.0,0.0,-0.0,-0.0,0.0,-0.0,0.0,0.0,1.0,0.0,0,0.0,1.0,0.0,1
380.493312929,329.4114074707031,-330.6085510253906,-0.00011349354219174339,20.0,0.0,0.0,-0.0,-0.0,0.0,-0.0,0.0,0.0,1.0,0.0,0,0.0,1.0,0.0,1
380.643312931,329.4114074707031,-330.6085510253906,-0.00011349354219174339,20.0,0.0,0.0,-0.0,-0.0,0.0,-0.0,0.0,0.0,1.0,0.0,0,0.0,1.0,0.0,1
380.843312934,329.4114074707031,-330.6085510253906,-0.00011349354219174339,20.0,0.0,0.0,-0.0,-0.0,0.0,-0.0,0.0,0.0,1.0,0.0,0,0.0,1.0,0.0,1
381.093312938,329.4114074707031,-330.6085510253906,-0.00011349354219174339,20.0,0.0,0.0,-0.0,-0.0,0.0,-0.0,0.0,0.0,1.0,0.0,0,0.0,1.0,0.0,1
381.293312941,329.4114074707031,-330.6085510253906,-0.00011349354219174339,20.0,0.0,0.0,-0.0,-0.0,0.0,-0.0,0.0,0.0,1.0,0.0,0,0.0,1.0,0.0,1
381.493312944,329.4114074707031,-330.6085510253906,-0.00011349354219174339,20.0,0.0,0.0,-0.0,-0.0,0.0,-0.0,0.0,0.0,1.0,0.0,0,0.0,1.0,0.0,1
381.743312947,329.4114074707031,-330.6085510253906,-0.00011349354219174339,20.0,0.0,0.0,-0.0,-0.0,0.0,-0.0,0.0,0.0,1.0,0.0,0,0.0,1.0,0.0,1
381.993312951,329.4114074707031,-330.6085510253906,-0.00011349354219174339,20.0,0.0,0.0,-0.0,-0.0,0.0,-0.0,0.0,0.0,1.0,0.0,0,0.0,1.0,0.0,1
382.193312954,329.4114074707031,-330.6085510253906,-0.00011349354219174339,20.0,0.0,0.0,-0.0,-0.0,0.0,-0.0,0.0,0.0,1.0,0.0,0,0.0,1.0,0.0,1
382.443312958,329.4114074707031,-330.6085510253906,-0.00011349354219174339,20.0,0.0,0.0,-0.0,-0.0,0.0,-0.0,0.0,0.0,1.0,0.0,0,0.0,1.0,0.0,1
382.693312962,329.4114074707031,-330.6085510253906,-0.00011349354219174339,20.0,0.0,0.0,-0.0,-0.0,0.0,-0.0,0.0,0.0,1.0,0.0,0,0.0,1.0,0.0,1
382.893312965,329.4114074707031,-330.6085510253906,-0.00011349354219174339,20.0,0.0,0.0,-0.0,-0.0,0.0,-0.0,0.0,0.0,1.0,0.0,0,0.0,1.0,0.0,1
383.143312968,329.4114074707031,-330.6085510253906,-0.00011349354219174339,20.0,0.0,0.0,-0.0,-0.0,0.0,-0.0,0.0,0.0,1.0,0.0,0,0.0,1.0,0.0,1
383.393312972,329.4114074707031,-330.6085510253906,-0.00011349354219174339,20.0,0.0,0.0,-0.0,-0.0,0.0,-0.0,0.0,0.0,1.0,0.0,0,0.0,1.0,0.0,1
383.643312976,329.4114074707031,-330.6085510253906,-0.00011349354219174339,20.0,0.0,0.0,-0.0,-0.0,0.0,-0.0,0.0,0.0,1.0,0.0,0,0.0,1.0,0.0,1
383.893312979,329.4114074707031,-330.6085510253906,-0.00011349354219174339,20.0,0.0,0.0,-0.0,-0.0,0.0,-0.0,0.0,0.0,1.0,0.0,0,0.0,1.0,0.0,1
384.143312983,329.4114074707031,-330.6085510253906,-0.00011349354219174339,20.0,0.0,0.0,-0.0,-0.0,0.0,-0.0,0.0,0.0,1.0,0.0,0,0.0,1.0,0.0,1
384.393312987,329.4114074707031,-330.6085510253906,-0.00011349354219174339,20.0,0.0,0.0,-0.0,-0.0,0.0,-0.0,0.0,0.0,1.0,0.0,0,0.0,1.0,0.0,1
384.643312991,329.4114074707031,-330.6085510253906,-0.00011349354219174339,20.0,0.0,0.0,-0.0,-0.0,0.0,-0.0,0.0,0.0,1.0,0.0,0,0.0,1.0,0.0,1
384.843312994,329.4114074707031,-330.6085510253906,-0.00011349354219174339,20.0,0.0,0.0,-0.0,-0.0,0.0,-0.0,0.0,0.0,1.0,0.0,0,0.0,1.0,0.0,1
385.093312997,329.4114074707031,-330.6085510253906,-0.00011349354219174339,20.0,0.0,0.0,-0.0,-0.0,0.0,-0.0,0.0,0.0,1.0,0.0,0,0.0,1.0,0.0,1
385.293313,329.4114074707031,-330.6085510253906,-0.00011349354219174339,20.0,0.0,0.0,-0.0,-0.0,0.0,-0.0,0.0,0.0,1.0,0.0,0,0.0,1.0,0.0,1
385.493313003,329.4114074707031,-330.6085510253906,-0.00011349354219174339,20.0,0.0,0.0,-0.0,-0.0,0.0,-0.0,0.0,0.0,1.0,0.0,0,0.0,1.0,0.0,1
385.743313007,329.4114074707031,-330.6085510253906,-0.00011349354219174339,20.0,0.0,0.0,-0.0,-0.0,0.0,-0.0,0.0,0.0,1.0,0.0,0,0.0,1.0,0.0,1
385.993313011,329.4114074707031,-330.6085510253906,-0.00011349354219174339,20.0,0.0,0.0,-0.0,-0.0,0.0,-0.0,0.0,0.0,1.0,0.0,0,0.0,1.0,0.0,1
386.243313014,329.4114074707031,-330.6085510253906,-0.00011349354219174339,20.0,0.0,0.0,-0.0,-0.0,0.0,-0.0,0.0,0.0,1.0,0.0,0,0.0,1.0,0.0,1
386.493313018,329.4114074707031,-330.6085510253906,-0.00011349354219174339,20.0,0.0,0.0,-0.0,-0.0,0.0,-0.0,0.0,0.0,1.0,0.0,0,0.0,1.0,0.0,1
386.743313022,329.4114074707031,-330.6085510253906,-0.00011349354219174339,20.0,0.0,0.0,-0.0,-0.0,0.0,-0.0,0.0,0.0,1.0,0.0,0,0.0,1.0,0.0,1
387.043313026,329.4114074707031,-330.6085510253906,-0.00011349354219174339,20.0,0.0,0.0,-0.0,-0.0,0.0,-0.0,0.0,0.0,1.0,0.0,0,0.0,1.0,0.0,1
387.243313029,329.4114074707031,-330.6085510253906,-0.00011349354219174339,20.0,0.0,0.0,-0.0,-0.0,0.0,-0.0,0.0,0.0,1.0,0.0,0,0.0,1.0,0.0,1
387.443313032,329.4114074707031,-330.6085510253906,-0.00011349354219174339,20.0,0.0,0.0,-0.0,-0.0,0.0,-0.0,0.0,0.0,1.0,0.0,0,0.0,1.0,0.0,1
387.643313035,329.4114074707031,-330.6085510253906,-0.00011349354219174339,20.0,0.0,0.0,-0.0,-0.0,0.0,-0.0,0.0,0.0,1.0,0.0,0,0.0,1.0,0.0,1
387.893313039,329.4114074707031,-330.6085510253906,-0.00011349354219174339,20.0,0.0,0.0,-0.0,-0.0,0.0,-0.0,0.0,0.0,1.0,0.0,0,0.0,1.0,0.0,1
388.143313043,329.4114074707031,-330.6085510253906,-0.00011349354219174339,20.0,0.0,0.0,-0.0,-0.0,0.0,-0.0,0.0,0.0,1.0,0.0,0,0.0,1.0,0.0,1
388.393313047,329.4114074707031,-330.6085510253906,-0.00011349354219174339,20.0,0.0,0.0,-0.0,-0.0,0.0,-0.0,0.0,0.0,1.0,0.0,0,0.0,1.0,0.0,1
388.64331305,329.4114074707031,-330.6085510253906,-0.00011349354219174339,20.0,0.0,0.0,-0.0,-0.0,0.0,-0.0,0.0,0.0,1.0,0.0,0,0.0,1.0,0.0,1
388.843313053,329.4114074707031,-330.6085510253906,-0.00011349354219174339,20.0,0.0,0.0,-0.0,-0.0,0.0,-0.0,0.0,0.0,1.0,0.0,0,0.0,1.0,0.0,1
389.043313056,329.4114074707031,-330.6085510253906,-0.00011349354219174339,20.0,0.0,0.0,-0.0,-0.0,0.0,-0.0,0.0,0.0,1.0,0.0,0,0.0,1.0,0.0,1
389.29331306,329.4114074707031,-330.6085510253906,-0.00011349354219174339,20.0,0.0,0.0,-0.0,-0.0,0.0,-0.0,0.0,0.0,1.0,0.0,0,0.0,1.0,0.0,1
389.493313063,329.4114074707031,-330.6085510253906,-0.00011349354219174339,20.0,0.0,0.0,-0.0,-0.0,0.0,-0.0,0.0,0.0,1.0,0.0,0,0.0,1.0,0.0,1
389.743313067,329.4114074707031,-330.6085510253906,-0.00011349354219174339,20.0,0.0,0.0,-0.0,-0.0,0.0,-0.0,0.0,0.0,1.0,0.0,0,0.0,1.0,0.0,1
389.94331307,329.4114074707031,-330.6085510253906,-0.00011349354219174339,20.0,0.0,0.0,-0.0,-0.0,0.0,-0.0,0.0,0.0,1.0,0.0,0,0.0,1.0,0.0,1
390.143313073,329.4114074707031,-330.6085510253906,-0.00011349354219174339,20.0,0.0,0.0,-0.0,-0.0,0.0,-0.0,0.0,0.0,1.0,0.0,0,0.0,1.0,0.0,1
390.393313076,329.4114074707031,-330.6085510253906,-0.00011349354219174339,20.0,0.0,0.0,-0.0,-0.0,0.0,-0.0,0.0,0.0,1.0,0.0,0,0.0,1.0,0.0,1
390.64331308,329.4114074707031,-330.6085510253906,-0.00011349354219174339,20.0,0.0,0.0,-0.0,-0.0,0.0,-0.0,0.0,0.0,1.0,0.0,0,0.0,1.0,0.0,1
390.893313084,329.4114074707031,-330.6085510253906,-0.00011349354219174339,20.0,0.0,0.0,-0.0,-0.0,0.0,-0.0,0.0,0.0,1.0,0.0,0,0.0,1.0,0.0,1
391.143313087,329.4114074707031,-330.6085510253906,-0.00011349354219174339,20.0,0.0,0.0,-0.0,-0.0,0.0,-0.0,0.0,0.0,1.0,0.0,0,0.0,1.0,0.0,1
391.34331309,329.4114074707031,-330.6085510253906,-0.00011349354219174339,20.0,0.0,0.0,-0.0,-0.0,0.0,-0.0,0.0,0.0,1.0,0.0,0,0.0,1.0,0.0,1
391.543313093,329.4114074707031,-330.6085510253906,-0.00011349354219174339,20.0,0.0,0.0,-0.0,-0.0,0.0,-0.0,0.0,0.0,1.0,0.0,0,0.0,1.0,0.0,1
391.793313097,329.4114074707031,-330.6085510253906,-0.00011349354219174339,20.0,0.0,0.0,-0.0,-0.0,0.0,-0.0,0.0,0.0,1.0,0.0,0,0.0,1.0,0.0,1
391.9933131,329.4114074707031,-330.6085510253906,-0.00011349354219174339,20.0,0.0,0.0,-0.0,-0.0,0.0,-0.0,0.0,0.0,1.0,0.0,0,0.0,1.0,0.0,1
392.243313104,329.4114074707031,-330.6085510253906,-0.00011349354219174339,20.0,0.0,0.0,-0.0,-0.0,0.0,-0.0,0.0,0.0,1.0,0.0,0,0.0,1.0,0.0,1
392.443313107,329.4114074707031,-330.6085510253906,-0.00011349354219174339,20.0,0.0,0.0,-0.0,-0.0,0.0,-0.0,0.0,0.0,1.0,0.0,0,0.0,1.0,0.0,1
392.64331311,329.4114074707031,-330.6085510253906,-0.00011349354219174339,20.0,0.0,0.0,-0.0,-0.0,0.0,-0.0,0.0,0.0,1.0,0.0,0,0.0,1.0,0.0,1
392.843313113,329.4114074707031,-330.6085510253906,-0.00011349354219174339,20.0,0.0,0.0,-0.0,-0.0,0.0,-0.0,0.0,0.0,1.0,0.0,0,0.0,1.0,0.0,1
393.093313117,329.4114074707031,-330.6085510253906,-0.00011349354219174339,20.0,0.0,0.0,-0.0,-0.0,0.0,-0.0,0.0,0.0,1.0,0.0,0,0.0,1.0,0.0,1
393.34331312,329.4114074707031,-330.6085510253906,-0.00011349354219174339,20.0,0.0,0.0,-0.0,-0.0,0.0,-0.0,0.0,0.0,1.0,0.0,0,0.0,1.0,0.0,1
393.593313124,329.4114074707031,-330.6085510253906,-0.00011349354219174339,20.0,0.0,0.0,-0.0,-0.0,0.0,-0.0,0.0,0.0,1.0,0.0,0,0.0,1.0,0.0,1
393.793313127,329.4114074707031,-330.6085510253906,-0.00011349354219174339,20.0,0.0,0.0,-0.0,-0.0,0.0,-0.0,0.0,0.0,1.0,0.0,0,0.0,1.0,0.0,1
393.99331313,329.4114074707031,-330.6085510253906,-0.00011349354219174339,20.0,0.0,0.0,-0.0,-0.0,0.0,-0.0,0.0,0.0,1.0,0.0,0,0.0,1.0,0.0,1
394.193313133,329.4114074707031,-330.6085510253906,-0.00011349354219174339,20.0,0.0,0.0,-0.0,-0.0,0.0,-0.0,0.0,0.0,1.0,0.0,0,0.0,1.0,0.0,1
394.343313135,329.4114074707031,-330.6085510253906,-0.00011349354219174339,20.0,0.0,0.0,-0.0,-0.0,0.0,-0.0,0.0,0.0,1.0,0.0,0,0.0,1.0,0.0,1
394.543313138,329.4114074707031,-330.6085510253906,-0.00011349354219174339,20.0,0.0,0.0,-0.0,-0.0,0.0,-0.0,0.0,0.0,1.0,0.0,0,0.0,1.0,0.0,1
394.793313142,329.4114074707031,-330.6085510253906,-0.00011349354219174339,20.0,0.0,0.0,-0.0,-0.0,0.0,-0.0,0.0,0.0,1.0,0.0,0,0.0,1.0,0.0,1
395.043313146,329.4114074707031,-330.6085510253906,-0.00011349354219174339,20.0,0.0,0.0,-0.0,-0.0,0.0,-0.0,0.0,0.0,1.0,0.0,0,0.0,1.0,0.0,1
395.293313149,329.4114074707031,-330.6085510253906,-0.00011349354219174339,20.0,0.0,0.0,-0.0,-0.0,0.0,-0.0,0.0,0.0,1.0,0.0,0,0.0,1.0,0.0,1
395.543313153,329.4114074707031,-330.6085510253906,-0.00011349354219174339,20.0,0.0,0.0,-0.0,-0.0,0.0,-0.0,0.0,0.0,1.0,0.0,0,0.0,1.0,0.0,1
395.743313156,329.4114074707031,-330.6085510253906,-0.00011349354219174339,20.0,0.0,0.0,-0.0,-0.0,0.0,-0.0,0.0,0.0,1.0,0.0,0,0.0,1.0,0.0,1
395.99331316,329.4114074707031,-330.6085510253906,-0.00011349354219174339,20.0,0.0,0.0,-0.0,-0.0,0.0,-0.0,0.0,0.0,1.0,0.0,0,0.0,1.0,0.0,1
396.243313163,329.4114074707031,-330.6085510253906,-0.00011349354219174339,20.0,0.0,0.0,-0.0,-0.0,0.0,-0.0,0.0,0.0,1.0,0.0,0,0.0,1.0,0.0,1
396.443313166,329.4114074707031,-330.6085510253906,-0.00011349354219174339,20.0,0.0,0.0,-0.0,-0.0,0.0,-0.0,0.0,0.0,1.0,0.0,0,0.0,1.0,0.0,1
396.69331317,329.4114074707031,-330.6085510253906,-0.00011349354219174339,20.0,0.0,0.0,-0.0,-0.0,0.0,-0.0,0.0,0.0,1.0,0.0,0,0.0,1.0,0.0,1
396.893313173,329.4114074707031,-330.6085510253906,-0.00011349354219174339,20.0,0.0,0.0,-0.0,-0.0,0.0,-0.0,0.0,0.0,1.0,0.0,0,0.0,1.0,0.0,1
397.143313177,329.4114074707031,-330.6085510253906,-0.00011349354219174339,20.0,0.0,0.0,-0.0,-0.0,0.0,-0.0,0.0,0.0,1.0,0.0,0,0.0,1.0,0.0,1
397.393313181,329.4114074707031,-330.6085510253906,-0.00011349354219174339,20.0,0.0,0.0,-0.0,-0.0,0.0,-0.0,0.0,0.0,1.0,0.0,0,0.0,1.0,0.0,1
397.593313184,329.4114074707031,-330.6085510253906,-0.00011349354219174339,20.0,0.0,0.0,-0.0,-0.0,0.0,-0.0,0.0,0.0,1.0,0.0,0,0.0,1.0,0.0,1
397.793313187,329.4114074707031,-330.6085510253906,-0.00011349354219174339,20.0,0.0,0.0,-0.0,-0.0,0.0,-0.0,0.0,0.0,1.0,0.0,0,0.0,1.0,0.0,1
398.04331319,329.4114074707031,-330.6085510253906,-0.00011349354219174339,20.0,0.0,0.0,-0.0,-0.0,0.0,-0.0,0.0,0.0,1.0,0.0,0,0.0,1.0,0.0,1
398.293313194,329.4114074707031,-330.6085510253906,-0.00011349354219174339,20.0,0.0,0.0,-0.0,-0.0,0.0,-0.0,0.0,0.0,1.0,0.0,0,0.0,1.0,0.0,1
398.543313198,329.4114074707031,-330.6085510253906,-0.00011349354219174339,20.0,0.0,0.0,-0.0,-0.0,0.0,-0.0,0.0,0.0,1.0,0.0,0,0.0,1.0,0.0,1
398.6933132,329.4114074707031,-330.6085510253906,-0.00011349354219174339,20.0,0.0,0.0,-0.0,-0.0,0.0,-0.0,0.0,0.0,1.0,0.0,0,0.0,1.0,0.0,1
398.843313202,329.4114074707031,-330.6085510253906,-0.00011349354219174339,20.0,0.0,0.0,-0.0,-0.0,0.0,-0.0,0.0,0.0,1.0,0.0,0,0.0,1.0,0.0,1
399.043313205,329.4114074707031,-330.6085510253906,-0.00011349354219174339,20.0,0.0,0.0,-0.0,-0.0,0.0,-0.0,0.0,0.0,1.0,0.0,0,0.0,1.0,0.0,1
399.293313209,329.4114074707031,-330.6085510253906,-0.00011349354219174339,20.0,0.0,0.0,-0.0,-0.0,0.0,-0.0,0.0,0.0,1.0,0.0,0,0.0,1.0,0.0,1
399.493313212,329.4114074707031,-330.6085510253906,-0.00011349354219174339,20.0,0.0,0.0,-0.0,-0.0,0.0,-0.0,0.0,0.0,1.0,0.0,0,0.0,1.0,0.0,1
399.743313216,329.4114074707031,-330.6085510253906,-0.00011349354219174339,20.0,0.0,0.0,-0.0,-0.0,0.0,-0.0,0.0,0.0,1.0,0.0,0,0.0,1.0,0.0,1
399.993313219,329.4114074707031,-330.6085510253906,-0.00011349354219174339,20.0,0.0,0.0,-0.0,-0.0,0.0,-0.0,0.0,0.0,1.0,0.0,0,0.0,1.0,0.0,1
400.243313223,329.4114074707031,-330.6085510253906,-0.00011349354219174339,20.0,0.0,0.0,-0.0,-0.0,0.0,-0.0,0.0,0.0,1.0,0.0,0,0.0,1.0,0.0,1
400.443313226,329.4114074707031,-330.6085510253906,-0.00011349354219174339,20.0,0.0,0.0,-0.0,-0.0,0.0,-0.0,0.0,0.0,1.0,0.0,0,0.0,1.0,0.0,1
400.69331323,329.4114074707031,-330.6085510253906,-0.00011349354219174339,20.0,0.0,0.0,-0.0,-0.0,0.0,-0.0,0.0,0.0,1.0,0.0,0,0.0,1.0,0.0,1
400.893313233,329.4114074707031,-330.6085510253906,-0.00011349354219174339,20.0,0.0,0.0,-0.0,-0.0,0.0,-0.0,0.0,0.0,1.0,0.0,0,0.0,1.0,0.0,1
401.143313237,329.4114074707031,-330.6085510253906,-0.00011349354219174339,20.0,0.0,0.0,-0.0,-0.0,0.0,-0.0,0.0,0.0,1.0,0.0,0,0.0,1.0,0.0,1
401.343313239,329.4114074707031,-330.6085510253906,-0.00011349354219174339,20.0,0.0,0.0,-0.0,-0.0,0.0,-0.0,0.0,0.0,1.0,0.0,0,0.0,1.0,0.0,1
401.593313243,329.4114074707031,-330.6085510253906,-0.00011349354219174339,20.0,0.0,0.0,-0.0,-0.0,0.0,-0.0,0.0,0.0,1.0,0.0,0,0.0,1.0,0.0,1
401.843313247,329.4114074707031,-330.6085510253906,-0.00011349354219174339,20.0,0.0,0.0,-0.0,-0.0,0.0,-0.0,0.0,0.0,1.0,0.0,0,0.0,1.0,0.0,1
402.093313251,329.4114074707031,-330.6085510253906,-0.00011349354219174339,20.0,0.0,0.0,-0.0,-0.0,0.0,-0.0,0.0,0.0,1.0,0.0,0,0.0,1.0,0.0,1
402.343313254,329.4114074707031,-330.6085510253906,-0.00011349354219174339,20.0,0.0,0.0,-0.0,-0.0,0.0,-0.0,0.0,0.0,1.0,0.0,0,0.0,1.0,0.0,1
402.543313257,329.4114074707031,-330.6085510253906,-0.00011349354219174339,20.0,0.0,0.0,-0.0,-0.0,0.0,-0.0,0.0,0.0,1.0,0.0,0,0.0,1.0,0.0,1
402.69331326,329.4114074707031,-330.6085510253906,-0.00011349354219174339,20.0,0.0,0.0,-0.0,-0.0,0.0,-0.0,0.0,0.0,1.0,0.0,0,0.0,1.0,0.0,1
402.893313263,329.4114074707031,-330.6085510253906,-0.00011349354219174339,20.0,0.0,0.0,-0.0,-0.0,0.0,-0.0,0.0,0.0,1.0,0.0,0,0.0,1.0,0.0,1
403.093313266,329.4114074707031,-330.6085510253906,-0.00011349354219174339,20.0,0.0,0.0,-0.0,-0.0,0.0,-0.0,0.0,0.0,1.0,0.0,0,0.0,1.0,0.0,1
403.343313269,329.4114074707031,-330.6085510253906,-0.00011349354219174339,20.0,0.0,0.0,-0.0,-0.0,0.0,-0.0,0.0,0.0,1.0,0.0,0,0.0,1.0,0.0,1
403.543313272,329.4114074707031,-330.6085510253906,-0.00011349354219174339,20.0,0.0,0.0,-0.0,-0.0,0.0,-0.0,0.0,0.0,1.0,0.0,0,0.0,1.0,0.0,1
403.743313275,329.4114074707031,-330.6085510253906,-0.00011349354219174339,20.0,0.0,0.0,-0.0,-0.0,0.0,-0.0,0.0,0.0,1.0,0.0,0,0.0,1.0,0.0,1
403.943313278,329.4114074707031,-330.6085510253906,-0.00011349354219174339,20.0,0.0,0.0,-0.0,-0.0,0.0,-0.0,0.0,0.0,1.0,0.0,0,0.0,1.0,0.0,1
404.193313282,329.4114074707031,-330.6085510253906,-0.00011349354219174339,20.0,0.0,0.0,-0.0,-0.0,0.0,-0.0,0.0,0.0,1.0,0.0,0,0.0,1.0,0.0,1
404.443313286,329.4114074707031,-330.6085510253906,-0.00011349354219174339,20.0,0.0,0.0,-0.0,-0.0,0.0,-0.0,0.0,0.0,1.0,0.0,0,0.0,1.0,0.0,1
404.693313289,329.4114074707031,-330.6085510253906,-0.00011349354219174339,20.0,0.0,0.0,-0.0,-0.0,0.0,-0.0,0.0,0.0,1.0,0.0,0,0.0,1.0,0.0,1
404.943313293,329.4114074707031,-330.6085510253906,-0.00011349354219174339,20.0,0.0,0.0,-0.0,-0.0,0.0,-0.0,0.0,0.0,1.0,0.0,0,0.0,1.0,0.0,1
405.193313297,329.4114074707031,-330.6085510253906,-0.00011349354219174339,20.0,0.0,0.0,-0.0,-0.0,0.0,-0.0,0.0,0.0,1.0,0.0,0,0.0,1.0,0.0,1
405.3933133,329.4114074707031,-330.6085510253906,-0.00011349354219174339,20.0,0.0,0.0,-0.0,-0.0,0.0,-0.0,0.0,0.0,1.0,0.0,0,0.0,1.0,0.0,1
405.643313304,329.4114074707031,-330.6085510253906,-0.00011349354219174339,20.0,0.0,0.0,-0.0,-0.0,0.0,-0.0,0.0,0.0,1.0,0.0,0,0.0,1.0,0.0,1
405.893313307,329.4114074707031,-330.6085510253906,-0.00011349354219174339,20.0,0.0,0.0,-0.0,-0.0,0.0,-0.0,0.0,0.0,1.0,0.0,0,0.0,1.0,0.0,1
406.143313311,329.4114074707031,-330.6085510253906,-0.00011349354219174339,20.0,0.0,0.0,-0.0,-0.0,0.0,-0.0,0.0,0.0,1.0,0.0,0,0.0,1.0,0.0,1
406.443313315,329.4114074707031,-330.6085510253906,-0.00011349354219174339,20.0,0.0,0.0,-0.0,-0.0,0.0,-0.0,0.0,0.0,1.0,0.0,0,0.0,1.0,0.0,1
406.693313319,329.4114074707031,-330.6085510253906,-0.00011349354219174339,20.0,0.0,0.0,-0.0,-0.0,0.0,-0.0,0.0,0.0,1.0,0.0,0,0.0,1.0,0.0,1
406.893313322,329.4114074707031,-330.6085510253906,-0.00011349354219174339,20.0,0.0,0.0,-0.0,-0.0,0.0,-0.0,0.0,0.0,1.0,0.0,0,0.0,1.0,0.0,1
407.143313326,329.4114074707031,-330.6085510253906,-0.00011349354219174339,20.0,0.0,0.0,-0.0,-0.0,0.0,-0.0,0.0,0.0,1.0,0.0,0,0.0,1.0,0.0,1
407.39331333,329.4114074707031,-330.6085510253906,-0.00011349354219174339,20.0,0.0,0.0,-0.0,-0.0,0.0,-0.0,0.0,0.0,1.0,0.0,0,0.0,1.0,0.0,1
407.643313333,329.4114074707031,-330.6085510253906,-0.00011349354219174339,20.0,0.0,0.0,-0.0,-0.0,0.0,-0.0,0.0,0.0,1.0,0.0,0,0.0,1.0,0.0,1
407.843313336,329.4114074707031,-330.6085510253906,-0.00011349354219174339,20.0,0.0,0.0,-0.0,-0.0,0.0,-0.0,0.0,0.0,1.0,0.0,0,0.0,1.0,0.0,1
408.043313339,329.4114074707031,-330.6085510253906,-0.00011349354219174339,20.0,0.0,0.0,-0.0,-0.0,0.0,-0.0,0.0,0.0,1.0,0.0,0,0.0,1.0,0.0,1
408.243313342,329.4114074707031,-330.6085510253906,-0.00011349354219174339,20.0,0.0,0.0,-0.0,-0.0,0.0,-0.0,0.0,0.0,1.0,0.0,0,0.0,1.0,0.0,1
408.543313347,329.4114074707031,-330.6085510253906,-0.00011349354219174339,20.0,0.0,0.0,-0.0,-0.0,0.0,-0.0,0.0,0.0,1.0,0.0,0,0.0,1.0,0.0,1
408.79331335,329.4114074707031,-330.6085510253906,-0.00011349354219174339,20.0,0.0,0.0,-0.0,-0.0,0.0,-0.0,0.0,0.0,1.0,0.0,0,0.0,1.0,0.0,1
409.093313355,329.4114074707031,-330.6085510253906,-0.00011349354219174339,20.0,0.0,0.0,-0.0,-0.0,0.0,-0.0,0.0,0.0,1.0,0.0,0,0.0,1.0,0.0,1
409.343313359,329.4114074707031,-330.6085510253906,-0.00011349354219174339,20.0,0.0,0.0,-0.0,-0.0,0.0,-0.0,0.0,0.0,1.0,0.0,0,0.0,1.0,0.0,1
409.593313362,329.4114074707031,-330.6085510253906,-0.00011349354219174339,20.0,0.0,0.0,-0.0,-0.0,0.0,-0.0,0.0,0.0,1.0,0.0,0,0.0,1.0,0.0,1
409.843313366,329.4114074707031,-330.6085510253906,-0.00011349354219174339,20.0,0.0,0.0,-0.0,-0.0,0.0,-0.0,0.0,0.0,1.0,0.0,0,0.0,1.0,0.0,1
410.143313371,329.4114074707031,-330.6085510253906,-0.00011349354219174339,20.0,0.0,0.0,-0.0,-0.0,0.0,-0.0,0.0,0.0,1.0,0.0,0,0.0,1.0,0.0,1
410.393313374,329.4114074707031,-330.6085510253906,-0.00011349354219174339,20.0,0.0,0.0,-0.0,-0.0,0.0,-0.0,0.0,0.0,1.0,0.0,0,0.0,1.0,0.0,1
410.593313377,329.4114074707031,-330.6085510253906,-0.00011349354219174339,20.0,0.0,0.0,-0.0,-0.0,0.0,-0.0,0.0,0.0,1.0,0.0,0,0.0,1.0,0.0,1
410.843313381,329.4114074707031,-330.6085510253906,-0.00011349354219174339,20.0,0.0,0.0,-0.0,-0.0,0.0,-0.0,0.0,0.0,1.0,0.0,0,0.0,1.0,0.0,1
411.093313385,329.4114074707031,-330.6085510253906,-0.00011349354219174339,20.0,0.0,0.0,-0.0,-0.0,0.0,-0.0,0.0,0.0,1.0,0.0,0,0.0,1.0,0.0,1
411.393313389,329.4114074707031,-330.6085510253906,-0.00011349354219174339,20.0,0.0,0.0,-0.0,-0.0,0.0,-0.0,0.0,0.0,1.0,0.0,0,0.0,1.0,0.0,1
411.643313393,329.4114074707031,-330.6085510253906,-0.00011349354219174339,20.0,0.0,0.0,-0.0,-0.0,0.0,-0.0,0.0,0.0,1.0,0.0,0,0.0,1.0,0.0,1
411.893313397,329.4114074707031,-330.6085510253906,-0.00011349354219174339,20.0,0.0,0.0,-0.0,-0.0,0.0,-0.0,0.0,0.0,1.0,0.0,0,0.0,1.0,0.0,1
412.193313401,329.4114074707031,-330.6085510253906,-0.00011349354219174339,20.0,0.0,0.0,-0.0,-0.0,0.0,-0.0,0.0,0.0,1.0,0.0,0,0.0,1.0,0.0,1
412.443313405,329.4114074707031,-330.6085510253906,-0.00011349354219174339,20.0,0.0,0.0,-0.0,-0.0,0.0,-0.0,0.0,0.0,1.0,0.0,0,0.0,1.0,0.0,1
412.693313409,329.4114074707031,-330.6085510253906,-0.00011349354219174339,20.0,0.0,0.0,-0.0,-0.0,0.0,-0.0,0.0,0.0,1.0,0.0,0,0.0,1.0,0.0,1
412.943313412,329.4114074707031,-330.6085510253906,-0.00011349354219174339,20.0,0.0,0.0,-0.0,-0.0,0.0,-0.0,0.0,0.0,1.0,0.0,0,0.0,1.0,0.0,1
413.143313415,329.4114074707031,-330.6085510253906,-0.00011349354219174339,20.0,0.0,0.0,-0.0,-0.0,0.0,-0.0,0.0,0.0,1.0,0.0,0,0.0,1.0,0.0,1
413.393313419,329.4114074707031,-330.6085510253906,-0.00011349354219174339,20.0,0.0,0.0,-0.0,-0.0,0.0,-0.0,0.0,0.0,1.0,0.0,0,0.0,1.0,0.0,1
413.643313423,329.4114074707031,-330.6085510253906,-0.00011349354219174339,20.0,0.0,0.0,-0.0,-0.0,0.0,-0.0,0.0,0.0,1.0,0.0,0,0.0,1.0,0.0,1
413.943313427,329.4114074707031,-330.6085510253906,-0.00011349354219174339,20.0,0.0,0.0,-0.0,-0.0,0.0,-0.0,0.0,0.0,1.0,0.0,0,0.0,1.0,0.0,1
414.193313431,329.4114074707031,-330.6085510253906,-0.00011349354219174339,20.0,0.0,0.0,-0.0,-0.0,0.0,-0.0,0.0,0.0,1.0,0.0,0,0.0,1.0,0.0,1
414.443313435,329.4114074707031,-330.6085510253906,-0.00011349354219174339,20.0,0.0,0.0,-0.0,-0.0,0.0,-0.0,0.0,0.0,1.0,0.0,0,0.0,1.0,0.0,1
414.743313439,329.4114074707031,-330.6085510253906,-0.00011349354219174339,20.0,0.0,0.0,-0.0,-0.0,0.0,-0.0,0.0,0.0,1.0,0.0,0,0.0,1.0,0.0,1
414.993313443,329.4114074707031,-330.6085510253906,-0.00011349354219174339,20.0,0.0,0.0,-0.0,-0.0,0.0,-0.0,0.0,0.0,1.0,0.0,0,0.0,1.0,0.0,1
415.243313447,329.4114074707031,-330.6085510253906,-0.00011349354219174339,20.0,0.0,0.0,-0.0,-0.0,0.0,-0.0,0.0,0.0,1.0,0.0,0,0.0,1.0,0.0,1
415.49331345,329.4114074707031,-330.6085510253906,-0.00011349354219174339,20.0,0.0,0.0,-0.0,-0.0,0.0,-0.0,0.0,0.0,1.0,0.0,0,0.0,1.0,0.0,1
415.693313453,329.4114074707031,-330.6085510253906,-0.00011349354219174339,20.0,0.0,0.0,-0.0,-0.0,0.0,-0.0,0.0,0.0,1.0,0.0,0,0.0,1.0,0.0,1
415.943313457,329.4114074707031,-330.6085510253906,-0.00011349354219174339,20.0,0.0,0.0,-0.0,-0.0,0.0,-0.0,0.0,0.0,1.0,0.0,0,0.0,1.0,0.0,1
416.243313462,329.4114074707031,-330.6085510253906,-0.00011349354219174339,20.0,0.0,0.0,-0.0,-0.0,0.0,-0.0,0.0,0.0,1.0,0.0,0,0.0,1.0,0.0,1
416.493313465,329.4114074707031,-330.6085510253906,-0.00011349354219174339,20.0,0.0,0.0,-0.0,-0.0,0.0,-0.0,0.0,0.0,1.0,0.0,0,0.0,1.0,0.0,1
416.743313469,329.4114074707031,-330.6085510253906,-0.00011349354219174339,20.0,0.0,0.0,-0.0,-0.0,0.0,-0.0,0.0,0.0,1.0,0.0,0,0.0,1.0,0.0,1
417.043313473,329.4114074707031,-330.6085510253906,-0.00011349354219174339,20.0,0.0,0.0,-0.0,-0.0,0.0,-0.0,0.0,0.0,1.0,0.0,0,0.0,1.0,0.0,1
417.293313477,329.4114074707031,-330.6085510253906,-0.00011349354219174339,20.0,0.0,0.0,-0.0,-0.0,0.0,-0.0,0.0,0.0,1.0,0.0,0,0.0,1.0,0.0,1
417.593313482,329.4114074707031,-330.6085510253906,-0.00011349354219174339,20.0,0.0,0.0,-0.0,-0.0,0.0,-0.0,0.0,0.0,1.0,0.0,0,0.0,1.0,0.0,1
417.843313485,329.4114074707031,-330.6085510253906,-0.00011349354219174339,20.0,0.0,0.0,-0.0,-0.0,0.0,-0.0,0.0,0.0,1.0,0.0,0,0.0,1.0,0.0,1
418.043313488,329.4114074707031,-330.6085510253906,-0.00011349354219174339,20.0,0.0,0.0,-0.0,-0.0,0.0,-0.0,0.0,0.0,1.0,0.0,0,0.0,1.0,0.0,1
418.293313492,329.4114074707031,-330.6085510253906,-0.00011349354219174339,20.0,0.0,0.0,-0.0,-0.0,0.0,-0.0,0.0,0.0,1.0,0.0,0,0.0,1.0,0.0,1
418.493313495,329.4114074707031,-330.6085510253906,-0.00011349354219174339,20.0,0.0,0.0,-0.0,-0.0,0.0,-0.0,0.0,0.0,1.0,0.0,0,0.0,1.0,0.0,1
418.743313499,329.4114074707031,-330.6085510253906,-0.00011349354219174339,20.0,0.0,0.0,-0.0,-0.0,0.0,-0.0,0.0,0.0,1.0,0.0,0,0.0,1.0,0.0,1
418.943313502,329.4114074707031,-330.6085510253906,-0.00011349354219174339,20.0,0.0,0.0,-0.0,-0.0,0.0,-0.0,0.0,0.0,1.0,0.0,0,0.0,1.0,0.0,1
419.143313505,329.4114074707031,-330.6085510253906,-0.00011349354219174339,20.0,0.0,0.0,-0.0,-0.0,0.0,-0.0,0.0,0.0,1.0,0.0,0,0.0,1.0,0.0,1
419.393313508,329.4114074707031,-330.6085510253906,-0.00011349354219174339,20.0,0.0,0.0,-0.0,-0.0,0.0,-0.0,0.0,0.0,1.0,0.0,0,0.0,1.0,0.0,1
419.643313512,329.4114074707031,-330.6085510253906,-0.00011349354219174339,20.0,0.0,0.0,-0.0,-0.0,0.0,-0.0,0.0,0.0,1.0,0.0,0,0.0,1.0,0.0,1
419.893313516,329.4114074707031,-330.6085510253906,-0.00011349354219174339,20.0,0.0,0.0,-0.0,-0.0,0.0,-0.0,0.0,0.0,1.0,0.0,0,0.0,1.0,0.0,1
420.14331352,329.4114074707031,-330.6085510253906,-0.00011349354219174339,20.0,0.0,0.0,-0.0,-0.0,0.0,-0.0,0.0,0.0,1.0,0.0,0,0.0,1.0,0.0,1
420.393313523,329.4114074707031,-330.6085510253906,-0.00011349354219174339,20.0,0.0,0.0,-0.0,-0.0,0.0,-0.0,0.0,0.0,1.0,0.0,0,0.0,1.0,0.0,1
420.643313527,329.4114074707031,-330.6085510253906,-0.00011349354219174339,20.0,0.0,0.0,-0.0,-0.0,0.0,-0.0,0.0,0.0,1.0,0.0,0,0.0,1.0,0.0,1
420.84331353,329.4114074707031,-330.6085510253906,-0.00011349354219174339,20.0,0.0,0.0,-0.0,-0.0,0.0,-0.0,0.0,0.0,1.0,0.0,0,0.0,1.0,0.0,1
420.993313532,329.4114074707031,-330.6085510253906,-0.00011349354219174339,20.0,0.0,0.0,-0.0,-0.0,0.0,-0.0,0.0,0.0,1.0,0.0,0,0.0,1.0,0.0,1
421.143313535,329.4114074707031,-330.6085510253906,-0.00011349354219174339,20.0,0.0,0.0,-0.0,-0.0,0.0,-0.0,0.0,0.0,1.0,0.0,0,0.0,1.0,0.0,1
421.443313539,329.4114074707031,-330.6085510253906,-0.00011349354219174339,20.0,0.0,0.0,-0.0,-0.0,0.0,-0.0,0.0,0.0,1.0,0.0,0,0.0,1.0,0.0,1
421.693313543,329.4114074707031,-330.6085510253906,-0.00011349354219174339,20.0,0.0,0.0,-0.0,-0.0,0.0,-0.0,0.0,0.0,1.0,0.0,0,0.0,1.0,0.0,1
421.993313547,329.4114074707031,-330.6085510253906,-0.00011349354219174339,20.0,0.0,0.0,-0.0,-0.0,0.0,-0.0,0.0,0.0,1.0,0.0,0,0.0,1.0,0.0,1
422.243313551,329.4114074707031,-330.6085510253906,-0.00011349354219174339,20.0,0.0,0.0,-0.0,-0.0,0.0,-0.0,0.0,0.0,1.0,0.0,0,0.0,1.0,0.0,1
422.493313555,329.4114074707031,-330.6085510253906,-0.00011349354219174339,20.0,0.0,0.0,-0.0,-0.0,0.0,-0.0,0.0,0.0,1.0,0.0,0,0.0,1.0,0.0,1
422.743313558,329.4114074707031,-330.6085510253906,-0.00011349354219174339,20.0,0.0,0.0,-0.0,-0.0,0.0,-0.0,0.0,0.0,1.0,0.0,0,0.0,1.0,0.0,1
422.943313561,329.4114074707031,-330.6085510253906,-0.00011349354219174339,20.0,0.0,0.0,-0.0,-0.0,0.0,-0.0,0.0,0.0,1.0,0.0,0,0.0,1.0,0.0,1
423.193313565,329.4114074707031,-330.6085510253906,-0.00011349354219174339,20.0,0.0,0.0,-0.0,-0.0,0.0,-0.0,0.0,0.0,1.0,0.0,0,0.0,1.0,0.0,1
423.443313569,329.4114074707031,-330.6085510253906,-0.00011349354219174339,20.0,0.0,0.0,-0.0,-0.0,0.0,-0.0,0.0,0.0,1.0,0.0,0,0.0,1.0,0.0,1
423.693313573,329.4114074707031,-330.6085510253906,-0.00011349354219174339,20.0,0.0,0.0,-0.0,-0.0,0.0,-0.0,0.0,0.0,1.0,0.0,0,0.0,1.0,0.0,1
423.993313577,329.4114074707031,-330.6085510253906,-0.00011349354219174339,20.0,0.0,0.0,-0.0,-0.0,0.0,-0.0,0.0,0.0,1.0,0.0,0,0.0,1.0,0.0,1
424.243313581,329.4114074707031,-330.6085510253906,-0.00011349354219174339,20.0,0.0,0.0,-0.0,-0.0,0.0,-0.0,0.0,0.0,1.0,0.0,0,0.0,1.0,0.0,1
424.543313585,329.4114074707031,-330.6085510253906,-0.00011349354219174339,20.0,0.0,0.0,-0.0,-0.0,0.0,-0.0,0.0,0.0,1.0,0.0,0,0.0,1.0,0.0,1
424.793313589,329.4114074707031,-330.6085510253906,-0.00011349354219174339,20.0,0.0,0.0,-0.0,-0.0,0.0,-0.0,0.0,0.0,1.0,0.0,0,0.0,1.0,0.0,1
425.043313593,329.4114074707031,-330.6085510253906,-0.00011349354219174339,20.0,0.0,0.0,-0.0,-0.0,0.0,-0.0,0.0,0.0,1.0,0.0,0,0.0,1.0,0.0,1
425.293313596,329.4114074707031,-330.6085510253906,-0.00011349354219174339,20.0,0.0,0.0,-0.0,-0.0,0.0,-0.0,0.0,0.0,1.0,0.0,0,0.0,1.0,0.0,1
425.493313599,329.4114074707031,-330.6085510253906,-0.00011349354219174339,20.0,0.0,0.0,-0.0,-0.0,0.0,-0.0,0.0,0.0,1.0,0.0,0,0.0,1.0,0.0,1
425.743313603,329.4114074707031,-330.6085510253906,-0.00011349354219174339,20.0,0.0,0.0,-0.0,-0.0,0.0,-0.0,0.0,0.0,1.0,0.0,0,0.0,1.0,0.0,1
425.993313607,329.4114074707031,-330.6085510253906,-0.00011349354219174339,20.0,0.0,0.0,-0.0,-0.0,0.0,-0.0,0.0,0.0,1.0,0.0,0,0.0,1.0,0.0,1
426.293313611,329.4114074707031,-330.6085510253906,-0.00011349354219174339,20.0,0.0,0.0,-0.0,-0.0,0.0,-0.0,0.0,0.0,1.0,0.0,0,0.0,1.0,0.0,1
426.543313615,329.4114074707031,-330.6085510253906,-0.00011349354219174339,20.0,0.0,0.0,-0.0,-0.0,0.0,-0.0,0.0,0.0,1.0,0.0,0,0.0,1.0,0.0,1
426.843313619,329.4114074707031,-330.6085510253906,-0.00011349354219174339,20.0,0.0,0.0,-0.0,-0.0,0.0,-0.0,0.0,0.0,1.0,0.0,0,0.0,1.0,0.0,1
427.093313623,329.4114074707031,-330.6085510253906,-0.00011349354219174339,20.0,0.0,0.0,-0.0,-0.0,0.0,-0.0,0.0,0.0,1.0,0.0,0,0.0,1.0,0.0,1
427.343313627,329.4114074707031,-330.6085510253906,-0.00011349354219174339,20.0,0.0,0.0,-0.0,-0.0,0.0,-0.0,0.0,0.0,1.0,0.0,0,0.0,1.0,0.0,1
427.593313631,329.4114074707031,-330.6085510253906,-0.00011349354219174339,20.0,0.0,0.0,-0.0,-0.0,0.0,-0.0,0.0,0.0,1.0,0.0,0,0.0,1.0,0.0,1
427.793313634,329.4114074707031,-330.6085510253906,-0.00011349354219174339,20.0,0.0,0.0,-0.0,-0.0,0.0,-0.0,0.0,0.0,1.0,0.0,0,0.0,1.0,0.0,1
428.043313637,329.4114074707031,-330.6085510253906,-0.00011349354219174339,20.0,0.0,0.0,-0.0,-0.0,0.0,-0.0,0.0,0.0,1.0,0.0,0,0.0,1.0,0.0,1
428.293313641,329.4114074707031,-330.6085510253906,-0.00011349354219174339,20.0,0.0,0.0,-0.0,-0.0,0.0,-0.0,0.0,0.0,1.0,0.0,0,0.0,1.0,0.0,1
428.543313645,329.4114074707031,-330.6085510253906,-0.00011349354219174339,20.0,0.0,0.0,-0.0,-0.0,0.0,-0.0,0.0,0.0,1.0,0.0,0,0.0,1.0,0.0,1
428.843313649,329.4114074707031,-330.6085510253906,-0.00011349354219174339,20.0,0.0,0.0,-0.0,-0.0,0.0,-0.0,0.0,0.0,1.0,0.0,0,0.0,1.0,0.0,1
429.093313653,329.4114074707031,-330.6085510253906,-0.00011349354219174339,20.0,0.0,0.0,-0.0,-0.0,0.0,-0.0,0.0,0.0,1.0,0.0,0,0.0,1.0,0.0,1
429.393313657,329.4114074707031,-330.6085510253906,-0.00011349354219174339,20.0,0.0,0.0,-0.0,-0.0,0.0,-0.0,0.0,0.0,1.0,0.0,0,0.0,1.0,0.0,1
429.643313661,329.4114074707031,-330.6085510253906,-0.00011349354219174339,20.0,0.0,0.0,-0.0,-0.0,0.0,-0.0,0.0,0.0,1.0,0.0,0,0.0,1.0,0.0,1
429.893313665,329.4114074707031,-330.6085510253906,-0.00011349354219174339,20.0,0.0,0.0,-0.0,-0.0,0.0,-0.0,0.0,0.0,1.0,0.0,0,0.0,1.0,0.0,1
430.143313669,329.4114074707031,-330.6085510253906,-0.00011349354219174339,20.0,0.0,0.0,-0.0,-0.0,0.0,-0.0,0.0,0.0,1.0,0.0,0,0.0,1.0,0.0,1
430.393313672,329.4114074707031,-330.6085510253906,-0.00011349354219174339,20.0,0.0,0.0,-0.0,-0.0,0.0,-0.0,0.0,0.0,1.0,0.0,0,0.0,1.0,0.0,1
430.643313676,329.4114074707031,-330.6085510253906,-0.00011349354219174339,20.0,0.0,0.0,-0.0,-0.0,0.0,-0.0,0.0,0.0,1.0,0.0,0,0.0,1.0,0.0,1
430.89331368,329.4114074707031,-330.6085510253906,-0.00011349354219174339,20.0,0.0,0.0,-0.0,-0.0,0.0,-0.0,0.0,0.0,1.0,0.0,0,0.0,1.0,0.0,1
431.143313684,329.4114074707031,-330.6085510253906,-0.00011349354219174339,20.0,0.0,0.0,-0.0,-0.0,0.0,-0.0,0.0,0.0,1.0,0.0,0,0.0,1.0,0.0,1
431.393313687,329.4114074707031,-330.6085510253906,-0.00011349354219174339,20.0,0.0,0.0,-0.0,-0.0,0.0,-0.0,0.0,0.0,1.0,0.0,0,0.0,1.0,0.0,1
431.693313692,329.4114074707031,-330.6085510253906,-0.00011349354219174339,20.0,0.0,0.0,-0.0,-0.0,0.0,-0.0,0.0,0.0,1.0,0.0,0,0.0,1.0,0.0,1
431.943313695,329.4114074707031,-330.6085510253906,-0.00011349354219174339,20.0,0.0,0.0,-0.0,-0.0,0.0,-0.0,0.0,0.0,1.0,0.0,0,0.0,1.0,0.0,1
432.2433137,329.4114074707031,-330.6085510253906,-0.00011349354219174339,20.0,0.0,0.0,-0.0,-0.0,0.0,-0.0,0.0,0.0,1.0,0.0,0,0.0,1.0,0.0,1
432.493313704,329.4114074707031,-330.6085510253906,-0.00011349354219174339,20.0,0.0,0.0,-0.0,-0.0,0.0,-0.0,0.0,0.0,1.0,0.0,0,0.0,1.0,0.0,1
432.743313707,329.4114074707031,-330.6085510253906,-0.00011349354219174339,20.0,0.0,0.0,-0.0,-0.0,0.0,-0.0,0.0,0.0,1.0,0.0,0,0.0,1.0,0.0,1
432.993313711,329.4114074707031,-330.6085510253906,-0.00011349354219174339,20.0,0.0,0.0,-0.0,-0.0,0.0,-0.0,0.0,0.0,1.0,0.0,0,0.0,1.0,0.0,1
433.243313715,329.4114074707031,-330.6085510253906,-0.00011349354219174339,20.0,0.0,0.0,-0.0,-0.0,0.0,-0.0,0.0,0.0,1.0,0.0,0,0.0,1.0,0.0,1
433.443313718,329.4114074707031,-330.6085510253906,-0.00011349354219174339,20.0,0.0,0.0,-0.0,-0.0,0.0,-0.0,0.0,0.0,1.0,0.0,0,0.0,1.0,0.0,1
433.693313722,329.4114074707031,-330.6085510253906,-0.00011349354219174339,20.0,0.0,0.0,-0.0,-0.0,0.0,-0.0,0.0,0.0,1.0,0.0,0,0.0,1.0,0.0,1
433.993313726,329.4114074707031,-330.6085510253906,-0.00011349354219174339,20.0,0.0,0.0,-0.0,-0.0,0.0,-0.0,0.0,0.0,1.0,0.0,0,0.0,1.0,0.0,1
434.24331373,329.4114074707031,-330.6085510253906,-0.00011349354219174339,20.0,0.0,0.0,-0.0,-0.0,0.0,-0.0,0.0,0.0,1.0,0.0,0,0.0,1.0,0.0,1
434.493313733,329.4114074707031,-330.6085510253906,-0.00011349354219174339,20.0,0.0,0.0,-0.0,-0.0,0.0,-0.0,0.0,0.0,1.0,0.0,0,0.0,1.0,0.0,1
434.743313737,329.4114074707031,-330.6085510253906,-0.00011349354219174339,20.0,0.0,0.0,-0.0,-0.0,0.0,-0.0,0.0,0.0,1.0,0.0,0,0.0,1.0,0.0,1
434.993313741,329.4114074707031,-330.6085510253906,-0.00011349354219174339,20.0,0.0,0.0,-0.0,-0.0,0.0,-0.0,0.0,0.0,1.0,0.0,0,0.0,1.0,0.0,1
435.243313745,329.4114074707031,-330.6085510253906,-0.00011349354219174339,20.0,0.0,0.0,-0.0,-0.0,0.0,-0.0,0.0,0.0,1.0,0.0,0,0.0,1.0,0.0,1
435.443313748,329.4114074707031,-330.6085510253906,-0.00011349354219174339,20.0,0.0,0.0,-0.0,-0.0,0.0,-0.0,0.0,0.0,1.0,0.0,0,0.0,1.0,0.0,1
435.643313751,329.4114074707031,-330.6085510253906,-0.00011349354219174339,20.0,0.0,0.0,-0.0,-0.0,0.0,-0.0,0.0,0.0,1.0,0.0,0,0.0,1.0,0.0,1
435.893313754,329.4114074707031,-330.6085510253906,-0.00011349354219174339,20.0,0.0,0.0,-0.0,-0.0,0.0,-0.0,0.0,0.0,1.0,0.0,0,0.0,1.0,0.0,1
436.143313758,329.4114074707031,-330.6085510253906,-0.00011349354219174339,20.0,0.0,0.0,-0.0,-0.0,0.0,-0.0,0.0,0.0,1.0,0.0,0,0.0,1.0,0.0,1
436.393313762,329.4114074707031,-330.6085510253906,-0.00011349354219174339,20.0,0.0,0.0,-0.0,-0.0,0.0,-0.0,0.0,0.0,1.0,0.0,0,0.0,1.0,0.0,1
436.643313765,329.4114074707031,-330.6085510253906,-0.00011349354219174339,20.0,0.0,0.0,-0.0,-0.0,0.0,-0.0,0.0,0.0,1.0,0.0,0,0.0,1.0,0.0,1
436.893313769,329.4114074707031,-330.6085510253906,-0.00011349354219174339,20.0,0.0,0.0,-0.0,-0.0,0.0,-0.0,0.0,0.0,1.0,0.0,0,0.0,1.0,0.0,1
437.143313773,329.4114074707031,-330.6085510253906,-0.00011349354219174339,20.0,0.0,0.0,-0.0,-0.0,0.0,-0.0,0.0,0.0,1.0,0.0,0,0.0,1.0,0.0,1
437.343313776,329.4114074707031,-330.6085510253906,-0.00011349354219174339,20.0,0.0,0.0,-0.0,-0.0,0.0,-0.0,0.0,0.0,1.0,0.0,0,0.0,1.0,0.0,1
437.59331378,329.4114074707031,-330.6085510253906,-0.00011349354219174339,20.0,0.0,0.0,-0.0,-0.0,0.0,-0.0,0.0,0.0,1.0,0.0,0,0.0,1.0,0.0,1
437.793313783,329.4114074707031,-330.6085510253906,-0.00011349354219174339,20.0,0.0,0.0,-0.0,-0.0,0.0,-0.0,0.0,0.0,1.0,0.0,0,0.0,1.0,0.0,1
438.043313786,329.4114074707031,-330.6085510253906,-0.00011349354219174339,20.0,0.0,0.0,-0.0,-0.0,0.0,-0.0,0.0,0.0,1.0,0.0,0,0.0,1.0,0.0,1
438.243313789,329.4114074707031,-330.6085510253906,-0.00011349354219174339,20.0,0.0,0.0,-0.0,-0.0,0.0,-0.0,0.0,0.0,1.0,0.0,0,0.0,1.0,0.0,1
438.493313793,329.4114074707031,-330.6085510253906,-0.00011349354219174339,20.0,0.0,0.0,-0.0,-0.0,0.0,-0.0,0.0,0.0,1.0,0.0,0,0.0,1.0,0.0,1
438.693313796,329.4114074707031,-330.6085510253906,-0.00011349354219174339,20.0,0.0,0.0,-0.0,-0.0,0.0,-0.0,0.0,0.0,1.0,0.0,0,0.0,1.0,0.0,1
438.9433138,329.4114074707031,-330.6085510253906,-0.00011349354219174339,20.0,0.0,0.0,-0.0,-0.0,0.0,-0.0,0.0,0.0,1.0,0.0,0,0.0,1.0,0.0,1
439.243313804,329.4114074707031,-330.6085510253906,-0.00011349354219174339,20.0,0.0,0.0,-0.0,-0.0,0.0,-0.0,0.0,0.0,1.0,0.0,0,0.0,1.0,0.0,1
439.493313808,329.4114074707031,-330.6085510253906,-0.00011349354219174339,20.0,0.0,0.0,-0.0,-0.0,0.0,-0.0,0.0,0.0,1.0,0.0,0,0.0,1.0,0.0,1
439.743313812,329.4114074707031,-330.6085510253906,-0.00011349354219174339,20.0,0.0,0.0,-0.0,-0.0,0.0,-0.0,0.0,0.0,1.0,0.0,0,0.0,1.0,0.0,1
439.943313815,329.4114074707031,-330.6085510253906,-0.00011349354219174339,20.0,0.0,0.0,-0.0,-0.0,0.0,-0.0,0.0,0.0,1.0,0.0,0,0.0,1.0,0.0,1
440.143313818,329.4114074707031,-330.6085510253906,-0.00011349354219174339,20.0,0.0,0.0,-0.0,-0.0,0.0,-0.0,0.0,0.0,1.0,0.0,0,0.0,1.0,0.0,1
440.343313821,329.4114074707031,-330.6085510253906,-0.00011349354219174339,20.0,0.0,0.0,-0.0,-0.0,0.0,-0.0,0.0,0.0,1.0,0.0,0,0.0,1.0,0.0,1
440.543313824,329.4114074707031,-330.6085510253906,-0.00011349354219174339,20.0,0.0,0.0,-0.0,-0.0,0.0,-0.0,0.0,0.0,1.0,0.0,0,0.0,1.0,0.0,1
440.743313827,329.4114074707031,-330.6085510253906,-0.00011349354219174339,20.0,0.0,0.0,-0.0,-0.0,0.0,-0.0,0.0,0.0,1.0,0.0,0,0.0,1.0,0.0,1
440.94331383,329.4114074707031,-330.6085510253906,-0.00011349354219174339,20.0,0.0,0.0,-0.0,-0.0,0.0,-0.0,0.0,0.0,1.0,0.0,0,0.0,1.0,0.0,1
441.243313834,329.4114074707031,-330.6085510253906,-0.00011349354219174339,20.0,0.0,0.0,-0.0,-0.0,0.0,-0.0,0.0,0.0,1.0,0.0,0,0.0,1.0,0.0,1
441.493313838,329.4114074707031,-330.6085510253906,-0.00011349354219174339,20.0,0.0,0.0,-0.0,-0.0,0.0,-0.0,0.0,0.0,1.0,0.0,0,0.0,1.0,0.0,1
441.743313841,329.4114074707031,-330.6085510253906,-0.00011349354219174339,20.0,0.0,0.0,-0.0,-0.0,0.0,-0.0,0.0,0.0,1.0,0.0,0,0.0,1.0,0.0,1
442.043313846,329.4114074707031,-330.6085510253906,-0.00011349354219174339,20.0,0.0,0.0,-0.0,-0.0,0.0,-0.0,0.0,0.0,1.0,0.0,0,0.0,1.0,0.0,1
442.29331385,329.4114074707031,-330.6085510253906,-0.00011349354219174339,20.0,0.0,0.0,-0.0,-0.0,0.0,-0.0,0.0,0.0,1.0,0.0,0,0.0,1.0,0.0,1
442.493313853,329.4114074707031,-330.6085510253906,-0.00011349354219174339,20.0,0.0,0.0,-0.0,-0.0,0.0,-0.0,0.0,0.0,1.0,0.0,0,0.0,1.0,0.0,1
442.743313856,329.4114074707031,-330.6085510253906,-0.00011349354219174339,20.0,0.0,0.0,-0.0,-0.0,0.0,-0.0,0.0,0.0,1.0,0.0,0,0.0,1.0,0.0,1
442.99331386,329.4114074707031,-330.6085510253906,-0.00011349354219174339,20.0,0.0,0.0,-0.0,-0.0,0.0,-0.0,0.0,0.0,1.0,0.0,0,0.0,1.0,0.0,1
443.193313863,329.4114074707031,-330.6085510253906,-0.00011349354219174339,20.0,0.0,0.0,-0.0,-0.0,0.0,-0.0,0.0,0.0,1.0,0.0,0,0.0,1.0,0.0,1
443.443313867,329.4114074707031,-330.6085510253906,-0.00011349354219174339,20.0,0.0,0.0,-0.0,-0.0,0.0,-0.0,0.0,0.0,1.0,0.0,0,0.0,1.0,0.0,1
443.693313871,329.4114074707031,-330.6085510253906,-0.00011349354219174339,20.0,0.0,0.0,-0.0,-0.0,0.0,-0.0,0.0,0.0,1.0,0.0,0,0.0,1.0,0.0,1
443.993313875,329.4114074707031,-330.6085510253906,-0.00011349354219174339,20.0,0.0,0.0,-0.0,-0.0,0.0,-0.0,0.0,0.0,1.0,0.0,0,0.0,1.0,0.0,1
444.193313878,329.4114074707031,-330.6085510253906,-0.00011349354219174339,20.0,0.0,0.0,-0.0,-0.0,0.0,-0.0,0.0,0.0,1.0,0.0,0,0.0,1.0,0.0,1
444.443313882,329.4114074707031,-330.6085510253906,-0.00011349354219174339,20.0,0.0,0.0,-0.0,-0.0,0.0,-0.0,0.0,0.0,1.0,0.0,0,0.0,1.0,0.0,1
444.743313886,329.4114074707031,-330.6085510253906,-0.00011349354219174339,20.0,0.0,0.0,-0.0,-0.0,0.0,-0.0,0.0,0.0,1.0,0.0,0,0.0,1.0,0.0,1
444.943313889,329.4114074707031,-330.6085510253906,-0.00011349354219174339,20.0,0.0,0.0,-0.0,-0.0,0.0,-0.0,0.0,0.0,1.0,0.0,0,0.0,1.0,0.0,1
445.143313892,329.4114074707031,-330.6085510253906,-0.00011349354219174339,20.0,0.0,0.0,-0.0,-0.0,0.0,-0.0,0.0,0.0,1.0,0.0,0,0.0,1.0,0.0,1
445.393313896,329.4114074707031,-330.6085510253906,-0.00011349354219174339,20.0,0.0,0.0,-0.0,-0.0,0.0,-0.0,0.0,0.0,1.0,0.0,0,0.0,1.0,0.0,1
445.6433139,329.4114074707031,-330.6085510253906,-0.00011349354219174339,20.0,0.0,0.0,-0.0,-0.0,0.0,-0.0,0.0,0.0,1.0,0.0,0,0.0,1.0,0.0,1
445.943313904,329.4114074707031,-330.6085510253906,-0.00011349354219174339,20.0,0.0,0.0,-0.0,-0.0,0.0,-0.0,0.0,0.0,1.0,0.0,0,0.0,1.0,0.0,1
446.143313907,329.4114074707031,-330.6085510253906,-0.00011349354219174339,20.0,0.0,0.0,-0.0,-0.0,0.0,-0.0,0.0,0.0,1.0,0.0,0,0.0,1.0,0.0,1
446.34331391,329.4114074707031,-330.6085510253906,-0.00011349354219174339,20.0,0.0,0.0,-0.0,-0.0,0.0,-0.0,0.0,0.0,1.0,0.0,0,0.0,1.0,0.0,1
446.593313914,329.4114074707031,-330.6085510253906,-0.00011349354219174339,20.0,0.0,0.0,-0.0,-0.0,0.0,-0.0,0.0,0.0,1.0,0.0,0,0.0,1.0,0.0,1
446.843313917,329.4114074707031,-330.6085510253906,-0.00011349354219174339,20.0,0.0,0.0,-0.0,-0.0,0.0,-0.0,0.0,0.0,1.0,0.0,0,0.0,1.0,0.0,1
447.143313922,329.4114074707031,-330.6085510253906,-0.00011349354219174339,20.0,0.0,0.0,-0.0,-0.0,0.0,-0.0,0.0,0.0,1.0,0.0,0,0.0,1.0,0.0,1
447.343313925,329.4114074707031,-330.6085510253906,-0.00011349354219174339,20.0,0.0,0.0,-0.0,-0.0,0.0,-0.0,0.0,0.0,1.0,0.0,0,0.0,1.0,0.0,1
447.593313929,329.4114074707031,-330.6085510253906,-0.00011349354219174339,20.0,0.0,0.0,-0.0,-0.0,0.0,-0.0,0.0,0.0,1.0,0.0,0,0.0,1.0,0.0,1
447.793313932,329.4114074707031,-330.6085510253906,-0.00011349354219174339,20.0,0.0,0.0,-0.0,-0.0,0.0,-0.0,0.0,0.0,1.0,0.0,0,0.0,1.0,0.0,1
448.043313935,329.4114074707031,-330.6085510253906,-0.00011349354219174339,20.0,0.0,0.0,-0.0,-0.0,0.0,-0.0,0.0,0.0,1.0,0.0,0,0.0,1.0,0.0,1
448.293313939,329.4114074707031,-330.6085510253906,-0.00011349354219174339,20.0,0.0,0.0,-0.0,-0.0,0.0,-0.0,0.0,0.0,1.0,0.0,0,0.0,1.0,0.0,1
448.543313943,329.4114074707031,-330.6085510253906,-0.00011349354219174339,20.0,0.0,0.0,-0.0,-0.0,0.0,-0.0,0.0,0.0,1.0,0.0,0,0.0,1.0,0.0,1
448.793313947,329.4114074707031,-330.6085510253906,-0.00011349354219174339,20.0,0.0,0.0,-0.0,-0.0,0.0,-0.0,0.0,0.0,1.0,0.0,0,0.0,1.0,0.0,1
449.04331395,329.4114074707031,-330.6085510253906,-0.00011349354219174339,20.0,0.0,0.0,-0.0,-0.0,0.0,-0.0,0.0,0.0,1.0,0.0,0,0.0,1.0,0.0,1
449.293313954,329.4114074707031,-330.6085510253906,-0.00011349354219174339,20.0,0.0,0.0,-0.0,-0.0,0.0,-0.0,0.0,0.0,1.0,0.0,0,0.0,1.0,0.0,1
449.493313957,329.4114074707031,-330.6085510253906,-0.00011349354219174339,20.0,0.0,0.0,-0.0,-0.0,0.0,-0.0,0.0,0.0,1.0,0.0,0,0.0,1.0,0.0,1
449.743313961,329.4114074707031,-330.6085510253906,-0.00011349354219174339,20.0,0.0,0.0,-0.0,-0.0,0.0,-0.0,0.0,0.0,1.0,0.0,0,0.0,1.0,0.0,1
449.993313964,329.4114074707031,-330.6085510253906,-0.00011349354219174339,20.0,0.0,0.0,-0.0,-0.0,0.0,-0.0,0.0,0.0,1.0,0.0,0,0.0,1.0,0.0,1
450.243313968,329.4114074707031,-330.6085510253906,-0.00011349354219174339,20.0,0.0,0.0,-0.0,-0.0,0.0,-0.0,0.0,0.0,1.0,0.0,0,0.0,1.0,0.0,1
450.493313972,329.4114074707031,-330.6085510253906,-0.00011349354219174339,20.0,0.0,0.0,-0.0,-0.0,0.0,-0.0,0.0,0.0,1.0,0.0,0,0.0,1.0,0.0,1
450.793313976,329.4114074707031,-330.6085510253906,-0.00011349354219174339,20.0,0.0,0.0,-0.0,-0.0,0.0,-0.0,0.0,0.0,1.0,0.0,0,0.0,1.0,0.0,1
451.04331398,329.4114074707031,-330.6085510253906,-0.00011349354219174339,20.0,0.0,0.0,-0.0,-0.0,0.0,-0.0,0.0,0.0,1.0,0.0,0,0.0,1.0,0.0,1
451.343313985,329.4114074707031,-330.6085510253906,-0.00011349354219174339,20.0,0.0,0.0,-0.0,-0.0,0.0,-0.0,0.0,0.0,1.0,0.0,0,0.0,1.0,0.0,1
451.593313988,329.4114074707031,-330.6085510253906,-0.00011349354219174339,20.0,0.0,0.0,-0.0,-0.0,0.0,-0.0,0.0,0.0,1.0,0.0,0,0.0,1.0,0.0,1
451.893313993,329.4114074707031,-330.6085510253906,-0.00011349354219174339,20.0,0.0,0.0,-0.0,-0.0,0.0,-0.0,0.0,0.0,1.0,0.0,0,0.0,1.0,0.0,1
452.143313996,329.4114074707031,-330.6085510253906,-0.00011349354219174339,20.0,0.0,0.0,-0.0,-0.0,0.0,-0.0,0.0,0.0,1.0,0.0,0,0.0,1.0,0.0,1
452.393314,329.4114074707031,-330.6085510253906,-0.00011349354219174339,20.0,0.0,0.0,-0.0,-0.0,0.0,-0.0,0.0,0.0,1.0,0.0,0,0.0,1.0,0.0,1
452.593314003,329.4114074707031,-330.6085510253906,-0.00011349354219174339,20.0,0.0,0.0,-0.0,-0.0,0.0,-0.0,0.0,0.0,1.0,0.0,0,0.0,1.0,0.0,1
452.843314007,329.4114074707031,-330.6085510253906,-0.00011349354219174339,20.0,0.0,0.0,-0.0,-0.0,0.0,-0.0,0.0,0.0,1.0,0.0,0,0.0,1.0,0.0,1
453.143314011,329.4114074707031,-330.6085510253906,-0.00011349354219174339,20.0,0.0,0.0,-0.0,-0.0,0.0,-0.0,0.0,0.0,1.0,0.0,0,0.0,1.0,0.0,1
453.393314015,329.4114074707031,-330.6085510253906,-0.00011349354219174339,20.0,0.0,0.0,-0.0,-0.0,0.0,-0.0,0.0,0.0,1.0,0.0,0,0.0,1.0,0.0,1
453.69331402,329.4114074707031,-330.6085510253906,-0.00011349354219174339,20.0,0.0,0.0,-0.0,-0.0,0.0,-0.0,0.0,0.0,1.0,0.0,0,0.0,1.0,0.0,1
453.943314023,329.4114074707031,-330.6085510253906,-0.00011349354219174339,20.0,0.0,0.0,-0.0,-0.0,0.0,-0.0,0.0,0.0,1.0,0.0,0,0.0,1.0,0.0,1
454.193314027,329.4114074707031,-330.6085510253906,-0.00011349354219174339,20.0,0.0,0.0,-0.0,-0.0,0.0,-0.0,0.0,0.0,1.0,0.0,0,0.0,1.0,0.0,1
454.443314031,329.4114074707031,-330.6085510253906,-0.00011349354219174339,20.0,0.0,0.0,-0.0,-0.0,0.0,-0.0,0.0,0.0,1.0,0.0,0,0.0,1.0,0.0,1
454.643314034,329.4114074707031,-330.6085510253906,-0.00011349354219174339,20.0,0.0,0.0,-0.0,-0.0,0.0,-0.0,0.0,0.0,1.0,0.0,0,0.0,1.0,0.0,1
454.893314037,329.4114074707031,-330.6085510253906,-0.00011349354219174339,20.0,0.0,0.0,-0.0,-0.0,0.0,-0.0,0.0,0.0,1.0,0.0,0,0.0,1.0,0.0,1
455.09331404,329.4114074707031,-330.6085510253906,-0.00011349354219174339,20.0,0.0,0.0,-0.0,-0.0,0.0,-0.0,0.0,0.0,1.0,0.0,0,0.0,1.0,0.0,1
455.343314044,329.4114074707031,-330.6085510253906,-0.00011349354219174339,20.0,0.0,0.0,-0.0,-0.0,0.0,-0.0,0.0,0.0,1.0,0.0,0,0.0,1.0,0.0,1
455.593314048,329.4114074707031,-330.6085510253906,-0.00011349354219174339,20.0,0.0,0.0,-0.0,-0.0,0.0,-0.0,0.0,0.0,1.0,0.0,0,0.0,1.0,0.0,1
455.843314052,329.4114074707031,-330.6085510253906,-0.00011349354219174339,20.0,0.0,0.0,-0.0,-0.0,0.0,-0.0,0.0,0.0,1.0,0.0,0,0.0,1.0,0.0,1
456.093314055,329.4114074707031,-330.6085510253906,-0.00011349354219174339,20.0,0.0,0.0,-0.0,-0.0,0.0,-0.0,0.0,0.0,1.0,0.0,0,0.0,1.0,0.0,1
456.343314059,329.4114074707031,-330.6085510253906,-0.00011349354219174339,20.0,0.0,0.0,-0.0,-0.0,0.0,-0.0,0.0,0.0,1.0,0.0,0,0.0,1.0,0.0,1
456.593314063,329.4114074707031,-330.6085510253906,-0.00011349354219174339,20.0,0.0,0.0,-0.0,-0.0,0.0,-0.0,0.0,0.0,1.0,0.0,0,0.0,1.0,0.0,1
456.893314067,329.4114074707031,-330.6085510253906,-0.00011349354219174339,20.0,0.0,0.0,-0.0,-0.0,0.0,-0.0,0.0,0.0,1.0,0.0,0,0.0,1.0,0.0,1
457.09331407,329.4114074707031,-330.6085510253906,-0.00011349354219174339,20.0,0.0,0.0,-0.0,-0.0,0.0,-0.0,0.0,0.0,1.0,0.0,0,0.0,1.0,0.0,1
457.343314074,329.4114074707031,-330.6085510253906,-0.00011349354219174339,20.0,0.0,0.0,-0.0,-0.0,0.0,-0.0,0.0,0.0,1.0,0.0,0,0.0,1.0,0.0,1
457.543314077,329.4114074707031,-330.6085510253906,-0.00011349354219174339,20.0,0.0,0.0,-0.0,-0.0,0.0,-0.0,0.0,0.0,1.0,0.0,0,0.0,1.0,0.0,1
457.793314081,329.4114074707031,-330.6085510253906,-0.00011349354219174339,0.0,0.0,0.0,-0.0,-0.0,0.0,-0.0,0.0,0.0,1.0,0.0,0,0.0,1.0,0.0,1
457.993314084,329.4114074707031,-330.6085510253906,-0.00011349354219174339,0.0,0.0,0.0,-0.0,-0.0,0.0,-0.0,0.0,0.0,1.0,0.0,0,0.0,1.0,0.0,1
458.293314088,329.4114074707031,-330.6085510253906,-0.00011349354219174339,0.0,0.0,0.0,-0.0,-0.0,0.0,-0.0,0.0,0.0,1.0,0.0,0,0.0,1.0,0.0,1
458.543314092,329.41143798828125,-330.6085510253906,-0.00011351820861602436,20.0,0.00025464682286725033,-0.0002546318449445986,-2.7618719185843665e-06,-1.5478860629691788e-06,-0.0008010037709027529,-8.807051199255511e-05,0.04458808898925781,1.0,0.0,-0.3268601596355438,0,1.0,0.0,-0.32685837149620056,1
458.843314096,329.45013427734375,-330.6014404296875,0.0044666532601322475,20.0,0.41623215531456437,0.41013391416644257,0.07098858759209661,0.06034553253600061,2.0295584201812744,0.32294517755508423,-0.0031980511266738176,1.0,0.0,-0.32544293999671936,0,1.0,0.0,-0.326285183429718,1
459.0933141,329.7012023925781,-330.55413818359375,0.03403839244392615,20.0,1.6412357119950516,1.617790862421995,0.2764188629449916,0.18159521229140277,5.932948589324951,1.4705699682235718,-0.001103210379369557,1.0,0.0,-0.3104066252708435,0,1.0,0.0,-0.3149694502353668,1
459.343314104,330.3194580078125,-330.41827392578125,0.10141751026936717,20.0,3.4818488478332363,3.4473303729679676,0.4890651273298564,0.35068605102704287,7.910056114196777,2.5967204570770264,-0.0003385543532203883,1.0,0.0,-0.3234580457210541,0,1.0,0.0,-0.28279075026512146,1
459.593314107,331.377685546875,-330.0906677246094,0.21961897745295667,20.0,5.2962269521693734,5.2536598079936,0.6701332335871258,0.5169463989323627,6.011161804199219,3.879683017730713,0.09525832533836365,0.6029987931251526,0.0,-0.2661750912666321,0,0.8669146299362183,0.0,-0.28166815638542175,1
459.79331411,332.38116455078125,-329.68572998046875,0.324470592336089,20.0,5.336066722089052,5.302664776294217,0.5961160397395836,0.4755509886069844,-1.3905715942382812,1.7684507369995117,0.0007751467637717724,1.0,0.0,-0.25502490997314453,0,1.0,0.0,-0.26960989832878113,1
459.993314113,333.3307800292969,-329.1926574707031,0.42587850690315343,20.0,5.4042760168283035,5.370355057765117,0.6045542321431657,0.4778972002378306,-1.31439208984375,2.064189910888672,0.0018447879701852798,0.9919124245643616,0.0,-0.26355481147766113,0,0.7530031800270081,0.0,-0.27755507826805115,0
460.193314116,334.3529968261719,-328.5072326660156,0.5423422697978448,20.0,7.182476742797551,7.139363240603974,0.7857892080834553,0.6998443131157345,2.5211429595947266,7.4017333984375,0.0013597484212368727,0.0,0.0,-0.2639566659927368,0,0.0,0.0,-0.2826968729496002,2
460.44331412,335.7536926269531,-327.2733154296875,0.7181165942499045,20.0,7.320354173326942,7.29439879889762,0.6158988436311056,0.7315810706681543,-4.84501838684082,1.2088203430175781,0.0008312225108966231,0.0,0.0,-0.3016393780708313,0,0.0,0.0,-0.27382293343544006,2
460.693314124,336.8511657714844,-325.9439697265625,0.8822959480794361,20.0,6.596180461803937,6.566013791479551,0.6301266339271252,0.6201446901212602,-5.695929527282715,1.719675064086914,-0.0007379531743936241,0.0,0.0,-0.3019530475139618,0,0.0,0.0,-0.3169838786125183,2
460.893314127,337.4812316894531,-324.8744812011719,1.0055267367249916,20.0,5.591400990762111,5.557770214097784,0.6123359264186508,0.5653509496412069,-6.879429817199707,-3.949308395385742,-0.00013561249943450093,0.0,0.0,-0.2970850169658661,0,0.0,0.0,-0.3113400638103485,1
461.09331413,337.8837890625,-323.9449462890625,1.1087659074366216,20.0,4.565291329980905,4.527638664621585,0.5851265249691643,0.46654088213848743,-3.5686206817626953,-3.737783432006836,0.031706999987363815,0.6823893189430237,0.0,-0.26453742384910583,0,0.2988327443599701,0.0,-0.2785741090774536,1
461.293314133,338.1322326660156,-323.1305847167969,1.1917818983575448,20.0,4.260167157905141,4.222060008052596,0.5685362800178041,0.4126188608622443,-0.4638957977294922,3.4302234649658203,-0.0015394215006381273,0.5641276836395264,0.0,-0.2501535415649414,0,0.7537091374397278,0.0,-0.26353031396865845,1
461.493314136,338.3365478515625,-322.23773193359375,1.2715085524370835,20.0,4.781005489362034,4.753732577225571,0.5099412451785341,0.37832067497338634,-1.007918119430542,0.9420394897460938,-0.00128173828125,0.4945448338985443,0.0,-0.19962017238140106,0,0.38741350173950195,0.0,-0.21141459047794342,1
461.643314138,338.466796875,-321.5235595703125,1.3237898667447554,20.0,4.911913572312915,4.892258125137479,0.4389822079516858,0.32882629216745446,-1.1850953102111816,1.8663692474365234,-0.0006216048495844007,0.5722371339797974,0.0,-0.179404616355896,0,0.6104249954223633,0.0,-0.1893765777349472,1
461.843314141,338.6044921875,-320.5213928222656,1.3866271526651757,20.0,5.038692772765186,5.025510401153278,0.3642390234671934,0.23678128633429518,-1.1265325546264648,1.1870670318603516,0.00888900738209486,0.9562749266624451,0.0,-0.147136390209198,0,0.4768119752407074,0.0,-0.15561307966709137,1
461.993314143,338.68035888671875,-319.766845703125,1.4274519474374903,20.0,5.158426945281573,5.148343730236706,0.32237460374442667,0.2568818109120477,-0.7094234228134155,2.3221588134765625,-0.011107254773378372,0.5164255499839783,0.0,-0.12399288266897202,0,0.9085699915885925,0.0,-0.13213840126991272,1
462.193314146,338.7508239746094,-318.7253723144531,1.4744311743309242,20.0,5.185569056129304,5.179415507229813,0.2525498749813453,0.2186784654692384,-1.0726302862167358,-0.3761863708496094,0.00036773679312318563,0.8036731481552124,0.0,-0.10074681788682938,0,0.8382783532142639,0.0,-0.1086910218000412,1
462.343314148,338.78369140625,-317.93756103515625,1.503140716672251,20.0,5.38178866035807,5.378039944585335,0.20083709618315598,0.17687435978507382,-0.7661421298980713,2.591419219970703,0.00037002566386945546,0.5199489593505859,0.0,-0.07277902215719223,0,0.714386522769928,0.0,-0.08103501796722412,1
462.543314151,338.80780029296875,-316.8310852050781,1.533299551278799,20.0,5.839399316678032,5.837302174476688,0.15648547366954338,0.14650706624420004,-0.26453548669815063,10.30858039855957,-0.0004133224138058722,0.0,0.0,-0.04980652034282684,0,0.9060404300689697,0.0,-0.05439232289791107,2
462.693314154,338.81451416015625,-315.86328125,1.5518749667240468,20.0,6.716611942395079,6.71550245354872,0.12207694747706613,0.11119611348229853,-0.5472652912139893,0.6429862976074219,0.0005325317033566535,0.0,0.0,-0.03400776535272598,0,0.0,0.0,-0.04153803735971451,2
462.843314156,338.81182861328125,-314.85589599609375,1.5664401941998543,20.0,6.661787673624237,6.6612979849465725,0.08077229846025723,0.08235685855112815,-0.217825248837471,-1.9213104248046875,-7.286071195267141e-05,0.0,0.0,-0.02037361077964306,0,0.0,0.0,-0.026950974017381668,2
463.043314159,338.7992248535156,-313.57061767578125,1.577953971698648,20.0,6.196493056740058,6.196367871630044,0.0393878364308272,0.041133147214654324,-0.1543290913105011,-2.5943946838378906,-0.00019474027794785798,0.0,0.0,-0.010300849564373493,0,0.0,0.0,-0.015477083623409271,2
463.193314161,338.7870178222656,-312.650390625,1.5819818696893382,20.0,5.8766928364656055,5.876662364346676,0.01892484180914252,0.017904479862278555,0.13067558407783508,-6.017789840698242,-0.00021266937255859375,0.09000987559556961,0.0,-0.002531385514885187,0,0.0,0.0,-0.003441073466092348,1
463.393314164,338.7727966308594,-311.5890808105469,1.5835464768297605,20.0,4.907256936629559,4.907256685217,0.0015708252561144474,0.001363750568732773,0.08960224688053131,-2.677173614501953,0.06548614799976349,0.7010975480079651,0.0,0.0013186989817768335,0,0.47122830152511597,0.0,0.001103782095015049,1
463.593314167,338.7611999511719,-310.6289978027344,1.5831042589307522,20.0,4.902306087162477,4.902302232856524,-0.006147353919631541,-0.005008776630572056,0.06075508892536163,2.1845531463623047,0.004577064421027899,0.48533546924591064,0.0,0.0032123595010489225,0,0.6516857147216797,0.0,0.0031873811967670918,1
463.743314169,338.75323486328125,-309.8741149902344,1.5822717547739933,20.0,5.000542368468251,5.000538068589891,-0.006557700004442537,-0.00544064097069338,0.08161038160324097,0.29547691345214844,0.038034435361623764,0.7575496435165405,0.0,0.004154058638960123,0,0.3692542612552643,0.0,0.004266556352376938,1
463.893314172,338.74639892578125,-309.1222229003906,1.5811849187331324,20.0,5.00404186187318,5.004033117324555,-0.009355003917487136,-0.007480208327368353,0.006999894976615906,2.022876739501953,-0.002890585456043482,0.7461141347885132,0.0,0.004627692978829145,0,0.6706186532974243,0.0,0.0037399637512862682,1
464.093314175,338.7384338378906,-308.1064453125,1.579634692662597,20.0,5.277521898972513,5.2775121687337325,-0.010134248951427009,-0.007841954548820333,0.04039391875267029,-0.7024288177490234,-0.007884979248046875,0.1387011855840683,0.0,0.004584013018757105,0,0.914640486240387,0.0,0.004001633729785681,1
464.293314178,338.73187255859375,-307.052734375,1.5779664885557716,20.0,5.314514955638647,5.314506821897896,-0.009298048589582525,-0.008285870213022916,0.020661018788814545,0.8916091918945312,0.00014362332876771688,0.7123686671257019,0.0,0.003855646587908268,0,0.671288013458252,0.0,0.004110280890017748,1
464.49331418,338.72674560546875,-305.9608459472656,1.576340495552224,20.0,5.6152670378927185,5.615260230151038,-0.00874382802766532,-0.010714151938227475,0.017801187932491302,1.791391372680664,0.0003204345703125,0.4389253258705139,0.0,0.0034676396753638983,0,0.46894991397857666,0.0,0.0037201179657131433,1
464.643314183,338.72369384765625,-305.1034240722656,1.5753990681068806,20.0,5.884005383712791,5.883997629906924,-0.009552319655940611,0.0011895349706204934,0.01704227179288864,0.18039703369140625,1.1634820111794397e-05,0.0,0.0,0.003403858281672001,0,0.26082342863082886,0.0,0.0032589412294328213,1
464.843314186,338.7206115722656,-303.9422607421875,1.5743413936799555,20.0,5.643352204511925,5.643347034394334,-0.007638950338657869,-0.006401893361697969,0.023778174072504044,-2.023487091064453,6.179809133755043e-05,0.47176435589790344,0.0,0.0030651132110506296,0,0.36064791679382324,0.0,0.003243868937715888,1
464.993314188,338.71905517578125,-303.11578369140625,1.5734050262406836,20.0,5.422213882724864,5.4222097503678235,-0.006694253532232939,-0.0060547263867682215,0.017455127090215683,-0.5293369293212891,3.795623706537299e-05,0.6571810245513916,0.0,0.002541776280850172,0,0.6414462327957153,0.0,0.0026582174468785524,1
465.193314191,338.7178955078125,-302.035400390625,1.5723637302544622,20.0,5.428011840749771,5.428009201719077,-0.005352510882180741,-0.004730695279240596,0.023738564923405647,0.4738044738769531,-4.024506051791832e-05,0.5613623261451721,0.0,0.0020264629274606705,0,0.6326917409896851,0.0,0.002188710030168295,1
465.343314193,338.717529296875,-301.2093200683594,1.571744412142965,20.0,5.571463206590412,5.571461643726144,-0.004173113836281826,-0.00369155244835797,0.017670361325144768,0.5172920227050781,-4.386902219266631e-05,0.39772170782089233,0.0,0.001482465653680265,0,0.4640597701072693,0.0,0.0016209437744691968,1
465.493314195,338.7174987792969,-300.3675537109375,1.5712444036483024,20.0,5.630204260672007,5.630203235836948,-0.0033970664372482127,-0.003034222653711341,0.006733194459229708,0.11783599853515625,-1.888275073724799e-05,0.43200668692588806,0.0,0.0011295259464532137,0,0.3896639049053192,0.0,0.0012281376402825117,1
465.693314198,338.71771240234375,-299.2437744140625,1.5707525177949646,20.0,5.592675799744044,5.592675312729549,-0.002333972606708559,-0.002111506125657901,0.01002466306090355,-0.42441368103027344,-9.536734069115482e-07,0.4490351378917694,0.0,0.0008635720005258918,0,0.45923829078674316,0.0,0.0009367386228404939,1
465.843314201,338.71826171875,-298.4081726074219,1.5704881990567745,20.0,5.555606880984514,5.555606646885236,-0.001612800997051137,-0.0014616792152190548,0.005249674431979656,-0.2919769287109375,-3.2424918572360184e-06,0.4839783310890198,0.0,0.0005261029000394046,0,0.5049741864204407,0.0,0.0005856452626176178,1
466.043314204,338.7190246582031,-297.3000183105469,1.5702604987835727,20.0,5.541395139996446,5.541395059072462,-0.0009470287929418071,-0.000847464217111681,0.003197053447365761,-0.07485389709472656,-3.719329833984375e-05,0.4735732674598694,0.0,0.00031077099265530705,0,0.5076116323471069,0.0,0.00034570443676784635,1
466.193314206,338.7196044921875,-296.46844482421875,1.570153839181915,20.0,5.546681570454491,5.54668153288194,-0.0006456051023315609,-0.0005777391838861582,0.0005521532148122787,0.2280902862548828,-7.572174217784777e-05,0.49015069007873535,0.0,0.00018815635121427476,0,0.4633388817310333,0.0,0.0002065753797069192,1
466.393314209,338.72039794921875,-295.3567810058594,1.5700696832914682,20.0,5.559567744602636,5.559567734322373,-0.00033809412662671356,-0.00030540599529033666,0.000323224812746048,0.14186859130859375,4.0435788832837716e-05,0.484891414642334,0.0,9.626795508665964e-05,0,0.4544752240180969,0.0,0.00010809118975885212,1
466.593314212,338.7211608886719,-294.2442932128906,1.5700293364009537,20.0,5.5570834495795385,5.557083447602172,-0.00014824568008549028,-0.00013060117441234144,0.00014726072549819946,-0.1598072052001953,1.888275073724799e-05,0.4596925377845764,0.0,4.7119192458922043e-05,0,0.4871875047683716,0.0,5.2588668040698394e-05,1
466.743314214,338.7217102050781,-293.4106140136719,1.570014289540795,20.0,5.558771927243649,5.558771926913952,-6.0542760041974944e-05,-5.627222485292542e-05,-0.00021233223378658295,-0.1514148712158203,5.722040441469289e-07,0.46426627039909363,0.0,2.165566911571659e-05,0,0.49260422587394714,0.0,1.2866127690358553e-05,1
466.943314217,338.7225036621094,-292.2998046875,1.570010161641105,20.0,5.5567272107121415,5.5567272107016334,1.0806485780752747e-05,1.2070109371678216e-05,-0.00020312145352363586,-0.1263713836669922,2.47955313170678e-06,0.4634808599948883,0.0,-5.131823400006397e-06,0,0.4933500289916992,0.0,-6.40277357888408e-06,1
467.093314219,338.72308349609375,-291.466796875,1.570011626379705,20.0,5.551345109401274,5.551345109155543,5.223300355015762e-05,3.962824826290579e-05,-0.00010183081030845642,0.14215469360351562,-8.77380352903856e-06,0.49149441719055176,0.0,-2.1724084945162758e-05,0,0.4623682200908661,0.0,-2.130690154444892e-05,1
467.293314222,338.7238464355469,-290.35565185546875,1.5700214800757377,20.0,5.5529233853854905,5.552923384948096,6.969672865865844e-05,6.201085830274135e-05,-0.001039234921336174,-0.12673377990722656,-7.24792471373803e-06,0.46122264862060547,0.0,-3.20815306622535e-05,0,0.49088892340660095,0.0,-3.743435081560165e-05,1
467.443314224,338.7244567871094,-289.5221862792969,1.5700313337717715,20.0,5.559529437317375,5.559529436686751,8.373733410880186e-05,7.536149339440809e-05,-0.0007075536996126175,0.12948036193847656,2.28881845032447e-06,0.46167564392089844,0.0,-3.854528404190205e-05,0,0.46133700013160706,0.0,-4.502239971770905e-05,1
467.593314227,338.7250671386719,-288.6888732910156,1.570043184838622,20.0,5.552486504524538,5.552486503953873,7.960661337127377e-05,7.195753497095595e-05,-0.000835321843624115,0.12780189514160156,-1.983642505365424e-05,0.4915289878845215,0.0,-4.8563579184701666e-05,0,0.4620276093482971,0.0,-5.39712818863336e-05,1
467.79331423,338.7258605957031,-287.5777587890625,1.5700627590726342,20.0,5.552045790293173,5.552045788727317,0.00013186131661637807,0.00011667498264801634,-0.00037651509046554565,0.1309680938720703,-8.773804438533261e-06,0.49167609214782715,0.0,-5.481065818457864e-05,0,0.4622749388217926,0.0,-5.5141892516985536e-05,1
467.993314233,338.72662353515625,-286.46661376953125,1.5700852627838455,20.0,5.552140593082108,5.552140591497231,0.00013266093943289285,0.00011599060518856718,-0.0003280211240053177,0.13246536254882812,-2.0980833141948096e-05,0.49148428440093994,0.0,-4.852255369769409e-05,0,0.4620797634124756,0.0,-5.333606168278493e-05,1
468.193314236,338.7274169921875,-285.35546875,1.5701059022822934,20.0,5.5523312562056475,5.552331254820864,0.0001240062918938768,0.00010627643090342278,-0.0008234148845076561,-0.130615234375,9.346007573185489e-06,0.46193045377731323,0.0,-5.327852340997197e-05,0,0.49140292406082153,0.0,-5.138454434927553e-05,1
468.343314238,338.7279968261719,-284.5220947265625,1.5701214817746705,20.0,5.558907744200278,5.5589077429995175,0.0001155414954317025,0.00010144102339405305,-0.0008243229240179062,-0.1314258575439453,2.5939938495866954e-05,0.46197664737701416,0.0,-4.9478014261694625e-05,0,0.4913962781429291,0.0,-5.208048605709337e-05,1
468.543314241,338.7287902832031,-283.4109802246094,1.570141588640901,20.0,5.558855218856839,5.558855217614183,0.00011753929508920692,0.00010274593819343668,-0.0006754929199814796,-0.1314258575439453,-1.8692015146370977e-05,0.4620154798030853,0.0,-5.210966264712624e-05,0,0.49144697189331055,0.0,-4.82068135170266e-05,1
468.743314244,338.72955322265625,-282.2998352050781,1.5701624944554575,20.0,5.558820333055076,5.558820331660739,0.0001245059752832146,0.00011020138321883793,-0.0008729193359613419,-0.13126373291015625,-4.00543194700731e-06,0.46203383803367615,0.0,-5.496902304003015e-05,0,0.4914618134498596,0.0,-5.567034531850368e-05,1
468.943314247,338.7303466796875,-281.1886901855469,1.5701853976408322,20.0,5.55882550684278,5.558825505630892,0.00011607474600837052,0.00010421278176954988,-0.00033568125218153,0.1313495635986328,-5.397796485340223e-05,0.49145838618278503,0.0,-5.640185554511845e-05,0,0.46202757954597473,0.0,-5.102203431306407e-05,1
469.093314249,338.7309265136719,-280.3553771972656,1.5702019092395911,20.0,5.552268939720325,5.552268938446351,0.00011894075243350592,0.00010575012986976109,-0.000418713316321373,0.13126373291015625,-2.784729076665826e-05,0.49145445227622986,0.0,-5.3336028940975666e-05,0,0.46201759576797485,0.0,-5.1546430768212304e-05,1
469.293314252,338.7317199707031,-279.2442626953125,1.5702226818960934,20.0,5.5522798457301095,5.55227984459326,0.0001123575375282663,0.0001014853335572095,-0.0007095560431480408,-0.1311779022216797,-5.340574716683477e-06,0.4620063900947571,0.0,-4.98444314871449e-05,0,0.49144744873046875,0.0,-4.782319228979759e-05,1
469.443314254,338.7322998046875,-278.4108581542969,1.570238128230416,20.0,5.558842036317222,5.558842035305491,0.00010605709395570471,9.72826218624775e-05,-0.0008340645581483841,-0.13123512268066406,-4.76837158203125e-06,0.4620102643966675,0.0,-5.381580558605492e-05,0,0.4914422035217285,0.0,-5.058035458205268e-05,1
469.643314257,338.73309326171875,-277.29974365234375,1.5702582350966463,20.0,5.558837684000015,5.558837682926851,0.00010922955826786344,9.831994456319519e-05,-0.000940798781812191,-0.13124465942382812,1.4877318790240679e-05,0.46201092004776,0.0,-6.509298691526055e-05,0,0.49145203828811646,0.0,-5.4978750995360315e-05,1
469.84331426,338.7338562011719,-276.1885986328125,1.5702795403853669,20.0,5.558833330355153,5.558833329202631,0.00011319607724951178,0.00010069731647916693,-0.001066667027771473,-0.13116836547851562,-2.47955313170678e-06,0.46201634407043457,0.0,-6.507172656711191e-05,0,0.49145203828811646,0.0,-5.9167643485125154e-05,1
470.043314263,338.7346496582031,-275.0774841308594,1.570302576728796,20.0,5.558836605232155,5.55883660404119,0.00011506852087165461,0.00010479019553543663,-0.0009742146357893944,-0.13118743896484375,1.373290979245212e-05,0.4620138108730316,0.0,-3.9196173020172864e-05,0,0.4914470613002777,0.0,-5.7488570746500045e-05,1
470.243314266,338.73541259765625,-273.9663391113281,1.5703221509628082,20.0,5.558838937827537,5.55883893658184,0.00011768287901779359,0.00010327195477080518,-0.0011971406638622284,-0.13131141662597656,-1.1444086567280465e-06,0.4620119631290436,0.0,-3.83142069040332e-05,0,0.4914468228816986,0.0,-6.39648933429271e-05,1
470.443314269,338.7362060546875,-272.8551940917969,1.5703439888837467,20.0,5.558834115478328,5.5588341142173645,0.0001184017709778791,0.00010594596583663898,-0.0003084354102611542,-0.13126373291015625,-9.155272891803179e-06,0.4620118737220764,0.0,-4.6248249418567866e-05,0,0.4914516806602478,0.0,-3.9204027416417375e-05,1
470.643314272,338.73699951171875,-271.74407958984375,1.5703648946983038,20.0,5.558829290981111,5.558829289314295,0.0001361289040829269,0.0001238334471760037,-0.0009570922702550888,0.13120651245117188,-2.861022494471399e-06,0.46202072501182556,0.0,-5.099257396068424e-05,0,0.4620220363140106,0.0,-6.967561785131693e-05,1
470.793314274,338.7375793457031,-270.9107666015625,1.5703807405067896,20.0,5.552275607251032,5.552275605698027,0.0001313218673320455,0.00011843202040712016,-0.0009190943092107773,0.1312541961669922,2.0408628188306466e-05,0.49144691228866577,0.0,-4.199860995868221e-05,0,0.4620097875595093,0.0,-7.190086762420833e-05,1
470.993314277,338.73834228515625,-269.79962158203125,1.570403776850219,20.0,5.552278892650474,5.552278890843349,0.00014165920676805678,0.00012668815300659496,-0.0012996699661016464,-0.13124465942382812,2.288817313456093e-06,0.46201062202453613,0.0,-3.1368948839372024e-05,0,0.49144190549850464,0.0,-6.664593092864379e-05,1
471.14331428,338.73895263671875,-268.96624755859375,1.5704181579201053,20.0,5.558837293502137,5.558837292390649,0.00011116277600212376,0.00010133925305967203,-0.0014115730300545692,-0.13118743896484375,1.6212461559916846e-05,0.46201369166374207,0.0,-4.154390626354143e-05,0,0.49144962430000305,0.0,-7.007930980762467e-05,1
471.343314283,338.7390441894531,-267.8551025390625,1.5704361342574633,20.0,5.55883489599679,5.558834895782609,4.879745527718812e-05,4.201846541234576e-05,0.0021001463755965233,-0.13126373291015625,3.032684253412299e-05,0.46201613545417786,0.0,6.718407530570403e-05,0,0.49145159125328064,0.0,5.060415423940867e-05,1
471.543314286,338.7398376464844,-266.7439880371094,1.570421620029522,20.0,5.558834976405904,5.558834975720192,-8.731276950915175e-05,-8.203111571888566e-05,0.0007517822086811066,-0.1312255859375,-5.340575626178179e-06,0.462012380361557,0.0,3.1201627280097455e-05,0,0.49145132303237915,0.0,4.696486939792521e-05,1
471.743314289,338.7406311035156,-265.6328430175781,1.5704096358046171,20.0,5.558836403400604,5.558836403388388,-1.1653823503461188e-05,-1.1062724679903525e-05,0.00039999838918447495,-0.13120651245117188,-5.53131121705519e-06,0.4620148241519928,0.0,-3.484704620859702e-06,0,0.4914498031139374,0.0,1.5158449969021603e-05,1
471.943314292,338.74139404296875,-264.5216979980469,1.570408970014345,20.0,5.558838308176859,5.558838308176701,-1.3243340329266699e-06,8.25423334576009e-07,-0.00041944440454244614,-0.13121604919433594,1.7356871467200108e-05,0.4620118737220764,0.0,-2.3615548343514092e-05,0,0.4914483428001404,0.0,-1.0165784260607325e-05,1
472.143314294,338.7421875,-263.41058349609375,1.5704169594976147,20.0,5.558833979818224,5.558833979580063,5.145666314938875e-05,5.119334713855232e-05,-0.0005866074934601784,-0.1312255859375,-2.117157055181451e-05,0.46201789379119873,0.0,-4.791018000105396e-05,0,0.4914485216140747,0.0,-2.9645318136317655e-05,1
472.343314297,338.7429504394531,-262.2994384765625,1.57042894372252,20.0,5.558832997900945,5.558832997548269,6.261739364129216e-05,5.8067887712983225e-05,-0.0009530410170555115,-0.13118743896484375,-2.0408628188306466e-05,0.4620134234428406,0.0,-5.872091060155071e-05,0,0.49145787954330444,0.0,-4.3947369704255834e-05,1
472.5433143,338.7431640625,-261.1883239746094,1.5704415937376983,20.0,5.5588401476175635,5.5588401476175555,2.9861406259955683e-07,3.6072463832751377e-06,0.0011689728125929832,-0.13124465942382812,9.346007573185489e-06,0.4620102047920227,0.0,3.4415817935951054e-05,0,0.4914426803588867,0.0,3.5532797483028844e-05,1
472.743314303,338.7439270019531,-260.07720947265625,1.57042894372252,20.0,5.557564180283658,5.557564179585529,-8.808971727436278e-05,-8.241507482343464e-05,-0.00014930963516235352,-0.11320114135742188,-0.0741325318813324,0.4653998017311096,0.0,4.037951657664962e-05,0,0.4914515018463135,0.0,2.0326047888374887e-05,1
472.943314306,338.7447204589844,-258.9659118652344,1.5704169594976147,20.0,5.559954100599576,5.559954100527716,-2.826783753291986e-05,-2.6105183893629425e-05,-0.0003895023837685585,0.1319599151611328,-0.004530524834990501,0.4900345206260681,0.0,-1.894857814477291e-05,0,0.4594257175922394,0.0,4.1446855902904645e-06,1
473.093314309,338.74530029296875,-258.1325988769531,1.5704181579201055,20.0,5.552223596745368,5.552223596724105,1.5365898056308995e-05,1.4560751783598542e-05,-0.000751805491745472,0.12320518493652344,0.0009658813360147178,0.4920773506164551,0.0,-1.9506042008288205e-06,0,0.4624119997024536,0.0,-3.128150274278596e-05,1
473.293314312,338.74609375,-257.02227783203125,1.5704250821389396,20.0,5.542536147453305,5.542536147134794,5.9419820826514826e-05,5.3856869894490046e-05,-0.0009032757952809334,-0.30976295471191406,0.12134799361228943,0.515900194644928,0.0,-1.8597991584101692e-05,0,0.49229559302330017,0.0,-3.241726881242357e-05,1
473.493314315,338.74658203125,-255.91212463378906,1.5704378653121722,20.0,5.554062211440577,5.55406221055705,9.906731387421226e-05,8.731434683428705e-05,-0.0011351890861988068,-0.059566497802734375,-0.004481887444853783,0.45762643218040466,0.0,-4.7643079597037286e-05,0,0.4923461079597473,0.0,-4.9731683247955516e-05,1
473.693314318,338.7469787597656,-254.7997589111328,1.570438930576608,20.0,5.559178749298198,5.559178748144288,-0.00011326776044549395,-0.000100072333493736,0.0013355351984500885,0.10705947875976562,0.0008850099402479827,0.4868623912334442,0.0,6.347886665025726e-05,0,0.45574235916137695,0.0,7.696787361055613e-05,1
473.893314321,338.7477722167969,-253.68788146972656,1.5704164268653968,20.0,5.552939368870609,5.552939368330931,-7.741832144769521e-05,-6.967633366405071e-05,0.00043632928282022476,0.09985923767089844,0.00027236936148256063,0.49287721514701843,0.0,1.4739629477844574e-05,0,0.4628261625766754,0.0,3.499293961795047e-05,1
474.093314324,338.74853515625,-252.5771484375,1.570408037907963,20.0,5.549353553433501,5.5493535533431855,-3.166031996765716e-05,-2.568706362009888e-05,0.0003030942752957344,-0.1363849639892578,0.00011825562978629023,0.493641197681427,0.0,-1.189672366308514e-05,0,0.49394702911376953,0.0,1.4921141882950906e-05,1
474.293314327,338.74932861328125,-251.4664764404297,1.570408970014345,20.0,5.550978587755043,5.550978587660773,3.2350848260703975e-05,2.3502500243313227e-05,-0.00041128136217594147,0.1446056365966797,2.6512148906476796e-05,0.4914977550506592,0.0,-3.646719051175751e-05,0,0.4623897671699524,0.0,-2.170785046473611e-05,1
474.49331433,338.7501220703125,-250.35536193847656,1.5704216200295222,20.0,5.552898294455419,5.552898294023777,6.923676764783604e-05,6.182865591962996e-05,8.591916412115097e-05,-0.12579917907714844,5.531310307560489e-06,0.4610954821109772,0.0,-3.245666084694676e-05,0,0.4908043146133423,0.0,-2.15111122088274e-05,1
474.643314332,338.75048828125,-249.52191162109375,1.5704324058319372,20.0,5.559547293417652,5.559547293072302,6.196765397598259e-05,5.554535775059621e-05,0.0005367700941860676,0.1294422149658203,4.253387305652723e-05,0.46163684129714966,0.0,-7.954479769978207e-06,0,0.46124520897865295,0.0,-1.6454478100058623e-05,1
474.843314335,338.7510986328125,-248.41078186035156,1.5704393300507717,20.0,5.55883919110883,5.5588391910695885,2.0887141814356247e-05,1.738114101016235e-05,0.0005532172508537769,0.12749671936035156,-2.555847095209174e-05,0.4915463328361511,0.0,2.881003410948324e-06,0,0.4620293378829956,0.0,2.4801369136184803e-07,1
474.993314337,338.7516784667969,-247.57745361328125,1.570438930576608,20.0,5.551993738866335,5.5519937387264235,-3.9415348643738446e-05,-3.4816344970676286e-05,0.00011971220374107361,0.1310443878173828,8.20159948489163e-06,0.49169620871543884,0.0,-5.544749456021236e-06,0,0.46231111884117126,0.0,1.4983420442149509e-05,1
475.19331434,338.75244140625,-246.46632385253906,1.570437865312172,20.0,5.552114363675441,5.552114363669563,8.078744928099475e-06,8.220720330760878e-06,-0.000276714563369751,0.1326465606689453,8.01086389401462e-06,0.49148431420326233,0.0,-2.6881578378379345e-05,0,0.46208852529525757,0.0,-1.1984838238277007e-05,1
475.393314343,338.752685546875,-245.35519409179688,1.5704451890051694,20.0,5.552331307774771,5.552331307754219,1.5106922367899312e-05,1.647459912206981e-05,0.0011592754162847996,0.13170242309570312,9.536745437799254e-07,0.4913681745529175,0.0,5.361917646951042e-05,0,0.46192240715026855,0.0,3.248721259296872e-05,1
475.593314346,338.75341796875,-244.2440643310547,1.5704297426708471,20.0,5.552349036599423,5.552349035039957,-0.00013159556352125614,-0.00012034914204070913,-5.494803190231323e-06,0.13080596923828125,-1.564025842526462e-05,0.49141377210617065,0.0,1.96355704247253e-05,0,0.4619625210762024,0.0,3.8740843592677265e-05,1
475.793314349,338.75421142578125,-243.13291931152344,1.5704153616009606,20.0,5.552270837560778,5.552270837262949,-5.750872086890713e-05,-5.130980760864598e-05,-7.64802098274231e-05,-0.13156890869140625,1.335145043412922e-06,0.46203184127807617,0.0,-2.533835868234746e-06,0,0.49145424365997314,0.0,1.9132241504848935e-05,1
475.993314352,338.7550048828125,-242.02178955078125,1.5704112337012712,20.0,5.55224697819004,5.552246978179846,1.063981774459334e-05,8.411446751472335e-06,-0.0006969459354877472,-0.13121604919433594,3.147124880342744e-05,0.4620339870452881,0.0,-2.886790935008321e-05,0,0.49147850275039673,0.0,-1.2954389603692107e-05,1
476.193314355,338.7557678222656,-240.91065979003906,1.570417492129833,20.0,5.552273171926945,5.552273171581367,6.194744132780006e-05,5.327195460978572e-05,-0.0008379248902201653,-0.13105392456054688,1.9073468138230965e-06,0.49143943190574646,0.0,-1.8978231310029514e-05,0,0.49145177006721497,0.0,-3.2137675589183345e-05,1
476.343314357,338.75634765625,-240.07728576660156,1.5704277453000295,20.0,5.558844917549652,5.558844917071935,7.287735093415145e-05,6.359604788780592e-05,-0.001042960211634636,-0.13120651245117188,-9.34600848268019e-06,0.4620067775249481,0.0,-1.9286080714664422e-05,0,0.4914390444755554,0.0,-4.848058961215429e-05,1
476.54331436,338.7566223144531,-238.9661407470703,1.5704389305766084,20.0,5.558837288310942,5.558837288301458,1.0268338151623983e-05,1.0037851005674264e-05,0.0006346311420202255,0.1311016082763672,3.6239621294953395e-06,0.4914478361606598,0.0,2.6953735869028606e-05,0,0.4620080590248108,0.0,5.168474672245793e-06,1
476.693314362,338.7572326660156,-238.13282775878906,1.5704320063577735,20.0,5.552270811623208,5.552270811008719,-8.260519491516106e-05,-7.346405613630794e-05,-0.00014883000403642654,0.1311492919921875,4.57763690064894e-06,0.491454154253006,0.0,3.4669799788389355e-05,0,0.4620225429534912,0.0,1.8829608961823396e-05,1
476.893314365,338.75799560546875,-237.02169799804688,1.5704213537134135,20.0,5.552273673672888,5.552273673611312,-2.614907334197912e-05,-2.592355245493508e-05,-0.0003990856930613518,-0.13113975524902344,-1.907349087559851e-06,0.46201828122138977,0.0,-1.8435646779835224e-05,0,0.49145177006721497,0.0,4.274927050573751e-06,1
477.093314368,338.7587890625,-235.9105682373047,1.5704233510842307,20.0,5.552277936040427,5.552277935888828,4.102973033092459e-05,3.632844554303614e-05,-0.0008050398901104927,-0.13116836547851562,4.95910626341356e-06,0.46201422810554504,0.0,-4.154011548962444e-05,0,0.49144989252090454,0.0,-2.5300018023699522e-05,1
477.24331437,338.7593688964844,-235.07717895507812,1.570430807935283,20.0,5.558837288639936,5.5588372883728825,5.44887231872646e-05,4.7324644023284995e-05,-0.0011142459698021412,-0.1312255859375,1.3542176020564511e-05,0.46201634407043457,0.0,-1.6523768863407895e-05,0,0.49144893884658813,0.0,-4.499983697314747e-05,1
477.443314373,338.7596130371094,-233.96604919433594,1.5704402621571532,20.0,5.558832995247953,5.55883299524333,7.16934289239976e-06,5.70859892891631e-06,0.0009573390707373619,-0.13118743896484375,1.678466833254788e-05,0.4620232880115509,0.0,5.804461397929117e-05,0,0.4914471209049225,0.0,2.827867865562439e-05,1
477.643314376,338.7603759765625,-232.85491943359375,1.5704277453000295,20.0,5.558838774477878,5.558838773925573,-7.836038764490072e-05,-7.169041425700443e-05,0.0007647275924682617,-0.13118743896484375,-2.6702878130890895e-06,0.46200835704803467,0.0,2.914984906965401e-05,0,0.491448312997818,0.0,4.3864645704161376e-05,1
477.843314379,338.76116943359375,-231.74378967285156,1.5704164268653968,20.0,5.558840199521971,5.558840199521866,-1.0827420207671757e-06,-2.3877248551497165e-06,0.00042028725147247314,-0.1312541961669922,-4.57763690064894e-06,0.46201226115226746,0.0,-4.596116013999563e-06,0,0.4914427697658539,0.0,1.3575660886999685e-05,1
478.043314382,338.7619323730469,-230.6326446533203,1.5704186905523232,20.0,5.558833017501218,5.558833017117442,6.53199832453973e-05,5.8381013136866366e-05,0.00023511704057455063,-0.13120651245117188,-1.5258788153005298e-05,0.46201446652412415,0.0,-2.1827076125191525e-05,0,0.4914582073688507,0.0,-9.863247214525472e-06,1
478.243314385,338.7627258300781,-229.52151489257812,1.5704282779322474,20.0,5.558837296019684,5.558837295813168,4.791636214661046e-05,4.43354106843211e-05,0.00035375356674194336,0.1312255859375,-1.506805438111769e-05,0.46201226115226746,0.0,-4.414622890180908e-05,0,0.4620136618614197,0.0,-1.4424587789108045e-05,1
478.443314388,338.7629699707031,-228.41038513183594,1.5704421263699158,20.0,5.558833931037444,5.5588339308313035,4.787284225500036e-05,4.463003832182417e-05,0.0011484324932098389,0.1311779022216797,-1.621246337890625e-05,0.49145132303237915,0.0,1.9237582819187082e-05,0,0.46201470494270325,0.0,-2.1261898837110493e-06,1
478.593314391,338.7634582519531,-227.5770721435547,1.570436134257463,20.0,5.552274634938417,5.552274633459478,-0.0001281520588111598,-0.00011432313865252782,0.0006808852776885033,0.13123512268066406,-1.5830992197152227e-05,0.49144676327705383,0.0,4.554437327897176e-05,0,0.46201765537261963,0.0,6.075343844713643e-05,1
478.793314394,338.7642517089844,-226.46592712402344,1.5704169594976145,20.0,5.552277521984462,5.552277521278775,-8.852311139550964e-05,-7.982841622157841e-05,0.0006952788680791855,-0.1311969757080078,9.346005754196085e-06,0.46201083064079285,0.0,2.0243513063178398e-05,0,0.4914517402648926,0.0,4.061475920025259e-05,1
478.993314397,338.7650451660156,-225.35479736328125,1.5704117663334893,20.0,5.552276071235985,5.5522760712304216,-7.85985842187407e-06,-5.638441339904455e-06,0.00024147331714630127,-0.13124465942382812,-1.5258785879268544e-06,0.49145200848579407,0.0,-2.6841284125111997e-05,0,0.4914467930793762,0.0,6.072183168726042e-06,1
479.1933144,338.76580810546875,-224.24366760253906,1.570415361600961,20.0,5.552274617089311,5.552274616983293,3.431154414546328e-05,2.931070967061297e-05,-0.0004297122359275818,-0.13124465942382812,6.103515261202119e-06,0.4620112180709839,0.0,-3.553570422809571e-05,0,0.4914526641368866,0.0,-1.646486452955287e-05,1
479.393314403,338.7666015625,-223.13253784179688,1.5704289437225198,20.0,5.552275529072125,5.552275528588639,7.327266344987255e-05,6.659355484124034e-05,-0.0006241397932171822,-0.13120651245117188,-9.15527380129788e-06,0.46201300621032715,0.0,-4.576244464260526e-05,0,0.49144962430000305,0.0,-3.328707316541113e-05,1
479.543314405,338.7668151855469,-222.29966735839844,1.570437066363845,0.0,5.533164849271272,5.533164849213899,2.5197407847608004e-05,2.219777643601215e-05,-0.00044528162106871605,-1.7631244659423828,4.95910626341356e-06,0.0,1.0,0.0,0,0.0,1.0,0.0,1
479.793314408,338.76690673828125,-221.46157836914062,1.5704398626829894,0.0,0.3960521478550712,0.39605214785180676,-1.6080322305709586e-06,4.961088427024105e-06,-0.009164874441921711,-25.655672073364258,0.010750962421298027,0.0,1.0,0.0,0,0.0,1.0,0.0,1
479.993314411,338.76690673828125,-221.4559326171875,1.5704451890051694,0.0,0.008691774365268403,-0.008691772852275648,-5.128467703043914e-06,1.6106769705260074e-05,1.40994825414964e-05,0.02155885100364685,-0.0010351184755563736,0.0,1.0,0.0,0,0.0,1.0,0.0,1
480.193314414,338.76690673828125,-221.453857421875,1.5704458547954423,0.0,0.003088220356961091,-0.0030882200579209493,-1.359045111583533e-06,1.4221143478819334e-06,3.755347279366106e-06,0.0212765634059906,-0.0019218440866097808,0.0,1.0,0.0,0,0.0,1.0,0.0,1
480.343314417,338.76690673828125,-221.45330810546875,1.5704458547954423,0.0,0.001209951954784656,-0.0012099517905894267,-6.303464527439986e-07,1.2779630735614786e-07,-4.506883215071866e-06,0.0066278185695409775,-0.0002834320184774697,0.0,1.0,0.0,0,0.0,1.0,0.0,1
480.54331442,338.76690673828125,-221.4530487060547,1.5704462542696056,0.0,0.0,0.0,-0.0,-0.0,0.0,-0.0,0.0,0.0,1.0,0.0,0,0.0,1.0,0.0,1
480.743314423,338.76690673828125,-221.4530487060547,1.5704462542696056,0.0,0.0,0.0,-0.0,-0.0,0.0,-0.0,0.0,0.0,1.0,0.0,0,0.0,1.0,0.0,1
480.943314426,338.76690673828125,-221.4530487060547,1.5704462542696056,0.0,0.0,0.0,-0.0,-0.0,0.0,-0.0,0.0,0.0,1.0,0.0,0,0.0,1.0,0.0,1
481.143314429,338.76690673828125,-221.4530487060547,1.5704462542696056,0.0,0.0,0.0,-0.0,-0.0,0.0,-0.0,0.0,0.0,1.0,0.0,0,0.0,1.0,0.0,1
481.343314432,338.76690673828125,-221.4530487060547,1.5704462542696056,0.0,0.0,0.0,-0.0,-0.0,0.0,-0.0,0.0,0.0,1.0,0.0,0,0.0,1.0,0.0,1
481.593314435,338.76690673828125,-221.4530487060547,1.5704462542696056,0.0,0.0,0.0,-0.0,-0.0,0.0,-0.0,0.0,0.0,1.0,0.0,0,0.0,1.0,0.0,1
481.793314438,338.76690673828125,-221.4530487060547,1.5704462542696056,0.0,0.0,0.0,-0.0,-0.0,0.0,-0.0,0.0,0.0,1.0,0.0,0,0.0,1.0,0.0,1
482.043314442,338.76690673828125,-221.4530487060547,1.5704462542696056,0.0,0.0,0.0,-0.0,-0.0,0.0,-0.0,0.0,0.0,1.0,0.0,0,0.0,1.0,0.0,1
482.293314446,338.76690673828125,-221.4530487060547,1.5704462542696056,0.0,0.0,0.0,-0.0,-0.0,0.0,-0.0,0.0,0.0,1.0,0.0,0,0.0,1.0,0.0,1
482.493314449,338.76690673828125,-221.4530487060547,1.5704462542696056,0.0,0.0,0.0,-0.0,-0.0,0.0,-0.0,0.0,0.0,1.0,0.0,0,0.0,1.0,0.0,1
482.743314452,338.76690673828125,-221.4530487060547,1.5704462542696056,0.0,0.0,0.0,-0.0,-0.0,0.0,-0.0,0.0,0.0,1.0,0.0,0,0.0,1.0,0.0,1
482.943314455,338.76690673828125,-221.4530487060547,1.5704462542696056,0.0,0.0,0.0,-0.0,-0.0,0.0,-0.0,0.0,0.0,1.0,0.0,0,0.0,1.0,0.0,1
483.193314459,338.76690673828125,-221.4530487060547,1.5704462542696056,0.0,0.0,0.0,-0.0,-0.0,0.0,-0.0,0.0,0.0,1.0,0.0,0,0.0,1.0,0.0,1
483.443314463,338.76690673828125,-221.4530487060547,1.5704462542696056,0.0,0.0,0.0,-0.0,-0.0,0.0,-0.0,0.0,0.0,1.0,0.0,0,0.0,1.0,0.0,1
483.693314467,338.76690673828125,-221.4530487060547,1.5704462542696056,0.0,0.0,0.0,-0.0,-0.0,0.0,-0.0,0.0,0.0,1.0,0.0,0,0.0,1.0,0.0,1
483.89331447,338.76690673828125,-221.4530487060547,1.5704462542696056,0.0,0.0,0.0,-0.0,-0.0,0.0,-0.0,0.0,0.0,1.0,0.0,0,0.0,1.0,0.0,1
484.143314473,338.76690673828125,-221.4530487060547,1.5704462542696056,0.0,0.0,0.0,-0.0,-0.0,0.0,-0.0,0.0,0.0,1.0,0.0,0,0.0,1.0,0.0,1
484.343314476,338.76690673828125,-221.4530487060547,1.5704462542696056,0.0,0.0,0.0,-0.0,-0.0,0.0,-0.0,0.0,0.0,1.0,0.0,0,0.0,1.0,0.0,1
484.543314479,338.76690673828125,-221.4530487060547,1.5704462542696056,0.0,0.0,0.0,-0.0,-0.0,0.0,-0.0,0.0,0.0,1.0,0.0,0,0.0,1.0,0.0,1
484.743314482,338.76690673828125,-221.4530487060547,1.5704462542696056,0.0,0.0,0.0,-0.0,-0.0,0.0,-0.0,0.0,0.0,1.0,0.0,0,0.0,1.0,0.0,1
484.943314485,338.76690673828125,-221.4530487060547,1.5704462542696056,0.0,0.0,0.0,-0.0,-0.0,0.0,-0.0,0.0,0.0,1.0,0.0,0,0.0,1.0,0.0,1
485.093314487,338.76690673828125,-221.4530487060547,1.5704462542696056,0.0,0.0,0.0,-0.0,-0.0,0.0,-0.0,0.0,0.0,1.0,0.0,0,0.0,1.0,0.0,1
485.29331449,338.76690673828125,-221.4530487060547,1.5704462542696056,0.0,0.0,0.0,-0.0,-0.0,0.0,-0.0,0.0,0.0,1.0,0.0,0,0.0,1.0,0.0,1
485.493314493,338.76690673828125,-221.4530487060547,1.5704462542696056,0.0,0.0,0.0,-0.0,-0.0,0.0,-0.0,0.0,0.0,1.0,0.0,0,0.0,1.0,0.0,1
485.693314496,338.76690673828125,-221.4530487060547,1.5704462542696056,20.0,0.0,0.0,-0.0,-0.0,-3.3898468245752156e-06,-0.00414230627939105,-0.051024626940488815,1.0,0.0,9.676616173237562e-05,0,1.0,0.0,6.241117807803676e-05,1
485.893314499,338.76690673828125,-221.44932556152344,1.5704462542696058,20.0,0.08158226264071095,0.08158226247589032,-5.185834454410524e-06,-4.1575420672039704e-06,0.0007836704608052969,1.9132767915725708,0.005652237683534622,1.0,0.0,9.688931459095329e-05,0,1.0,0.0,9.677118214312941e-05,1
486.043314502,338.76690673828125,-221.4174041748047,1.5704182910781597,20.0,0.39431279481381964,0.39431279476819275,5.998542487079781e-06,0.00028874257814450805,0.010275429114699364,4.139895915985107,-0.0028839106671512127,1.0,0.0,9.710349695524201e-05,0,1.0,0.0,6.581151683349162e-05,1
486.243314505,338.76715087890625,-221.23988342285156,1.57126384472426,20.0,1.3945885355711065,1.3945865754883746,-0.0023381646587767335,0.006848943961816549,-0.016543876379728317,6.138055324554443,-0.0011354447342455387,1.0,0.0,0.0008335557067766786,0,1.0,0.0,0.0005012417095713317,1
486.443314508,338.76708984375,-220.82655334472656,1.5707051135275614,20.0,2.7186056692043463,2.7186055895621557,-0.0006580512254938276,-0.0002991054671972582,0.0006679794751107693,8.423047065734863,-0.00023517609224654734,1.0,0.0,0.00037265734863467515,0,1.0,0.0,0.00033095726394094527,1
486.59331451,338.76708984375,-220.3190155029297,1.5706438608224893,20.0,3.9342141066014835,3.9342140360617694,-0.0007450078326498505,-0.000546357510491276,0.00456914771348238,7.421832084655762,4.0626528061693534e-05,1.0,0.0,0.0003649434365797788,0,1.0,0.0,0.0003703559923451394,1
486.793314513,338.7674255371094,-219.37841796875,1.57051762698682,20.0,5.372264399695333,5.3722643294717125,-0.0008686309387860272,-0.0006954498637703597,0.0027753273025155067,2.485933303833008,-0.047284696251153946,0.32637983560562134,0.0,0.0002898730162996799,0,0.5441308617591858,0.0,0.0003304234123788774,1
486.993314516,338.7681579589844,-218.29356384277344,1.5703967194733304,20.0,5.363755913233033,5.3637558834753385,-0.0005650008969367911,-0.0005010747993957095,0.0015076389536261559,-0.6427764892578125,-0.0007417681626975536,1.0,0.0,0.00016784333274699748,0,1.0,0.0,0.00022547945263795555,1
487.193314519,338.7689514160156,-217.20330810546875,1.5703230830691899,20.0,5.495390714516854,5.495390705288697,-0.00031847238361046103,-0.0002815242802670787,0.000714622437953949,-0.10527610778808594,0.0014581682626158,0.8366290330886841,0.0,0.00010086675320053473,0,0.7085421681404114,0.0,0.00012063934264006093,0
487.393314522,338.76971435546875,-215.89837646484375,1.570278874595094,20.0,7.3930841815007735,7.393084179288504,-0.00018086181408652743,-0.00017420529266714353,0.0015462655574083328,2.2892379760742188,0.001326560857705772,0.0,0.0,4.355235432740301e-05,0,0.0,0.0,4.5482625864678994e-05,2
487.593314525,338.7705078125,-214.42127990722656,1.5702546398291746,20.0,7.2113925577978195,7.211392557199334,-9.290762115468316e-05,-0.00010061210150104962,-0.0008254684507846832,-2.9405593872070312,-0.00022239680401980877,0.0,0.0,3.985550574725494e-05,0,0.0,0.0,4.426319355843589e-05,2
487.743314527,338.7710876464844,-213.37625122070312,1.5702395929690158,20.0,6.758904124333945,6.758904123744201,-8.928633516498314e-05,-9.229807798224915e-05,-0.0010723387822508812,-3.0229568481445312,-0.0001298904389841482,0.0,0.0,3.613344597397372e-05,0,0.0,0.0,3.727091461769305e-05,2
487.94331453,338.7718811035156,-212.0634307861328,1.5702232145283115,20.0,6.198914631255728,6.19891463088929,-6.740203584268878e-05,-4.407966822209721e-05,-0.0036378251388669014,-6.728477478027344,-0.0002944946172647178,0.0,0.0,1.645319935050793e-05,0,0.0,0.0,2.3561125999549404e-05,1
488.143314533,338.77264404296875,-210.95315551757812,1.5702154913611506,20.0,5.090667647992909,5.0906676478961055,-3.139410467972408e-05,-2.303172914174372e-05,-0.003147851675748825,-4.902706146240234,-0.1043880432844162,0.14188909530639648,0.0,-6.907261195010506e-06,0,0.0,0.0,3.716577907653118e-07,1
488.293314535,338.7732238769531,-210.25045776367188,1.570216157151423,20.0,4.353328948181367,4.353328948128658,2.1422423613778925e-05,1.993660085214754e-05,-0.0015542889013886452,-1.8242549896240234,0.013742637820541859,0.8703342080116272,0.0,-3.1045427022036165e-05,0,0.79587721824646,0.0,-2.143778147001285e-05,1
488.493314538,338.7734680175781,-209.37466430664062,1.5705804775885455,20.0,4.606243458689214,4.606227796932928,0.012011805842086642,0.009912413533842925,-0.269342839717865,3.3678054809570312,-0.0013008120004087687,0.452690988779068,0.0,-0.0075900256633758545,0,0.6504231095314026,0.0,-0.007295188028365374,1
488.64331454,338.7706298828125,-208.65565490722656,1.5724682593272483,20.0,4.87254599462746,4.872516431836376,0.016973250856124895,0.012880720869980202,-0.06370611488819122,0.7779598236083984,-0.0015802381094545126,0.4374438524246216,0.0,-0.0067817741073668,0,0.3420179784297943,0.0,-0.00717849750071764,1
488.793314543,338.7604675292969,-207.91702270507812,1.5782686241814412,20.0,5.002217757307394,5.0015487371724925,0.08180905334777502,0.06555239529651222,-0.4629628360271454,1.8227005004882812,0.060801126062870026,0.5295987725257874,0.0,-0.0355646051466465,0,0.5983670353889465,0.0,-0.03731583431363106,1
488.993314546,338.7276916503906,-206.9046173095703,1.5931722062737426,20.0,5.005881783200506,5.003943877983954,0.13927703818501244,0.08717517443097561,-1.7697662115097046,-0.2839183807373047,0.12893198430538177,0.8801557421684265,0.0,-0.08053463697433472,0,0.6860508918762207,0.0,-0.08032911270856857,1
489.143314548,338.677490234375,-206.12429809570312,1.6139560480529385,20.0,5.415258473318935,5.412483437331771,0.17334178221589736,0.13259174994291337,-0.6756854057312012,-0.6597900390625,-0.0020448684226721525,0.4168441593647003,0.0,-0.1291331648826599,0,0.0,0.0,-0.07101597636938095,1
489.343314551,338.5642395019531,-205.02011108398438,1.6546423584485699,20.0,5.577141524541007,5.570296468918015,0.27623329473305097,0.24857566114344273,-1.635528802871704,-0.6209087371826172,0.0010553357424214482,0.4909150302410126,0.0,-0.11014029383659363,0,0.0038020543288439512,0.0,-0.12310551851987839,1
489.543314554,338.39068603515625,-203.93234252929688,1.7062553524806872,20.0,5.460109632375907,5.448271308913087,0.3593562884362053,0.32228423694967484,-2.560049295425415,-0.9905910491943359,-5.455018253996968e-05,0.5833156108856201,0.0,-0.16715262830257416,0,0.5713539719581604,0.0,-0.1724173128604889,1
489.693314556,338.20843505859375,-203.13253784179688,1.755492673662399,20.0,5.493473556381265,5.4776435882985455,0.41674024791477304,0.36952045888830126,-3.022139072418213,-0.3310108184814453,-0.0006185531383380294,0.5464361906051636,0.0,-0.22110538184642792,0,0.5471687912940979,0.0,-0.22734448313713074,1
489.843314558,337.96795654296875,-202.33909606933594,1.8163243329658796,20.0,5.569474631750201,5.550108668290953,0.46404896710440746,0.41168975053694296,-1.485757827758789,0.23349761962890625,0.0003223419189453125,0.45257219672203064,0.0,-0.2588004767894745,0,0.44126400351524353,0.0,-0.19103571772575378,1
489.99331456,337.6738586425781,-201.55316162109375,1.880104644228296,20.0,5.609972914819324,5.586555600046754,0.5120474905637893,0.4601871124097764,-2.808084487915039,-1.4171981811523438,0.0008359907660633326,0.4355011284351349,0.0,-0.22878888249397278,0,0.47379636764526367,0.0,-0.24078486859798431,1
490.193314563,337.18878173828125,-200.546875,1.977316681918914,20.0,5.575854310908864,5.546748908373142,0.5689708638782117,0.5156258039268197,-2.2560739517211914,-1.3303947448730469,-0.0006530761020258069,0.4769918620586395,0.0,-0.25384968519210815,0,0.43711090087890625,0.0,-0.2799057066440582,1
490.343314566,336.7567138671875,-199.83462524414062,2.056183268124411,20.0,5.546214672491622,5.51041511924539,0.6291441861395305,0.5682735026214598,-2.223062515258789,-1.4621257781982422,-0.0005855559720657766,0.5314657688140869,0.0,-0.2835349440574646,0,0.4590323269367218,0.0,-0.2975694239139557,1
490.493314568,336.2657775878906,-199.16403198242188,2.1392484609464733,20.0,5.559992581477949,5.530087336852511,0.575891962848345,0.5234721755779792,-3.480377197265625,-3.3127307891845703,-0.00045928952749818563,0.4509775936603546,0.0,-0.30605757236480713,0,0.5030697584152222,0.0,-0.31962236762046814,1
490.693314571,335.5234375,-198.3406982421875,2.2529754263469446,20.0,5.568525556331097,5.536932982549573,0.5923259392152714,0.5367815894417592,-3.065657615661621,-3.671751022338867,-0.0005290984991006553,0.44164493680000305,0.0,-0.30854353308677673,0,0.49302101135253906,0.0,-0.32285234332084656,1
490.893314574,334.6897888183594,-197.6077880859375,2.368268729942546,20.0,5.57309578440031,5.54116067824153,0.5957641815436471,0.5412247408254202,-1.4438247680664062,-1.3176631927490234,0.0002887725713662803,0.48920899629592896,0.0,-0.2592388987541199,0,0.4621453583240509,0.0,-0.2761003375053406,1
491.043314576,334.0152587890625,-197.11741638183594,2.4506967614738064,20.0,5.55774425155662,5.520989528383648,0.6381189490908153,0.5779716034680652,-1.250152587890625,-1.7151355743408203,0.00012874604726675898,0.5016018152236938,0.0,-0.26302486658096313,0,0.4724119305610657,0.0,-0.2788817882537842,1
491.243314579,333.05908203125,-196.55503845214844,2.56128638995211,20.0,5.544374941879068,5.507177368988836,0.6411637252946579,0.581929593480141,-1.5885639190673828,-3.5448503494262695,9.574887371854857e-05,0.4844174385070801,0.0,-0.28079381585121155,0,0.48475974798202515,0.0,-0.29550039768218994,1
491.393314581,332.305419921875,-196.2039031982422,2.6433373178730153,20.0,5.556349815141478,5.524675674047005,0.5924373087644008,0.538040798584176,-1.1713123321533203,-3.3008527755737305,0.0002384185791015625,0.4707201421260834,0.0,-0.2628462612628937,0,0.4861467778682709,0.0,-0.27787917852401733,1
491.593314584,331.2613220214844,-195.82752990722656,2.7482746532537345,20.0,5.563456080354911,5.535154749249021,0.5604511217796122,0.5079675513171605,-0.7462120056152344,-3.226044178009033,0.0001502990780863911,0.46740734577178955,0.0,-0.24689941108226776,0,0.4788901209831238,0.0,-0.26188236474990845,1
491.793314587,330.1854553222656,-195.55079650878906,2.845693085928833,20.0,5.57058662948379,5.5501824100506525,0.4763513532550366,0.43356352428176786,-0.3464508056640625,-2.231893539428711,0.0003498077276162803,0.44599586725234985,0.0,-0.20248715579509735,0,0.48196539282798767,0.0,-0.201620414853096,1
491.99331459,329.0912780761719,-195.35169982910156,2.925616947087092,20.0,5.56462833408136,5.550715228215818,0.39325430921238297,0.35583667115428336,-0.25257110595703125,-1.1433851718902588,-0.0001707076735328883,0.4880487620830536,0.0,-0.17376911640167236,0,0.45505669713020325,0.0,-0.17757582664489746,1
492.143314593,328.26513671875,-195.246826171875,2.976300631056826,20.0,5.548642158680805,5.537201385810232,0.35613286575549163,0.3193545933030195,-0.1968097686767578,-0.860297679901123,-0.00015583037748001516,0.49567562341690063,0.0,-0.13461381196975708,0,0.4652898907661438,0.0,-0.1411605179309845,1
492.343314595,327.1594543457031,-195.15245056152344,3.031039510418424,20.0,5.547444246702624,5.540485048835749,0.27778245787229866,0.2484592976485631,-0.19225120544433594,-0.6433379650115967,-4.501342118601315e-05,0.4931330382823944,0.0,-0.1005360558629036,0,0.46376198530197144,0.0,-0.10829325020313263,1
492.543314598,326.05047607421875,-195.09779357910156,3.0728447479460517,20.0,5.551422000023064,5.547505510519396,0.2084918058270216,0.1864246219016661,-0.16066551208496094,-0.41589200496673584,-0.00011863707914017141,0.49026867747306824,0.0,-0.07206195592880249,0,0.4603533148765564,0.0,-0.07832969725131989,1
492.743314601,324.9397277832031,-195.07118225097656,3.103400260396967,20.0,5.552698380749668,5.550673561325271,0.14994106570452445,0.13412048763240292,-0.13193130493164062,-0.2381937950849533,-6.408691115211695e-05,0.4908049702644348,0.0,-0.049304548650979996,0,0.46062272787094116,0.0,-0.05391679331660271,1
492.943314604,323.8287353515625,-195.06329345703125,3.12458224475913,20.0,5.551741490623391,5.550871810739165,0.09826352044649692,0.08804448014504791,-0.1257038116455078,-0.15612848103046417,-5.397796485340223e-05,0.4917253851890564,0.0,-0.03192455321550369,0,0.4622657895088196,0.0,-0.035027578473091125,1
493.143314607,322.7178649902344,-195.06690979003906,3.138348390749859,20.0,5.551157880477654,5.550812111368968,0.061957390751550476,0.05556549959682305,-0.13214111328125,-0.07788419723510742,-4.062652442371473e-05,0.4919797480106354,0.0,-0.019241714850068092,0,0.4627515375614166,0.0,-0.021269259974360466,1
493.34331461,321.6070556640625,-195.0770263671875,-3.136445029518779,20.0,5.551705676259556,5.55159160678517,0.03558858363335672,0.03197235784332392,-0.13512611389160156,-0.023600757122039795,4.291534423828125e-05,0.4914945960044861,0.0,-0.010194908827543259,0,0.46220436692237854,0.0,-0.011431134305894375,1
493.543314613,320.4960021972656,-195.08990478515625,-3.132116860115182,20.0,5.552298531659507,5.552276260474187,0.015726157925599907,0.014049332601063785,-0.13246536254882812,-0.0038079917430877686,6.828307959949598e-05,0.49131518602371216,0.0,-0.004225304815918207,0,0.46178799867630005,0.0,-0.004790089093148708,1
493.743314616,319.3848876953125,-195.10325622558594,-3.130426818087418,20.0,5.5523664148018135,5.55236498029286,0.003991219940761152,0.0035589200040652435,-0.1308727264404297,0.014889538288116455,6.4849853515625e-05,0.4914173185825348,0.0,0.0014081025728955865,0,0.4619300961494446,0.0,-0.0006412478978745639,1
493.943314619,318.27374267578125,-195.11558532714844,-3.1305245560994237,20.0,5.552242413579419,5.552241339301166,-0.0034538826564850756,-0.0031297346895678363,0.13138771057128906,0.036433637142181396,-1.1444091796875e-05,0.4620717465877533,0.0,0.001705277245491743,0,0.4914826452732086,0.0,0.001710230833850801,1
494.093314622,317.44036865234375,-195.123779296875,-3.131198602171323,20.0,5.5587729125104515,5.558769215981296,-0.006410641045697424,-0.005778112374779557,0.13060569763183594,0.046241506934165955,4.0245053241960704e-05,0.4620840549468994,0.0,0.0028888017404824495,0,0.4915121793746948,0.0,0.0030362289398908615,1
494.293314625,316.3292236328125,-195.1332550048828,-3.132513937433713,20.0,5.558831593037023,5.558825618983254,-0.008149692139196783,-0.007335076450932043,-0.13182640075683594,0.036895573139190674,4.5776364459015895e-06,0.46199947595596313,0.0,0.00425417535007,0,0.46202412247657776,0.0,0.00377005897462368,1
494.493314628,315.2181091308594,-195.1407928466797,-3.134100648811182,20.0,5.5588662730889205,5.558859435125672,-0.008719093977852924,-0.0078456267982922,-0.1315784454345703,0.029036402702331543,6.160735938465223e-05,0.4914349615573883,0.0,0.0036025962326675653,0,0.461996853351593,0.0,0.003843046957626939,1
494.693314631,314.1069641113281,-195.14662170410156,-3.1356535380428077,20.0,5.558868365395661,5.558862435920328,-0.008119255541405183,-0.007299560180933664,-0.13141632080078125,0.024977698922157288,1.7166144061775412e-06,0.49143698811531067,0.0,0.0037291841581463814,0,0.4619942307472229,0.0,0.0035398523323237896,1
494.843314633,313.2736511230469,-195.14991760253906,-3.1367587498951903,20.0,5.552274862030157,5.552269160006718,-0.007957284103195777,-0.007129726965238218,-0.1310253143310547,0.019060932099819183,-3.6811830796068534e-05,0.4914659559726715,0.0,0.0031104260124266148,0,0.46201321482658386,0.0,0.0030427356250584126,1
495.043314636,312.1625061035156,-195.15321350097656,-3.138022686148542,20.0,5.552242740806691,5.55223880753639,-0.006608852206617451,-0.005915207954567093,0.1311779022216797,0.03185151144862175,-5.9127800341229886e-05,0.49147987365722656,0.0,0.0025003678165376186,0,0.4914822578430176,0.0,0.0026984582655131817,1
495.193314638,311.3291320800781,-195.155029296875,-3.1388160418372766,20.0,5.558832171316273,5.5588295514946475,-0.0053968778570158025,-0.00484901141215387,0.13111114501953125,0.02529330551624298,3.814696901827119e-05,0.46201092004776,0.0,0.002108245622366667,0,0.49144986271858215,0.0,0.0021668013650923967,1
495.393314641,310.2179870605469,-195.1566925048828,-3.1396930207842395,20.0,5.558844810488658,5.558843186610966,-0.004248972290014662,-0.0038155717511486223,0.1311969757080078,0.018986137583851814,4.234314110362902e-05,0.4619971215724945,0.0,0.0015958030708134174,0,0.49145933985710144,0.0,0.0016778853023424745,1
495.543314643,309.3846740722656,-195.157470703125,-3.1402171308867675,20.0,5.552290924633798,5.552289731339694,-0.003640196509839924,-0.0032573820291950705,-0.13118743896484375,0.008083241991698742,-3.7574765883618966e-05,0.4914291501045227,0.0,0.0012620019260793924,0,0.4620036780834198,0.0,0.0013661207631230354,1
495.693314645,308.5513000488281,-195.15802001953125,-3.140637644022891,20.0,5.558847538586114,5.55884685769676,-0.0027513487158115535,-0.0024674034055732273,-0.13128280639648438,0.00662575475871563,5.588531348621473e-05,0.46199700236320496,0.0,0.0009889273205772042,0,0.4620056748390198,0.0,0.0011626920895650983,1
495.793314647,307.9957275390625,-195.15823364257812,-3.1408685400894005,20.0,5.558841006768805,5.558840514128742,-0.002340302400985473,-0.0021009252618113404,0.1313495635986328,0.009362978860735893,-1.2207029612909537e-05,0.4620096683502197,0.0,0.0008193152607418597,0,0.491451621055603,0.0,0.0008930783369578421,1
495.99331465,306.8846130371094,-195.15843200683594,-3.141224604727144,20.0,5.558825029054179,5.5588247805569395,-0.001662138770041411,-0.0014888343557364811,-0.13120651245117188,0.004061511717736721,-2.47955313170678e-06,0.4914648234844208,0.0,0.0006110260146670043,0,0.46202245354652405,0.0,0.0007020139019005001,1
496.143314652,306.05126953125,-195.158447265625,-3.141416884957848,20.0,5.552264698143669,5.552264552881647,-0.0012700654985021611,-0.0011350609727979258,-0.1312541961669922,0.0014065345749258995,-6.484983714472037e-06,0.49145910143852234,0.0,0.00038787603261880577,0,0.4620203375816345,0.0,0.00042885306174866855,1
496.343314655,304.9401550292969,-195.15847778320312,-3.1415907893770303,20.0,5.552275241785172,5.552275179224889,-0.0008334889429162326,-0.0007436068512894892,0.13116836547851562,0.003581760684028268,9.15527380129788e-06,0.4620110094547272,0.0,0.0002751074789557606,0,0.49145254492759705,0.0,0.00033324415562674403,1
496.493314657,304.1067810058594,-195.1584014892578,3.1415042366416026,20.0,5.558842282543429,5.558842253722384,-0.0005660594379410832,-0.0005116274451779859,0.13118743896484375,0.0013777613639831543,3.814693627646193e-07,0.46200716495513916,0.0,0.00016797172429505736,0,0.49144524335861206,0.0,0.00019240127585362643,1
496.69331466,302.9956359863281,-195.1580047607422,3.1414291354988624,20.0,5.558840407595045,5.558840399115757,-0.0003070342166236795,-0.00027414756461631,-0.13120651245117188,0.0002637854777276516,-7.4386593951203395e-06,0.4620112180709839,0.0,5.139422137290239e-05,0,0.46201103925704956,0.0,0.00012074354890501127,1
496.843314663,302.1623229980469,-195.15773010253906,3.1414041017846155,20.0,5.5522748257095005,5.552274824497931,-0.00011599110965051463,-0.00010240429805799183,-0.13118743896484375,-0.0004304223693907261,-2.861022494471399e-06,0.4914516806602478,0.0,-9.668182428868022e-06,0,0.46201562881469727,0.0,1.959660221473314e-05,1
497.043314666,301.0511779785156,-195.15733337402344,3.1414003733590894,20.0,5.552274318520792,5.552274318196886,5.9973499925841674e-05,5.071154726012968e-05,-0.13120651245117188,-0.0010028248652815819,-1.0681151252356358e-05,0.49144646525382996,0.0,-6.0760201449738815e-05,0,0.4620189964771271,0.0,-5.0722599553409964e-05,1
497.243314669,299.9400634765625,-195.15728759765625,3.141420080751156,20.0,5.552272382400674,5.552272381015739,0.00012401237356920975,0.00010894348498105739,-0.1311779022216797,-0.0002611882518976927,-1.0299681889591739e-05,0.4914570748806,0.0,-3.544411083566956e-05,0,0.46201446652412415,0.0,-4.552003520075232e-05,1
497.443314671,298.82891845703125,-195.15725708007812,3.1414363260338054,20.0,5.552275715778495,5.552275715407449,6.41895724190492e-05,5.6069817945674816e-05,0.13113975524902344,-0.0002455024514347315,-9.536745437799254e-07,0.4620150625705719,0.0,-1.9315373720019124e-05,0,0.4914547801017761,0.0,-2.4361874238820747e-05,1
497.593314674,297.99554443359375,-195.15725708007812,3.1414411197237677,20.0,5.558840335665288,5.558840335635481,1.8203797338176595e-05,1.3418583572787371e-05,0.1312255859375,3.504450432956219e-05,6.294249942584429e-06,0.46201199293136597,0.0,5.450876415125094e-06,0,0.49144378304481506,0.0,-2.060287442873232e-06,1
497.743314676,297.1622314453125,-195.15725708007812,3.1414408534076586,20.0,5.552277631717848,5.55227763168776,-1.8278711125054174e-05,-1.8991439958593013e-05,-0.13118743896484375,0.0005170714575797319,1.106262243411038e-05,0.49144724011421204,0.0,1.3409005987341516e-05,0,0.4620159864425659,0.0,2.2929600163479336e-05,1
497.943314679,296.05108642578125,-195.15725708007812,3.1414336628727155,20.0,5.552276690133047,5.552276689879574,-5.305378022758222e-05,-5.079372668323251e-05,-0.13120651245117188,3.62517312169075e-06,-6.8664553509734105e-06,0.49144676327705383,0.0,2.2797095880378038e-05,0,0.4620131552219391,0.0,1.7051768736564554e-05,1
498.143314682,294.93994140625,-195.1571502685547,3.1414240754927913,20.0,5.55227098196505,5.552270981405879,-7.879934360369159e-05,-7.111647085789461e-05,-0.13118743896484375,-7.14324414730072e-05,1.1444091114753974e-06,0.4914575517177582,0.0,1.2455273463274352e-05,0,0.46201837062835693,0.0,2.1484598619281314e-05,1
498.343314685,293.8288269042969,-195.15687561035156,3.141418216538393,20.0,5.552273353783248,5.552273353732131,2.3825006101660314e-05,1.9380289679554223e-05,-0.13124465942382812,-0.000630025751888752,-6.67572021484375e-06,0.4914489984512329,0.0,-2.122666410286911e-05,0,0.4620167016983032,0.0,-2.864218367903959e-05,1
498.543314688,292.7174987792969,-195.15687561035156,3.141425673389445,20.0,5.555283562933935,5.555283562804522,3.791896716017888e-05,3.3785873602963166e-05,0.13034820556640625,-0.00026995199732482433,0.1013551652431488,0.48870620131492615,0.0,2.083120079987566e-06,0,0.4914489686489105,0.0,-1.6145417248480953e-05,1
498.743314691,291.6064147949219,-195.15684509277344,3.1414267386538812,20.0,5.550286678204719,5.550286678204694,-5.238783074582729e-07,-2.8712058194693526e-06,0.1411724090576172,-0.00021216925233602524,0.001948356512002647,0.4649631381034851,0.0,6.076047156966524e-06,0,0.49345505237579346,0.0,-1.5443679330928717e-06,1
498.943314694,290.49566650390625,-195.15684509277344,3.141423542860573,20.0,5.5513306274947976,5.551330627409453,-3.0782179224898815e-05,-2.7734943716175673e-05,0.12125015258789062,0.00032944721169769764,-0.0009197235340252519,0.46239250898361206,0.0,2.3677293938817456e-05,0,0.4925481677055359,0.0,1.560748933115974e-05,1
499.093314696,289.6626281738281,-195.15660095214844,3.141416884957848,20.0,5.553277093357558,5.553277093271028,-3.100070557756921e-05,-3.123664538562952e-05,0.10868072509765625,-0.00038817524909973145,0.03880595788359642,0.46008390188217163,0.0,-9.653306733525824e-06,0,0.5166065692901611,0.0,-2.2909346171218203e-06,1
499.293314699,288.5516052246094,-195.15646362304688,3.1414203470672653,20.0,5.563550552744858,5.563550552364329,6.507065817758898e-05,5.624972842379536e-05,-0.1838397979736328,-0.0004531722515821457,0.0012233736924827099,0.45490559935569763,0.0,-1.4412182281375863e-05,0,0.45731958746910095,0.0,-3.2386542443418875e-05,1
499.443314701,287.7174072265625,-195.15646362304688,3.1414270049699904,20.0,5.558661056150018,5.558661055982633,4.313785361928908e-05,3.518643479910156e-05,-0.10855674743652344,0.00020147883333265781,-0.0009162904461845756,0.48715075850486755,0.0,3.284255171820405e-06,0,0.45632418990135193,0.0,-5.869580945727648e-06,1
499.643314704,286.6055908203125,-195.1564483642578,3.141428070234426,20.0,5.552860812777538,5.552860812775174,-5.123159302414847e-06,-8.520751621919246e-06,-0.10180473327636719,0.00027495669201016426,-0.0003118514723610133,0.49276888370513916,0.0,1.8825052393367514e-05,0,0.46276962757110596,0.0,1.088743101718137e-05,1
499.843314707,285.49481201171875,-195.1564483642578,3.1414240754927913,20.0,5.54949959615076,5.549499596041345,-3.484809079205773e-05,-3.1087927571888014e-05,0.13599395751953125,0.00031309202313423157,-0.00010471343557583168,0.49351245164871216,0.0,3.329504033899866e-05,0,0.49379339814186096,0.0,1.659447116253432e-05,1
500.04331471,284.3841247558594,-195.1560821533203,3.1414174175900658,20.0,5.5510316774405055,5.5510316774185755,-1.560338137901079e-05,-1.0404413576063969e-05,0.12015342712402344,-0.00040475744754076004,-2.9182432626839727e-05,0.46237948536872864,0.0,-9.148515346169006e-06,0,0.4925302565097809,0.0,-2.269480091854348e-06,1
500.243314713,283.27301025390625,-195.15603637695312,3.141423542860573,20.0,5.552848884313023,5.552848883924376,6.56977597773246e-05,5.8475233188493836e-05,0.1260089874267578,-0.0003356917295604944,3.814693627646193e-07,0.4611609876155853,0.0,-1.7201326045324095e-05,0,0.4908548891544342,0.0,-2.6784351575770415e-05,1
500.393314715,282.4395751953125,-195.156005859375,3.1414294018149715,20.0,5.559503623037436,5.5595036229142405,3.70110010226892e-05,3.013508432658667e-05,0.1337718963623047,0.0002275221049785614,-5.912779670325108e-06,0.4616561233997345,0.0,2.7999230951536447e-06,0,0.4908953905105591,0.0,-1.438236836293072e-06,1
500.593314718,281.3284606933594,-195.156005859375,3.1414312660277344,20.0,5.558844640132113,5.558844640123641,-9.705474656850213e-06,-8.327911589357848e-06,0.1336956024169922,0.0004386715590953827,5.722040441469289e-07,0.4622437655925751,0.0,7.653924512851518e-06,0,0.4915321171283722,0.0,1.611431798664853e-05,1
500.793314721,280.2173156738281,-195.156005859375,3.141426472337772,20.0,5.558567607605462,5.558567607450416,-4.1517035895745065e-05,-3.6848512920215616e-05,-0.13105392456054688,0.00043626874685287476,-6.8664553509734105e-06,0.4916835129261017,0.0,3.094651037827134e-05,0,0.46228668093681335,0.0,2.2384030671673827e-05,1
500.943314724,279.3840026855469,-195.15576171875,3.141419814435047,20.0,5.552130311721946,5.552130311598945,-3.695717017962251e-05,-3.3361562341394385e-05,-0.13251304626464844,-0.00023050932213664055,1.907349087559851e-06,0.4914725720882416,0.0,-1.6155996490851976e-05,0,0.46207863092422485,0.0,2.701218818401685e-06,1
501.093314726,278.5506286621094,-195.15565490722656,3.141420080751156,20.0,5.558856085474091,5.5588560852967,4.440927610564193e-05,3.81089631373122e-05,0.130615234375,-0.00032772659324109554,-1.7166144061775412e-06,0.46193206310272217,0.0,-1.1809877833002247e-05,0,0.4914005398750305,0.0,-2.0976538507966325e-05,1
501.243314728,277.71728515625,-195.15565490722656,3.141425673389445,20.0,5.552352022780667,5.552352022653008,3.7651163677231046e-05,3.2389920598774456e-05,-0.13116836547851562,0.0001506437547504902,4.196166628389619e-06,0.49138936400413513,0.0,2.0895854504487943e-06,0,0.4619390368461609,0.0,-7.2969151005963795e-06,1
501.443314731,276.6061706542969,-195.1556396484375,3.1414267386538812,20.0,5.552304821903044,5.552304821900873,-4.909621279767755e-06,-6.230794140760387e-06,-0.13085365295410156,0.00023869681172072887,4.38690176451928e-06,0.4914517402648926,0.0,1.760701161401812e-05,0,0.462007999420166,0.0,8.71453812578693e-06,1
501.643314734,275.4950256347656,-195.15562438964844,3.1414224775961372,20.0,5.55225047174404,5.552250471632036,-3.526670293013382e-05,-3.2181292226025634e-05,0.13136863708496094,0.0003452098462730646,5.7220458984375e-06,0.49147775769233704,0.0,3.184874731232412e-05,0,0.4914732575416565,0.0,1.7454916815040633e-05,1
501.793314736,274.6616516113281,-195.1553497314453,3.141416086009521,20.0,5.558815093267508,5.558815093212791,-2.4664117305751694e-05,-2.4364987978913167e-05,0.13113975524902344,-0.0005383789539337158,-1.5258785879268544e-06,0.4620228409767151,0.0,-1.5845800589886494e-05,0,0.49146386981010437,0.0,-8.919151696318295e-06,1
501.993314739,273.5505065917969,-195.15524291992188,3.14142167864781,20.0,5.5588355763143245,5.5588355759041255,6.75311629716379e-05,6.114065367427328e-05,0.13113021850585938,-0.00021260231733322144,-1.7166144061775412e-06,0.46200665831565857,0.0,-1.31821025206591e-05,0,0.49144887924194336,0.0,-2.3636463083676063e-05,1
502.193314742,272.43939208984375,-195.1552276611328,3.1414291354988624,20.0,5.558844159748454,5.5588441596976725,2.3760824976825636e-05,1.9530832077233477e-05,0.13124465942382812,0.00030371244065463543,-1.335145043412922e-06,0.462007999420166,0.0,1.1204316251678392e-05,0,0.4914452135562897,0.0,4.2494607441767585e-06,1
502.343314744,271.6060791015625,-195.1552276611328,3.1414291354988624,20.0,5.5522800248316635,5.552280024824433,-8.960909224587912e-06,-9.091337928811747e-06,-0.13115882873535156,0.0002768915146589279,5.722051810153062e-07,0.49144890904426575,0.0,1.9767270714510232e-05,0,0.4620102047920227,0.0,1.0874480722122826e-05,1
502.543314747,270.49493408203125,-195.1552276611328,3.1414243418089,20.0,5.552274311632447,5.552274311525665,-3.443483454067268e-05,-3.090552403754072e-05,-0.13118743896484375,0.00045718858018517494,-6.103516625444172e-06,0.4914487302303314,0.0,3.353004649397917e-05,0,0.4620193541049957,0.0,2.4658007532707416e-05,1
502.74331475,269.3837890625,-195.15487670898438,3.14141635232563,20.0,5.552273362453283,5.552273362431645,-1.5500887945122182e-05,-1.5436926946477626e-05,-0.1312541961669922,-0.0003099883906543255,1.4877318790240679e-05,0.49145179986953735,0.0,-3.128430398646742e-05,0,0.4620145559310913,0.0,-6.151183242764091e-06,1
502.893314753,268.5504150390625,-195.15478515625,3.141420080751156,20.0,5.558840345325289,5.558840344853263,7.244193157328533e-05,6.381871621045438e-05,0.13121604919433594,-0.00046903500333428383,-1.33514404296875e-05,0.46200695633888245,0.0,-2.3059441446093842e-05,0,0.49144402146339417,0.0,-3.234034011256881e-05,1
503.043314755,267.71710205078125,-195.15478515625,3.1414291354988624,20.0,5.552277629525542,5.5522776291896205,6.10757875606597e-05,5.310673020371649e-05,-0.13116836547851562,0.0001104304101318121,1.144409225162235e-06,0.49145251512527466,0.0,-5.673078248946695e-06,0,0.4620072841644287,0.0,-1.5210655874398071e-05,1
503.243314758,266.60595703125,-195.15475463867188,3.1414336628727155,20.0,5.552272387682611,5.552272387664557,1.4159029783206195e-05,9.23786644501101e-06,0.13120651245117188,-5.548354238271713e-05,-4.95910626341356e-06,0.491450697183609,0.0,1.2716853234451264e-05,0,0.4914502501487732,0.0,-4.005235041404376e-06,1
503.39331476,265.7725830078125,-195.15475463867188,3.1414325976082793,20.0,5.558831764477979,5.55883176446729,-1.0901504908356598e-05,-1.3045048775468491e-05,0.13118743896484375,0.0002924143336713314,-6.675719305349048e-06,0.4620164930820465,0.0,2.012719960475806e-05,0,0.49145451188087463,0.0,1.2607987628143746e-05,1
503.593314763,264.6614685058594,-195.15475463867188,3.141425673389445,20.0,5.558836067489245,5.5588360673403265,-4.0689435709495565e-05,-4.055750195417895e-05,-0.13121604919433594,1.6693957149982452e-05,3.8146978909026075e-07,0.46201449632644653,0.0,3.130699769826606e-05,0,0.46201416850090027,0.0,1.74344313563779e-05,1
503.793314766,263.5503234863281,-195.15440368652344,3.141418216538393,20.0,5.5588370237938625,5.5588370237757125,-1.4205083410958298e-05,-1.430839943084029e-05,0.13123512268066406,-0.0003819866105914116,8.39233416627394e-06,0.4620128273963928,0.0,-1.9106730178464204e-05,0,0.4914485812187195,0.0,-6.937166745046852e-06,1
503.993314769,262.4391784667969,-195.15438842773438,3.141423010228355,20.0,5.558836055517403,5.558836055331506,4.546139826507497e-05,4.208339865675857e-05,-0.1312255859375,-0.00011490774340927601,7.820130122127011e-06,0.49144935607910156,0.0,-1.0859046597033739e-05,0,0.462018221616745,0.0,-2.005942224059254e-05,1
504.143314771,261.6058654785156,-195.1543731689453,3.141425673389445,20.0,5.552276685635443,5.552276685604856,1.842947337754193e-05,1.2455168712532655e-05,-0.1311969757080078,0.00023602391593158245,7.4386593951203395e-06,0.491447776556015,0.0,8.311559213325381e-06,0,0.462012380361557,0.0,2.4958599169622175e-06,1
504.343314774,260.4947509765625,-195.1543731689453,3.1414248744411184,20.0,5.55227716913131,5.5522771691054205,-1.6955663167151835e-05,-1.7017565230851148e-05,-0.1312255859375,0.0004395260475575924,1.449584942747606e-05,0.4914487302303314,0.0,2.8324726372375153e-05,0,0.46201178431510925,0.0,1.9282326320535503e-05,1
504.543314777,259.38360595703125,-195.1540985107422,3.141418216538393,20.0,5.552277176706012,5.552277176656962,-2.333813251715152e-05,-2.2929570727705564e-05,-0.1311969757080078,-0.00032765441574156284,-2.6702878130890895e-06,0.4914464056491852,0.0,-2.4794522687443532e-05,0,0.4620145559310913,0.0,-4.2263095565431286e-06,1
504.74331478,258.2724609375,-195.15403747558594,3.141423010228355,20.0,5.552274298612068,5.552274298380471,5.071272408357448e-05,4.554970989967814e-05,-0.13118743896484375,0.00012698117643594742,-2.4795529043331044e-06,0.4914495348930359,0.0,-1.2954882549820468e-05,0,0.4620162546634674,0.0,-1.1797314982686657e-05,1
504.893314782,257.4390869140625,-195.15402221679688,3.1414267386538812,20.0,5.558834625418435,5.558834625374523,2.209533074113588e-05,1.6732488213391957e-05,0.13123512268066406,0.0003230792935937643,5.340575626178179e-06,0.4620140492916107,0.0,1.1937991985178087e-05,0,0.49145054817199707,0.0,5.541715836443473e-06,1
505.093314785,256.3279724121094,-195.15402221679688,3.141425673389445,20.0,5.558838447718457,5.558838447690046,-1.7772449596423193e-05,-1.6928356689560505e-05,0.1311969757080078,0.0004944088868796825,-9.346007573185489e-06,0.4620102047920227,0.0,9.9163044069428e-06,0,0.49144643545150757,0.0,2.0403873350005597e-05,1
505.293314788,255.21682739257812,-195.15386962890625,3.141419814435047,20.0,5.558834167123738,5.558834166920931,-4.7484020566790887e-05,-4.229176695518218e-05,0.1312255859375,0.000312246847897768,5.912781944061862e-06,0.46201765537261963,0.0,-2.0502238839981146e-06,0,0.49145179986953735,0.0,2.2605965568800457e-05,1
505.493314791,254.10569763183594,-195.15362548828125,3.1414174175900658,20.0,5.558832248324999,5.558832248238011,3.109813009003917e-05,2.864558787038216e-05,0.13115882873535156,-0.0009667163249105215,9.15527380129788e-06,0.46201661229133606,0.0,-2.8860531529062428e-05,0,0.49145379662513733,0.0,-3.632448715507053e-05,1
505.693314794,252.99456787109375,-195.15362548828125,3.1414267386538812,20.0,5.558838914912874,5.558838914803921,3.480388089411273e-05,3.057682056794405e-05,0.13118743896484375,-0.0001952238380908966,9.91821252682712e-06,0.46200957894325256,0.0,-4.886002898274455e-06,0,0.49144798517227173,0.0,-1.3726524230150972e-05,1
505.893314797,251.88343811035156,-195.1536102294922,3.1414291354988624,20.0,5.558837012459446,5.5588370124527176,-8.649264423460553e-06,-1.0362976421468727e-05,0.13120651245117188,-3.8765138015151024e-05,2.47955313170678e-06,0.46201711893081665,0.0,1.0886960808420554e-05,0,0.4914481043815613,0.0,3.1304953154176474e-06,1
506.0933148,250.7722930908203,-195.1536102294922,3.141425673389445,20.0,5.558834157976943,5.55883415790537,-2.8208635077977543e-05,-2.612406163234397e-05,0.1311969757080078,0.0003684393595904112,9.91821252682712e-06,0.4620150029659271,0.0,2.7363737899577245e-05,0,0.49145373702049255,0.0,1.9148961655446328e-05,1
506.243314803,249.93898010253906,-195.15341186523438,3.141418482854502,20.0,5.5522733702189315,5.552273369780739,-6.975621577099555e-05,-6.563895609424388e-05,-0.1312541961669922,-0.00045149587094783783,5.722046125811175e-07,0.49145153164863586,0.0,-5.579462140303804e-06,0,0.4620169401168823,0.0,7.537257715739543e-06,1
506.443314806,248.82785034179688,-195.15321350097656,3.141417950222284,20.0,5.552276686386451,5.552276686096604,5.673283442705486e-05,4.8586614049719484e-05,0.13120651245117188,-0.0010734738316386938,9.536745437799254e-07,0.46200963854789734,0.0,-3.234364703530446e-05,0,0.4914526641368866,0.0,-3.439787178649567e-05,1
506.593314808,247.9944610595703,-195.15321350097656,3.141425673389445,20.0,5.558837960893753,5.558837960727772,4.2957210467858354e-05,3.779147334115925e-05,0.1312255859375,-0.00016145524568855762,-1.316070574830519e-05,0.46201106905937195,0.0,-5.841860911459662e-06,0,0.4914495646953583,0.0,-1.4922323316568509e-05,1
506.74331481,247.16114807128906,-195.1531982421875,3.1414291354988624,20.0,5.552275254051527,5.552275254048505,5.793487105139329e-06,4.41482872073375e-06,-0.13116836547851562,0.00039806123822927475,7.05719003235572e-06,0.49145370721817017,0.0,2.893337750720093e-06,0,0.4620095491409302,0.0,1.122155117627699e-05,1
506.943314813,246.05001831054688,-195.1531982421875,3.1414267386538812,20.0,5.5522724021059595,5.55227240199475,-3.514165643111624e-05,-3.069814727248194e-05,-0.13118743896484375,-2.278946340084076e-05,1.602172778802924e-05,0.4914504885673523,0.0,1.6599167793174274e-05,0,0.46201831102371216,0.0,9.41206053539645e-06,1
507.143314816,244.9388885498047,-195.1530303955078,3.141419281802829,20.0,5.55227289163293,5.55227289125494,-6.478731722513177e-05,-5.8111080369273594e-05,0.13118743896484375,0.000682466197758913,-8.77380352903856e-06,0.4914502501487732,0.0,3.5507625284481037e-07,0,0.4914526641368866,0.0,3.283089608885348e-05,1
507.343314819,243.82774353027344,-195.1527862548828,3.141417683906175,20.0,5.55227573437997,5.552275734171473,4.811724722675554e-05,4.217055200133091e-05,0.1312255859375,-0.0010440102778375149,-1.7166138377433526e-06,0.4620131850242615,0.0,-3.510744863888249e-05,0,0.4914507269859314,0.0,-3.151275450363755e-05,1
507.543314822,242.71661376953125,-195.1527862548828,3.1414278039183174,20.0,5.552279063018332,5.552279062800878,4.914001955148646e-05,4.374085233127761e-05,0.1311969757080078,-0.0002956495154649019,-1.7166138377433526e-06,0.46201372146606445,0.0,-1.0998021934938151e-05,0,0.4914441704750061,0.0,-2.0302290067775175e-05,1
507.693314824,241.88323974609375,-195.15277099609375,3.1414304670794073,20.0,5.558838917063731,5.558838917063688,6.936033249602208e-07,-1.1029964204187104e-06,0.13124465942382812,1.655775122344494e-05,-1.144409225162235e-06,0.4620142877101898,0.0,9.457069609197788e-06,0,0.4914448857307434,0.0,1.593263732502237e-06,1
507.893314827,240.77210998535156,-195.15277099609375,3.1414278039183174,20.0,5.558829863612882,5.558829863563219,-2.349746790415444e-05,-2.219729286031373e-05,0.13121604919433594,0.00032113981433212757,-1.602172778802924e-05,0.46202266216278076,0.0,2.390418558206875e-05,0,0.4914548993110657,0.0,1.6206919099204242e-05,1
508.09331483,239.6609649658203,-195.15255737304688,3.141419281802829,20.0,5.5588346440355645,5.558834643854189,-4.490519913479103e-05,-4.2934857615505365e-05,0.1311969757080078,-0.0002541812136769295,8.77380352903856e-06,0.4620139002799988,0.0,-4.69409587822156e-06,0,0.4914507269859314,0.0,5.6014519032032695e-06,1
508.293314833,238.54983520507812,-195.15237426757812,3.141420080751156,20.0,5.558836532888929,5.558836532582593,5.835880329928572e-05,5.127283235419251e-05,0.1311969757080078,-0.0004021241329610348,1.7166144061775412e-06,0.46201595664024353,0.0,-1.741427695378661e-05,0,0.49144619703292847,0.0,-2.6520365281612612e-05,1
508.493314836,237.43870544433594,-195.15235900878906,3.1414291354988624,20.0,5.558837005474677,5.558837005366602,3.466334682292056e-05,3.0379732993376114e-05,-0.13120651245117188,0.00012171221897006035,7.820128303137608e-06,0.49144765734672546,0.0,-2.1306684629962547e-06,0,0.4620157778263092,0.0,-1.1235318197577726e-05,1
508.643314838,236.6053924560547,-195.15235900878906,3.1414304670794073,20.0,5.552277160665065,5.5522771606643015,2.912170618315089e-06,9.90022571747304e-07,-0.1311779022216797,0.00025254907086491585,1.3351440202313825e-06,0.4914485216140747,0.0,1.54246899910504e-05,0,0.4620124399662018,0.0,6.825905984442215e-06,1
508.843314841,235.49424743652344,-195.15235900878906,3.1414267386538812,20.0,5.552271447522347,5.552271447441959,-2.987768911782588e-05,-2.8702633548150916e-05,-0.13121604919433594,0.00045670196413993835,1.5640256606275216e-05,0.49145758152008057,0.0,3.286798164481297e-05,0,0.46201667189598083,0.0,2.3907794457045384e-05,1
509.043314844,234.38311767578125,-195.15208435058594,3.141418216538393,20.0,5.552275748360868,5.552275748248089,-3.538876459483554e-05,-3.321859054477534e-05,0.13121604919433594,-0.0001018354669213295,3.0517576306010596e-06,0.46200883388519287,0.0,-1.2204051245134906e-06,0,0.49144986271858215,0.0,1.1057095434807707e-05,1
509.193314847,233.54974365234375,-195.15199279785156,3.141420080751156,20.0,5.558835580450192,5.558835580217647,5.084647336857633e-05,4.557446978816973e-05,0.13124465942382812,-0.00036369776353240013,2.47955313170678e-06,0.46201568841934204,0.0,-1.4597323570342269e-05,0,0.49145153164863586,0.0,-2.4094964828691445e-05,1
509.39331485,232.43861389160156,-195.15199279785156,3.1414270049699904,20.0,5.558837008468816,5.558837008399543,2.7751809713361226e-05,2.185816406757161e-05,0.1312255859375,0.0002687692176550627,1.9073479506914737e-06,0.46201035380363464,0.0,1.2193649126857053e-05,0,0.49145248532295227,0.0,2.1167370505281724e-06,1
509.593314853,231.3274688720703,-195.15196228027344,3.1414267386538812,20.0,5.558837014640163,5.558837014633847,-8.380466045013022e-06,-9.834101058353664e-06,-0.13124465942382812,0.00021357438527047634,8.010864803509321e-06,0.49145203828811646,0.0,1.5094963600859046e-05,0,0.46201542019844055,0.0,7.06615719536785e-06,1
509.743314855,230.49415588378906,-195.15196228027344,3.1414243418089,20.0,5.5522790786787395,5.552279078614257,-2.675900166558673e-05,-2.3506352594255295e-05,-0.13126373291015625,0.00043395906686782837,1.9073695511906408e-07,0.49144378304481506,0.0,3.071427272516303e-05,0,0.4620119333267212,0.0,2.127435254806187e-05,1
509.943314858,229.38302612304688,-195.1516571044922,3.141416884957848,20.0,5.552275270537468,5.552275270491915,-2.2490963286040144e-05,-2.0936192457404137e-05,0.13123512268066406,-0.00027924543246626854,3.4332288123550825e-06,0.46201851963996887,0.0,-3.13523150907713e-06,0,0.4914496839046478,0.0,3.689963250508299e-06,1
510.09331486,228.5496368408203,-195.1515655517578,3.141419281802829,20.0,5.558831287938507,5.558831287600665,6.128641517204369e-05,5.285347470222736e-05,0.13121604919433594,-0.00039429287426173687,-1.144409225162235e-06,0.46202078461647034,0.0,-1.8127724615624174e-05,0,0.4914543628692627,0.0,-2.7234398658038117e-05,1
510.243314862,227.71632385253906,-195.1515655517578,3.1414267386538812,20.0,5.552270480500695,5.552270480261413,5.15472765645855e-05,4.488586612093602e-05,-0.13124465942382812,0.00011738389730453491,4.19616708313697e-06,0.49145281314849854,0.0,-2.3646452973480336e-06,0,0.46202048659324646,0.0,-1.1949173313041683e-05,1
510.393314864,226.88294982910156,-195.1515350341797,3.141430200763298,20.0,5.558838916779251,5.55883891677783,3.974374569302563e-06,3.0540126722037768e-06,-0.13126373291015625,0.0002582930028438568,4.5776364459015895e-06,0.49144381284713745,0.0,-2.0981749457860133e-06,0,0.4620148837566376,0.0,2.5946126243070466e-06,1
510.543314867,226.04962158203125,-195.1515350341797,3.1414291354988624,20.0,5.552277643053438,5.552277643004093,-2.3408556854116068e-05,-2.2077061312504623e-05,-0.1311779022216797,-1.9294675439596176e-05,-1.1062620615120977e-05,0.491447776556015,0.0,1.3662880519405007e-05,0,0.46201562881469727,0.0,6.72527494316455e-06,1
510.74331487,224.93849182128906,-195.15145874023438,3.141423542860573,20.0,5.552271455783691,5.552271455467928,-5.921481111593632e-05,-5.2981106177320753e-05,-0.13126373291015625,1.4514662325382233e-05,1.277923547604587e-05,0.4914538562297821,0.0,1.2022020200674888e-05,0,0.4620209336280823,0.0,1.809577406675089e-05,1
510.943314873,223.82736206054688,-195.15118408203125,3.141418482854502,20.0,5.552275261774831,5.552275261743863,1.854420505139362e-05,1.4483838865581072e-05,-0.13120651245117188,-0.0006675196345895529,-1.0681151252356358e-05,0.49145203828811646,0.0,-2.0947611119481735e-05,0,0.46201279759407043,0.0,-2.8127728000981733e-05,1
511.143314876,222.7162322998047,-195.15118408203125,3.141425673389445,20.0,5.552278589969526,5.552278589846287,3.6993496012690735e-05,3.318226141247354e-05,-0.1312255859375,0.0001459987834095955,-2.0980837689421605e-06,0.4914439618587494,0.0,2.122295200024382e-06,0,0.46201154589653015,0.0,-7.2666830419620965e-06,1
511.343314879,221.60508728027344,-195.1511688232422,3.1414267386538812,20.0,5.552277642234852,5.552277642232393,-5.225658198259832e-06,-5.596106624112663e-06,-0.1312255859375,0.0002432498149573803,-3.814693627646193e-07,0.491447389125824,0.0,1.764469016052317e-05,0,0.46201348304748535,0.0,8.74784655024996e-06,1
511.543314882,220.49395751953125,-195.15115356445312,3.141422211280028,20.0,5.552277651482877,5.5522776513792005,-3.393056545199004e-05,-3.144911391833642e-05,-0.13118743896484375,0.0004732632078230381,-5.91278057981981e-06,0.49144741892814636,0.0,3.165119778714143e-05,0,0.4620131552219391,0.0,2.5466459192102775e-05,1
511.743314885,219.38282775878906,-195.15077209472656,3.141415553377303,20.0,5.55227288289769,5.5522728828960615,4.2532845899612895e-06,1.5417767291258225e-06,-0.1312255859375,-0.0004256179090589285,-8.01086389401462e-06,0.4914529323577881,0.0,-3.9193069824250415e-05,0,0.4620167016983032,0.0,-1.58143066073535e-05,1
511.943314888,218.27169799804688,-195.15077209472656,3.1414246081250092,20.0,5.5522728650960165,5.552272864763661,6.0750795250095145e-05,5.560623139733905e-05,-0.1311969757080078,0.00017913058400154114,1.5640256606275216e-05,0.49145179986953735,0.0,-1.3949375897936989e-05,0,0.46201542019844055,0.0,-1.31508613776532e-05,1
512.143314891,217.1605682373047,-195.1507568359375,3.1414294018149715,20.0,5.552275253798876,5.552275253795784,5.8597745528580454e-06,2.1413062098716584e-06,-0.1312732696533203,0.00037794699892401695,1.9073581825068686e-07,0.4914470613002777,0.0,3.148855057588662e-06,0,0.46201401948928833,0.0,1.1241328138567042e-05,1
512.293314893,216.32717895507812,-195.1507568359375,3.1414278039183174,20.0,5.558837014664052,5.5588370146452295,-1.4465893418811947e-05,-1.6395299818935536e-05,0.13124465942382812,0.00048558576963841915,-5.34057608092553e-06,0.4620175361633301,0.0,9.428660632693209e-06,0,0.49144676327705383,0.0,1.980494380404707e-05,1
512.493314896,215.21604919433594,-195.1506805419922,3.141422211280028,20.0,5.558834641062773,5.558834640884015,-4.457988824355338e-05,-4.135419494916386e-05,0.1311969757080078,0.000699162483215332,9.5367431640625e-06,0.46201691031455994,0.0,1.003341549221659e-05,0,0.49144792556762695,0.0,3.357218884048052e-05,1
512.743314899,213.82716369628906,-195.1503448486328,3.141417683906175,20.0,5.552275734319152,5.552275734107307,4.850199942543256e-05,4.1477677426038e-05,0.13121604919433594,-0.0010383734479546547,-5.7220458984375e-06,0.46201369166374207,0.0,-3.485455454210751e-05,0,0.4914490580558777,0.0,-3.126014053123072e-05,1
512.943314902,212.71603393554688,-195.1503448486328,3.1414278039183174,20.0,5.552275725067318,5.552275724844236,4.9771777713495276e-05,4.3991844373405206e-05,-0.1311969757080078,0.00013736775144934654,-7.820128303137608e-06,0.49145299196243286,0.0,-1.3975827641843352e-06,0,0.46201008558273315,0.0,-1.0982859748764895e-05,1
513.193314906,211.32708740234375,-195.15032958984375,3.1414304670794073,20.0,5.5588360573901,5.558836057384987,-7.540043209138815e-06,-8.139266779163349e-06,0.13118743896484375,0.0004269741475582123,-8.77380352903856e-06,0.46201351284980774,0.0,9.400434464623686e-06,0,0.49145060777664185,0.0,1.544064980407711e-05,1
513.393314909,210.21595764160156,-195.15032958984375,3.1414254070733363,20.0,5.558834160900908,5.558834160730128,-4.357375765432438e-05,-4.0039027532241346e-05,0.13123512268066406,0.0006918434519320726,-8.77380352903856e-06,0.462016761302948,0.0,2.0341169147286564e-05,0,0.4914521276950836,0.0,3.288642255938612e-05,1
513.593314912,209.1048126220703,-195.14996337890625,3.141417683906175,20.0,5.558832732152216,5.558832732141922,-1.0697750803455253e-05,-1.0352699421961876e-05,0.13116836547851562,-0.0008719251491129398,6.675720669591101e-06,0.4620152711868286,0.0,-3.112678314209916e-05,0,0.4914554953575134,0.0,-2.212820436398033e-05,1
513.793314915,207.99368286132812,-195.14996337890625,3.1414246081250092,20.0,5.558836531644143,5.558836531493747,4.0890708416133944e-05,3.692020403342237e-05,0.1312255859375,-0.0002102029975503683,-7.629387255292386e-07,0.4620133638381958,0.0,-6.779438990633935e-06,0,0.4914500117301941,0.0,-1.586198413860984e-05,1
513.993314918,206.88255310058594,-195.14993286132812,3.1414278039183174,20.0,5.558837966638559,5.55883796663684,-4.3704910363897495e-06,-6.488117367242149e-06,0.13120651245117188,-0.00012252829037606716,1.3160704838810489e-05,0.4620128870010376,0.0,7.080714112817077e-06,0,0.49144572019577026,0.0,-7.853194574636291e-07,1
514.193314921,205.77142333984375,-195.14993286132812,3.141425673389445,20.0,5.558836540413872,5.558836540384642,-1.802684447637762e-05,-1.8189643004976004e-05,0.13124465942382812,0.00029009999707341194,2.47955313170678e-06,0.4620136022567749,0.0,2.2009895474184304e-05,0,0.4914507269859314,0.0,1.4070142242417205e-05,1
514.393314924,204.66029357910156,-195.14971923828125,3.141418216538393,20.0,5.558833690960608,5.55883369080032,-4.221402749415608e-05,-3.970299524943368e-05,-0.13118743896484375,-7.753493264317513e-05,1.583099401614163e-05,0.462018758058548,0.0,-2.880379042835557e-06,0,0.4620160460472107,0.0,1.571097527630627e-05,1
514.593314927,203.5491485595703,-195.14952087402344,3.141420080751156,20.0,5.55883653234676,5.558836532003486,6.177710528710266e-05,5.585513878120369e-05,-0.13124465942382812,-0.0007781654130667448,1.5640256606275216e-05,0.4914472997188568,0.0,-2.9645429094671272e-05,0,0.46201983094215393,0.0,-3.7376998079707846e-05,1
514.79331493,202.43801879882812,-195.14950561523438,3.1414294018149715,20.0,5.55883843454026,5.558838434377982,4.2475384592366386e-05,3.58291434752596e-05,0.1311969757080078,0.0001880084164440632,-1.3923644473834429e-05,0.4620124399662018,0.0,2.8497129278548528e-06,0,0.4914453327655792,0.0,-4.113453996978933e-06,1
514.993314933,201.32688903808594,-195.14950561523438,3.1414312660277344,20.0,5.558837963938866,5.558837963934409,-7.03930242999017e-06,-8.84659884555768e-06,0.1312541961669922,0.0004454131703823805,-4.76837158203125e-06,0.46201613545417786,0.0,7.69722737459233e-06,0,0.49144718050956726,0.0,1.6166195564437658e-05,1
515.193314936,200.21575927734375,-195.14950561523438,3.1414267386538812,20.0,5.558835589678088,5.558835589527285,-4.0946025899920145e-05,-3.714731393790593e-05,0.13124465942382812,0.000656576594337821,2.6702878130890895e-06,0.4620109796524048,0.0,1.9069337213295512e-05,0,0.4914535582065582,0.0,3.100493995589204e-05,1
515.44331494,198.82687377929688,-195.14915466308594,3.141418482854502,20.0,5.552272876829005,5.552272876781109,2.3062159074280817e-05,1.562476562785553e-05,0.1312255859375,-0.0008159258868545294,-5.149840944795869e-06,0.46201521158218384,0.0,-2.787646371871233e-05,0,0.491452157497406,0.0,-1.828131644288078e-05,1
515.643314943,197.7157440185547,-195.14915466308594,3.141425673389445,20.0,5.552276682209472,5.552276682068335,3.958859834524661e-05,3.283376791219345e-05,0.1311969757080078,-0.00026597175747156143,-1.621246337890625e-05,0.4620095193386078,0.0,-6.7740647864411585e-06,0,0.4914493262767792,0.0,-1.5857118341955356e-05,1
515.843314946,196.60459899902344,-195.14913940429688,3.1414267386538812,20.0,5.552277642095127,5.552277642093408,-4.369714555805959e-06,-7.156048681325885e-06,-0.13120651245117188,0.00023572356440126896,-3.2424923119833693e-06,0.49144792556762695,0.0,1.7661206584307365e-05,0,0.4620119035243988,0.0,9.002348633657675e-06,1
516.093314949,195.2156524658203,-195.14901733398438,3.141420080751156,20.0,5.5588346432843085,5.558834643100601,-4.5192837872608524e-05,-4.411727740771837e-05,0.13123512268066406,0.0006152968853712082,1.3351438610698096e-05,0.46201545000076294,0.0,6.982764375607076e-07,0,0.4914512038230896,0.0,3.190961797372438e-05,1
516.293314952,194.10452270507812,-195.14874267578125,3.14141635232563,20.0,5.558834634993258,5.558834634947671,2.2512732057823036e-05,1.847280095837149e-05,0.1311779022216797,-0.0011625676415860653,-9.72747784544481e-06,0.462016761302948,0.0,-3.2318457670044154e-05,0,0.4914477467536926,0.0,-3.918279253412038e-05,1
516.493314955,192.99339294433594,-195.14874267578125,3.1414267386538812,20.0,5.558834622411223,5.558834622261019,4.086462385115828e-05,3.711933562963995e-05,-0.1311779022216797,0.00018685590475797653,1.3160706657799892e-05,0.4914496839046478,0.0,-1.3937398762209341e-05,0,0.46201351284980774,0.0,-1.2897095984953921e-05,1
516.693314958,191.88226318359375,-195.1487274169922,3.1414291354988624,20.0,5.5588355822442335,5.55883558223439,-1.0461153552524161e-05,-1.2667675850022202e-05,0.13120651245117188,-4.923553206026554e-05,9.155272891803179e-06,0.46201446652412415,0.0,1.0922602996288333e-05,0,0.49144890904426575,0.0,3.1621925700164866e-06,1
516.943314962,190.49337768554688,-195.1487274169922,3.1414243418089,20.0,5.552275265342446,5.552275265234498,-3.462233516611189e-05,-3.124996606747351e-05,0.13118743896484375,0.00031751347705721855,2.0980833141948096e-06,0.4914477467536926,0.0,3.3590920793358237e-05,0,0.49145030975341797,0.0,1.6632588085485622e-05,1
517.193314966,189.10443115234375,-195.1483154296875,3.14141635232563,20.0,5.558837021767579,5.55883702176228,7.67601955067163e-06,5.468531024362571e-06,-0.13118743896484375,-0.0003576977178454399,-6.484984623966739e-06,0.49144822359085083,0.0,-3.12492556986399e-05,0,0.46200865507125854,0.0,-8.85476401890628e-06,1
517.393314969,187.99330139160156,-195.1483154296875,3.141425673389445,20.0,5.558836052520349,5.558836052301054,4.937667354539232e-05,4.3628731851485775e-05,0.1312541961669922,-0.00027620233595371246,8.77380352903856e-06,0.4620119333267212,0.0,-1.0970079529215582e-05,0,0.4914523959159851,0.0,-1.9797324057435617e-05,1
517.593314972,186.8821563720703,-195.14830017089844,3.1414312660277344,20.0,5.558834148437464,5.558834148437077,-2.0746882764268077e-06,-3.4380660663945956e-07,0.13121604919433594,1.5140976756811142e-05,-4.577635991154239e-06,0.46201565861701965,0.0,1.0208430467173457e-05,0,0.4914517402648926,0.0,1.6223484635702334e-06,1
517.843314975,185.49327087402344,-195.14830017089844,3.1414267386538812,20.0,5.552275739818966,5.55227573971314,-3.428038582285544e-05,-2.9692076159232593e-05,-0.1311779022216797,0.0004429020918905735,1.7166144061775412e-06,0.4914502501487732,0.0,3.290486347395927e-05,0,0.46201232075691223,0.0,2.394077819189988e-05,1
518.093314979,184.1043243408203,-195.14791870117188,3.141417683906175,20.0,5.558836068796796,5.558836068795548,-3.7245871206462135e-06,-5.1895672774186495e-06,-0.13120651245117188,-0.0003388640470802784,-3.223419116693549e-05,0.4914494454860687,0.0,-2.2356385670718737e-05,0,0.4620136320590973,0.0,-4.182354132353794e-06,1
518.293314982,182.99319458007812,-195.14791870117188,3.1414248744411184,20.0,5.55883414711023,5.558834146954239,4.1644375471108425e-05,3.669618657521193e-05,-0.1312255859375,8.836854249238968e-05,-3.43322744811303e-06,0.4620155096054077,0.0,-9.106425750360359e-06,0,0.46201786398887634,0.0,-1.456916106690187e-05,1
518.493314985,181.88206481933594,-195.1479034423828,3.1414291354988624,20.0,5.558834627572119,5.558834627570377,-4.400786129689431e-06,-4.793323216707479e-06,-0.1312255859375,0.00034463126212358475,-3.0517576306010596e-06,0.4914538860321045,0.0,4.2620968088158406e-07,0,0.4620145261287689,0.0,7.424343039019732e-06,1
518.643314987,181.0487518310547,-195.1479034423828,3.1414270049699904,20.0,5.552276691765064,5.552276691705558,-2.5705786013907785e-05,-2.6005886297168502e-05,-0.13123512268066406,6.402493454515934e-05,-2.861022494471399e-06,0.4914495050907135,0.0,1.6877920643310063e-05,0,0.46201375126838684,0.0,1.0646241207723506e-05,1
518.893314991,179.65980529785156,-195.1476593017578,3.141418216538393,20.0,5.558838935051014,5.558838934933705,-3.6113765415756456e-05,-3.383865853182605e-05,-0.13124465942382812,-0.00037860358133912086,5.340575626178179e-06,0.462009459733963,0.0,-8.369942406716291e-06,0,0.4620133340358734,0.0,8.296203304780647e-06,1
519.093314994,178.5486602783203,-195.14752197265625,3.141421412331701,20.0,5.558837008178515,5.558837007849406,6.0489108634850054e-05,5.50088487996703e-05,0.1312732696533203,-0.0002664967905730009,2.365112231927924e-05,0.46201473474502563,0.0,-1.3367650353757199e-05,0,0.4914485812187195,0.0,-2.358761958021205e-05,1
519.343314998,177.15977478027344,-195.14749145507812,3.1414291354988624,20.0,5.552274300478273,5.552274300475899,5.133838556850538e-06,3.371483927901908e-06,0.13116836547851562,0.0003141153138130903,-5.149840944795869e-06,0.462015300989151,0.0,8.38655796542298e-06,0,0.4914555549621582,0.0,4.066489054821432e-06,1
519.543315001,176.04864501953125,-195.14749145507812,3.1414267386538812,20.0,5.55227764571242,5.552277645652431,-2.580969114382556e-05,-2.63024644921106e-05,-0.13124465942382812,-4.6514905989170074e-05,-6.294249942584429e-06,0.4914487600326538,0.0,1.4088218449614942e-05,0,0.4620082974433899,0.0,7.26213966117939e-06,1
519.743315004,174.93751525878906,-195.14735412597656,3.141420613383374,20.0,5.552275750272559,5.5522757499566975,-5.92241464305755e-05,-5.480651503832366e-05,-0.13115882873535156,-7.018912583589554e-05,8.01086389401462e-06,0.4914504587650299,0.0,4.201575848128414e-06,0,0.46201568841934204,0.0,1.6207963199121878e-05,1
519.993315008,173.54856872558594,-195.14707946777344,3.141420080751156,20.0,5.558831287137723,5.558831286794214,6.179826049100982e-05,5.5133330937231946e-05,0.1311779022216797,-0.00045695574954152107,-1.1825560250144918e-05,0.46201783418655396,0.0,-2.0193519958411343e-05,0,0.4914558231830597,0.0,-2.963105362141505e-05,1
520.243315011,172.15968322753906,-195.14706420898438,3.1414312660277344,20.0,5.552279064296146,5.552279064253453,2.1773471554471875e-05,1.9522613322190927e-05,0.1311969757080078,0.00018321326933801174,-1.392364538332913e-05,0.46201035380363464,0.0,2.867957618946093e-06,0,0.4914452135562897,0.0,-4.09689300795435e-06,1
520.443315014,171.04855346679688,-195.14706420898438,3.1414304670794073,20.0,5.552275734853825,5.552275734794441,-2.5679430623441097e-05,-2.416581371425161e-05,-0.1311969757080078,-5.558831617236137e-06,-7.4386593951203395e-06,0.49145328998565674,0.0,1.489324222347932e-05,0,0.46201658248901367,0.0,7.712901606282685e-06,1
520.643315017,169.9374237060547,-195.14698791503906,3.1414243418089,20.0,5.552274793322987,5.552274792979104,-6.179526259467296e-05,-5.498072013593506e-05,-0.1312255859375,1.9690487533807755e-05,-7.05719003235572e-06,0.4914489686489105,0.0,1.2774370588886086e-05,0,0.4620143175125122,0.0,1.908694684971124e-05,1
520.84331502,168.82627868652344,-195.14671325683594,3.141419281802829,20.0,5.552275736456513,5.552275736391577,2.6853106390304222e-05,2.2053376262435157e-05,-0.13121604919433594,-0.0006485276389867067,-2.288817313456093e-06,0.49144992232322693,0.0,-2.2863448975840583e-05,0,0.46201372146606445,0.0,-3.0389626772375777e-05,1
521.043315023,167.71514892578125,-195.14671325683594,3.1414267386538812,20.0,5.552272389651669,5.5522723895068005,4.010850749482719e-05,3.322180693271906e-05,-0.1312255859375,0.0001810502726584673,-2.8610227218450746e-06,0.4914536476135254,0.0,3.11376038553135e-06,0,0.46201950311660767,0.0,-6.039289928594371e-06,1
521.293315027,166.32620239257812,-195.14669799804688,3.1414270049699904,20.0,5.558837968784516,5.558837968769912,-1.2742228126953059e-05,-1.5509413521389982e-05,0.13118743896484375,0.0004690047353506088,-2.0980837689421605e-06,0.46201205253601074,0.0,8.736850759305526e-06,0,0.4914461374282837,0.0,1.8639577319845557e-05,1
521.49331503,165.21507263183594,-195.14662170410156,3.141421944963919,20.0,5.558837025545384,5.558837025364574,-4.4835060062639846e-05,-3.9605361722287924e-05,0.13123512268066406,0.0006867945194244385,-9.536745437799254e-07,0.46201223134994507,0.0,9.822517313295975e-06,0,0.4914524257183075,0.0,3.289060987299308e-05,1
521.743315034,163.82618713378906,-195.1462860107422,3.141417683906175,20.0,5.552275734085845,5.55227573386219,4.98355968084831e-05,4.2813732062203376e-05,0.13120651245117188,-0.0010233430657535791,-1.1444080882938579e-06,0.46201208233833313,0.0,-3.5071989259449765e-05,0,0.4914534091949463,0.0,-3.147804090986028e-05,1
521.993315037,162.437255859375,-195.14627075195312,3.1414291354988624,20.0,5.558832713621138,5.558832713500013,3.669647890802475e-05,3.0087413515509217e-05,-0.1311969757080078,0.0001401605550199747,1.602172778802924e-05,0.49145543575286865,0.0,-1.3695034795091487e-06,0,0.46201586723327637,0.0,-1.0957308404613286e-05,1
522.19331504,161.32614135742188,-195.14627075195312,3.141430200763298,20.0,5.558836058627758,5.55883605861096,-1.3665863402553026e-05,-1.2460023771908224e-05,0.13118743896484375,0.00046562403440475464,2.0980837689421605e-06,0.4620128870010376,0.0,9.186732313537505e-06,0,0.4914471507072449,0.0,1.8255042959935963e-05,1
522.443315044,159.93728637695312,-195.14614868164062,3.141422211280028,20.0,5.552274796187434,5.552274795797047,-6.584130689660837e-05,-5.8432410325384624e-05,-0.13123512268066406,-0.0001530931331217289,-1.411438006471144e-05,0.49145084619522095,0.0,5.6465914894943126e-06,0,0.46201902627944946,0.0,1.4696951438963879e-05,1
522.693315048,158.54837036132812,-195.1458740234375,3.1414203470672653,20.0,5.558838916511714,5.55883891618353,6.040403623226433e-05,5.159248401817371e-05,-0.13123512268066406,-0.0006791087798774242,1.5068053471622989e-05,0.49144861102104187,0.0,-2.6243222237098962e-05,0,0.46201252937316895,0.0,-3.36335324391257e-05,1
522.893315051,157.437255859375,-195.14585876464844,3.1414291354988624,20.0,5.558834621084934,5.558834620968177,3.602850796152521e-05,2.9790827193244458e-05,0.1311969757080078,0.00022469437681138515,-4.95910626341356e-06,0.4620177745819092,0.0,5.514761141967028e-06,0,0.49145248532295227,0.0,-1.3691094409296056e-06,1
523.093315054,156.32614135742188,-195.14585876464844,3.1414304670794073,20.0,5.558832719556494,5.558832719551217,-7.66008489018203e-06,-7.232556249125559e-06,0.13120651245117188,0.0004513759631663561,2.47955313170678e-06,0.4620180130004883,0.0,9.42641963774804e-06,0,0.49145153164863586,0.0,1.6190653695957735e-05,1
523.343315057,154.93728637695312,-195.145751953125,3.1414224775961372,20.0,5.552272888157293,5.552272887793651,-6.354587292178052e-05,-5.844274421615011e-05,-0.13126373291015625,2.239597961306572e-05,-5.912781944061862e-06,0.4914509057998657,0.0,8.493576387991197e-06,0,0.46201878786087036,0.0,2.036984915321227e-05,1
523.593315061,153.54835510253906,-195.14547729492188,3.141420080751156,20.0,5.558838440654749,5.55883844037338,5.5930008308791455e-05,4.8568039053774124e-05,0.13118743896484375,-0.00041531166061758995,1.907349087559851e-06,0.46201473474502563,0.0,-1.7372434740536846e-05,0,0.49144741892814636,0.0,-2.648290501383599e-05,1
523.843315065,152.1595001220703,-195.1454620361328,3.1414291354988624,20.0,5.552273345345438,5.552273345327357,1.4169490390965495e-05,1.0154804194704342e-05,0.1312732696533203,0.00024956068955361843,-1.525879156361043e-06,0.462013304233551,0.0,8.396021257794928e-06,0,0.4914510250091553,0.0,3.946585991343454e-07,1
524.043315068,151.0483856201172,-195.1454620361328,3.1414278039183174,20.0,5.552272400001247,5.55227239992663,-2.878507282893206e-05,-2.5879179305027976e-05,-0.1311969757080078,-1.4778925105929375e-05,4.76837158203125e-06,0.4914506673812866,0.0,1.5054852156026755e-05,0,0.4620184898376465,0.0,8.228416845668107e-06,1
524.243315071,149.93727111816406,-195.14532470703125,3.141421412331701,20.0,5.552275750189786,5.55227574982982,-6.32238039746498e-05,-5.571912803644516e-05,-0.1312255859375,-7.731141522526741e-05,-2.8610236313397763e-06,0.49144691228866577,0.0,4.928025191475172e-06,0,0.46201393008232117,0.0,1.621583942323923e-05,1
524.493315075,148.54833984375,-195.14505004882812,3.141420080751156,20.0,5.558838439303398,5.558838438933923,6.409142371593198e-05,5.590925455915258e-05,0.13123512268066406,-0.00044554821215569973,5.531310307560489e-06,0.4620104730129242,0.0,-2.0187186237308197e-05,0,0.4914475977420807,0.0,-2.938568650279194e-05,1
524.743315078,147.15948486328125,-195.14503479003906,3.1414312660277344,20.0,5.552271434604679,5.552271434554374,2.3634885776046872e-05,1.935055383776245e-05,-0.1312255859375,0.000331514747813344,-7.05719003235572e-06,0.49145442247390747,0.0,-1.4691063654481695e-07,0,0.4620193541049957,0.0,3.832885340671055e-06,1
524.943315081,146.04837036132812,-195.14503479003906,3.1414312660277344,20.0,5.552275258109656,5.552275258024795,-3.0697682509088966e-05,-2.5493306215991943e-05,-0.13121604919433594,-2.1901214495301247e-05,-1.411438006471144e-05,0.4914477467536926,0.0,1.5617770259268582e-05,0,0.46201473474502563,0.0,7.717843800492119e-06,1
525.193315085,144.65945434570312,-195.1448516845703,3.141421944963919,20.0,5.558838456683771,5.558838456473887,-4.8305622052482406e-05,-4.407970885871052e-05,-0.1312255859375,1.684296876192093e-05,3.814699311988079e-07,0.4914461374282837,0.0,1.2779613825841807e-05,0,0.4620150327682495,0.0,1.9092049114988185e-05,1
525.393315088,143.54833984375,-195.14468383789062,3.141420613383374,20.0,5.558838918153053,5.558838917938794,4.880632176160671e-05,4.1208171342885005e-05,0.1311969757080078,-0.00028344104066491127,9.5367431640625e-06,0.4620101749897003,0.0,-1.1262291991442908e-05,0,0.4914490878582001,0.0,-2.019680687226355e-05,1
525.643315092,142.15948486328125,-195.14466857910156,3.1414278039183174,20.0,5.5522733476786925,5.552273347674044,7.185206501818672e-06,4.653547489725499e-06,0.13120651245117188,0.0002821744419634342,-5.340575626178179e-06,0.4620209038257599,0.0,1.0078897503262851e-05,0,0.4914495348930359,0.0,3.116964535365696e-06,1
525.893315095,140.7705535888672,-195.14466857910156,3.1414246081250092,20.0,5.55883701973562,5.558837019672495,-2.6491388488943344e-05,-2.363675955003797e-05,0.13120651245117188,0.00036494573578238487,1.0108947208209429e-05,0.462012380361557,0.0,2.646558641572483e-05,0,0.4914490282535553,0.0,1.8244705643155612e-05,1
526.143315099,139.38169860839844,-195.144287109375,3.14141635232563,20.0,5.552272882456555,5.55227288245606,2.3463700793080207e-06,1.1602843939943455e-06,0.13126373291015625,-0.0005163031164556742,-5.531310307560489e-06,0.46201464533805847,0.0,-1.8294287656317465e-05,0,0.49144959449768066,0.0,-8.376966434298083e-06,1
526.343315102,138.2705841064453,-195.144287109375,3.1414246081250092,20.0,5.552271435612755,5.552271435347443,5.4278618142853463e-05,4.9063830118160423e-05,-0.13121604919433594,0.00021814019419252872,-1.4686585018353071e-05,0.49145323038101196,0.0,-1.1469940545794088e-05,0,0.4620179831981659,0.0,-9.823716027312912e-06,1
526.593315106,136.88165283203125,-195.14427185058594,3.1414278039183174,20.0,5.558838445549171,5.558838445524156,-1.6676442560297326e-05,-1.7384589026801958e-05,0.13121604919433594,-2.648681402206421e-05,-8.201597665902227e-06,0.46201175451278687,0.0,1.2377813618513756e-05,0,0.4914453327655792,0.0,5.44096837984398e-06,1
526.84331511,135.4927978515625,-195.1442108154297,3.141422211280028,20.0,5.552279082658469,5.552279082530659,-3.767319034075176e-05,-3.350872174101533e-05,-0.1312255859375,0.00046332599595189095,-9.5367431640625e-06,0.49144572019577026,0.0,2.315290657861624e-05,0,0.46201401948928833,0.0,2.5507380996714346e-05,1
527.093315113,134.10386657714844,-195.14385986328125,3.1414174175900658,20.0,5.558836540181672,5.558836540104767,2.9240485803506033e-05,2.6000936757666982e-05,0.13126373291015625,-0.0010581454262137413,5.7220458984375e-06,0.4620128870010376,0.0,-3.1344468879979104e-05,0,0.49145179986953735,0.0,-3.844992534141056e-05,1
527.293315116,132.99276733398438,-195.14385986328125,3.1414270049699904,20.0,5.558832714490619,5.55883271432433,4.29970247885527e-05,3.55928618871513e-05,0.1311969757080078,-0.0002107466571033001,-1.3351439065445447e-06,0.46201571822166443,0.0,-7.177753559517441e-06,0,0.4914538264274597,0.0,-1.5654957678634673e-05,1
527.493315119,131.88165283203125,-195.1438446044922,3.1414312660277344,20.0,5.558837010444059,5.55883701043792,-8.261700792243574e-06,-7.815448338444563e-06,0.13118743896484375,5.418667569756508e-05,-1.9073468138230965e-06,0.46201199293136597,0.0,1.2858346053690184e-05,0,0.49144455790519714,0.0,4.856835403188597e-06,1
527.743315123,130.49278259277344,-195.1438446044922,3.1414254070733363,20.0,5.552276695275479,5.552276695150527,-3.724963499864902e-05,-3.3933922944415665e-05,-0.1311969757080078,0.0004615797661244869,-9.34600848268019e-06,0.4914498031139374,0.0,3.457220736891031e-05,0,0.46201246976852417,0.0,2.5690806069178507e-05,1
527.993315127,129.10386657714844,-195.1434783935547,3.141417683906175,20.0,5.5588346357100775,5.558834635699292,1.0950245083778637e-05,9.551165590416066e-06,0.13120651245117188,-0.0009465112816542387,1.6975403923424892e-05,0.4620174467563629,0.0,-2.605024928925559e-05,0,0.491451621055603,0.0,-3.003840902238153e-05,1
528.24331513,127.71500396728516,-195.1434783935547,3.1414267386538812,20.0,5.552274298731364,5.552274298654435,2.9227717520721403e-05,2.5974047510637784e-05,-0.13128280639648438,0.0001795950811356306,1.4114379155216739e-05,0.4914495050907135,0.0,5.840075118612731e-06,0,0.4620147943496704,0.0,-3.934605047106743e-06,1
528.493315134,126.32608032226562,-195.14344787597656,3.141426472337772,20.0,5.558834631761197,5.558834631741576,-1.476954797970263e-05,-1.3555242471528246e-05,0.1312255859375,0.00044910935685038567,1.7166144061775412e-06,0.4620201289653778,0.0,8.260681170213502e-06,0,0.49145060777664185,0.0,1.768470974639058e-05,1
528.743315138,124.93722534179688,-195.1432647705078,3.141418482854502,20.0,5.552274322667689,5.552274322308292,-6.3173927553916e-05,-5.68433846440233e-05,-0.1311969757080078,-0.0004114094190299511,-1.3542176020564511e-05,0.4914502203464508,0.0,-2.9219156658655265e-06,0,0.4620169401168823,0.0,5.910605068493169e-06,1
529.043315142,123.27055358886719,-195.14303588867188,3.141423542860573,20.0,5.552275726116829,5.552275725716194,6.669991037394334e-05,5.948349258337009e-05,0.13121604919433594,-0.00032738898880779743,9.91821252682712e-06,0.4620139002799988,0.0,-1.737113962008152e-05,0,0.4914501905441284,0.0,-2.696092451515142e-05,1
529.293315146,121.88162994384766,-195.1430206298828,3.1414312660277344,20.0,5.5588327177952825,5.558832717795137,-1.2722937115693879e-06,-1.1048391638430371e-06,0.13118743896484375,3.6156270653009415e-05,-1.1634825568762608e-05,0.46201902627944946,0.0,1.0223914614471141e-05,0,0.4914534091949463,0.0,2.3555385268991813e-06,1
529.54331515,120.49276733398438,-195.1430206298828,3.1414267386538812,20.0,5.552275739731654,5.552275739628925,-3.3775085171199684e-05,-2.99739317091714e-05,-0.13120651245117188,0.00044281245209276676,1.335145043412922e-06,0.49145135283470154,0.0,3.2923606340773404e-05,0,0.4620148241519928,0.0,2.395778392383363e-05,1
529.793315154,119.10384368896484,-195.14263916015625,3.141417683906175,20.0,5.558838930036573,5.558838930034395,-4.9207196019616005e-06,-5.973416054850652e-06,0.1312255859375,-0.0008273439016193151,-6.103516625444172e-06,0.46201014518737793,0.0,-3.110442776232958e-05,0,0.49144992232322693,0.0,-2.2345235265675e-05,1
529.993315157,117.99272918701172,-195.14263916015625,3.1414248744411184,20.0,5.558837961943291,5.558837961793011,4.0874927175104564e-05,3.6412221985042174e-05,0.1312541961669922,-0.0002910313196480274,-2.174377368646674e-05,0.4620112180709839,0.0,-9.094241249840707e-06,0,0.49144792556762695,0.0,-1.829093525884673e-05,1
530.24331516,116.60387420654297,-195.14260864257812,3.1414291354988624,0.0,5.552276684765105,5.552276684763256,4.531429837048803e-06,2.14367176872414e-06,0.13120651245117188,-0.00011147931218147278,-1.525879156361043e-06,0.0,1.0,0.0,0,0.4914547801017761,0.0,-2.0635150121961487e-06,1
530.443315163,115.63969421386719,-195.14263916015625,3.1414294018149715,0.0,2.9883253454123144,2.9883253454120435,-1.2718887630422882e-06,6.702152949349928e-06,26.190654754638672,-0.004242965020239353,0.027710340917110443,0.0,1.0,0.0,0,0.0,1.0,0.0,1
530.693315167,115.48368072509766,-195.14260864257812,3.1414357934015875,0.0,0.009777392778890052,-0.00977739274613411,8.003345706555435e-07,2.4196478102657582e-05,-0.02156279981136322,7.073981578287203e-06,-0.0010890967678278685,0.0,1.0,0.0,0,0.0,1.0,0.0,1
530.943315171,115.480712890625,-195.14260864257812,3.1414373912982416,0.0,0.0030887171704892962,-0.003088716991331147,-1.0520160038175043e-06,1.4223657869268075e-06,-0.016298815608024597,-4.8044094000943005e-06,-0.0013235092628747225,0.0,1.0,0.0,0,0.0,1.0,0.0,1
531.193315174,115.48001098632812,-195.14260864257812,3.1414373912982416,0.0,0.0006366904839071093,-0.0006366903066450851,-4.751021539814522e-07,1.849909397421606e-09,-0.004836353473365307,8.828840236674296e-07,-0.00018177030142396688,0.0,1.0,0.0,0,0.0,1.0,0.0,1
531.443315178,115.47996520996094,-195.14260864257812,3.1414373912982416,0.0,0.0,0.0,-0.0,-0.0,0.0,-0.0,0.0,0.0,1.0,0.0,0,0.0,1.0,0.0,1
531.643315181,115.47996520996094,-195.14260864257812,3.1414373912982416,0.0,0.0,0.0,-0.0,-0.0,0.0,-0.0,0.0,0.0,1.0,0.0,0,0.0,1.0,0.0,1
531.893315185,115.47996520996094,-195.14260864257812,3.1414373912982416,0.0,0.0,0.0,-0.0,-0.0,0.0,-0.0,0.0,0.0,1.0,0.0,0,0.0,1.0,0.0,1
532.043315187,115.47996520996094,-195.14260864257812,3.1414373912982416,0.0,0.0,0.0,-0.0,-0.0,0.0,-0.0,0.0,0.0,1.0,0.0,0,0.0,1.0,0.0,1
532.24331519,115.47996520996094,-195.14260864257812,3.1414373912982416,0.0,0.0,0.0,-0.0,-0.0,0.0,-0.0,0.0,0.0,1.0,0.0,0,0.0,1.0,0.0,1
532.443315193,115.47996520996094,-195.14260864257812,3.1414373912982416,0.0,0.0,0.0,-0.0,-0.0,0.0,-0.0,0.0,0.0,1.0,0.0,0,0.0,1.0,0.0,1
532.593315195,115.47996520996094,-195.14260864257812,3.1414373912982416,0.0,0.0,0.0,-0.0,-0.0,0.0,-0.0,0.0,0.0,1.0,0.0,0,0.0,1.0,0.0,1
532.793315198,115.47996520996094,-195.14260864257812,3.1414373912982416,0.0,0.0,0.0,-0.0,-0.0,0.0,-0.0,0.0,0.0,1.0,0.0,0,0.0,1.0,0.0,1
533.043315202,115.47996520996094,-195.14260864257812,3.1414373912982416,0.0,0.0,0.0,-0.0,-0.0,0.0,-0.0,0.0,0.0,1.0,0.0,0,0.0,1.0,0.0,1
533.293315206,115.47996520996094,-195.14260864257812,3.1414373912982416,0.0,0.0,0.0,-0.0,-0.0,0.0,-0.0,0.0,0.0,1.0,0.0,0,0.0,1.0,0.0,1
533.543315209,115.47996520996094,-195.14260864257812,3.1414373912982416,0.0,0.0,0.0,-0.0,-0.0,0.0,-0.0,0.0,0.0,1.0,0.0,0,0.0,1.0,0.0,1
533.793315213,115.47996520996094,-195.14260864257812,3.1414373912982416,0.0,0.0,0.0,-0.0,-0.0,0.0,-0.0,0.0,0.0,1.0,0.0,0,0.0,1.0,0.0,1
534.093315218,115.47996520996094,-195.14260864257812,3.1414373912982416,0.0,0.0,0.0,-0.0,-0.0,0.0,-0.0,0.0,0.0,1.0,0.0,0,0.0,1.0,0.0,1
534.393315222,115.47996520996094,-195.14260864257812,3.1414373912982416,0.0,0.0,0.0,-0.0,-0.0,0.0,-0.0,0.0,0.0,1.0,0.0,0,0.0,1.0,0.0,1
534.593315225,115.47996520996094,-195.14260864257812,3.1414373912982416,0.0,0.0,0.0,-0.0,-0.0,0.0,-0.0,0.0,0.0,1.0,0.0,0,0.0,1.0,0.0,1
534.843315229,115.47996520996094,-195.14260864257812,3.1414373912982416,0.0,0.0,0.0,-0.0,-0.0,0.0,-0.0,0.0,0.0,1.0,0.0,0,0.0,1.0,0.0,1
535.043315232,115.47996520996094,-195.14260864257812,3.1414373912982416,0.0,0.0,0.0,-0.0,-0.0,0.0,-0.0,0.0,0.0,1.0,0.0,0,0.0,1.0,0.0,1
535.343315236,115.47996520996094,-195.14260864257812,3.1414373912982416,0.0,0.0,0.0,-0.0,-0.0,0.0,-0.0,0.0,0.0,1.0,0.0,0,0.0,1.0,0.0,1
535.59331524,115.47996520996094,-195.14260864257812,3.1414373912982416,0.0,0.0,0.0,-0.0,-0.0,0.0,-0.0,0.0,0.0,1.0,0.0,0,0.0,1.0,0.0,1
535.893315244,115.47996520996094,-195.14260864257812,3.1414373912982416,0.0,0.0,0.0,-0.0,-0.0,0.0,-0.0,0.0,0.0,1.0,0.0,0,0.0,1.0,0.0,1
536.193315249,115.47996520996094,-195.14260864257812,3.1414373912982416,0.0,0.0,0.0,-0.0,-0.0,0.0,-0.0,0.0,0.0,1.0,0.0,0,0.0,1.0,0.0,1
536.443315253,115.47996520996094,-195.14260864257812,3.1414373912982416,0.0,0.0,0.0,-0.0,-0.0,0.0,-0.0,0.0,0.0,1.0,0.0,0,0.0,1.0,0.0,1
536.743315257,115.47996520996094,-195.14260864257812,3.1414373912982416,0.0,0.0,0.0,-0.0,-0.0,0.0,-0.0,0.0,0.0,1.0,0.0,0,0.0,1.0,0.0,1
536.993315261,115.47996520996094,-195.14260864257812,3.1414373912982416,0.0,0.0,0.0,-0.0,-0.0,0.0,-0.0,0.0,0.0,1.0,0.0,0,0.0,1.0,0.0,1
537.243315265,115.47996520996094,-195.14260864257812,3.1414373912982416,0.0,0.0,0.0,-0.0,-0.0,0.0,-0.0,0.0,0.0,1.0,0.0,0,0.0,1.0,0.0,1
537.493315268,115.47996520996094,-195.14260864257812,3.1414373912982416,0.0,0.0,0.0,-0.0,-0.0,0.0,-0.0,0.0,0.0,1.0,0.0,0,0.0,1.0,0.0,1
537.743315272,115.47996520996094,-195.14260864257812,3.1414373912982416,0.0,0.0,0.0,-0.0,-0.0,0.0,-0.0,0.0,0.0,1.0,0.0,0,0.0,1.0,0.0,1
538.043315276,115.47996520996094,-195.14260864257812,3.1414373912982416,0.0,0.0,0.0,-0.0,-0.0,0.0,-0.0,0.0,0.0,1.0,0.0,0,0.0,1.0,0.0,1
538.29331528,115.47996520996094,-195.14260864257812,3.1414373912982416,0.0,0.0,0.0,-0.0,-0.0,0.0,-0.0,0.0,0.0,1.0,0.0,0,0.0,1.0,0.0,1
538.593315285,115.47996520996094,-195.14260864257812,3.1414373912982416,0.0,0.0,0.0,-0.0,-0.0,0.0,-0.0,0.0,0.0,1.0,0.0,0,0.0,1.0,0.0,1
538.843315288,115.47996520996094,-195.14260864257812,3.1414373912982416,0.0,0.0,0.0,-0.0,-0.0,0.0,-0.0,0.0,0.0,1.0,0.0,0,0.0,1.0,0.0,1
539.093315292,115.47996520996094,-195.14260864257812,3.1414373912982416,0.0,0.0,0.0,-0.0,-0.0,0.0,-0.0,0.0,0.0,1.0,0.0,0,0.0,1.0,0.0,1
539.343315296,115.47996520996094,-195.14260864257812,3.1414373912982416,0.0,0.0,0.0,-0.0,-0.0,0.0,-0.0,0.0,0.0,1.0,0.0,0,0.0,1.0,0.0,1
539.5933153,115.47996520996094,-195.14260864257812,3.1414373912982416,0.0,0.0,0.0,-0.0,-0.0,0.0,-0.0,0.0,0.0,1.0,0.0,0,0.0,1.0,0.0,1
539.793315303,115.47996520996094,-195.14260864257812,3.1414373912982416,0.0,0.0,0.0,-0.0,-0.0,0.0,-0.0,0.0,0.0,1.0,0.0,0,0.0,1.0,0.0,1
540.043315306,115.47996520996094,-195.14260864257812,3.1414373912982416,0.0,0.0,0.0,-0.0,-0.0,0.0,-0.0,0.0,0.0,1.0,0.0,0,0.0,1.0,0.0,1
540.29331531,115.47996520996094,-195.14260864257812,3.1414373912982416,0.0,0.0,0.0,-0.0,-0.0,0.0,-0.0,0.0,0.0,1.0,0.0,0,0.0,1.0,0.0,1
540.493315313,115.47996520996094,-195.14260864257812,3.1414373912982416,0.0,0.0,0.0,-0.0,-0.0,0.0,-0.0,0.0,0.0,1.0,0.0,0,0.0,1.0,0.0,1
540.793315317,115.47996520996094,-195.14260864257812,3.1414373912982416,0.0,0.0,0.0,-0.0,-0.0,0.0,-0.0,0.0,0.0,1.0,0.0,0,0.0,1.0,0.0,1
541.043315321,115.47996520996094,-195.14260864257812,3.1414373912982416,0.0,0.0,0.0,-0.0,-0.0,0.0,-0.0,0.0,0.0,1.0,0.0,0,0.0,1.0,0.0,1
541.243315324,115.47996520996094,-195.14260864257812,3.1414373912982416,0.0,0.0,0.0,-0.0,-0.0,0.0,-0.0,0.0,0.0,1.0,0.0,0,0.0,1.0,0.0,1
541.543315329,115.47996520996094,-195.14260864257812,3.1414373912982416,0.0,0.0,0.0,-0.0,-0.0,0.0,-0.0,0.0,0.0,1.0,0.0,0,0.0,1.0,0.0,1
541.793315332,115.47996520996094,-195.14260864257812,3.1414373912982416,0.0,0.0,0.0,-0.0,-0.0,0.0,-0.0,0.0,0.0,1.0,0.0,0,0.0,1.0,0.0,1
542.093315337,115.47996520996094,-195.14260864257812,3.1414373912982416,0.0,0.0,0.0,-0.0,-0.0,0.0,-0.0,0.0,0.0,1.0,0.0,0,0.0,1.0,0.0,1
542.343315341,115.47996520996094,-195.14260864257812,3.1414373912982416,0.0,0.0,0.0,-0.0,-0.0,0.0,-0.0,0.0,0.0,1.0,0.0,0,0.0,1.0,0.0,1
542.593315344,115.47996520996094,-195.14260864257812,3.1414373912982416,0.0,0.0,0.0,-0.0,-0.0,0.0,-0.0,0.0,0.0,1.0,0.0,0,0.0,1.0,0.0,1
542.843315348,115.47996520996094,-195.14260864257812,3.1414373912982416,0.0,0.0,0.0,-0.0,-0.0,0.0,-0.0,0.0,0.0,1.0,0.0,0,0.0,1.0,0.0,1
543.143315352,115.47996520996094,-195.14260864257812,3.1414373912982416,0.0,0.0,0.0,-0.0,-0.0,0.0,-0.0,0.0,0.0,1.0,0.0,0,0.0,1.0,0.0,1
543.393315356,115.47996520996094,-195.14260864257812,3.1414373912982416,0.0,0.0,0.0,-0.0,-0.0,0.0,-0.0,0.0,0.0,1.0,0.0,0,0.0,1.0,0.0,1
543.693315361,115.47996520996094,-195.14260864257812,3.1414373912982416,0.0,0.0,0.0,-0.0,-0.0,0.0,-0.0,0.0,0.0,1.0,0.0,0,0.0,1.0,0.0,1
543.943315364,115.47996520996094,-195.14260864257812,3.1414373912982416,0.0,0.0,0.0,-0.0,-0.0,0.0,-0.0,0.0,0.0,1.0,0.0,0,0.0,1.0,0.0,1
544.193315368,115.47996520996094,-195.14260864257812,3.1414373912982416,0.0,0.0,0.0,-0.0,-0.0,0.0,-0.0,0.0,0.0,1.0,0.0,0,0.0,1.0,0.0,1
544.493315373,115.47996520996094,-195.14260864257812,3.1414373912982416,0.0,0.0,0.0,-0.0,-0.0,0.0,-0.0,0.0,0.0,1.0,0.0,0,0.0,1.0,0.0,1
544.743315376,115.47996520996094,-195.14260864257812,3.1414373912982416,0.0,0.0,0.0,-0.0,-0.0,0.0,-0.0,0.0,0.0,1.0,0.0,0,0.0,1.0,0.0,1
544.943315379,115.47996520996094,-195.14260864257812,3.1414373912982416,0.0,0.0,0.0,-0.0,-0.0,0.0,-0.0,0.0,0.0,1.0,0.0,0,0.0,1.0,0.0,1
545.193315383,115.47996520996094,-195.14260864257812,3.1414373912982416,0.0,0.0,0.0,-0.0,-0.0,0.0,-0.0,0.0,0.0,1.0,0.0,0,0.0,1.0,0.0,1
545.443315387,115.47996520996094,-195.14260864257812,3.1414373912982416,0.0,0.0,0.0,-0.0,-0.0,0.0,-0.0,0.0,0.0,1.0,0.0,0,0.0,1.0,0.0,1
545.69331539,115.47996520996094,-195.14260864257812,3.1414373912982416,0.0,0.0,0.0,-0.0,-0.0,0.0,-0.0,0.0,0.0,1.0,0.0,0,0.0,1.0,0.0,1
545.943315394,115.47996520996094,-195.14260864257812,3.1414373912982416,0.0,0.0,0.0,-0.0,-0.0,0.0,-0.0,0.0,0.0,1.0,0.0,0,0.0,1.0,0.0,1
546.193315398,115.47996520996094,-195.14260864257812,3.1414373912982416,0.0,0.0,0.0,-0.0,-0.0,0.0,-0.0,0.0,0.0,1.0,0.0,0,0.0,1.0,0.0,1
546.443315402,115.47996520996094,-195.14260864257812,3.1414373912982416,0.0,0.0,0.0,-0.0,-0.0,0.0,-0.0,0.0,0.0,1.0,0.0,0,0.0,1.0,0.0,1
546.693315405,115.47996520996094,-195.14260864257812,3.1414373912982416,0.0,0.0,0.0,-0.0,-0.0,0.0,-0.0,0.0,0.0,1.0,0.0,0,0.0,1.0,0.0,1
546.943315409,115.47996520996094,-195.14260864257812,3.1414373912982416,0.0,0.0,0.0,-0.0,-0.0,0.0,-0.0,0.0,0.0,1.0,0.0,0,0.0,1.0,0.0,1
547.193315413,115.47996520996094,-195.14260864257812,3.1414373912982416,0.0,0.0,0.0,-0.0,-0.0,0.0,-0.0,0.0,0.0,1.0,0.0,0,0.0,1.0,0.0,1
547.443315417,115.47996520996094,-195.14260864257812,3.1414373912982416,0.0,0.0,0.0,-0.0,-0.0,0.0,-0.0,0.0,0.0,1.0,0.0,0,0.0,1.0,0.0,1
547.69331542,115.47996520996094,-195.14260864257812,3.1414373912982416,0.0,0.0,0.0,-0.0,-0.0,0.0,-0.0,0.0,0.0,1.0,0.0,0,0.0,1.0,0.0,1
547.943315424,115.47996520996094,-195.14260864257812,3.1414373912982416,0.0,0.0,0.0,-0.0,-0.0,0.0,-0.0,0.0,0.0,1.0,0.0,0,0.0,1.0,0.0,1
548.193315428,115.47996520996094,-195.14260864257812,3.1414373912982416,0.0,0.0,0.0,-0.0,-0.0,0.0,-0.0,0.0,0.0,1.0,0.0,0,0.0,1.0,0.0,1
548.493315432,115.47996520996094,-195.14260864257812,3.1414373912982416,0.0,0.0,0.0,-0.0,-0.0,0.0,-0.0,0.0,0.0,1.0,0.0,0,0.0,1.0,0.0,1
548.743315436,115.47996520996094,-195.14260864257812,3.1414373912982416,0.0,0.0,0.0,-0.0,-0.0,0.0,-0.0,0.0,0.0,1.0,0.0,0,0.0,1.0,0.0,1
549.04331544,115.47996520996094,-195.14260864257812,3.1414373912982416,0.0,0.0,0.0,-0.0,-0.0,0.0,-0.0,0.0,0.0,1.0,0.0,0,0.0,1.0,0.0,1
549.293315444,115.47996520996094,-195.14260864257812,3.1414373912982416,0.0,0.0,0.0,-0.0,-0.0,0.0,-0.0,0.0,0.0,1.0,0.0,0,0.0,1.0,0.0,1
549.543315448,115.47996520996094,-195.14260864257812,3.1414373912982416,0.0,0.0,0.0,-0.0,-0.0,0.0,-0.0,0.0,0.0,1.0,0.0,0,0.0,1.0,0.0,1
549.843315452,115.47996520996094,-195.14260864257812,3.1414373912982416,0.0,0.0,0.0,-0.0,-0.0,0.0,-0.0,0.0,0.0,1.0,0.0,0,0.0,1.0,0.0,1
550.093315456,115.47996520996094,-195.14260864257812,3.1414373912982416,0.0,0.0,0.0,-0.0,-0.0,0.0,-0.0,0.0,0.0,1.0,0.0,0,0.0,1.0,0.0,1
550.34331546,115.47996520996094,-195.14260864257812,3.1414373912982416,0.0,0.0,0.0,-0.0,-0.0,0.0,-0.0,0.0,0.0,1.0,0.0,0,0.0,1.0,0.0,1
550.593315463,115.47996520996094,-195.14260864257812,3.1414373912982416,0.0,0.0,0.0,-0.0,-0.0,0.0,-0.0,0.0,0.0,1.0,0.0,0,0.0,1.0,0.0,1
550.893315468,115.47996520996094,-195.14260864257812,3.1414373912982416,0.0,0.0,0.0,-0.0,-0.0,0.0,-0.0,0.0,0.0,1.0,0.0,0,0.0,1.0,0.0,1
551.143315472,115.47996520996094,-195.14260864257812,3.1414373912982416,0.0,0.0,0.0,-0.0,-0.0,0.0,-0.0,0.0,0.0,1.0,0.0,0,0.0,1.0,0.0,1
551.443315476,115.47996520996094,-195.14260864257812,3.1414373912982416,0.0,0.0,0.0,-0.0,-0.0,0.0,-0.0,0.0,0.0,1.0,0.0,0,0.0,1.0,0.0,1
551.743315481,115.47996520996094,-195.14260864257812,3.1414373912982416,0.0,0.0,0.0,-0.0,-0.0,0.0,-0.0,0.0,0.0,1.0,0.0,0,0.0,1.0,0.0,1
551.993315484,115.47996520996094,-195.14260864257812,3.1414373912982416,0.0,0.0,0.0,-0.0,-0.0,0.0,-0.0,0.0,0.0,1.0,0.0,0,0.0,1.0,0.0,1
552.243315488,115.47996520996094,-195.14260864257812,3.1414373912982416,0.0,0.0,0.0,-0.0,-0.0,0.0,-0.0,0.0,0.0,1.0,0.0,0,0.0,1.0,0.0,1
552.543315493,115.47996520996094,-195.14260864257812,3.1414373912982416,0.0,0.0,0.0,-0.0,-0.0,0.0,-0.0,0.0,0.0,1.0,0.0,0,0.0,1.0,0.0,1
552.793315496,115.47996520996094,-195.14260864257812,3.1414373912982416,0.0,0.0,0.0,-0.0,-0.0,0.0,-0.0,0.0,0.0,1.0,0.0,0,0.0,1.0,0.0,1
553.0433155,115.47996520996094,-195.14260864257812,3.1414373912982416,0.0,0.0,0.0,-0.0,-0.0,0.0,-0.0,0.0,0.0,1.0,0.0,0,0.0,1.0,0.0,1
553.293315504,115.47996520996094,-195.14260864257812,3.1414373912982416,0.0,0.0,0.0,-0.0,-0.0,0.0,-0.0,0.0,0.0,1.0,0.0,0,0.0,1.0,0.0,1
553.543315507,115.47996520996094,-195.14260864257812,3.1414373912982416,0.0,0.0,0.0,-0.0,-0.0,0.0,-0.0,0.0,0.0,1.0,0.0,0,0.0,1.0,0.0,1
553.843315512,115.47996520996094,-195.14260864257812,3.1414373912982416,0.0,0.0,0.0,-0.0,-0.0,0.0,-0.0,0.0,0.0,1.0,0.0,0,0.0,1.0,0.0,1
554.093315516,115.47996520996094,-195.14260864257812,3.1414373912982416,0.0,0.0,0.0,-0.0,-0.0,0.0,-0.0,0.0,0.0,1.0,0.0,0,0.0,1.0,0.0,1
554.39331552,115.47996520996094,-195.14260864257812,3.1414373912982416,0.0,0.0,0.0,-0.0,-0.0,0.0,-0.0,0.0,0.0,1.0,0.0,0,0.0,1.0,0.0,1
554.643315524,115.47996520996094,-195.14260864257812,3.1414373912982416,0.0,0.0,0.0,-0.0,-0.0,0.0,-0.0,0.0,0.0,1.0,0.0,0,0.0,1.0,0.0,1
554.943315528,115.47996520996094,-195.14260864257812,3.1414373912982416,0.0,0.0,0.0,-0.0,-0.0,0.0,-0.0,0.0,0.0,1.0,0.0,0,0.0,1.0,0.0,1
555.193315532,115.47996520996094,-195.14260864257812,3.1414373912982416,0.0,0.0,0.0,-0.0,-0.0,0.0,-0.0,0.0,0.0,1.0,0.0,0,0.0,1.0,0.0,1
555.443315536,115.47996520996094,-195.14260864257812,3.1414373912982416,0.0,0.0,0.0,-0.0,-0.0,0.0,-0.0,0.0,0.0,1.0,0.0,0,0.0,1.0,0.0,1
555.693315539,115.47996520996094,-195.14260864257812,3.1414373912982416,0.0,0.0,0.0,-0.0,-0.0,0.0,-0.0,0.0,0.0,1.0,0.0,0,0.0,1.0,0.0,1
555.943315543,115.47996520996094,-195.14260864257812,3.1414373912982416,0.0,0.0,0.0,-0.0,-0.0,0.0,-0.0,0.0,0.0,1.0,0.0,0,0.0,1.0,0.0,1
556.243315548,115.47996520996094,-195.14260864257812,3.1414373912982416,0.0,0.0,0.0,-0.0,-0.0,0.0,-0.0,0.0,0.0,1.0,0.0,0,0.0,1.0,0.0,1
556.493315551,115.47996520996094,-195.14260864257812,3.1414373912982416,0.0,0.0,0.0,-0.0,-0.0,0.0,-0.0,0.0,0.0,1.0,0.0,0,0.0,1.0,0.0,1
556.793315556,115.47996520996094,-195.14260864257812,3.1414373912982416,0.0,0.0,0.0,-0.0,-0.0,0.0,-0.0,0.0,0.0,1.0,0.0,0,0.0,1.0,0.0,1
557.04331556,115.47996520996094,-195.14260864257812,3.1414373912982416,0.0,0.0,0.0,-0.0,-0.0,0.0,-0.0,0.0,0.0,1.0,0.0,0,0.0,1.0,0.0,1
557.343315564,115.47996520996094,-195.14260864257812,3.1414373912982416,0.0,0.0,0.0,-0.0,-0.0,0.0,-0.0,0.0,0.0,1.0,0.0,0,0.0,1.0,0.0,1
557.643315569,115.47996520996094,-195.14260864257812,3.1414373912982416,0.0,0.0,0.0,-0.0,-0.0,0.0,-0.0,0.0,0.0,1.0,0.0,0,0.0,1.0,0.0,1
557.893315572,115.47996520996094,-195.14260864257812,3.1414373912982416,0.0,0.0,0.0,-0.0,-0.0,0.0,-0.0,0.0,0.0,1.0,0.0,0,0.0,1.0,0.0,1
558.143315576,115.47996520996094,-195.14260864257812,3.1414373912982416,0.0,0.0,0.0,-0.0,-0.0,0.0,-0.0,0.0,0.0,1.0,0.0,0,0.0,1.0,0.0,1
558.39331558,115.47996520996094,-195.14260864257812,3.1414373912982416,0.0,0.0,0.0,-0.0,-0.0,0.0,-0.0,0.0,0.0,1.0,0.0,0,0.0,1.0,0.0,1
558.643315583,115.47996520996094,-195.14260864257812,3.1414373912982416,0.0,0.0,0.0,-0.0,-0.0,0.0,-0.0,0.0,0.0,1.0,0.0,0,0.0,1.0,0.0,1
558.893315587,115.47996520996094,-195.14260864257812,3.1414373912982416,0.0,0.0,0.0,-0.0,-0.0,0.0,-0.0,0.0,0.0,1.0,0.0,0,0.0,1.0,0.0,1
559.193315592,115.47996520996094,-195.14260864257812,3.1414373912982416,0.0,0.0,0.0,-0.0,-0.0,0.0,-0.0,0.0,0.0,1.0,0.0,0,0.0,1.0,0.0,1
559.443315595,115.47996520996094,-195.14260864257812,3.1414373912982416,0.0,0.0,0.0,-0.0,-0.0,0.0,-0.0,0.0,0.0,1.0,0.0,0,0.0,1.0,0.0,1
559.7433156,115.47996520996094,-195.14260864257812,3.1414373912982416,0.0,0.0,0.0,-0.0,-0.0,0.0,-0.0,0.0,0.0,1.0,0.0,0,0.0,1.0,0.0,1
560.043315604,115.47996520996094,-195.14260864257812,3.1414373912982416,0.0,0.0,0.0,-0.0,-0.0,0.0,-0.0,0.0,0.0,1.0,0.0,0,0.0,1.0,0.0,1
560.293315608,115.47996520996094,-195.14260864257812,3.1414373912982416,0.0,0.0,0.0,-0.0,-0.0,0.0,-0.0,0.0,0.0,1.0,0.0,0,0.0,1.0,0.0,1
560.593315612,115.47996520996094,-195.14260864257812,3.1414373912982416,0.0,0.0,0.0,-0.0,-0.0,0.0,-0.0,0.0,0.0,1.0,0.0,0,0.0,1.0,0.0,1
560.843315616,115.47996520996094,-195.14260864257812,3.1414373912982416,0.0,0.0,0.0,-0.0,-0.0,0.0,-0.0,0.0,0.0,1.0,0.0,0,0.0,1.0,0.0,1
561.09331562,115.47996520996094,-195.14260864257812,3.1414373912982416,0.0,0.0,0.0,-0.0,-0.0,0.0,-0.0,0.0,0.0,1.0,0.0,0,0.0,1.0,0.0,1
561.343315624,115.47988891601562,-195.14260864257812,3.1414373912982416,20.0,0.00018570407496392314,-0.00018570407496078353,1.0798508908146395e-09,-2.833649778919041e-09,0.2800469398498535,-4.995287235942669e-05,0.018488120287656784,1.0,0.0,2.3364584194496274e-05,0,1.0,0.0,2.336394572921563e-05,1
561.593315627,115.44339752197266,-195.142578125,3.1415915883253573,20.0,0.3962761351961701,0.39627595165786117,-0.0003813969975963715,0.01514554068030814,-4.333781719207764,0.00984257273375988,-0.0029281615279614925,1.0,0.0,0.00015841539425309747,0,1.0,0.0,7.086854020599276e-05,1
561.893315632,115.08744049072266,-195.14254760742188,-3.141395047036909,20.0,2.0954441475297823,2.0954441468667335,-5.271398354276194e-05,-0.0077858757623741,-5.496053695678711,0.0015950680244714022,-0.0004365920613054186,1.0,0.0,0.0003426221082918346,0,1.0,0.0,0.00035623402800410986,1
562.143315636,114.34061431884766,-195.14254760742188,-3.1413361911768187,20.0,3.921423920418481,3.92142381445414,-0.0009116261243024499,-0.0006895248504935838,-7.437639236450195,0.0018964761402457952,8.563994924770668e-05,1.0,0.0,0.0004003446374554187,0,1.0,0.0,0.00044448222615756094,1
562.393315639,113.128662109375,-195.14254760742188,-3.141511693492655,20.0,5.483917331948069,5.483917273608651,-0.000799910670068342,-0.0006268382256297544,1.0371208190917969,0.0021591875702142715,-0.01771373674273491,0.6504416465759277,0.0,0.0002640705497469753,0,0.33276572823524475,0.0,0.00028633963665924966,1
562.643315643,111.77938842773438,-195.142578125,3.1415385914196645,20.0,5.485186394947909,5.485186372122959,-0.0005003980526824798,-0.0004442153348437982,-0.3104114532470703,0.0008045288268476725,0.0017181399744004011,0.702646791934967,0.0,0.0001744366600178182,0,0.8813443779945374,0.0,0.0001840144395828247,1
562.943315648,109.9239501953125,-195.14224243164062,3.1414317986599523,20.0,7.399638802553759,7.399638795592629,-0.00032096682331556037,-0.0002965946771524573,-2.624502182006836,0.00021238112822175026,0.0012729644076898694,0.0,0.0,4.3431686208350584e-05,0,0.0,0.0,5.978019180474803e-05,2
563.193315651,108.08381652832031,-195.1417694091797,3.1414009059913073,20.0,7.099378242878858,7.099378242873697,8.560857787094716e-06,3.1984652924098305e-07,2.697572708129883,-0.0012851203791797161,-0.0003417968691792339,0.0,0.0,-1.9289698684588075e-05,0,0.0,0.0,-1.3609977941086981e-05,2
563.443315655,106.3962173461914,-195.1412811279297,3.141421944963919,20.0,6.614672203121805,6.614672201539039,0.0001447029823702462,0.0001439483594555379,0.025377273559570312,-0.0012970552779734135,4.9781796406023204e-05,0.0,0.0,-7.447442476404831e-05,0,0.0,0.0,-7.062219810904935e-05,0
563.693315659,104.96688842773438,-195.14126586914062,3.1414586965869624,20.0,5.100892432521983,5.100892431224675,0.0001150428271923472,0.00011337141291409258,3.6126232147216797,-0.000738964881747961,0.0001922607480082661,0.041175346821546555,0.0,-3.390630445210263e-05,0,0.0,0.0,-4.841561894863844e-05,1
563.893315662,104.0505142211914,-195.14126586914062,3.1414722787085214,20.0,4.225680881270942,4.225680881044613,4.3735424995434895e-05,3.2118181533719914e-05,-0.13002395629882812,0.00021341547835618258,0.004840468987822533,0.8925924897193909,0.0,0.002481673378497362,0,0.8879382014274597,0.0,-1.1022892067558132e-05,1
564.193315666,102.68405151367188,-195.13829040527344,3.13977877457134,20.0,4.8832155993454345,4.883121992212059,-0.030235721680078334,-0.024705504609527792,-1.1396980285644531,0.582583487033844,-0.0015567780937999487,0.3857817053794861,0.0,0.017576120793819427,0,0.31802046298980713,0.0,0.01703791879117489,1
564.44331567,101.4363784790039,-195.113037109375,3.1262818741668186,20.0,5.142815842503595,5.141952213457745,-0.09424555386307647,-0.12008680214304066,2.4982643127441406,1.0568454265594482,-0.023063085973262787,0.49665525555610657,0.0,0.07277286052703857,0,0.48279017210006714,0.0,0.0737379714846611,1
564.743315674,99.90523529052734,-195.0086212158203,3.082323737213971,20.0,5.25406445494728,5.249199932689098,-0.22603841133141958,-0.18103698043740854,1.0820388793945312,0.5371391773223877,-0.005426597781479359,0.1811765879392624,0.0,0.14637912809848785,0,0.8463492393493652,0.0,0.10463858395814896,1
564.993315678,98.60435485839844,-194.81455993652344,3.0152256598655334,20.0,5.374926919326447,5.360830427940049,-0.38901993647139027,-0.33665062616059366,-2.316293716430664,1.8578052520751953,0.00061206822283566,0.5960248708724976,0.0,0.21587403118610382,0,0.6814435720443726,0.0,0.17085643112659454,1
565.293315683,96.92183685302734,-194.354736328125,2.888643482725195,20.0,5.963009040137759,5.939067364341624,-0.5338123776917095,-0.44101628072381377,2.0898818969726562,2.1525120735168457,0.0011899948585778475,0.19150719046592712,0.0,0.29759863018989563,0,0.04727093130350113,0.0,0.2422218918800354,1
565.543315686,95.63411712646484,-193.7698516845703,2.744455147618343,20.0,5.427302919867873,5.378830753349685,-0.7237380125611774,-0.7075018999351211,3.564443588256836,3.032689094543457,0.00020580293494276702,0.7172505259513855,0.0,0.4535989463329315,0,0.6492387056350708,0.0,0.39156296849250793,1
565.79331569,94.57443237304688,-192.97666931152344,2.556809349843578,20.0,5.343059300534581,5.247445771492883,-1.0062780750222802,-0.8123554788995574,1.8361330032348633,4.588532447814941,0.0014614105457440019,0.6100707054138184,0.0,0.4619755148887634,0,0.676331639289856,0.0,0.48301994800567627,1
566.043315694,93.67375946044922,-191.8980255126953,2.3355326211910743,20.0,5.942058047786842,5.845001735705786,-1.069583354799767,-0.9181935619399687,2.953171730041504,3.5415172576904297,0.0001905440876726061,0.0,0.0,0.5105969309806824,0,0.15350235998630524,0.0,0.46861711144447327,1
566.243315697,93.11632537841797,-190.8978729248047,2.1539934517958605,20.0,5.575001892215652,5.502013236599498,-0.899164302278521,-0.8479448984429403,3.91477108001709,-0.028085708618164062,0.00018844613805413246,0.5861837863922119,0.0,0.409438818693161,0,0.5305719971656799,0.0,0.4083966910839081,1
566.4933157,92.65616607666016,-189.6295928955078,1.9701462538419303,20.0,5.355977663741272,5.306259301329486,-0.7280858201817515,-0.6433659900881517,2.7002382278442383,0.8195781707763672,-7.247916073538363e-05,0.6644300222396851,0.0,0.33513006567955017,0,0.673225462436676,0.0,0.34292706847190857,1
566.693315703,92.41989135742188,-188.57025146484375,1.8516616843120868,20.0,5.536521649349634,5.50084421147656,-0.6275228559837637,-0.5416851347988676,2.098515033721924,1.334991455078125,-0.00010223389836028218,0.42034587264060974,0.0,0.24899746477603912,0,0.4676674008369446,0.0,0.26576223969459534,1
566.943315707,92.241455078125,-187.1779022216797,1.7327209152875132,20.0,5.645093979039654,5.626335079645156,-0.45982562319218634,-0.4123284431453712,1.5679162740707397,-0.1617145538330078,-7.286071195267141e-05,0.43114057183265686,0.0,0.17473040521144867,0,0.41039374470710754,0.0,0.1874333769083023,1
567.193315711,92.165771484375,-185.78121948242188,1.648314554540487,20.0,5.553872426271494,5.5453565278825945,-0.3074408983344673,-0.27577881970367973,1.0973386764526367,-0.32623291015625,-0.0001222610444528982,0.4989808201789856,0.0,0.12498699873685837,0,0.4850141406059265,0.0,0.13444212079048157,1
567.393315714,92.15452575683594,-184.67501831054688,1.6026922082224484,20.0,5.5255872679473335,5.521437571061793,-0.21410699327420554,-0.1895647384982217,0.42745649814605713,0.06865501403808594,8.010865713004023e-06,0.503791332244873,0.0,0.06954808533191681,0,0.5095123648643494,0.0,0.07638952881097794,1
567.643315718,92.17410278320312,-183.29014587402344,1.5673788253260523,20.0,5.556491537899163,5.55524647592694,-0.1176214370185712,-0.10499763101227433,0.1738893985748291,0.13225555419921875,2.498627145541832e-05,0.47665631771087646,0.0,0.04122333601117134,0,0.4820213317871094,0.0,0.04582924395799637,1
567.843315721,92.20341491699219,-182.17770385742188,1.5519700415749627,20.0,5.5668309112431515,5.566491856072854,-0.06143948768381407,-0.055113814992377996,0.10888516902923584,-0.03138542175292969,-6.12258882028982e-05,0.474806010723114,0.0,0.018967023119330406,0,0.47209662199020386,0.0,0.02100648172199726,1
568.043315724,92.23702239990234,-181.0657196044922,1.544372309301076,20.0,5.557594464622131,5.5575351825549415,-0.02566959022970471,-0.023388910587403673,0.007769167423248291,-0.048675537109375,-3.7574765883618966e-05,0.4847978353500366,0.0,0.0065706828609108925,0,0.48269322514533997,0.0,0.007539849728345871,1
568.293315727,92.2785415649414,-179.6781005859375,1.5419168747760228,20.0,5.5515165663346275,5.5515165417418695,0.0005225458877375017,0.0012059608748888303,-0.05526214838027954,0.00308990478515625,1.1634827387752011e-05,0.48604121804237366,0.0,-0.005835933145135641,0,0.48649200797080994,0.0,-0.0011894822819158435,1
568.49331573,92.30769348144531,-178.56784057617188,1.5437609806728483,20.0,5.555011862185563,5.554996169858906,0.013203858345331361,0.01245962932855744,-0.1712632179260254,0.02201080322265625,-1.1634824659267906e-05,0.48125120997428894,0.0,-0.009101113304495811,0,0.4820624589920044,0.0,-0.009264573454856873,1
568.693315733,92.33224487304688,-177.456787109375,1.5471490542116468,20.0,5.557262344937957,5.55721654556113,0.022561830753330035,0.02066664396588149,-0.1261650025844574,0.00148773193359375,-2.746581958490424e-05,0.480877548456192,0.0,-0.01005619578063488,0,0.48062777519226074,0.0,-0.0105624720454216,1
568.943315737,92.35614013671875,-176.06776428222656,1.552233694522881,20.0,5.555868933232452,5.555820452180695,0.023210049293160027,0.02005316192224112,-0.11149078607559204,-0.0063610076904296875,2.1171566913835704e-05,0.4823356866836548,0.0,-0.009721237234771252,0,0.48194023966789246,0.0,-0.010294162668287754,1
569.14331574,92.37043762207031,-174.95684814453125,1.5561288339332309,20.0,5.5549927831327715,5.554951671350129,0.021371701419847188,0.018403448059640122,-0.0837358832359314,0.000972747802734375,-2.002716064453125e-05,0.4827600419521332,0.0,-0.009153246879577637,0,0.48284459114074707,0.0,-0.008797921240329742,1
569.393315744,92.38301849365234,-173.56817626953125,1.5605190549902264,20.0,5.555477890314168,5.55544972353291,0.017690649158936134,0.01637428575656787,-0.0790165364742279,0.0030803680419921875,1.811981201171875e-05,0.4821073114871979,0.0,-0.0070893955416977406,0,0.4822019338607788,0.0,-0.007581952027976513,1
569.643315747,92.39098358154297,-172.1792755126953,1.564062257662522,20.0,5.555781018227091,5.555762839700652,0.014212371153453614,0.012022679495081096,-0.0551566481590271,9.5367431640625e-05,-1.5068053471622989e-05,0.48209837079048157,0.0,-0.005233784671872854,0,0.48201310634613037,0.0,-0.006056488025933504,1
569.84331575,92.3948745727539,-171.06814575195312,1.5662634934615276,20.0,5.555591470224617,5.555580575877897,0.011002225262561246,0.009161994035604741,-0.03661368042230606,-0.0009250640869140625,3.662109520519152e-05,0.48228612542152405,0.0,-0.0040012989193201065,0,0.48226431012153625,0.0,-0.004306156188249588,1
570.093315754,92.39752960205078,-169.67947387695312,1.5682949527410397,20.0,5.555469709502405,5.555464522195936,0.0075918259341108355,0.007377226176669051,-0.02339824102818966,0.0002765655517578125,-4.1961669921875e-05,0.48230335116386414,0.0,-0.0026799265760928392,0,0.4823153018951416,0.0,-0.00291606318205595,1
570.343315758,92.39855194091797,-168.29080200195312,1.5696522327905986,20.0,5.555562178473181,5.555559970599306,0.004952974491867906,0.0037822068159683226,-0.0139067517593503,0.0002765655517578125,-4.0435788832837716e-05,0.4822128415107727,0.0,-0.001705104485154152,0,0.48222360014915466,0.0,-0.0018504863837733865,1
570.543315761,92.39864349365234,-167.1798553466797,1.5703656936466306,20.0,5.55559069452214,5.55558971915908,0.003292025961091257,0.0022994910988437312,-0.008907556533813477,-0.0001621246337890625,1.9073468138230965e-07,0.48222169280052185,0.0,-0.001123742782510817,0,0.482210636138916,0.0,-0.0012175561860203743,1
570.743315764,92.39835357666016,-166.0689239501953,1.5708309478890674,20.0,5.5555581941395715,5.555557800382742,0.0020916686653957442,0.0012319127815407045,-0.0050843507051467896,-0.000133514404296875,4.76837158203125e-06,0.4822528064250946,0.0,-0.0006961662438698113,0,0.4822480082511902,0.0,-0.0007533406605944037,1
570.993315767,92.39768981933594,-164.6802520751953,1.571170767244162,20.0,5.5555409552408195,5.555540859562416,0.0010310628356864793,0.0015384868356441092,0.0002206210047006607,5.7220458984375e-05,2.9182432626839727e-05,0.48225489258766174,0.0,-0.00024691244470886886,0,0.48225560784339905,0.0,-0.00028955438756383955,1
571.243315771,92.39697265625,-163.2914581298828,1.5713033926664477,20.0,5.555553864430563,5.555553853143289,0.0003541385585781323,-0.0003080421411598854,0.001247054897248745,4.76837158203125e-05,-9.346007573185489e-06,0.48224374651908875,0.0,-6.951295654289424e-05,0,0.48224690556526184,0.0,-0.00010016393207479268,1
571.493315775,92.39624786376953,-161.9025421142578,1.571335350599529,20.0,5.55556280140033,5.555562801203335,-4.6784989018871315e-05,0.0005802025428759002,0.0009329523891210556,-0.0,9.91821252682712e-06,0.48223984241485596,0.0,2.215936910943128e-05,0,0.48223599791526794,0.0,2.5877681764541194e-05,1
571.743315779,92.39551544189453,-160.5136260986328,1.5713007295053576,20.0,5.555555493886144,5.555555491508579,-0.0001625342708453531,-0.0007708667367413908,0.0008778879418969154,-2.86102294921875e-05,-2.2125243049231358e-05,0.48224517703056335,0.0,0.00013129475701134652,0,0.4822459816932678,0.0,8.140171848936006e-05,1
571.943315782,92.39503479003906,-159.40249633789062,1.5712527926057362,20.0,5.555555317937563,5.555555310007767,-0.0002968313427937271,-0.0008893116064456405,0.001832316629588604,-0.0,-5.340575626178179e-06,0.4822438359260559,0.0,0.00013198115630075336,0,0.48224374651908875,0.0,0.00014739137259311974,1
572.193315785,92.39453887939453,-158.01358032226562,1.571190341478174,0.0,5.555551365654731,5.555551356309684,-0.0003222324880839179,0.00033873445504652627,-0.0025659543462097645,-0.5148792266845703,1.792907642084174e-05,0.0,1.0,0.0,0,0.0,1.0,0.0,1
572.443315789,92.39423370361328,-156.87380981445312,1.5708309478890679,0.0,2.1574695504987056,2.157469530928391,-0.00029059372868546815,0.0005233006862089809,0.0001234377850778401,-25.941368103027344,0.01598815992474556,0.0,1.0,0.0,0,0.0,1.0,0.0,1
572.643315792,92.39422607421875,-156.79530334472656,1.570854250548606,0.0,0.00982699453621587,-0.009826933353470275,-3.4676811705047575e-05,2.7186211271965224e-05,-0.00016193676856346428,0.012393500655889511,0.0002080912236124277,0.0,1.0,0.0,0,0.0,1.0,0.0,1
572.893315796,92.39422607421875,-156.79208374023438,1.5708565142355322,0.0,0.0034365921587398225,-0.0034365848816429317,-7.0722539031552995e-06,1.8494266233438737e-06,-4.7996298235375434e-05,0.023229476064443588,-0.0021659850608557463,0.0,1.0,0.0,0,0.0,1.0,0.0,1
573.093315799,92.39422607421875,-156.79136657714844,1.5708563810774778,0.0,0.0009848156713661493,-0.000984812777069654,-2.3876115085342737e-06,6.7439563096753e-08,-1.711948061711155e-05,0.005415658466517925,-0.00023384095402434468,0.0,1.0,0.0,0,0.0,1.0,0.0,1
573.343315802,92.39422607421875,-156.791259765625,1.570856514235532,0.0,0.0,0.0,-0.0,-0.0,0.0,-0.0,0.0,0.0,1.0,0.0,0,0.0,1.0,0.0,1
573.593315806,92.39422607421875,-156.791259765625,1.570856514235532,0.0,0.0,0.0,-0.0,-0.0,0.0,-0.0,0.0,0.0,1.0,0.0,0,0.0,1.0,0.0,1
573.793315809,92.39422607421875,-156.791259765625,1.570856514235532,0.0,0.0,0.0,-0.0,-0.0,0.0,-0.0,0.0,0.0,1.0,0.0,0,0.0,1.0,0.0,1
574.043315813,92.39422607421875,-156.791259765625,1.570856514235532,0.0,0.0,0.0,-0.0,-0.0,0.0,-0.0,0.0,0.0,1.0,0.0,0,0.0,1.0,0.0,1
574.293315817,92.39422607421875,-156.791259765625,1.570856514235532,0.0,0.0,0.0,-0.0,-0.0,0.0,-0.0,0.0,0.0,1.0,0.0,0,0.0,1.0,0.0,1
574.54331582,92.39422607421875,-156.791259765625,1.570856514235532,0.0,0.0,0.0,-0.0,-0.0,0.0,-0.0,0.0,0.0,1.0,0.0,0,0.0,1.0,0.0,1
574.793315824,92.39422607421875,-156.791259765625,1.570856514235532,0.0,0.0,0.0,-0.0,-0.0,0.0,-0.0,0.0,0.0,1.0,0.0,0,0.0,1.0,0.0,1
575.043315828,92.39422607421875,-156.791259765625,1.570856514235532,0.0,0.0,0.0,-0.0,-0.0,0.0,-0.0,0.0,0.0,1.0,0.0,0,0.0,1.0,0.0,1
575.243315831,92.39422607421875,-156.791259765625,1.570856514235532,0.0,0.0,0.0,-0.0,-0.0,0.0,-0.0,0.0,0.0,1.0,0.0,0,0.0,1.0,0.0,1
575.493315835,92.39422607421875,-156.791259765625,1.570856514235532,0.0,0.0,0.0,-0.0,-0.0,0.0,-0.0,0.0,0.0,1.0,0.0,0,0.0,1.0,0.0,1
575.743315838,92.39422607421875,-156.791259765625,1.570856514235532,0.0,0.0,0.0,-0.0,-0.0,0.0,-0.0,0.0,0.0,1.0,0.0,0,0.0,1.0,0.0,1
575.993315842,92.39422607421875,-156.791259765625,1.570856514235532,0.0,0.0,0.0,-0.0,-0.0,0.0,-0.0,0.0,0.0,1.0,0.0,0,0.0,1.0,0.0,1
576.243315846,92.39422607421875,-156.791259765625,1.570856514235532,0.0,0.0,0.0,-0.0,-0.0,0.0,-0.0,0.0,0.0,1.0,0.0,0,0.0,1.0,0.0,1
576.493315849,92.39422607421875,-156.791259765625,1.570856514235532,0.0,0.0,0.0,-0.0,-0.0,0.0,-0.0,0.0,0.0,1.0,0.0,0,0.0,1.0,0.0,1
576.743315853,92.39422607421875,-156.791259765625,1.570856514235532,0.0,0.0,0.0,-0.0,-0.0,0.0,-0.0,0.0,0.0,1.0,0.0,0,0.0,1.0,0.0,1
576.993315857,92.39422607421875,-156.791259765625,1.570856514235532,0.0,0.0,0.0,-0.0,-0.0,0.0,-0.0,0.0,0.0,1.0,0.0,0,0.0,1.0,0.0,1
577.19331586,92.39422607421875,-156.791259765625,1.570856514235532,0.0,0.0,0.0,-0.0,-0.0,0.0,-0.0,0.0,0.0,1.0,0.0,0,0.0,1.0,0.0,1
577.443315864,92.39422607421875,-156.791259765625,1.570856514235532,0.0,0.0,0.0,-0.0,-0.0,0.0,-0.0,0.0,0.0,1.0,0.0,0,0.0,1.0,0.0,1
577.693315867,92.39422607421875,-156.791259765625,1.570856514235532,0.0,0.0,0.0,-0.0,-0.0,0.0,-0.0,0.0,0.0,1.0,0.0,0,0.0,1.0,0.0,1
577.84331587,92.39422607421875,-156.791259765625,1.570856514235532,0.0,0.0,0.0,-0.0,-0.0,0.0,-0.0,0.0,0.0,1.0,0.0,0,0.0,1.0,0.0,1
577.993315872,92.39422607421875,-156.791259765625,1.570856514235532,0.0,0.0,0.0,-0.0,-0.0,0.0,-0.0,0.0,0.0,1.0,0.0,0,0.0,1.0,0.0,1
578.243315875,92.39422607421875,-156.791259765625,1.570856514235532,0.0,0.0,0.0,-0.0,-0.0,0.0,-0.0,0.0,0.0,1.0,0.0,0,0.0,1.0,0.0,1
578.493315879,92.39422607421875,-156.791259765625,1.570856514235532,0.0,0.0,0.0,-0.0,-0.0,0.0,-0.0,0.0,0.0,1.0,0.0,0,0.0,1.0,0.0,1
578.743315883,92.39422607421875,-156.791259765625,1.570856514235532,0.0,0.0,0.0,-0.0,-0.0,0.0,-0.0,0.0,0.0,1.0,0.0,0,0.0,1.0,0.0,1
578.993315887,92.39422607421875,-156.791259765625,1.570856514235532,0.0,0.0,0.0,-0.0,-0.0,0.0,-0.0,0.0,0.0,1.0,0.0,0,0.0,1.0,0.0,1
579.24331589,92.39422607421875,-156.791259765625,1.570856514235532,0.0,0.0,0.0,-0.0,-0.0,0.0,-0.0,0.0,0.0,1.0,0.0,0,0.0,1.0,0.0,1
579.493315894,92.39422607421875,-156.791259765625,1.570856514235532,0.0,0.0,0.0,-0.0,-0.0,0.0,-0.0,0.0,0.0,1.0,0.0,0,0.0,1.0,0.0,1
579.743315898,92.39422607421875,-156.791259765625,1.570856514235532,0.0,0.0,0.0,-0.0,-0.0,0.0,-0.0,0.0,0.0,1.0,0.0,0,0.0,1.0,0.0,1
579.943315901,92.39422607421875,-156.791259765625,1.570856514235532,0.0,0.0,0.0,-0.0,-0.0,0.0,-0.0,0.0,0.0,1.0,0.0,0,0.0,1.0,0.0,1
580.193315905,92.39422607421875,-156.791259765625,1.570856514235532,0.0,0.0,0.0,-0.0,-0.0,0.0,-0.0,0.0,0.0,1.0,0.0,0,0.0,1.0,0.0,1
580.393315908,92.39422607421875,-156.791259765625,1.570856514235532,0.0,0.0,0.0,-0.0,-0.0,0.0,-0.0,0.0,0.0,1.0,0.0,0,0.0,1.0,0.0,1
580.643315911,92.39422607421875,-156.791259765625,1.570856514235532,0.0,0.0,0.0,-0.0,-0.0,0.0,-0.0,0.0,0.0,1.0,0.0,0,0.0,1.0,0.0,1
580.893315915,92.39422607421875,-156.791259765625,1.570856514235532,0.0,0.0,0.0,-0.0,-0.0,0.0,-0.0,0.0,0.0,1.0,0.0,0,0.0,1.0,0.0,1
581.143315919,92.39422607421875,-156.791259765625,1.570856514235532,0.0,0.0,0.0,-0.0,-0.0,0.0,-0.0,0.0,0.0,1.0,0.0,0,0.0,1.0,0.0,1
581.393315922,92.39422607421875,-156.791259765625,1.570856514235532,0.0,0.0,0.0,-0.0,-0.0,0.0,-0.0,0.0,0.0,1.0,0.0,0,0.0,1.0,0.0,1
581.643315926,92.39422607421875,-156.791259765625,1.570856514235532,0.0,0.0,0.0,-0.0,-0.0,0.0,-0.0,0.0,0.0,1.0,0.0,0,0.0,1.0,0.0,1
581.89331593,92.39422607421875,-156.791259765625,1.570856514235532,0.0,0.0,0.0,-0.0,-0.0,0.0,-0.0,0.0,0.0,1.0,0.0,0,0.0,1.0,0.0,1
582.143315934,92.39422607421875,-156.791259765625,1.570856514235532,0.0,0.0,0.0,-0.0,-0.0,0.0,-0.0,0.0,0.0,1.0,0.0,0,0.0,1.0,0.0,1
582.343315937,92.39422607421875,-156.791259765625,1.570856514235532,0.0,0.0,0.0,-0.0,-0.0,0.0,-0.0,0.0,0.0,1.0,0.0,0,0.0,1.0,0.0,1
582.59331594,92.39422607421875,-156.791259765625,1.570856514235532,0.0,0.0,0.0,-0.0,-0.0,0.0,-0.0,0.0,0.0,1.0,0.0,0,0.0,1.0,0.0,1
582.793315943,92.39422607421875,-156.791259765625,1.570856514235532,0.0,0.0,0.0,-0.0,-0.0,0.0,-0.0,0.0,0.0,1.0,0.0,0,0.0,1.0,0.0,1
583.043315947,92.39422607421875,-156.791259765625,1.570856514235532,0.0,0.0,0.0,-0.0,-0.0,0.0,-0.0,0.0,0.0,1.0,0.0,0,0.0,1.0,0.0,1
583.293315951,92.39422607421875,-156.791259765625,1.570856514235532,0.0,0.0,0.0,-0.0,-0.0,0.0,-0.0,0.0,0.0,1.0,0.0,0,0.0,1.0,0.0,1
583.543315954,92.39422607421875,-156.791259765625,1.570856514235532,0.0,0.0,0.0,-0.0,-0.0,0.0,-0.0,0.0,0.0,1.0,0.0,0,0.0,1.0,0.0,1
583.743315957,92.39422607421875,-156.791259765625,1.570856514235532,0.0,0.0,0.0,-0.0,-0.0,0.0,-0.0,0.0,0.0,1.0,0.0,0,0.0,1.0,0.0,1
583.993315961,92.39422607421875,-156.791259765625,1.570856514235532,0.0,0.0,0.0,-0.0,-0.0,0.0,-0.0,0.0,0.0,1.0,0.0,0,0.0,1.0,0.0,1
584.243315965,92.39422607421875,-156.791259765625,1.570856514235532,0.0,0.0,0.0,-0.0,-0.0,0.0,-0.0,0.0,0.0,1.0,0.0,0,0.0,1.0,0.0,1
584.493315969,92.39422607421875,-156.791259765625,1.570856514235532,0.0,0.0,0.0,-0.0,-0.0,0.0,-0.0,0.0,0.0,1.0,0.0,0,0.0,1.0,0.0,1
584.693315972,92.39422607421875,-156.791259765625,1.570856514235532,0.0,0.0,0.0,-0.0,-0.0,0.0,-0.0,0.0,0.0,1.0,0.0,0,0.0,1.0,0.0,1
584.943315975,92.39422607421875,-156.791259765625,1.570856514235532,0.0,0.0,0.0,-0.0,-0.0,0.0,-0.0,0.0,0.0,1.0,0.0,0,0.0,1.0,0.0,1
585.193315979,92.39422607421875,-156.791259765625,1.570856514235532,0.0,0.0,0.0,-0.0,-0.0,0.0,-0.0,0.0,0.0,1.0,0.0,0,0.0,1.0,0.0,1
585.443315983,92.39422607421875,-156.791259765625,1.570856514235532,0.0,0.0,0.0,-0.0,-0.0,0.0,-0.0,0.0,0.0,1.0,0.0,0,0.0,1.0,0.0,1
585.693315987,92.39422607421875,-156.791259765625,1.570856514235532,0.0,0.0,0.0,-0.0,-0.0,0.0,-0.0,0.0,0.0,1.0,0.0,0,0.0,1.0,0.0,1
585.893315989,92.39422607421875,-156.791259765625,1.570856514235532,0.0,0.0,0.0,-0.0,-0.0,0.0,-0.0,0.0,0.0,1.0,0.0,0,0.0,1.0,0.0,1
586.143315993,92.39422607421875,-156.791259765625,1.570856514235532,0.0,0.0,0.0,-0.0,-0.0,0.0,-0.0,0.0,0.0,1.0,0.0,0,0.0,1.0,0.0,1
586.393315997,92.39422607421875,-156.791259765625,1.570856514235532,0.0,0.0,0.0,-0.0,-0.0,0.0,-0.0,0.0,0.0,1.0,0.0,0,0.0,1.0,0.0,1
586.643316001,92.39422607421875,-156.791259765625,1.570856514235532,0.0,0.0,0.0,-0.0,-0.0,0.0,-0.0,0.0,0.0,1.0,0.0,0,0.0,1.0,0.0,1
586.893316004,92.39422607421875,-156.791259765625,1.570856514235532,0.0,0.0,0.0,-0.0,-0.0,0.0,-0.0,0.0,0.0,1.0,0.0,0,0.0,1.0,0.0,1
587.093316007,92.39422607421875,-156.791259765625,1.570856514235532,0.0,0.0,0.0,-0.0,-0.0,0.0,-0.0,0.0,0.0,1.0,0.0,0,0.0,1.0,0.0,1
587.343316011,92.39422607421875,-156.791259765625,1.570856514235532,0.0,0.0,0.0,-0.0,-0.0,0.0,-0.0,0.0,0.0,1.0,0.0,0,0.0,1.0,0.0,1
587.543316014,92.39422607421875,-156.791259765625,1.570856514235532,0.0,0.0,0.0,-0.0,-0.0,0.0,-0.0,0.0,0.0,1.0,0.0,0,0.0,1.0,0.0,1
587.793316018,92.39422607421875,-156.791259765625,1.570856514235532,0.0,0.0,0.0,-0.0,-0.0,0.0,-0.0,0.0,0.0,1.0,0.0,0,0.0,1.0,0.0,1
588.043316022,92.39422607421875,-156.791259765625,1.570856514235532,0.0,0.0,0.0,-0.0,-0.0,0.0,-0.0,0.0,0.0,1.0,0.0,0,0.0,1.0,0.0,1
588.293316025,92.39422607421875,-156.791259765625,1.570856514235532,0.0,0.0,0.0,-0.0,-0.0,0.0,-0.0,0.0,0.0,1.0,0.0,0,0.0,1.0,0.0,1
588.543316029,92.39422607421875,-156.791259765625,1.570856514235532,0.0,0.0,0.0,-0.0,-0.0,0.0,-0.0,0.0,0.0,1.0,0.0,0,0.0,1.0,0.0,1
588.793316033,92.39422607421875,-156.791259765625,1.570856514235532,0.0,0.0,0.0,-0.0,-0.0,0.0,-0.0,0.0,0.0,1.0,0.0,0,0.0,1.0,0.0,1
589.043316036,92.39422607421875,-156.791259765625,1.570856514235532,0.0,0.0,0.0,-0.0,-0.0,0.0,-0.0,0.0,0.0,1.0,0.0,0,0.0,1.0,0.0,1
589.243316039,92.39422607421875,-156.791259765625,1.570856514235532,0.0,0.0,0.0,-0.0,-0.0,0.0,-0.0,0.0,0.0,1.0,0.0,0,0.0,1.0,0.0,1
589.493316043,92.39422607421875,-156.791259765625,1.570856514235532,0.0,0.0,0.0,-0.0,-0.0,0.0,-0.0,0.0,0.0,1.0,0.0,0,0.0,1.0,0.0,1
589.693316046,92.39422607421875,-156.791259765625,1.570856514235532,0.0,0.0,0.0,-0.0,-0.0,0.0,-0.0,0.0,0.0,1.0,0.0,0,0.0,1.0,0.0,1
589.94331605,92.39422607421875,-156.791259765625,1.570856514235532,0.0,0.0,0.0,-0.0,-0.0,0.0,-0.0,0.0,0.0,1.0,0.0,0,0.0,1.0,0.0,1
590.193316054,92.39422607421875,-156.791259765625,1.570856514235532,0.0,0.0,0.0,-0.0,-0.0,0.0,-0.0,0.0,0.0,1.0,0.0,0,0.0,1.0,0.0,1
590.443316057,92.39422607421875,-156.791259765625,1.570856514235532,0.0,0.0,0.0,-0.0,-0.0,0.0,-0.0,0.0,0.0,1.0,0.0,0,0.0,1.0,0.0,1
590.693316061,92.39422607421875,-156.791259765625,1.570856514235532,0.0,0.0,0.0,-0.0,-0.0,0.0,-0.0,0.0,0.0,1.0,0.0,0,0.0,1.0,0.0,1
590.943316065,92.39422607421875,-156.791259765625,1.570856514235532,0.0,0.0,0.0,-0.0,-0.0,0.0,-0.0,0.0,0.0,1.0,0.0,0,0.0,1.0,0.0,1
591.193316068,92.39422607421875,-156.791259765625,1.570856514235532,20.0,0.0,0.0,-0.0,-0.0,0.0,-0.0,0.0,1.0,0.0,-0.00018386670853942633,0,0.0,1.0,0.0,1
591.443316072,92.39422607421875,-156.78750610351562,1.5708565142355324,20.0,0.0815850431607385,0.08158504279277233,7.748617389881167e-06,5.586654039898398e-06,-0.0002952772192656994,1.9135656356811523,0.005634690169245005,1.0,0.0,-0.00014704473142046481,0,1.0,0.0,-0.0001469913258915767,1
591.643316075,92.39414978027344,-156.74102783203125,1.5707534499013458,20.0,0.6047825867544778,0.6047824496643591,0.00040720930047984143,-0.0023644519436442986,-0.013752276077866554,5.585963726043701,-0.0025003431364893913,1.0,0.0,-0.0002289246767759323,0,1.0,0.0,-0.00037793759838677943,1
591.893316079,92.39420318603516,-156.40908813476562,1.5697778008359957,20.0,2.0373790520292268,2.0373782972735146,0.0017536950662964876,0.00586206176621185,-0.01905670017004013,6.641881465911865,-0.0007164000999182463,1.0,0.0,-0.0011289101094007492,0,1.0,0.0,-0.0013222115812823176,1
592.093316082,92.39423370361328,-155.83863830566406,1.5701900581727402,20.0,3.5970065863105116,3.597006168407957,0.0017338962800684404,0.0012212042212004688,-0.00027230766136199236,7.40478515625,-1.3542176020564511e-05,1.0,0.0,-0.0007712437654845417,0,1.0,0.0,-0.0008192739333026111,1
592.293316085,92.39425659179688,-154.9656219482422,1.5704391968927172,20.0,5.04759264051258,5.04759235837866,0.0016876593592557853,0.0012766242393809624,-0.0034471347462385893,6.788511276245117,0.06128310784697533,0.5369613170623779,0.0,-0.0005699575995095074,0,0.799847424030304,0.0,-0.0006357725942507386,1
592.543316089,92.39421844482422,-153.6151580810547,1.5707205598618839,20.0,5.374612844832522,5.374612733720857,0.0010928697783188029,0.0009706226738859108,-0.004435815382748842,-0.6868076324462891,-0.0007543567335233092,1.0,0.0,-0.00035269776708446443,0,0.997765839099884,0.0,-0.00045113498345017433,1
592.793316092,92.39398956298828,-152.2428741455078,1.5709000569193547,20.0,5.866215838271719,5.86621580276261,0.000645451928574744,0.0005526417514297386,-0.002297696191817522,7.339363098144531,0.0011011125752702355,0.8755797147750854,0.0,-0.00021483040472958237,0,0.8344393372535706,0.0,-0.00023828398843761533,0
592.993316095,92.3936538696289,-150.84600830078125,1.5709965965088706,20.0,7.477665667300716,7.477665655980738,0.00041145353961190544,0.00032755818354170363,-0.0009164027869701385,-1.409454345703125,0.0015274046454578638,0.0,0.0,-7.368721708189696e-05,0,0.0,0.0,-0.00011334480223013088,2
593.243316099,92.3931655883789,-149.0453643798828,1.5710539876303617,20.0,6.901486167051303,6.901486166710822,6.855396214348238e-05,9.608329723912629e-05,0.001061856746673584,-3.255128860473633,-0.00026111601619049907,0.0,0.0,-1.0803177019624854e-06,0,0.0,0.0,-6.76063018545392e-06,2
593.493316103,92.39268493652344,-147.39646911621094,1.5710555855270159,20.0,6.183818532609301,6.183818532308333,-6.1010297241778886e-05,-3.747294324770548e-05,0.0028617586940526962,-6.69529914855957,-0.0003257751523051411,0.0,0.0,5.168642746866681e-05,0,0.0,0.0,4.826843360206112e-05,1
593.743316106,92.39241790771484,-146.0409698486328,1.571035478660786,20.0,4.834218630619887,4.834218629990525,-7.800605134972943e-05,-7.914325041183098e-05,0.0017043785192072392,-4.90544319152832,-0.10441340506076813,0.4546939730644226,0.0,4.097720739082433e-05,0,0.00041523194522596896,0.0,4.797363726538606e-05,1
593.943316109,92.3922119140625,-145.157470703125,1.5710217633811718,20.0,4.323999970578626,4.323999969523282,-9.553332744804419e-05,-6.764938345566077e-05,-0.00032690935768187046,2.901144027709961,0.0005605700425803661,0.6314908862113953,0.0,4.148968218942173e-05,0,0.8248499631881714,0.0,4.219194670440629e-05,1
594.143316112,92.39202117919922,-144.22842407226562,1.5710076486273943,20.0,4.858279318341286,4.858279317521373,-8.925657535360107e-05,-6.827631293486938e-05,0.0064505646005272865,0.6682777404785156,-0.001536560244858265,0.4439714550971985,0.0,0.00020430725999176502,0,0.34006553888320923,0.0,0.00019920537306461483,1
594.393316116,92.39276123046875,-142.98904418945312,1.5702620966802263,20.0,5.110006828815789,5.109972430964635,-0.018749542004467504,-0.026625897588016322,0.43502840399742126,1.7782211303710938,-0.0940425843000412,0.45349985361099243,0.0,0.011203952133655548,0,0.5919196605682373,0.0,0.010869001969695091,1
594.593316119,92.40461730957031,-141.97422790527344,1.5634808895965582,20.0,5.1957550881413415,5.195135912560337,-0.08021088437683076,-0.05061737125859104,0.369018018245697,-1.4150333404541016,-0.008033179678022861,0.30314236879348755,0.0,0.07417397946119308,0,1.0,0.0,0.03660118952393532,1
594.793316122,92.44642639160156,-140.95657348632812,1.5442937460489188,20.0,5.058866342591364,5.054462385836641,-0.21104184979832663,-0.16077375336180902,1.8196529150009155,-0.08915901184082031,0.0005676271393895149,0.9617910981178284,0.0,0.12110617011785507,0,0.9109604358673096,0.0,0.12107399851083755,1
594.993316125,92.55081176757812,-139.92398071289062,1.497334226547551,20.0,5.248743817631843,5.238632838998245,-0.3256342139543783,-0.2831326730007428,2.4271535873413086,3.672189712524414,0.0008169174543581903,0.9071792364120483,0.0,0.2188052535057068,0,0.8348485827445984,0.0,0.16192439198493958,0
595.243316129,92.87664794921875,-138.3632049560547,1.3840653248545736,20.0,7.229432592162034,7.19666577827224,-0.6875298396868906,-0.6145419983989787,5.360312461853027,1.548309326171875,0.00039825448766350746,0.0,0.0,0.31686756014823914,0,0.0,0.0,0.2675200402736664,2
595.493316133,93.5123519897461,-136.75994873046875,1.1979031741230917,20.0,6.5566832097344,6.508467416162148,-0.7936917572764662,-0.8762841282346915,4.410138130187988,-6.225337982177734,-0.0008867263095453382,0.0,0.0,0.40711501240730286,0,0.0,0.0,0.42099735140800476,2
595.643316135,94.02249145507812,-135.9566192626953,1.0669800444059243,20.0,6.296477158117691,6.2298672624907585,-0.9134432081107918,-0.8686614954046121,0.9151554107666016,-10.595808029174805,0.0006277085049077868,0.0,0.0,0.4778057932853699,0,0.0,0.0,0.496512770652771,0
595.893316139,94.96956634521484,-134.98147583007812,0.8472290407419271,20.0,4.830653186003745,4.736336139688952,-0.949910614386684,-0.8083608038434658,-0.4531097412109375,-6.088552474975586,0.04933128133416176,0.7585098743438721,0.0,0.5046828985214233,0,0.45938703417778015,0.0,0.4715045392513275,1
596.043316141,95.5427017211914,-134.60162353515625,0.7331611907219258,20.0,4.578259481776876,4.463679240556583,-1.0178543706759253,-0.7537618735971517,3.652462959289551,-1.100153923034668,0.003174018347635865,0.578807532787323,0.0,0.4392659068107605,0,0.8048803806304932,0.0,0.461664617061615,1
596.193316143,96.18153381347656,-134.27162170410156,0.621339517344324,20.0,4.980783039620162,4.876843629341221,-1.0122232474715278,-0.7625792004922406,2.1454524993896484,-2.3946571350097656,-0.0023908610455691814,0.32133734226226807,0.0,0.4132830500602722,0,0.25167450308799744,0.0,0.43603959679603577,1
596.393316146,97.11802673339844,-133.90676879882812,0.48047720412287204,20.0,5.071593507896796,4.999213607018924,-0.8537704731002178,-0.6448246699962152,1.201467514038086,-2.053537368774414,-0.00107326521538198,0.5548233389854431,0.0,0.34923478960990906,0,0.528774619102478,0.0,0.3687695562839508,1
596.593316149,98.09801483154297,-133.63241577148438,0.36020635258137174,20.0,5.073468259600883,5.0273296229935225,-0.6826690581456141,-0.49761184941838743,0.11119842529296875,-1.788170337677002,-0.020777320489287376,0.7318718433380127,0.0,0.30435600876808167,0,0.6476379632949829,0.0,0.3110255300998688,1
596.793316152,99.11917877197266,-133.43443298339844,0.2568329419060447,20.0,5.186510814203756,5.157333756071906,-0.5493659566570828,-0.5232523982090205,-0.4508399963378906,-1.8724524974822998,0.00035495759220793843,0.8351687788963318,0.0,0.2280610054731369,0,0.7860234975814819,0.0,0.24339495599269867,1
596.993316155,100.14529418945312,-133.3065643310547,0.17277282539024275,20.0,5.27567654165533,5.256728522132108,-0.44673058634386303,-0.4263752530254805,1.549530029296875,-1.226838231086731,0.0005407333374023438,0.618107795715332,0.0,0.17428575456142426,0,0.7674407362937927,0.0,0.186935693025589,1
597.193316158,101.23784637451172,-133.23207092285156,0.1059454167547199,20.0,6.138217289912999,6.125326309784713,-0.39760419621287196,-0.32507083555627925,11.195211410522461,-0.7919394969940186,-0.0007320403819903731,0.0,0.0,0.12748244404792786,0,0.7212087512016296,0.0,0.13742060959339142,2
597.393316161,102.63162231445312,-133.19757080078125,0.04408277705305281,20.0,7.205580422092959,7.200174783779169,-0.2790560916373958,-0.31494569682887974,-1.426239013671875,-1.0273792743682861,0.0008169174543581903,0.0,0.0,0.08100636303424835,0,0.0,0.0,0.09027841687202454,2
597.593316164,104.03067016601562,-133.2046356201172,0.0013821804757139617,20.0,6.777303653412778,6.77589249625918,-0.13829566045514324,-0.2073168709819855,-2.865934371948242,-0.5962845683097839,-0.00032272335374727845,0.0,0.0,0.03694116696715355,0,0.0,0.0,0.05081670358777046,2
597.793316167,105.3360824584961,-133.2362518310547,-0.02103522962193766,20.0,6.44527393865773,6.4449260390843985,-0.0669663726985817,-0.1228384800498514,-5.686540603637695,0.1020309329032898,-2.899169885495212e-05,0.0,0.0,0.013399382121860981,0,0.0,0.0,0.017107773572206497,0
597.99331617,106.49636840820312,-133.27230834960938,-0.029231078748332095,20.0,5.243211267285772,5.2431909924030204,-0.014581171979606818,-0.06555283638256777,-3.7892723083496094,0.17622292041778564,0.00022029876708984375,0.13009041547775269,0.0,0.0005710661644116044,0,0.0,0.0,0.002008717507123947,1
598.143316172,107.2291488647461,-133.29443359375,-0.029233009540122395,20.0,4.531806347309779,4.531804644733332,0.003928293599104169,0.004309910105372922,-3.504610061645508,0.19706681370735168,0.026812363415956497,0.8082106113433838,0.0,-0.004571304190903902,0,0.560824453830719,0.0,-0.0044855079613626,1
598.343316175,108.1039810180664,-133.31748962402344,-0.027691702978644445,20.0,4.499918096799688,4.499891784509854,0.015388489401061248,0.012008489839898016,2.9871654510498047,0.08559912443161011,6.847316399216652e-05,0.4312400221824646,0.0,-0.007523198612034321,0,0.8208562135696411,0.0,-0.007895930670201778,1
598.543316178,109.06220245361328,-133.33950805664062,-0.025113313635013786,20.0,4.9221157825217725,4.922088722222366,0.0163213700808686,0.01225858979458088,0.6580448150634766,0.028915852308273315,-0.0014575954992324114,0.44401639699935913,0.0,-0.009240101091563702,0,0.3411614000797272,0.0,-0.006712218280881643,1
598.743316181,110.0628890991211,-133.3591766357422,-0.022011061779613133,20.0,5.133453782044092,5.133413755519143,0.020271828473062598,0.015278282615891777,1.6872882843017578,0.03059104084968567,-0.06760863959789276,0.51588374376297,0.0,-0.009800244122743607,0,0.5861117243766785,0.0,-0.008057111874222755,1
598.943316184,111.07328033447266,-133.37574768066406,-0.019725605591728985,20.0,4.992550119270971,4.992496537818149,0.02313035465320367,0.0027974444861883535,-1.8833446502685547,0.049581676721572876,-0.0033643722999840975,0.8104518055915833,0.0,-0.009772812947630882,0,0.5070862770080566,0.0,-0.008453132584691048,1
599.093316186,111.85613250732422,-133.3867950439453,-0.018078869060002913,20.0,5.239334757208736,5.239270029748657,0.026043299964354994,-0.034562317373534206,-0.010852813720703125,0.044949352741241455,-0.00019187922589480877,0.7874141335487366,0.0,-0.010568528436124325,0,0.6808236241340637,0.0,-0.00934450514614582,1
599.293316189,112.91526794433594,-133.39938354492188,-0.014404453689155538,20.0,5.432022465458765,5.4319706877431635,0.02371735119656647,-0.02811322936433894,2.2876739501953125,0.03126382827758789,0.0004922866355627775,0.4959912598133087,0.0,-0.009183875285089016,0,0.6197955012321472,0.0,-0.008572440594434738,1
599.543316193,114.33370971679688,-133.41146850585938,-0.009538450581038856,20.0,5.789045876670145,5.7890218523978385,0.016677969058321113,0.06535789715196316,0.23957252502441406,0.06481215357780457,0.000141143798828125,0.30451780557632446,0.0,-0.007496705744415522,0,0.2889638841152191,0.0,-0.007602759171277285,1
599.693316195,115.19639587402344,-133.41653442382812,-0.007784738197275662,20.0,5.706378251246802,5.706354376508671,0.01650684715070779,-0.036441527062478184,-0.8558082580566406,0.05336441099643707,4.749297659145668e-05,0.4536391496658325,0.0,-0.005825637374073267,0,0.4185829758644104,0.0,-0.005824321415275335,1
599.843316197,116.04195404052734,-133.42025756835938,-0.005442175409212077,20.0,5.58435362617485,5.58434391282783,0.010415634160370127,0.06153933194533146,-0.6168079376220703,0.05854062736034393,1.6784666513558477e-05,0.5257478952407837,0.0,-0.00429778266698122,0,0.5078793168067932,0.0,-0.005113138817250729,1
600.0433162,117.1488265991211,-133.42347717285156,-0.0035499430185822103,20.0,5.511228232913625,5.511223247935131,0.007412603023406426,0.05811387012154146,-0.10848045349121094,0.0195964053273201,8.201600394386332e-06,0.5373014807701111,0.0,-0.0037762655410915613,0,0.5403338074684143,0.0,-0.0036493223160505295,1
600.193316203,117.97692108154297,-133.4250030517578,-0.0029722747699682506,20.0,5.533938643921475,5.533931351724712,0.00898382356007991,-0.04304134790877733,0.27304649353027344,0.005172807723283768,-6.12258882028982e-05,0.4864668548107147,0.0,-0.0027204689104110003,0,0.5010653138160706,0.0,-0.0025056086014956236,1
600.393316206,119.08911895751953,-133.42626953125,-0.001906982245909434,20.0,5.57887249310291,5.578868284017027,0.00685302044338388,-0.04494784667651621,0.14963150024414062,0.03131544217467308,4.673003786592744e-05,0.460328608751297,0.0,-0.0016295143868774176,0,0.46520867943763733,0.0,-0.002339815953746438,1
600.593316209,120.20530700683594,-133.4269256591797,-0.0011768151254862998,20.0,5.576210196187103,5.57620782702267,0.005140224908972086,-0.04672375900467874,-0.08913993835449219,0.024782586842775345,4.348754737293348e-05,0.4702760875225067,0.0,-0.0009570656693540514,0,0.4650002717971802,0.0,-0.0016379260923713446,1
600.793316212,121.31813049316406,-133.4272003173828,-0.0007098860694137305,20.0,5.554339407185265,5.554338170975467,0.0037057598497800973,-0.04805727034150867,-0.09386062622070312,0.0164452213793993,-1.449584942747606e-05,0.4885789453983307,0.0,-0.0004684580198954791,0,0.4853285551071167,0.0,-0.0009883246384561062,1
600.993316214,122.42802429199219,-133.42727661132812,-0.0004395772993652897,20.0,5.5483145807407785,5.548313864457408,0.0028192783512865664,-0.04875673711825037,0.024566650390625,-0.012590847909450531,1.5258788153005298e-05,0.48752835392951965,0.0,-0.0005331940483301878,0,0.4893825650215149,0.0,-0.0001326677156612277,1
601.193316217,123.53837585449219,-133.42727661132812,-0.0003079770250507126,20.0,5.555259246070564,5.555258822922018,0.0021682711018875286,-0.04928978961637574,0.03291130065917969,-0.013831275515258312,6.675719305349048e-06,0.4804012179374695,0.0,-0.00033345341216772795,0,0.48169124126434326,0.0,9.051494998857379e-05,1
601.39331622,124.64994812011719,-133.42727661132812,-0.0002642566779545129,20.0,5.559028633682515,5.559028343163171,0.0017972230298213398,-0.049654546978364925,-0.004024505615234375,-0.014487049542367458,3.433226538618328e-06,0.4800081253051758,0.0,-0.00021191523410379887,0,0.4795093238353729,0.0,0.00022053693828638643,1
601.593316223,125.76154327392578,-133.4272918701172,-0.0002718435499146909,20.0,5.556773662803842,5.556773440262173,0.0015726497744345716,-0.04988477309341307,-0.015344619750976562,-0.014993501827120781,-1.010894811770413e-05,0.4828842282295227,0.0,-8.445357525488362e-05,0,0.48222142457962036,0.0,0.0003016933042090386,1
601.793316226,126.87262725830078,-133.42738342285156,-0.00031463109167961415,20.0,5.554525860904946,5.554525675115121,0.0014366449620583943,-0.050001843990457276,-0.002346038818359375,-0.01513168029487133,1.068115216185106e-05,0.48375964164733887,0.0,-6.033043973729946e-05,0,0.4837784469127655,0.0,0.00034292289637960494,1
601.993316229,127.98355865478516,-133.42758178710938,-0.0003716782973850312,20.0,5.554858246950406,5.554858069588403,0.0014037241696232502,-0.05002099794435983,0.0048542022705078125,0.012441340833902359,-6.103516170696821e-06,0.4830203354358673,0.0,0.0003799059777520597,0,0.48333975672721863,0.0,-7.922053191578016e-05,1
602.143316232,128.81686401367188,-133.4277801513672,7.77642957029911e-05,20.0,5.555679557973302,5.55567917808494,-0.002054525704006463,0.049418782320487256,0.0034999847412109375,0.012459570541977882,-1.9645689462777227e-05,0.48216310143470764,0.0,0.0003690498124342412,0,0.48232823610305786,0.0,-8.110819180728868e-05,1
602.343316235,129.92799377441406,-133.42803955078125,1.8109493380708154e-05,20.0,5.556009627725862,5.556009256497649,-0.0020310329646153376,0.04944323346824554,-0.0001621246337890625,-0.015151778236031532,2.155303991457913e-05,0.48222658038139343,0.0,-9.137416782323271e-05,0,0.48212745785713196,0.0,0.0003533576091285795,1
602.543316238,131.03912353515625,-133.42840576171875,-3.5961358760334696e-05,20.0,5.555629685264898,5.555629328456271,-0.0019911285916680696,0.049481254253995625,-0.002002716064453125,-0.014840075746178627,1.468658410885837e-05,0.48263460397720337,0.0,-0.00010294600360793993,0,0.48249927163124084,0.0,0.0003336512891110033,1
602.743316241,132.15025329589844,-133.4287872314453,-8.165932321636257e-05,20.0,5.5553918252031895,5.555391488100058,-0.0019353242207805772,0.04952826736961393,-0.0002002716064453125,-0.014644134789705276,2.6893614631262608e-05,0.4827817976474762,0.0,-0.00013156070781406015,0,0.48273640871047974,0.0,0.00031018603476695716,1
602.943316244,133.2613983154297,-133.42919921875,-0.00011784079832002968,20.0,5.555490600636007,5.555490278371359,-0.0018922675144818167,0.04956590948714652,0.00095367431640625,-0.014616979286074638,-1.1444091796875e-05,0.48263755440711975,0.0,-0.0001506548433098942,0,0.4826359748840332,0.0,0.0002938959514722228,1
603.093316246,134.09474182128906,-133.42945861816406,-0.0006357845873609954,20.0,5.555590018041937,5.555589792804585,0.0015819774728112672,-0.04986755409249003,0.00057220458984375,-0.014409178867936134,-1.506805438111769e-05,0.48254239559173584,0.0,-0.00016210347530432045,0,0.4825138449668884,0.0,0.0002774049644358456,1
603.293316249,135.20587158203125,-133.42991638183594,-0.0006607728536194108,20.0,5.555610562702407,5.555610329933427,0.0016082125330587498,-0.04984506702603567,-0.0003337860107421875,0.013342234306037426,9.155272891803179e-06,0.48252174258232117,0.0,0.0002644227060955018,0,0.4825485348701477,0.0,-0.0001692403166089207,1
603.443316251,136.0392303466797,-133.43031311035156,-0.0001801103614941054,20.0,5.555569883699479,5.555569588227149,-0.0018119145325682792,0.04963869284750055,-0.000438690185546875,0.013581011444330215,8.20159948489163e-06,0.482584148645401,0.0,0.00024887704057618976,0,0.4826141595840454,0.0,-0.00018660625210031867,1
603.643316254,137.15036010742188,-133.4308319091797,-0.00019465110076156267,20.0,5.555536526527415,5.555536243561038,-0.0017731497411122622,0.04967303930318416,-0.000171661376953125,0.013735508546233177,-5.149840944795869e-06,0.4825878441333771,0.0,0.00023403285013046116,0,0.48263007402420044,0.0,-0.00020273705013096333,1
603.843316257,138.26148986816406,-133.43136596679688,-0.0002029572245227351,20.0,5.555549406850604,5.555549134951573,-0.0017381302978203455,0.049703407661989475,0.000286102294921875,-0.013771476224064827,8.58306884765625e-06,0.48261281847953796,0.0,-0.00021568518423009664,0,0.48257964849472046,0.0,0.00022426967916544527,1
603.993316259,139.09483337402344,-133.43170166015625,-0.0007014374899409284,20.0,5.555557675737798,5.555557408228985,0.0017240421099758345,-0.049742614386662484,0.0002384185791015625,-0.013733543455600739,9.15527380129788e-06,0.4825955033302307,0.0,-0.00022376334527507424,0,0.48255908489227295,0.0,0.0002151052322005853,1
604.193316262,140.2059783935547,-133.43223571777344,-0.0007018080308357613,20.0,5.555560529565026,5.555560255649198,0.0017445663793775998,-0.04972491684898107,-0.0002002716064453125,0.013953414745628834,9.536756806483027e-07,0.4825606346130371,0.0,0.00020705550559796393,0,0.4825974702835083,0.0,-0.00022866220388095826,1
604.393316265,141.31710815429688,-133.43275451660156,-0.0006992007207070195,20.0,5.5555485996505425,5.555548322955708,0.0017533918895759402,-0.04971611177262699,-0.0002193450927734375,0.01384650357067585,-1.2969969247933477e-05,0.48257431387901306,0.0,0.00020681926980614662,0,0.48260924220085144,0.0,-0.0002301473869010806,1
604.593316268,142.42823791503906,-133.43324279785156,-0.0006962162377881518,20.0,5.555547639996815,5.555547363593317,0.0017524684088995252,-0.049716806691223935,-0.0002002716064453125,0.013818391598761082,-8.77380352903856e-06,0.4825659692287445,0.0,0.0002047296438831836,0,0.48260942101478577,0.0,-0.0002293440920766443,1
604.74331627,143.26158142089844,-133.43368530273438,-0.00019834036884708523,20.0,5.5555570006466715,5.555556742402279,-0.001693925268164755,0.049743991740288755,-0.0001430511474609375,0.013764160685241222,-1.659393274167087e-05,0.48256945610046387,0.0,0.0002075848897220567,0,0.4826103448867798,0.0,-0.00022608984727412462,1
604.943316273,144.3727264404297,-133.43417358398438,-0.00019662161890504488,20.0,5.555559859678794,5.555559599728956,-0.0016995098416687279,0.04973889428351478,-0.0001621246337890625,0.013739364221692085,-1.621246337890625e-05,0.4825684428215027,0.0,0.00020947129814885557,0,0.48260653018951416,0.0,-0.00022370004444383085,1
605.143316276,145.48385620117188,-133.43466186523438,-0.0001958475726946593,20.0,5.555560338036145,5.555560075844101,-0.0017068237663703284,0.049732511019277,-0.000152587890625,0.013674627989530563,-9.346007573185489e-06,0.48256716132164,0.0,0.00021330418530851603,0,0.48260828852653503,0.0,-0.0002195027918787673,1
605.343316279,146.59498596191406,-133.43515014648438,-0.0001963511741161244,20.0,5.555560818067269,5.555560554785242,-0.00171036795862238,0.04972918206791439,0.0001621246337890625,-0.013758009299635887,5.722045443690149e-06,0.48256823420524597,0.0,0.00021328496222849935,0,0.4825671315193176,0.0,0.00021413185459095985,1
605.493316282,147.42832946777344,-133.43544006347656,-0.0006927529580365854,20.0,5.555551455630995,5.555551186024783,0.00173078661046683,-0.049735877421342424,0.0001621246337890625,-0.013749836944043636,5.340575626178179e-06,0.48260658979415894,0.0,-0.00021898330305702984,0,0.48256975412368774,0.0,0.00021391578775364906,1
605.693316285,148.5394744873047,-133.43594360351562,-0.0006938797950691091,20.0,5.555551460125319,5.555551192226923,0.0017252960836779217,-0.04974078762460225,-0.0001621246337890625,0.013664178550243378,-1.5258797247952316e-06,0.4826066792011261,0.0,-0.0002192271495005116,0,0.48261040449142456,0.0,-0.00021704442042391747,1
605.843316287,149.37281799316406,-133.43638610839844,-0.00019916584475527968,20.0,5.555559874246775,5.5555596097847335,-0.0017141964134884165,0.04972561176757801,-0.00019073486328125,0.013841651380062103,8.58306884765625e-06,0.48256972432136536,0.0,0.00021263129019644111,0,0.4826062321662903,0.0,-0.00022278903634287417,1
606.04331629,150.48394775390625,-133.4368896484375,-0.00019942972266748888,20.0,5.555559871608246,5.555559609194891,-0.0017075438915485847,0.049731474883165386,0.000171661376953125,-0.013769003562629223,1.640319896978326e-05,0.4825681447982788,0.0,0.0002100874698953703,0,0.4825688302516937,0.0,0.00021322022075764835,1
606.193316292,151.3173065185547,-133.4372100830078,-0.0006946371965226815,20.0,5.555551931050831,5.555551657011044,0.0017449597273453345,-0.04972396393665352,0.000171661376953125,-0.013716267421841621,8.96453821042087e-06,0.4826071262359619,0.0,-0.0002267897652927786,0,0.48256731033325195,0.0,0.00020878348732367158,1
606.393316295,152.42843627929688,-133.4376983642578,-0.0006931361775547722,20.0,5.5555500220961305,5.5555497493509085,0.0017408329535792354,-0.04972749678628708,0.000152587890625,-0.013810633681714535,-6.294249942584429e-06,0.4826086461544037,0.0,-0.00022207126312423497,0,0.48257046937942505,0.0,0.00021315690537448972,1
606.593316298,153.53956604003906,-133.4381866455078,-0.0006930283767469756,20.0,5.555549547513184,5.55554927680828,0.0017343093556676384,-0.04973276485181839,0.0001430511474609375,-0.01378550659865141,1.5258788153005298e-06,0.48261022567749023,0.0,-0.00022126766270957887,0,0.48257163166999817,0.0,0.00021399561956059188,1
606.793316301,154.65069580078125,-133.4386749267578,-0.0006934624407957394,20.0,5.555551456243161,5.555551185915679,0.0017331002296311667,-0.04973409227117423,-0.0001621246337890625,0.01376464031636715,-1.354217511106981e-05,0.4825652241706848,0.0,0.00021412686328403652,0,0.48260828852653503,0.0,-0.00022148981224745512,1
606.943316303,155.4840545654297,-133.43910217285156,-0.00019815830056479778,20.0,5.5555608250115815,5.555560560584199,-0.0017140842284186727,0.0497256034451996,-0.000171661376953125,0.013709170743823051,-5.912781944061862e-06,0.48256704211235046,0.0,0.0002168068749597296,0,0.48260822892189026,0.0,-0.00021864623704459518,1
607.143316306,156.59518432617188,-133.43960571289062,-0.00019954314758256807,20.0,5.555562259848807,5.555561995166843,-0.0017149093806776393,0.04972506249060318,-0.00019073486328125,0.013822764158248901,1.6403197150793858e-05,0.48256635665893555,0.0,0.00021327630383893847,0,0.48260465264320374,0.0,-0.00022174482000991702,1
607.343316309,157.70631408691406,-133.4401092529297,-0.0001997237854560669,20.0,5.555559870350031,5.5555596091959885,-0.0017034417406598544,0.04973433778133722,0.0001430511474609375,-0.013725683093070984,1.5258797247952316e-06,0.4825705587863922,0.0,0.00021208386169746518,0,0.4825681447982788,0.0,0.00021110445959493518,1
607.493316311,158.53965759277344,-133.4404296875,-0.000695022106523982,20.0,5.555550025398345,5.555549752097634,0.0017426047939246194,-0.04972594882390347,0.000171661376953125,-0.013712258078157902,-2.2888181774760596e-05,0.4826078712940216,0.0,-0.00022586766863241792,0,0.48257002234458923,0.0,0.0002092852519126609,1
607.693316314,159.6508026123047,-133.44091796875,-0.0006938907181907676,20.0,5.55555145518258,5.55555118324729,0.0017382465073166931,-0.04972914461721157,-0.0001430511474609375,0.013711974024772644,5.91278057981981e-06,0.4826052486896515,0.0,-0.00022129392891656607,0,0.4826089143753052,0.0,-0.00022251448535826057,1
607.843316317,160.48414611816406,-133.4413604736328,-0.00019778163166867706,20.0,5.555563203940049,5.555562942069715,-0.0017057767494170384,0.04973297291127855,-0.000152587890625,0.013709468767046928,-9.155272891803179e-06,0.48256534337997437,0.0,0.00021158762683626264,0,0.48260191082954407,0.0,-0.00022120747598819435,1
608.04331632,161.59527587890625,-133.4418487548828,-0.00019778585787646167,20.0,5.555560820200048,5.555560558069093,-0.0017066249921796899,0.04973158723527387,-0.00019073486328125,0.013698488473892212,5.340575626178179e-06,0.48257237672805786,0.0,0.00021201842173468322,0,0.4826018810272217,0.0,-0.00022045611694920808,1
608.243316323,162.70640563964844,-133.4423370361328,-0.00019828227474469296,20.0,5.555555579408254,5.555555315441158,-0.0017125909253247157,0.04972711811806958,-0.000171661376953125,0.013645938597619534,-9.536742254567798e-06,0.4825718402862549,0.0,0.00021579144231509417,0,0.4826110601425171,0.0,-0.00021720460790675133,1
608.443316326,163.81753540039062,-133.44284057617188,-0.0001995223091272612,20.0,5.555556536337281,5.5555562725158545,-0.0017121184658434748,0.04972695999287986,-0.0001430511474609375,0.013830941170454025,-1.144409225162235e-06,0.4825705587863922,0.0,0.0002126903855241835,0,0.48261141777038574,0.0,-0.0002231040853075683,1
608.643316328,164.928466796875,-133.44334411621094,-0.00019946720587960874,20.0,5.555563206660495,5.555562946018846,-0.0017017703301915488,0.049736056352478165,-0.000171661376953125,0.013816813006997108,-9.536756806483027e-07,0.4825652539730072,0.0,0.00021066049521323293,0,0.4826030731201172,0.0,-0.00022558140335604548,1
608.843316331,166.03941345214844,-133.44383239746094,-0.00019845480155017452,20.0,5.555561296281284,5.555561035755458,-0.0017013918788031383,0.04973655569518255,-0.0002002716064453125,0.013703661970794201,6.294251306826482e-06,0.4825685918331146,0.0,0.00021451299835462123,0,0.4826078414916992,0.0,-0.00022211666509974748,1
609.043316334,167.1503448486328,-133.4443359375,-0.00019852365622777206,20.0,5.555557962995934,5.5555576998060925,-0.0017100680592330659,0.049729194551482,-0.0001621246337890625,0.013831681571900845,7.629387255292386e-07,0.48257043957710266,0.0,0.00021230212587397546,0,0.48261159658432007,0.0,-0.00022369384532794356,1
609.243316337,168.26129150390625,-133.44482421875,-0.0001984415865235252,20.0,5.555560345224207,5.5555600830826375,-0.0017066594725651605,0.049732386183600895,0.0001811981201171875,-0.01378749031573534,1.144409225162235e-06,0.4826064705848694,0.0,-0.00022314964735414833,0,0.4825681746006012,0.0,0.00021312506578397006,1
609.39331634,169.094482421875,-133.44512939453125,-0.0006941563841139625,20.0,5.555550979853701,5.555550708686868,0.0017357886541564725,-0.04973166213667953,0.000171661376953125,-0.013865209184587002,1.9073485191256623e-06,0.4826090633869171,0.0,-0.00021981517784297466,0,0.4825679361820221,0.0,0.00021613539138343185,1
609.593316343,170.20542907714844,-133.44564819335938,-0.0006949154110320675,20.0,5.555551459453548,5.555551189227873,0.0017327738480274577,-0.0497345666467434,0.0001621246337890625,-0.013762563467025757,8.96453821042087e-06,0.48260778188705444,0.0,-0.00022505162633024156,0,0.48256704211235046,0.0,0.00021360492974054068,1
609.793316346,171.3163604736328,-133.44613647460938,-0.000694625883289535,20.0,5.555550025009244,5.555549752072129,0.001741445237252856,-0.04972732617752974,-0.000171661376953125,0.013803932815790176,9.536742254567798e-06,0.4825708270072937,0.0,0.000211398204555735,0,0.4826081693172455,0.0,-0.00022502716456074268,1
609.993316349,172.42730712890625,-133.44662475585938,-0.000693885646741426,20.0,5.555550977995675,5.555550705780726,0.001739140010368672,-0.049728337346506134,-0.000152587890625,0.013767383061349392,2.0980826320737833e-06,0.4825711250305176,0.0,0.0002125117607647553,0,0.48260578513145447,0.0,-0.00022375800472218543,1
610.193316352,173.53823852539062,-133.44712829589844,-0.0006939218620912105,20.0,5.5555538421590835,5.555553572453223,0.0017311068105036428,-0.04973587326015322,-0.0001621246337890625,0.013728751800954342,-1.3542176020564511e-05,0.48260489106178284,0.0,-0.00022218000958673656,0,0.48260262608528137,0.0,-0.00022012936824467033,1
610.393316355,174.649169921875,-133.4476318359375,-0.0006944672379511614,20.0,5.5555500270502245,5.555549756064785,0.001735207841353379,-0.049732228058411175,0.00019073486328125,-0.013679265975952148,1.3351427696761675e-06,0.4826110601425171,0.0,-0.0002248298842459917,0,0.48256915807724,0.0,0.00021031865617260337,1
610.593316358,175.76011657714844,-133.4481201171875,-0.0006938541777480764,20.0,5.555550023813768,5.5555497512410525,0.001740282344273031,-0.049728062708018723,0.00019073486328125,-0.01375412568449974,-8.01086389401462e-06,0.48260775208473206,0.0,-0.00022405461641028523,0,0.48257166147232056,0.0,0.00021105731138959527,1
610.793316361,176.8710479736328,-133.4486083984375,-0.0006932764226346378,20.0,5.555552407780142,5.555552136025666,0.0017376686639386724,-0.04973001430575504,-0.000152587890625,0.013771099038422108,-8.77380352903856e-06,0.48260498046875,0.0,-0.00022047902166377753,0,0.4826079308986664,0.0,-0.00022320292191579938,1
610.993316364,177.98199462890625,-133.4490966796875,-0.000693586886360349,20.0,5.555549550223399,5.555549280766092,0.001730308289225355,-0.04973680120534554,0.0001621246337890625,-0.01382740680128336,6.103514806454768e-06,0.48261237144470215,0.0,-0.0002201027818955481,0,0.48256832361221313,0.0,0.00021632043353747576,1
611.143316366,178.815185546875,-133.4495391845703,-0.00019859241337749764,20.0,5.555556534363313,5.55555627014643,-0.0017134011749292833,0.049726593808229975,-0.00019073486328125,0.013823113404214382,-9.155272891803179e-06,0.4825710356235504,0.0,0.0002133628004230559,0,0.48261332511901855,0.0,-0.00022244022693485022,1
611.343316369,179.92613220214844,-133.45004272460938,-0.00019876619179066924,20.0,5.555560821218692,5.555560560141701,-0.001703190576439436,0.049734970282096114,0.00019073486328125,-0.01367795281112194,-2.0980837689421605e-06,0.4826028645038605,0.0,-0.00022510347480420023,0,0.4825698435306549,0.0,0.0002100312412949279,1
611.493316371,180.75933837890625,-133.45034790039062,-0.0006942585933237671,20.0,5.555556702175438,5.555556431053631,0.0017356454313222675,-0.049731462399597776,0.00019073486328125,-0.013778465799987316,5.7220458984375e-06,0.4825994670391083,0.0,-0.00022204723791219294,0,0.4825652837753296,0.0,0.00021355583157856017,1
611.693316374,181.87026977539062,-133.4508514404297,-0.0006943842092228403,20.0,5.555555271384368,5.555554999813642,0.0017370815404570297,-0.04973092560619056,0.00011444091796875,-0.01372404396533966,1.3160706657799892e-05,0.482605904340744,0.0,-0.00022400754096452147,0,0.48256438970565796,0.0,0.0002110968780471012,1
611.893316377,182.981201171875,-133.4513397216797,-0.000693953526140304,20.0,5.555544779948466,5.555544508286348,0.0017373721664185925,-0.049730322233756084,0.000133514404296875,-0.013793190009891987,1.316070574830519e-05,0.4826136827468872,0.0,-0.00022301713761407882,0,0.482577919960022,0.0,0.00021324207773432136,1
612.09331638,184.09214782714844,-133.4518280029297,-0.0006938552830639587,20.0,5.555548595010822,5.55554832382006,0.001735864867293726,-0.049732049127275434,0.0002288818359375,-0.013868608511984348,5.722044988942798e-06,0.4826047122478485,0.0,-0.00021972165268380195,0,0.48256975412368774,0.0,0.00021626384113915265,1
612.293316383,185.2030792236328,-133.4523468017578,-0.0006946386919500514,20.0,5.55555336635507,5.555553096237252,0.0017324283057772716,-0.04973457496912181,0.00019073486328125,-0.013761604204773903,1.659393274167087e-05,0.4826052486896515,0.0,-0.00022498294129036367,0,0.48256710171699524,0.0,0.00021368838497437537,1
612.493316386,186.31402587890625,-133.4528350830078,-0.000694379137773499,20.0,5.555551931987964,5.555551659168863,0.001741069006902779,-0.049727401078935404,0.000133514404296875,-0.013766447082161903,1.144409225162235e-06,0.48261335492134094,0.0,-0.00022412228281609714,0,0.48256486654281616,0.0,0.00021145791106391698,1
612.693316389,187.42495727539062,-133.4533233642578,-0.0006937673779420399,20.0,5.555549548501571,5.555549277318396,0.001735840737325824,-0.0497317495216528,0.000171661376953125,-0.013833600096404552,-5.91278057981981e-06,0.48260846734046936,0.0,-0.00022016817820258439,0,0.48257148265838623,0.0,0.00021513855608645827,1
612.893316392,188.535888671875,-133.45384216308594,-0.0006943124937276653,20.0,5.5555538417111245,5.555553570953587,0.0017344786203818622,-0.04973298955603537,-0.000133514404296875,0.013838433660566807,-1.392364538332913e-05,0.4825659990310669,0.0,0.00021262027439661324,0,0.4826057553291321,0.0,-0.00022310619533527642,1
613.043316394,189.3690948486328,-133.4542694091797,-0.00019823707057604366,20.0,5.5555627267303,5.555562465865659,-0.0017024980719916173,0.04973585661539641,-0.0001811981201171875,0.013809623196721077,8.96453821042087e-06,0.48256635665893555,0.0,0.0002104600571328774,0,0.4826051890850067,0.0,-0.00022528304543811828,1
613.243316397,190.48004150390625,-133.4547576904297,-0.0001973312804652974,20.0,5.555557956353617,5.555557695164714,-0.001703555139612476,0.049734953637339305,-0.0001811981201171875,0.013785334303975105,-5.722045443690149e-06,0.4825708270072937,0.0,0.00021166916121728718,0,0.4826107323169708,0.0,-0.00022387113131117076,1
613.393316399,191.313232421875,-133.45506286621094,-0.0006928262339777113,20.0,5.5555476394054475,5.555547368429051,0.001735178517365463,-0.04973228631506002,0.0001811981201171875,-0.013838978484272957,-5.91278057981981e-06,0.4826098382472992,0.0,-0.00022009731037542224,0,0.48257359862327576,0.0,0.00021549849770963192,1
613.593316402,192.42417907714844,-133.45555114746094,-0.0006935279795256904,20.0,5.5555533643678405,5.555553094565154,0.0017314174473634862,-0.049736110447937805,-0.0001430511474609375,0.013752761296927929,-6.294249942584429e-06,0.4826039671897888,0.0,-0.00022001570323482156,0,0.48260825872421265,0.0,-0.00022050816914997995,1
613.793316405,193.5351104736328,-133.4560546875,-0.0006944769907383564,20.0,5.555551936018958,5.555551666339977,0.0017310202442208224,-0.049736281056695135,0.000152587890625,-0.01379351131618023,-2.0599363779183477e-05,0.48260802030563354,0.0,-0.00022293732035905123,0,0.4825687110424042,0.0,0.00021518196444958448,1
613.993316408,194.64605712890625,-133.45655822753906,-0.0006951171636898439,20.0,5.555547645383857,5.555547375317039,0.0017322638597193534,-0.04973537391744883,0.0001621246337890625,-0.013711908832192421,5.912781489314511e-06,0.48261353373527527,0.0,-0.00022279861150309443,0,0.4825696647167206,0.0,0.00021232571452856064,1
614.193316411,195.75698852539062,-133.45706176757812,-0.000695083744139055,20.0,5.555552410683232,5.555552138166158,0.0017401050842410118,-0.04972795867828864,0.000171661376953125,-0.013707922771573067,4.76837158203125e-06,0.4826049208641052,0.0,-0.00022538243501912802,0,0.4825688302516937,0.0,0.0002097561809932813,1
614.393316414,196.867919921875,-133.45755004882812,-0.000693965879670751,20.0,5.555551453962199,5.555551180884208,0.0017418948246188473,-0.049726481456121484,0.0001430511474609375,-0.013668294996023178,5.53131121705519e-06,0.48260802030563354,0.0,-0.0002238007728010416,0,0.48256993293762207,0.0,0.00020817147742491215,1
614.593316417,197.97886657714844,-133.45803833007812,-0.0006929044513310161,20.0,5.555551453044859,5.55555118105655,0.0017384159501387716,-0.04972896568607583,0.0001811981201171875,-0.01381737645715475,-1.716613269309164e-06,0.48260557651519775,0.0,-0.000219720954191871,0,0.48256945610046387,0.0,0.00021394470240920782,1
614.79331642,199.0897979736328,-133.45852661132812,-0.0006932667998846053,20.0,5.555551933905953,5.555551664584528,0.0017298723214738837,-0.04973678872177793,0.0001621246337890625,-0.013755680993199348,-1.9073468138230965e-06,0.4826083779335022,0.0,-0.000219370485865511,0,0.4825690984725952,0.0,0.0002143583114957437,1
615.043316424,200.4784698486328,-133.45921325683594,-0.0001985168455313808,20.0,5.555557963370434,5.555557699944573,-0.0017108346543172038,0.04972807103039713,0.000171661376953125,-0.01373631414026022,-2.28881845032447e-06,0.48260995745658875,0.0,-0.00022206675203051418,0,0.48257172107696533,0.0,0.00021401813137345016,1
615.193316426,201.31167602539062,-133.45953369140625,-0.0006945580689092385,20.0,5.5555533651339815,5.555553094159523,0.001735173205922133,-0.049732124028681095,0.0001811981201171875,-0.013789520598948002,2.3269654775504023e-05,0.48260414600372314,0.0,-0.00022177890059538186,0,0.4825645983219147,0.0,0.0002138916024705395,1
615.393316429,202.422607421875,-133.46005249023438,-0.0006947466878135921,20.0,5.555553841264194,5.555553569387127,0.00173806078256362,-0.04973015578618795,0.0001430511474609375,-0.013737794943153858,1.335145043412922e-06,0.482606440782547,0.0,-0.00022673669445794076,0,0.4825655221939087,0.0,0.0002115073148161173,1
615.593316432,203.53355407714844,-133.46054077148438,-0.0006937943606532798,20.0,5.5555500224938905,5.555549748922907,0.0017434662305451088,-0.04972477120735895,-0.00019073486328125,0.01382429152727127,-5.91278057981981e-06,0.4825685918331146,0.0,0.0002098507684422657,0,0.48260897397994995,0.0,-0.00022618542425334454,1
615.743316434,204.36676025390625,-133.46096801757812,-0.00019709823761527014,20.0,5.55555843189602,5.555558171099721,-0.00170227438776785,0.049736189510532665,0.0001621246337890625,-0.013779965229332447,8.58306884765625e-06,0.48261022567749023,0.0,-0.0002244845381937921,0,0.4825660288333893,0.0,0.00021149004169274122,1
615.893316437,205.199951171875,-133.46127319335938,-0.0006923638868460817,20.0,5.555547159993123,5.555546887699769,0.0017393898535676018,-0.04972906971580591,0.0001811981201171875,-0.013868757523596287,1.6403195331804454e-05,0.482612282037735,0.0,-0.00022054421424400061,0,0.482573539018631,0.0,0.00021521246526390314,1
616.09331644,206.31089782714844,-133.46176147460938,-0.0006928110846482682,20.0,5.555551932124757,5.555551662146881,0.0017319792595620219,-0.04973538640101644,0.0002002716064453125,-0.013812193647027016,8.39233416627394e-06,0.4826047420501709,0.0,-0.0002202680625487119,0,0.4825681149959564,0.0,0.0002155430702259764,1
616.293316442,207.4218292236328,-133.46224975585938,-0.0006936276530108246,20.0,5.555554318116761,5.555554048201989,0.0017317772037105314,-0.04973569432901748,0.000152587890625,-0.013804659247398376,7.820128303137608e-06,0.48260486125946045,0.0,-0.00022029544925317168,0,0.48256558179855347,0.0,0.00021526037016883492,1
616.493316445,208.53277587890625,-133.46275329589844,-0.0006944841427822994,20.0,5.55555002849356,5.555549758657912,0.0017315226843039998,-0.04973579003636915,0.000171661376953125,-0.013789376243948936,-1.354217511106981e-05,0.48261135816574097,0.0,-0.00022313586669042706,0,0.48256945610046387,0.0,0.00021497368288692087,1
616.693316448,209.64370727539062,-133.4632568359375,-0.0006950442778602056,20.0,5.55554955249432,5.555549282365404,0.0017324632966750691,-0.04973509095658301,-0.0001811981201171875,0.013745827600359917,-8.201597665902227e-06,0.48256823420524597,0.0,0.000212187398574315,0,0.48261013627052307,0.0,-0.0002208408113801852,1
616.843316451,210.47691345214844,-133.4636993408203,-0.00019929628828401437,20.0,5.555560347599088,5.5555600854709635,-0.0017066157036840447,0.049731957581112964,-0.0001621246337890625,0.013865414075553417,-1.3351439065445447e-06,0.4825681149959564,0.0,0.00020965427393093705,0,0.4826071560382843,0.0,-0.00022572159650735557,1
616.993316453,211.31011962890625,-133.46400451660156,-0.0006944627516690517,20.0,5.555550978086513,5.555550704935536,0.0017421275154826201,-0.04972601956411993,0.000152587890625,-0.013683340512216091,5.149840944795869e-06,0.4826100170612335,0.0,-0.00022450399410445243,0,0.4825676381587982,0.0,0.0002084809821099043,1
617.193316456,212.42105102539062,-133.46449279785156,-0.0006932756424116621,20.0,5.5555500234459565,5.555549751565925,0.0017380696621679236,-0.04973006840121469,-0.000171661376953125,0.013651754707098007,-8.96453821042087e-06,0.4825710356235504,0.0,0.00021257615298964083,0,0.48260655999183655,0.0,-0.00022135772451292723,1
617.343316458,213.25425720214844,-133.46493530273438,-0.00019749511103553,20.0,5.555560820627188,5.555560557740147,-0.0017090844974793776,0.049730542776783855,-0.000171661376953125,0.013715592212975025,-8.58306884765625e-06,0.4825661778450012,0.0,0.00021311710588634014,0,0.48260682821273804,0.0,-0.00022019587049726397,1
617.543316461,214.3651885986328,-133.46542358398438,-0.0001980794167710346,20.0,5.555558438486774,5.5555581753563965,-0.0017098749411637198,0.04972907803818431,-0.0001621246337890625,0.013718167319893837,-8.583069757150952e-06,0.48257237672805786,0.0,0.00021301867673173547,0,0.48261016607284546,0.0,-0.00021996322902850807,1
617.743316464,215.47613525390625,-133.46592712402344,-0.00019852383502887063,20.0,5.555560346276629,5.555560083640554,-0.0017082684395425415,0.049730447069432186,-0.000133514404296875,0.013858308084309101,6.484985988208791e-06,0.48256587982177734,0.0,0.00021028824266977608,0,0.4826086163520813,0.0,-0.00022501942294184119,1
617.943316467,216.58706665039062,-133.46641540527344,-0.00019814469542666057,20.0,5.555560345006162,5.555560082492737,-0.0017078695159512159,0.04973152065624662,0.000152587890625,-0.013822512701153755,5.912779670325108e-06,0.482607364654541,0.0,-0.00022144679678604007,0,0.4825693368911743,0.0,0.0002140972064808011,1
618.14331647,217.697998046875,-133.46690368652344,-0.00019846362782258617,20.0,5.555559870128209,5.555559606966357,-0.0017099774207837333,0.04972899481440025,0.00019073486328125,-0.013799797743558884,9.5367431640625e-06,0.48260924220085144,0.0,-0.00022090498532634228,0,0.48257192969322205,0.0,0.00021455898240674287,1
618.293316472,218.5312042236328,-133.4672393798828,-0.0006946547515396329,20.0,5.555552411355949,5.555552140131585,0.001735973001373805,-0.04973178281116643,0.000171661376953125,-0.0137399323284626,9.536745437799254e-07,0.48260727524757385,0.0,-0.00022622822143603116,0,0.482565701007843,0.0,0.00021191156702116132,1
618.493316475,219.64215087890625,-133.4677276611328,-0.0006941994264147836,20.0,5.555551455966329,5.555551184131849,0.0017379242815126449,-0.049729827052240896,0.0001811981201171875,-0.013771764934062958,-5.531310307560489e-06,0.4826069176197052,0.0,-0.00022230204194784164,0,0.4825700521469116,0.0,0.0002125938917743042,1
618.743316479,221.03082275390625,-133.46839904785156,-0.00019830347080219702,20.0,5.555560822354425,5.555560559793488,-0.0017080241349691102,0.04973142911008415,0.000171661376953125,-0.013775099068880081,1.621246337890625e-05,0.48260635137557983,0.0,-0.0002223469637101516,0,0.4825686514377594,0.0,0.00021324567205738276,1
618.943316482,222.14175415039062,-133.46888732910156,-0.00019854047978568366,20.0,5.555556531872577,5.555556269078141,-0.0017087827893306358,0.04973023900997202,0.0001430511474609375,-0.013768915086984634,1.525879156361043e-06,0.48257362842559814,0.0,0.00021425278100650758,0,0.48257267475128174,0.0,0.00021358746744226664,1
619.093316484,222.97496032714844,-133.46922302246094,-0.000694517107203019,20.0,5.555549072955043,5.555548801535957,0.0017365955292937118,-0.049730463714188995,0.000209808349609375,-0.013831607066094875,8.58306884765625e-06,0.48260781168937683,0.0,-0.00022398466535378247,0,0.48257148265838623,0.0,0.0002147907216567546,1
619.293316487,224.0858917236328,-133.46971130371094,-0.0006944141827888196,20.0,5.555555271131069,5.555554999312604,0.0017378736810514462,-0.0497300892071607,0.000171661376953125,-0.013779583387076855,8.01086389401462e-06,0.48260262608528137,0.0,-0.0002232744445791468,0,0.4825640916824341,0.0,0.00021280228975228965,1
619.543316491,225.4745635986328,-133.4703826904297,-0.00019839820287515225,20.0,5.555560345522479,5.555560083121051,-0.00170750515699524,0.04973120024467797,0.0001239776611328125,-0.013784184120595455,4.768372036778601e-06,0.4826061427593231,0.0,-0.00022244499996304512,0,0.4825670123100281,0.0,0.00021344494598452002,1
619.743316494,226.58551025390625,-133.47088623046875,-0.00019874480067742128,20.0,5.555557011152093,5.555556747223499,-0.0017124662406975222,0.04972684764077137,0.0001430511474609375,-0.013837036676704884,5.91278057981981e-06,0.48260951042175293,0.0,-0.00022189672745298594,0,0.4825700521469116,0.0,0.00021640254999510944,1
619.943316497,227.69644165039062,-133.4713897705078,-0.00019900713439832451,20.0,5.555558438691726,5.555558177017766,-0.001705136323705595,0.04973365118511869,-0.000133514404296875,0.0138050876557827,-1.5258788153005298e-06,0.4825689494609833,0.0,0.00021055052638985217,0,0.482605516910553,0.0,-0.00022442817862611264,1
620.193316501,229.08511352539062,-133.47195434570312,-0.0006935514512335402,20.0,5.555551452409616,5.555551178771752,0.0017436795540835578,-0.04972491268779186,-0.0001811981201171875,0.013803001493215561,5.149840944795869e-06,0.48256704211235046,0.0,0.00021082587772980332,0,0.48260822892189026,0.0,-0.0002259891334688291,1
620.393316504,230.196044921875,-133.47244262695312,-0.0006924996456438375,20.0,5.5555490673231285,5.555548794768981,0.0017402229175415987,-0.049727517592233095,0.00019073486328125,-0.013863355852663517,5.531310307560489e-06,0.4826112389564514,0.0,-0.00022096748580224812,0,0.48256999254226685,0.0,0.00021474774985108525,1
620.593316507,231.30699157714844,-133.47293090820312,-0.0006927435953608782,20.0,5.555553839005011,5.555553568749491,0.0017328699063023987,-0.04973476222263595,0.0001621246337890625,-0.013815504498779774,-1.3351427696761675e-06,0.48260632157325745,0.0,-0.00022051545965950936,0,0.4825657606124878,0.0,0.0002152719971491024,1
620.84331651,232.69566345214844,-133.47360229492188,-0.00019781115010458766,20.0,5.55555796165638,5.555557698063963,-0.0017113754176669277,0.049727659072666006,-0.000171661376953125,0.013741198927164078,1.3351427696761675e-06,0.4825693368911743,0.0,0.00021447011386044323,0,0.48261207342147827,0.0,-0.00022044777870178223,1
621.043316513,233.8065948486328,-133.47410583496094,-0.00019871048712113984,20.0,5.555560825820617,5.5555605618533415,-0.0017125923164665075,0.0497272637596917,-0.0001621246337890625,0.013751909136772156,1.9073485191256623e-06,0.4825665056705475,0.0,0.0002151032240362838,0,0.4826071560382843,0.0,-0.0002204574557254091,1
621.243316516,234.9175262451172,-133.474609375,-0.00019920922840365265,20.0,5.555562254278551,5.555561992410819,-0.0017057681283312236,0.04973258592068265,-0.00019073486328125,0.013776165433228016,2.6702882678364404e-06,0.48256826400756836,0.0,0.00021261292567942291,0,0.48260498046875,0.0,-0.00022326884209178388,1
621.443316519,236.02847290039062,-133.47512817382812,-0.00019867562090691724,20.0,5.5555570049634095,5.555556744673723,-0.0017006199796823092,0.04973747115680727,-0.000152587890625,0.013880622573196888,2.47955313170678e-06,0.48257410526275635,0.0,0.0002084212756017223,0,0.4826114773750305,0.0,-0.0002279498294228688,1
621.643316522,237.139404296875,-133.47561645507812,-0.00019692662106992676,20.0,5.55555985913509,5.555559600032831,-0.0016967369129920673,0.049741316095631066,-0.000152587890625,0.013710404746234417,-4.95910626341356e-06,0.482566237449646,0.0,0.0002129292843164876,0,0.48260894417762756,0.0,-0.00022357460693456233,1
621.893316526,238.528076171875,-133.47616577148438,-0.0006921281944888665,20.0,5.555551452475163,5.555551181376005,0.001735572114929944,-0.04973179529473404,-0.00019073486328125,0.013750670477747917,-4.768372491525952e-06,0.48257002234458923,0.0,0.00021388517052400857,0,0.48260363936424255,0.0,-0.00022205273853614926,1
622.093316529,239.63902282714844,-133.47665405273438,-0.000692496719807679,20.0,5.555550977276783,5.55555070688386,0.0017333099171696882,-0.04973397159668733,-0.000171661376953125,0.013767988421022892,-6.866456715215463e-06,0.4825667440891266,0.0,0.00021409355395007879,0,0.4826108515262604,0.0,-0.00022150158474687487,1
622.293316532,240.7499542236328,-133.47714233398438,-0.0006930438511693249,20.0,5.5555509785666635,5.555550708283414,0.0017329583561717014,-0.04973440436036447,-0.000171661376953125,0.013763075694441795,-1.3542176020564511e-05,0.4826084077358246,0.0,-0.00021919829305261374,0,0.4826071560382843,0.0,-0.00022131032892502844,1
622.493316535,241.8608856201172,-133.47763061523438,-0.0006940576208889665,20.0,5.555553367078775,5.555553098564951,0.0017272769581928023,-0.04973916476081299,0.000171661376953125,-0.013800631277263165,-1.907349087559851e-06,0.48260462284088135,0.0,-0.00021944903710391372,0,0.4825647175312042,0.0,0.00021664278756361455,1
622.743316539,243.2495574951172,-133.47833251953125,-0.00019963932631895717,20.0,5.555558919282676,5.555558656406745,-0.0017090480899394733,0.049730438747053775,-0.000152587890625,0.013780766166746616,-8.77380352903856e-06,0.48257043957710266,0.0,0.000210831974982284,0,0.4826095402240753,0.0,-0.00022244549472816288,1
622.993316542,244.6382293701172,-133.47889709472656,-0.0006952055239418316,20.0,5.555551457974775,5.5555511860361735,0.001738257091226976,-0.049729552413753486,-0.0001430511474609375,0.013830894604325294,-9.346007573185489e-06,0.4825689494609833,0.0,0.0002114161616191268,0,0.4826078712940216,0.0,-0.00022433364938478917,1
623.193316545,245.74917602539062,-133.47940063476562,-0.0006944970164613971,20.0,5.555549070702073,5.555548797456962,0.0017424273774060458,-0.049725761570389326,-0.000209808349609375,0.013830498792231083,-8.58306884765625e-06,0.4825707674026489,0.0,0.00020953608327545226,0,0.4826051592826843,0.0,-0.0002259895409224555,1
623.393316548,246.860107421875,-133.47988891601562,-0.0006934147171570647,20.0,5.555546685000954,5.555546412392182,0.0017403969216335847,-0.04972723463136727,-0.0001811981201171875,0.01377889420837164,-1.907349087559851e-06,0.4825727939605713,0.0,0.00021094540716148913,0,0.48261114954948425,0.0,-0.00022442216868512332,1
623.593316551,247.97105407714844,-133.48037719726562,-0.0006927927494083414,20.0,5.555552406898751,5.555552135250874,0.0017373278221984045,-0.0497298228910517,-0.000152587890625,0.013768556527793407,5.722044988942798e-06,0.4825650155544281,0.0,0.00021203592768870294,0,0.48260846734046936,0.0,-0.0002229973761131987,1
623.793316554,249.0819854736328,-133.48086547851562,-0.000693145865323386,20.0,5.555558132634086,5.555557863393078,0.0017296150067952886,-0.04973756270296974,0.00011444091796875,-0.013814875856041908,-1.907349087559851e-06,0.482602596282959,0.0,-0.00021985385683365166,0,0.4825597107410431,0.0,0.00021641218336299062,1
623.993316557,250.1929168701172,-133.4813690185547,-0.0006941599601359339,20.0,5.555550027143789,5.555549756751068,0.0017333091192924396,-0.04973427536349917,0.0001621246337890625,-0.013761650770902634,8.58306884765625e-06,0.48261162638664246,0.0,-0.00022270253975875676,0,0.4825711250305176,0.0,0.00021338340593501925,1
624.243316561,251.5815887451172,-133.4820556640625,-0.00019848864372174163,20.0,5.555560345844294,5.555560083405226,-0.0017076276227387325,0.04973153313981423,0.000171661376953125,-0.01379041001200676,8.58306884765625e-06,0.4826046824455261,0.0,-0.00022216601064428687,0,0.4825676381587982,0.0,0.00021350447786971927,1
624.443316564,252.69253540039062,-133.48255920410156,-0.00019834560284287994,20.0,5.5555565287864574,5.555556267537189,-0.0017037517704523136,0.04973468732123029,-0.0001811981201171875,0.013790717348456383,1.7166138377433526e-06,0.48257341980934143,0.0,0.00021082261810079217,0,0.48261022567749023,0.0,-0.00022421017638407648,1
624.693316568,254.08120727539062,-133.4831085205078,-0.0006934348078986866,20.0,5.555551454529615,5.555551182845774,0.0017374426723605195,-0.049730022628133454,-9.5367431640625e-05,0.013759885914623737,1.9073485191256623e-06,0.4825711250305176,0.0,0.00021333778568077832,0,0.4826093316078186,0.0,-0.0002229677775176242,1
624.893316571,255.192138671875,-133.4835968017578,-0.0006933669935183898,20.0,5.555555746691621,5.555555475639903,0.0017354209267113011,-0.04973179529473404,0.000171661376953125,-0.013870354741811752,2.403259350103326e-05,0.4826039969921112,0.0,-0.00021942258172202855,0,0.48256394267082214,0.0,0.0002163859608117491,1
625.093316574,256.3030700683594,-133.48410034179688,-0.0006943058618323727,20.0,5.5555538435387835,5.555553574292505,0.0017296312678975953,-0.049736930202210844,0.00011444091796875,-0.013814126141369343,1.7166121324407868e-06,0.48260775208473206,0.0,-0.00022223156702239066,0,0.4825652241706848,0.0,0.00021625090448651463,1
625.243316576,257.13629150390625,-133.4845428466797,-0.0001990230802053886,20.0,5.555556532925194,5.555556270314365,-0.0017081857453622284,0.04973120024467797,-0.000171661376953125,0.013859337195754051,-5.149840944795869e-06,0.48257288336753845,0.0,0.00021081144222989678,0,0.48261234164237976,0.0,-0.00022520108905155212,1
625.443316579,258.2472229003906,-133.4850311279297,-0.00019838570305289716,20.0,5.555559865694747,5.555559605082782,-0.0017016729064549766,0.04973656401756096,-0.000152587890625,0.013692309148609638,1.9073468138230965e-06,0.48256489634513855,0.0,0.00021443811419885606,0,0.48260706663131714,0.0,-0.00022179044026415795,1
625.643316582,259.358154296875,-133.48553466796875,-0.00019855276829754953,20.0,5.555562255222172,5.555561991655303,-0.0017112931478503888,0.04972794203353183,0.000171661376953125,-0.0138087198138237,-1.716613269309164e-06,0.482604444026947,0.0,-0.00022349916980601847,0,0.48256632685661316,0.0,0.00021521876624319702,1
625.843316585,260.4690856933594,-133.4860382080078,-0.00019843501964681383,20.0,5.555561297232544,5.5555610360880685,-0.0017034107606742534,0.04973499108804213,0.0001811981201171875,-0.013701561838388443,-2.0980837689421605e-06,0.48260682821273804,0.0,-0.00022302044089883566,0,0.4825696647167206,0.0,0.00021038291743025184,1
626.043316588,261.5800476074219,-133.4865264892578,-0.00019785077892989046,20.0,5.555559865275388,5.555559604013771,-0.0017037925461422469,0.04973502853874496,-0.000171661376953125,0.013715964742004871,-9.72747784544481e-06,0.4825681149959564,0.0,0.00021073136304039508,0,0.48260852694511414,0.0,-0.00022184103727340698,1
626.293316591,262.9687194824219,-133.48707580566406,-0.0006939173758091006,20.0,5.555548597748501,5.555548328692164,0.0017290202539450182,-0.04973756270296974,-0.000152587890625,0.013663340359926224,-8.77380352903856e-06,0.4825720489025116,0.0,0.00021403294522315264,0,0.4826109707355499,0.0,-0.0002181725576519966,1
626.493316594,264.07965087890625,-133.48757934570312,-0.0006944846629309498,20.0,5.555553364579444,5.5555530932815405,0.00173620848014571,-0.04973186187376129,-0.0001239776611328125,0.013838927261531353,-1.621246337890625e-05,0.48260191082954407,0.0,-0.00022380852897185832,0,0.4826057553291321,0.0,-0.00022367137717083097,1
626.693316597,265.1905822753906,-133.48806762695312,-0.0006940219256878324,20.0,5.555553362539451,5.555553090371058,0.0017389916572745651,-0.04972904058748148,0.000133514404296875,-0.013797185383737087,-1.907349087559851e-06,0.48260626196861267,0.0,-0.00022013246780261397,0,0.4825688302516937,0.0,0.00021302224195096642,1
626.943316601,266.5792541503906,-133.48875427246094,-0.00019840811820880065,20.0,5.5555589158386525,5.5555586529584415,-0.0017090620047489125,0.049730322233756084,0.0001430511474609375,-0.013753650709986687,-1.7166144061775412e-06,0.48260581493377686,0.0,-0.00021951542294118553,0,0.48256808519363403,0.0,0.00021359229867812246,1
627.143316604,267.690185546875,-133.4892578125,-0.00019880364249349848,20.0,5.555557009076739,5.555556746516719,-0.001708020565153126,0.04973069257959518,0.0001430511474609375,-0.013778246939182281,2.059936559817288e-05,0.48260852694511414,0.0,-0.00022465283109340817,0,0.4825693964958191,0.0,0.00021358701633289456,1
627.343316607,268.8011169433594,-133.48974609375,-0.00019822262019634953,20.0,5.555557004943582,5.555556743900003,-0.0017030810014320732,0.04973524492058353,-0.000133514404296875,0.013764430768787861,9.5367431640625e-06,0.4825717806816101,0.0,0.00021515710977837443,0,0.48260754346847534,0.0,-0.00022366824850905687,1
627.54331661,269.9120788574219,-133.490234375,-0.00019828710237435458,20.0,5.555564638604448,5.555564375073191,-0.0017111778987868537,0.049728399764344185,0.0002193450927734375,-0.01380539033561945,2.4414061044808477e-05,0.48256030678749084,0.0,0.00021554781415034086,0,0.4825645387172699,0.0,0.000215089792618528,1
627.743316613,271.02301025390625,-133.49075317382812,-0.00019888580972561736,20.0,5.555563207474883,5.555562945343105,-0.0017066280349109144,0.04973206577203225,-0.0002193450927734375,0.01386537216603756,-5.7220458984375e-06,0.4825679063796997,0.0,0.0002103839797200635,0,0.4826031029224396,0.0,-0.00022586072736885399,1
627.943316616,272.1339416503906,-133.49124145507812,-0.00019801716147943913,20.0,5.555554618890572,5.5555543586301015,-0.0017005241658998643,0.049737046715508534,-0.000152587890625,0.01377965323626995,-6.294249942584429e-06,0.48257502913475037,0.0,0.00021154340356588364,0,0.4826122224330902,0.0,-0.00022476912999991328,1
628.19331662,273.5226135253906,-133.49179077148438,-0.0006929956073819999,20.0,5.555549547074544,5.5555492760682,0.0017352746935926158,-0.049732019998951014,-0.000133514404296875,0.013682194985449314,1.907349087559851e-06,0.4825713336467743,0.0,0.00021531720994971693,0,0.4826074242591858,0.0,-0.00022085901582613587,1
628.393316623,274.633544921875,-133.49229431152344,-0.0006937301222949546,20.0,5.5555533652078655,5.555553095739567,0.001730344171008565,-0.049736110447937805,0.0001811981201171875,-0.013798600994050503,1.7166144061775412e-06,0.48260509967803955,0.0,-0.0002226047363365069,0,0.48256608843803406,0.0,0.0002153723471565172,1
628.643316627,276.022216796875,-133.49298095703125,-0.00019822943089274083,20.0,5.555558435130909,5.555558174287403,-0.0017024284457543186,0.04973501605517735,0.0001239776611328125,-0.013662497512996197,1.7166121324407868e-06,0.48260989785194397,0.0,-0.00022060019546188414,0,0.4825681447982788,0.0,0.0002097159594995901,1
628.843316629,277.1331481933594,-133.49346923828125,-0.0001984711537233717,20.0,5.5555598694276735,5.555559606697103,-0.0017085756509791746,0.049730617678189516,-0.5068302154541016,0.006924811750650406,-1.4877318790240679e-05,0.0,1.0,0.0,0,0.0,1.0,0.0,1
629.093316633,278.27337646484375,-133.49468994140625,0.0027089677209029264,20.0,2.1602029383544683,2.1601660596638075,-0.012622581028387016,0.010382651840647959,-26.327022552490234,-0.00859028659760952,0.038950156420469284,0.0,1.0,0.0,0,0.0,1.0,0.0,1
629.293316636,278.35211181640625,-133.4950714111328,0.0030850055466734656,20.0,0.009821523867192542,-0.00981766250936921,0.00027537960338236097,2.0046405044980535e-05,0.012326259166002274,0.00036667624954134226,0.0001840584445744753,0.0,1.0,0.0,0,0.0,1.0,0.0,1
629.493316639,278.3549499511719,-133.49510192871094,0.003085538438965805,20.0,0.004602353659995031,-0.004599868866872789,0.000151213819620114,2.4169844866292258e-06,0.02873552031815052,-0.0008114750380627811,-0.0028581619262695312,0.0,1.0,0.0,0,0.0,1.0,0.0,1
629.693316642,278.3559265136719,-133.4951171875,0.003085005546673464,20.0,0.0013571485721537763,-0.0013562500057655096,4.937781647752971e-05,7.381688429333436e-08,0.010083471424877644,-0.0002995000104419887,-0.0007055283058434725,0.0,1.0,0.0,0,0.0,1.0,0.0,1
629.893316645,278.3562316894531,-133.4951171875,0.0030850055466734643,20.0,0.00037433540209125477,-0.0003743095549411816,4.398901971622586e-06,-6.386680316585004e-08,0.007486429996788502,-6.488266808446497e-05,-9.91821252682712e-06,0.0,1.0,0.0,0,0.0,1.0,0.0,1
630.143316649,278.3562316894531,-133.4951171875,0.0030850055466734643,20.0,0.0,0.0,-0.0,-0.0,0.0,-0.0,0.0,0.0,1.0,0.0,0,0.0,1.0,0.0,1
630.393316653,278.3562316894531,-133.4951171875,0.0030850055466734643,20.0,0.0,0.0,-0.0,-0.0,0.0,-0.0,0.0,0.0,1.0,0.0,0,0.0,1.0,0.0,1
630.643316656,278.3562316894531,-133.4951171875,0.0030850055466734643,20.0,0.0,0.0,-0.0,-0.0,0.0,-0.0,0.0,0.0,1.0,0.0,0,0.0,1.0,0.0,1
630.89331666,278.3562316894531,-133.4951171875,0.0030850055466734643,20.0,0.0,0.0,-0.0,-0.0,0.0,-0.0,0.0,0.0,1.0,0.0,0,0.0,1.0,0.0,1
631.143316664,278.3562316894531,-133.4951171875,0.0030850055466734643,20.0,0.0,0.0,-0.0,-0.0,0.0,-0.0,0.0,0.0,1.0,0.0,0,0.0,1.0,0.0,1
631.343316667,278.3562316894531,-133.4951171875,0.0030850055466734643,20.0,0.0,0.0,-0.0,-0.0,0.0,-0.0,0.0,0.0,1.0,0.0,0,0.0,1.0,0.0,1
631.59331667,278.3562316894531,-133.4951171875,0.0030850055466734643,20.0,0.0,0.0,-0.0,-0.0,0.0,-0.0,0.0,0.0,1.0,0.0,0,0.0,1.0,0.0,1
631.793316673,278.3562316894531,-133.4951171875,0.0030850055466734643,20.0,0.0,0.0,-0.0,-0.0,0.0,-0.0,0.0,0.0,1.0,0.0,0,0.0,1.0,0.0,1
632.043316677,278.3562316894531,-133.4951171875,0.0030850055466734643,20.0,0.0,0.0,-0.0,-0.0,0.0,-0.0,0.0,0.0,1.0,0.0,0,0.0,1.0,0.0,1
632.24331668,278.3562316894531,-133.4951171875,0.0030850055466734643,20.0,0.0,0.0,-0.0,-0.0,0.0,-0.0,0.0,0.0,1.0,0.0,0,0.0,1.0,0.0,1
632.493316684,278.3562316894531,-133.4951171875,0.0030850055466734643,20.0,0.0,0.0,-0.0,-0.0,0.0,-0.0,0.0,0.0,1.0,0.0,0,0.0,1.0,0.0,1
632.693316687,278.3562316894531,-133.4951171875,0.0030850055466734643,20.0,0.0,0.0,-0.0,-0.0,0.0,-0.0,0.0,0.0,1.0,0.0,0,0.0,1.0,0.0,1
632.943316691,278.3562316894531,-133.4951171875,0.0030850055466734643,20.0,0.0,0.0,-0.0,-0.0,0.0,-0.0,0.0,0.0,1.0,0.0,0,0.0,1.0,0.0,1
633.143316694,278.3562316894531,-133.4951171875,0.0030850055466734643,20.0,0.0,0.0,-0.0,-0.0,0.0,-0.0,0.0,0.0,1.0,0.0,0,0.0,1.0,0.0,1
633.393316697,278.3562316894531,-133.4951171875,0.0030850055466734643,20.0,0.0,0.0,-0.0,-0.0,0.0,-0.0,0.0,0.0,1.0,0.0,0,0.0,1.0,0.0,1
633.643316701,278.3562316894531,-133.4951171875,0.0030850055466734643,20.0,0.0,0.0,-0.0,-0.0,0.0,-0.0,0.0,0.0,1.0,0.0,0,0.0,1.0,0.0,1
633.843316704,278.3562316894531,-133.4951171875,0.0030850055466734643,20.0,0.0,0.0,-0.0,-0.0,0.0,-0.0,0.0,0.0,1.0,0.0,0,0.0,1.0,0.0,1
633.993316706,278.3562316894531,-133.4951171875,0.0030850055466734643,20.0,0.0,0.0,-0.0,-0.0,0.0,-0.0,0.0,0.0,1.0,0.0,0,0.0,1.0,0.0,1
634.193316709,278.3562316894531,-133.4951171875,0.0030850055466734643,20.0,0.0,0.0,-0.0,-0.0,0.0,-0.0,0.0,0.0,1.0,0.0,0,0.0,1.0,0.0,1
634.393316712,278.3562316894531,-133.4951171875,0.0030850055466734643,20.0,0.0,0.0,-0.0,-0.0,0.0,-0.0,0.0,0.0,1.0,0.0,0,0.0,1.0,0.0,1
634.593316715,278.3562316894531,-133.4951171875,0.0030850055466734643,20.0,0.0,0.0,-0.0,-0.0,0.0,-0.0,0.0,0.0,1.0,0.0,0,0.0,1.0,0.0,1
634.793316718,278.3562316894531,-133.4951171875,0.0030850055466734643,20.0,0.0,0.0,-0.0,-0.0,0.0,-0.0,0.0,0.0,1.0,0.0,0,0.0,1.0,0.0,1
635.043316722,278.3562316894531,-133.4951171875,0.0030850055466734643,20.0,0.0,0.0,-0.0,-0.0,0.0,-0.0,0.0,0.0,1.0,0.0,0,0.0,1.0,0.0,1
635.293316726,278.3562316894531,-133.4951171875,0.0030850055466734643,20.0,0.0,0.0,-0.0,-0.0,0.0,-0.0,0.0,0.0,1.0,0.0,0,0.0,1.0,0.0,1
635.543316729,278.3562316894531,-133.4951171875,0.0030850055466734643,20.0,0.0,0.0,-0.0,-0.0,0.0,-0.0,0.0,0.0,1.0,0.0,0,0.0,1.0,0.0,1
635.743316732,278.3562316894531,-133.4951171875,0.0030850055466734643,20.0,0.0,0.0,-0.0,-0.0,0.0,-0.0,0.0,0.0,1.0,0.0,0,0.0,1.0,0.0,1
635.993316736,278.3562316894531,-133.4951171875,0.0030850055466734643,20.0,0.0,0.0,-0.0,-0.0,0.0,-0.0,0.0,0.0,1.0,0.0,0,0.0,1.0,0.0,1
636.193316739,278.3562316894531,-133.4951171875,0.0030850055466734643,20.0,0.0,0.0,-0.0,-0.0,0.0,-0.0,0.0,0.0,1.0,0.0,0,0.0,1.0,0.0,1
636.443316743,278.3562316894531,-133.4951171875,0.0030850055466734643,20.0,0.0,0.0,-0.0,-0.0,0.0,-0.0,0.0,0.0,1.0,0.0,0,0.0,1.0,0.0,1
636.643316746,278.3562316894531,-133.4951171875,0.0030850055466734643,20.0,0.0,0.0,-0.0,-0.0,0.0,-0.0,0.0,0.0,1.0,0.0,0,0.0,1.0,0.0,1
636.843316749,278.3562316894531,-133.4951171875,0.0030850055466734643,20.0,0.0,0.0,-0.0,-0.0,0.0,-0.0,0.0,0.0,1.0,0.0,0,0.0,1.0,0.0,1
637.093316752,278.3562316894531,-133.4951171875,0.0030850055466734643,20.0,0.0,0.0,-0.0,-0.0,0.0,-0.0,0.0,0.0,1.0,0.0,0,0.0,1.0,0.0,1
637.343316756,278.3562316894531,-133.4951171875,0.0030850055466734643,20.0,0.0,0.0,-0.0,-0.0,0.0,-0.0,0.0,0.0,1.0,0.0,0,0.0,1.0,0.0,1
637.59331676,278.3562316894531,-133.4951171875,0.0030850055466734643,20.0,0.0,0.0,-0.0,-0.0,0.0,-0.0,0.0,0.0,1.0,0.0,0,0.0,1.0,0.0,1
637.843316764,278.3562316894531,-133.4951171875,0.0030850055466734643,20.0,0.0,0.0,-0.0,-0.0,0.0,-0.0,0.0,0.0,1.0,0.0,0,0.0,1.0,0.0,1
638.093316767,278.3562316894531,-133.4951171875,0.0030850055466734643,20.0,0.0,0.0,-0.0,-0.0,0.0,-0.0,0.0,0.0,1.0,0.0,0,0.0,1.0,0.0,1
638.29331677,278.3562316894531,-133.4951171875,0.0030850055466734643,20.0,0.0,0.0,-0.0,-0.0,0.0,-0.0,0.0,0.0,1.0,0.0,0,0.0,1.0,0.0,1
638.543316774,278.3562316894531,-133.4951171875,0.0030850055466734643,20.0,0.0,0.0,-0.0,-0.0,0.0,-0.0,0.0,0.0,1.0,0.0,0,0.0,1.0,0.0,1
638.743316777,278.3562316894531,-133.4951171875,0.0030850055466734643,20.0,0.0,0.0,-0.0,-0.0,0.0,-0.0,0.0,0.0,1.0,0.0,0,0.0,1.0,0.0,1
638.94331678,278.3562316894531,-133.4951171875,0.0030850055466734643,20.0,0.0,0.0,-0.0,-0.0,0.0,-0.0,0.0,0.0,1.0,0.0,0,0.0,1.0,0.0,1
639.193316784,278.3562316894531,-133.4951171875,0.0030850055466734643,20.0,0.0,0.0,-0.0,-0.0,0.0,-0.0,0.0,0.0,1.0,0.0,0,0.0,1.0,0.0,1
639.443316787,278.3562316894531,-133.4951171875,0.0030850055466734643,20.0,0.0,0.0,-0.0,-0.0,0.0,-0.0,0.0,0.0,1.0,0.0,0,0.0,1.0,0.0,1
639.64331679,278.3562316894531,-133.4951171875,0.0030850055466734643,20.0,0.0,0.0,-0.0,-0.0,0.0,-0.0,0.0,0.0,1.0,0.0,0,0.0,1.0,0.0,1
639.893316794,278.3562316894531,-133.4951171875,0.0030850055466734643,20.0,0.0,0.0,-0.0,-0.0,0.0,-0.0,0.0,0.0,1.0,0.0,0,0.0,1.0,0.0,1
640.193316799,278.3562316894531,-133.4951171875,0.0030850055466734643,20.0,0.0,0.0,-0.0,-0.0,0.0,-0.0,0.0,0.0,1.0,0.0,0,0.0,1.0,0.0,1
640.393316802,278.3562316894531,-133.4951171875,0.0030850055466734643,20.0,0.0,0.0,-0.0,-0.0,0.0,-0.0,0.0,0.0,1.0,0.0,0,0.0,1.0,0.0,1
640.643316805,278.3562316894531,-133.4951171875,0.0030850055466734643,20.0,0.0,0.0,-0.0,-0.0,0.0,-0.0,0.0,0.0,1.0,0.0,0,0.0,1.0,0.0,1
640.843316808,278.3562316894531,-133.4951171875,0.0030850055466734643,20.0,0.0,0.0,-0.0,-0.0,0.0,-0.0,0.0,0.0,1.0,0.0,0,0.0,1.0,0.0,1
641.093316812,278.3562316894531,-133.4951171875,0.0030850055466734643,20.0,0.0,0.0,-0.0,-0.0,0.0,-0.0,0.0,0.0,1.0,0.0,0,0.0,1.0,0.0,1
641.343316816,278.3562316894531,-133.4951171875,0.0030850055466734643,20.0,0.0,0.0,-0.0,-0.0,0.0,-0.0,0.0,0.0,1.0,0.0,0,0.0,1.0,0.0,1
641.543316819,278.3562316894531,-133.4951171875,0.0030850055466734643,20.0,0.0,0.0,-0.0,-0.0,0.0,-0.0,0.0,0.0,1.0,0.0,0,0.0,1.0,0.0,1
641.793316822,278.3562316894531,-133.4951171875,0.0030850055466734643,20.0,0.0,0.0,-0.0,-0.0,0.0,-0.0,0.0,0.0,1.0,0.0,0,0.0,1.0,0.0,1
642.043316826,278.3562316894531,-133.4951171875,0.0030850055466734643,20.0,0.0,0.0,-0.0,-0.0,0.0,-0.0,0.0,0.0,1.0,0.0,0,0.0,1.0,0.0,1
642.29331683,278.3562316894531,-133.4951171875,0.0030850055466734643,20.0,0.0,0.0,-0.0,-0.0,0.0,-0.0,0.0,0.0,1.0,0.0,0,0.0,1.0,0.0,1
642.493316833,278.3562316894531,-133.4951171875,0.0030850055466734643,20.0,0.0,0.0,-0.0,-0.0,0.0,-0.0,0.0,0.0,1.0,0.0,0,0.0,1.0,0.0,1
642.743316837,278.3562316894531,-133.4951171875,0.0030850055466734643,20.0,0.0,0.0,-0.0,-0.0,0.0,-0.0,0.0,0.0,1.0,0.0,0,0.0,1.0,0.0,1
642.94331684,278.3562316894531,-133.4951171875,0.0030850055466734643,20.0,0.0,0.0,-0.0,-0.0,0.0,-0.0,0.0,0.0,1.0,0.0,0,0.0,1.0,0.0,1
643.193316843,278.3562316894531,-133.4951171875,0.0030850055466734643,20.0,0.0,0.0,-0.0,-0.0,0.0,-0.0,0.0,0.0,1.0,0.0,0,0.0,1.0,0.0,1
643.393316846,278.3562316894531,-133.4951171875,0.0030850055466734643,20.0,0.0,0.0,-0.0,-0.0,0.0,-0.0,0.0,0.0,1.0,0.0,0,0.0,1.0,0.0,1
643.64331685,278.3562316894531,-133.4951171875,0.0030850055466734643,20.0,0.0,0.0,-0.0,-0.0,0.0,-0.0,0.0,0.0,1.0,0.0,0,0.0,1.0,0.0,1
643.893316854,278.3562316894531,-133.4951171875,0.0030850055466734643,20.0,0.0,0.0,-0.0,-0.0,0.0,-0.0,0.0,0.0,1.0,0.0,0,0.0,1.0,0.0,1
644.143316857,278.3562316894531,-133.4951171875,0.0030850055466734643,20.0,0.0,0.0,-0.0,-0.0,0.0,-0.0,0.0,0.0,1.0,0.0,0,0.0,1.0,0.0,1
644.393316861,278.3562316894531,-133.4951171875,0.0030850055466734643,20.0,0.0,0.0,-0.0,-0.0,0.0,-0.0,0.0,0.0,1.0,0.0,0,0.0,1.0,0.0,1
644.693316866,278.3562316894531,-133.4951171875,0.0030850055466734643,20.0,0.0,0.0,-0.0,-0.0,0.0,-0.0,0.0,0.0,1.0,0.0,0,0.0,1.0,0.0,1
644.943316869,278.3562316894531,-133.4951171875,0.0030850055466734643,20.0,0.0,0.0,-0.0,-0.0,0.0,-0.0,0.0,0.0,1.0,0.0,0,0.0,1.0,0.0,1
645.193316873,278.3562316894531,-133.4951171875,0.0030850055466734643,20.0,0.0,0.0,-0.0,-0.0,0.0,-0.0,0.0,0.0,1.0,0.0,0,0.0,1.0,0.0,1
645.443316877,278.3562316894531,-133.4951171875,0.0030850055466734643,20.0,0.0,0.0,-0.0,-0.0,0.0,-0.0,0.0,0.0,1.0,0.0,0,0.0,1.0,0.0,1
645.693316881,278.3562316894531,-133.4951171875,0.0030850055466734643,20.0,0.0,0.0,-0.0,-0.0,0.0,-0.0,0.0,0.0,1.0,0.0,0,0.0,1.0,0.0,1
645.893316884,278.3562316894531,-133.4951171875,0.0030850055466734643,20.0,0.0,0.0,-0.0,-0.0,0.0,-0.0,0.0,0.0,1.0,0.0,0,0.0,1.0,0.0,1
646.143316887,278.3562316894531,-133.4951171875,0.0030850055466734643,20.0,0.0,0.0,-0.0,-0.0,0.0,-0.0,0.0,0.0,1.0,0.0,0,0.0,1.0,0.0,1
646.393316891,278.3562316894531,-133.4951171875,0.0030850055466734643,20.0,0.0,0.0,-0.0,-0.0,0.0,-0.0,0.0,0.0,1.0,0.0,0,0.0,1.0,0.0,1
646.643316895,278.3562316894531,-133.4951171875,0.0030850055466734643,20.0,0.0,0.0,-0.0,-0.0,0.0,-0.0,0.0,0.0,1.0,0.0,0,0.0,1.0,0.0,1
646.843316898,278.3562316894531,-133.4951171875,0.0030850055466734643,20.0,0.0,0.0,-0.0,-0.0,0.0,-0.0,0.0,0.0,1.0,0.0,0,0.0,1.0,0.0,1
647.043316901,278.3562316894531,-133.4951171875,0.0030850055466734643,20.0,0.0,0.0,-0.0,-0.0,0.0,-0.0,0.0,0.0,1.0,0.0,0,0.0,1.0,0.0,1
647.293316904,278.3562316894531,-133.4951171875,0.0030850055466734643,20.0,0.0,0.0,-0.0,-0.0,0.0,-0.0,0.0,0.0,1.0,0.0,0,0.0,1.0,0.0,1
647.543316908,278.3562316894531,-133.4951171875,0.0030850055466734643,20.0,0.0,0.0,-0.0,-0.0,0.0,-0.0,0.0,0.0,1.0,0.0,0,0.0,1.0,0.0,1
647.793316912,278.3562316894531,-133.4951171875,0.0030850055466734643,20.0,0.0,0.0,-0.0,-0.0,0.0,-0.0,0.0,0.0,1.0,0.0,0,0.0,1.0,0.0,1
647.993316915,278.3562316894531,-133.4951171875,0.0030850055466734643,20.0,0.0,0.0,-0.0,-0.0,0.0,-0.0,0.0,0.0,1.0,0.0,0,0.0,1.0,0.0,1
648.243316919,278.3562316894531,-133.4951171875,0.0030850055466734643,20.0,0.0,0.0,-0.0,-0.0,0.0,-0.0,0.0,0.0,1.0,0.0,0,0.0,1.0,0.0,1
648.493316922,278.3562316894531,-133.4951171875,0.0030850055466734643,20.0,0.0,0.0,-0.0,-0.0,0.0,-0.0,0.0,0.0,1.0,0.0,0,0.0,1.0,0.0,1
648.743316926,278.3562316894531,-133.4951171875,0.0030850055466734643,20.0,0.0,0.0,-0.0,-0.0,0.0,-0.0,0.0,0.0,1.0,0.0,0,0.0,1.0,0.0,1
648.99331693,278.3562316894531,-133.4951171875,0.0030850055466734643,20.0,0.0,0.0,-0.0,-0.0,0.0,-0.0,0.0,0.0,1.0,0.0,0,0.0,1.0,0.0,1
649.243316933,278.3562316894531,-133.4951171875,0.0030850055466734643,20.0,0.0,0.0,-0.0,-0.0,0.0,-0.0,0.0,0.0,1.0,0.0,0,0.0,1.0,0.0,1
649.493316937,278.3562316894531,-133.4951171875,0.0030850055466734643,20.0,0.0,0.0,-0.0,-0.0,0.0,-0.0,0.0,0.0,1.0,0.0,0,0.0,1.0,0.0,1
