timestamp,x,y,yaw,v_total,v_lat,v_long,w_z,a_lat,a_long,throttle_cmd,brake_cmd,steer_cmd,gear_cmd,throttle_real,brake_real,steer_real,gear_real,is_idle
752.109,177.285,-53.3,-3.142,0.0,-0.0,0.0,-0.0,0.0,-0.0,0.0,0.0,0.0,0,0.0,1.0,0.0,1,1
752.159,177.285,-53.3,-3.142,0.0,0.0,-0.0,0.0,0.44,-0.603,0.0,0.0,0.0,0,0.0,1.0,0.0,1,1
752.209,177.284,-53.3,-3.142,0.037,0.022,-0.029,0.0,-0.363,0.475,0.0,0.0,0.0,0,0.0,1.0,0.0,1,1
752.259,177.283,-53.3,-3.142,0.006,0.004,-0.004,0.0,-0.102,0.176,0.0,0.0,0.0,0,0.0,1.0,0.0,1,1
752.309,177.283,-53.3,-3.142,0.004,-0.001,0.004,-0.0,-0.023,0.049,0.0,0.0,0.0,0,0.0,1.0,0.0,1,1
752.359,177.283,-53.3,-3.142,0.006,-0.002,0.006,-0.0,0.001,0.001,0.0,0.0,0.0,0,0.0,1.0,0.0,1,1
752.409,177.284,-53.3,-3.142,0.006,-0.002,0.006,-0.0,0.008,-0.015,0.0,0.0,0.0,0,0.0,1.0,0.0,1,1
752.459,177.284,-53.3,-3.142,0.005,-0.002,0.005,-0.0,0.008,-0.018,0.0,0.0,0.0,0,0.0,1.0,0.0,1,1
752.509,177.284,-53.3,-3.142,0.004,-0.002,0.004,-0.0,0.007,-0.016,0.0,0.0,0.0,0,0.0,1.0,0.0,1,1
752.559,177.285,-53.3,-3.142,0.003,-0.001,0.003,-0.0,0.006,-0.013,0.0,0.0,0.0,0,0.0,1.0,0.0,1,1
752.609,177.285,-53.3,-3.142,0.002,-0.001,0.002,-0.0,0.004,-0.01,0.0,0.0,0.0,0,0.0,1.0,0.0,1,1
752.659,177.285,-53.3,-3.142,0.002,-0.001,0.001,-0.0,0.003,-0.007,0.0,0.0,0.0,0,0.0,1.0,0.0,1,1
752.709,177.285,-53.3,-3.142,0.001,-0.001,0.001,-0.0,0.003,-0.005,0.0,0.0,0.0,0,0.0,1.0,0.0,1,1
752.759,177.285,-53.3,-3.142,0.001,-0.0,0.001,-0.0,0.002,-0.004,0.0,1.0,0.0,0,0.0,1.0,0.0,1,1
752.809,177.285,-53.3,-3.142,0.001,-0.0,0.001,-0.0,0.001,-0.003,0.0,1.0,0.0,0,0.0,1.0,0.0,1,1
752.859,177.285,-53.3,-3.142,0.0,-0.0,0.0,-0.0,0.001,-0.002,0.0,1.0,0.0,0,0.0,1.0,0.0,1,1
752.959,177.285,-53.3,-3.142,0.0,-0.0,0.0,-0.0,0.001,-0.001,0.0,1.0,0.0,0,0.0,1.0,0.0,1,1
753.009,177.285,-53.3,-3.142,0.0,-0.0,0.0,-0.0,0.0,-0.001,0.0,1.0,0.0,0,0.0,1.0,0.0,1,1
753.059,177.285,-53.3,-3.142,0.0,-0.0,0.0,0.0,0.001,-0.002,0.0,1.0,0.0,0,0.0,1.0,0.0,1,1
753.109,177.285,-53.3,-3.142,0.0,-0.0,0.0,-0.0,0.0,0.0,0.0,1.0,0.0,0,0.0,1.0,0.0,1,1
754.109,177.285,-53.3,-3.142,0.0,-0.0,0.0,-0.0,0.0,0.0,0.0,1.0,0.0,0,0.0,1.0,0.0,1,1
755.109,177.285,-53.3,-3.142,0.0,-0.0,0.0,-0.0,0.0,0.0,0.0,1.0,0.0,0,0.0,1.0,0.0,1,1
756.109,177.285,-53.3,-3.142,0.0,-0.0,0.0,-0.0,0.0,0.0,0.0,1.0,0.0,0,0.0,1.0,0.0,1,1
757.109,177.285,-53.3,-3.142,0.0,-0.0,0.0,-0.0,0.0,0.0,0.0,1.0,0.0,0,0.0,1.0,0.0,1,1
758.109,177.285,-53.3,-3.142,0.0,-0.0,0.0,-0.0,0.0,0.0,0.0,1.0,0.0,0,0.0,1.0,0.0,1,1
759.109,177.285,-53.3,-3.142,0.0,-0.0,0.0,-0.0,0.0,0.0,0.0,1.0,0.0,0,0.0,1.0,0.0,1,1
760.109,177.285,-53.3,-3.142,0.0,-0.0,0.0,-0.0,0.0,0.0,0.0,1.0,0.0,0,0.0,1.0,0.0,1,1
761.109,177.285,-53.3,-3.142,0.0,-0.0,0.0,-0.0,0.0,0.0,0.0,1.0,0.0,0,0.0,1.0,0.0,1,1
762.109,177.285,-53.3,-3.142,0.0,-0.0,0.0,-0.0,0.0,0.0,0.0,1.0,0.0,0,0.0,1.0,0.0,1,1
763.109,177.285,-53.3,-3.142,0.0,-0.0,0.0,-0.0,0.0,0.0,0.0,1.0,0.0,0,0.0,1.0,0.0,1,1
764.109,177.285,-53.3,-3.142,0.0,-0.0,0.0,-0.0,0.0,0.0,0.0,1.0,0.0,0,0.0,1.0,0.0,1,1
765.109,177.285,-53.3,-3.142,0.0,-0.0,0.0,-0.0,0.0,0.0,0.0,1.0,0.0,0,0.0,1.0,0.0,1,1
766.109,177.285,-53.3,-3.142,0.0,-0.0,0.0,-0.0,0.0,0.0,0.0,1.0,0.0,0,0.0,1.0,0.0,1,1
767.109,177.285,-53.3,-3.142,0.0,-0.0,0.0,-0.0,0.0,0.0,0.0,1.0,0.0,0,0.0,1.0,0.0,1,1
768.109,177.285,-53.3,-3.142,0.0,-0.0,0.0,-0.0,0.0,0.0,0.0,1.0,0.0,0,0.0,1.0,0.0,1,1
769.109,177.285,-53.3,-3.142,0.0,-0.0,0.0,-0.0,0.0,0.0,0.0,1.0,0.0,0,0.0,1.0,0.0,1,1
770.109,177.285,-53.3,-3.142,0.0,-0.0,0.0,-0.0,0.0,0.0,0.0,1.0,0.0,0,0.0,1.0,0.0,1,1
771.109,177.285,-53.3,-3.142,0.0,-0.0,0.0,-0.0,0.0,0.0,0.0,1.0,0.0,0,0.0,1.0,0.0,1,1
772.109,177.285,-53.3,-3.142,0.0,-0.0,0.0,-0.0,0.0,0.0,0.0,1.0,0.0,0,0.0,1.0,0.0,1,1
773.109,177.285,-53.3,-3.142,0.0,-0.0,0.0,-0.0,0.0,0.0,0.0,1.0,0.0,0,0.0,1.0,0.0,1,1
774.109,177.285,-53.3,-3.142,0.0,-0.0,0.0,-0.0,0.0,0.0,0.0,1.0,0.0,0,0.0,1.0,0.0,1,1
775.109,177.285,-53.3,-3.142,0.0,-0.0,0.0,-0.0,0.0,0.0,0.0,1.0,0.0,0,0.0,1.0,0.0,1,1
776.109,177.285,-53.3,-3.142,0.0,-0.0,0.0,-0.0,0.0,0.0,0.0,1.0,0.0,0,0.0,1.0,0.0,1,1
777.109,177.285,-53.3,-3.142,0.0,-0.0,0.0,-0.0,0.0,0.0,0.0,1.0,0.0,0,0.0,1.0,0.0,1,1
778.109,177.285,-53.3,-3.142,0.0,-0.0,0.0,-0.0,0.0,0.0,0.0,1.0,0.0,0,0.0,1.0,0.0,1,1
779.109,177.285,-53.3,-3.142,0.0,-0.0,0.0,-0.0,0.0,0.0,0.0,1.0,0.0,0,0.0,1.0,0.0,1,1
780.109,177.285,-53.3,-3.142,0.0,-0.0,0.0,-0.0,0.0,0.0,0.0,1.0,0.0,0,0.0,1.0,0.0,1,1
781.109,177.285,-53.3,-3.142,0.0,-0.0,0.0,-0.0,0.0,0.0,0.0,1.0,0.0,0,0.0,1.0,0.0,1,1
782.109,177.285,-53.3,-3.142,0.0,-0.0,0.0,-0.0,0.0,0.0,0.0,1.0,0.0,0,0.0,1.0,0.0,1,1
783.109,177.285,-53.3,-3.142,0.0,-0.0,0.0,-0.0,0.0,0.0,0.0,1.0,0.0,0,0.0,1.0,0.0,1,1
784.109,177.285,-53.3,-3.142,0.0,-0.0,0.0,-0.0,0.0,0.0,0.0,1.0,0.0,0,0.0,1.0,0.0,1,1
785.109,177.285,-53.3,-3.142,0.0,-0.0,0.0,-0.0,0.0,0.0,0.0,1.0,0.0,0,0.0,1.0,0.0,1,1
786.109,177.285,-53.3,-3.142,0.0,-0.0,0.0,-0.0,0.0,0.0,0.0,1.0,0.0,0,0.0,1.0,0.0,1,1
787.109,177.285,-53.3,-3.142,0.0,-0.0,0.0,-0.0,0.0,0.0,0.0,1.0,0.0,0,0.0,1.0,0.0,1,1
788.109,177.285,-53.3,-3.142,0.0,-0.0,0.0,-0.0,0.0,0.0,0.0,1.0,0.0,0,0.0,1.0,0.0,1,1
789.109,177.285,-53.3,-3.142,0.0,-0.0,0.0,-0.0,0.0,0.0,0.0,1.0,0.0,0,0.0,1.0,0.0,1,1
790.109,177.285,-53.3,-3.142,0.0,-0.0,0.0,-0.0,0.0,0.0,0.0,1.0,0.0,0,0.0,1.0,0.0,1,1
791.109,177.285,-53.3,-3.142,0.0,-0.0,0.0,-0.0,0.0,0.0,0.0,1.0,0.0,0,0.0,1.0,0.0,1,1
792.109,177.285,-53.3,-3.142,0.0,-0.0,0.0,-0.0,0.0,0.0,0.0,1.0,0.0,0,0.0,1.0,0.0,1,1
793.109,177.285,-53.3,-3.142,0.0,-0.0,0.0,-0.0,0.0,0.0,0.0,1.0,0.0,0,0.0,1.0,0.0,1,1
794.109,177.285,-53.3,-3.142,0.0,-0.0,0.0,-0.0,0.0,0.0,0.0,1.0,0.0,0,0.0,1.0,0.0,1,1
795.109,177.285,-53.3,-3.142,0.0,-0.0,0.0,-0.0,0.0,0.0,0.0,1.0,0.0,0,0.0,1.0,0.0,1,1
796.109,177.285,-53.3,-3.142,0.0,-0.0,0.0,-0.0,0.0,0.0,0.0,1.0,0.0,0,0.0,1.0,0.0,1,1
797.109,177.285,-53.3,-3.142,0.0,-0.0,0.0,-0.0,0.0,0.0,0.0,1.0,0.0,0,0.0,1.0,0.0,1,1
798.109,177.285,-53.3,-3.142,0.0,-0.0,0.0,-0.0,0.0,0.0,0.0,1.0,0.0,0,0.0,1.0,0.0,1,1
799.109,177.285,-53.3,-3.142,0.0,-0.0,0.0,-0.0,0.0,0.0,0.0,1.0,0.0,0,0.0,1.0,0.0,1,1
800.109,177.285,-53.3,-3.142,0.0,-0.0,0.0,-0.0,0.0,0.0,0.0,1.0,0.0,0,0.0,1.0,0.0,1,1
801.109,177.285,-53.3,-3.142,0.0,-0.0,0.0,-0.0,0.0,0.0,0.0,1.0,0.0,0,0.0,1.0,0.0,1,1
802.109,177.285,-53.3,-3.142,0.0,-0.0,0.0,-0.0,0.0,0.0,0.0,1.0,0.0,0,0.0,1.0,0.0,1,1
803.109,177.285,-53.3,-3.142,0.0,-0.0,0.0,-0.0,0.0,0.0,0.0,1.0,0.0,0,0.0,1.0,0.0,1,1
804.109,177.285,-53.3,-3.142,0.0,-0.0,0.0,-0.0,0.0,0.0,0.0,1.0,0.0,0,0.0,1.0,0.0,1,1
805.109,177.285,-53.3,-3.142,0.0,-0.0,0.0,-0.0,0.0,0.0,0.0,1.0,0.0,0,0.0,1.0,0.0,1,1
806.109,177.285,-53.3,-3.142,0.0,-0.0,0.0,-0.0,0.0,0.0,0.0,1.0,0.0,0,0.0,1.0,0.0,1,1
807.109,177.285,-53.3,-3.142,0.0,-0.0,0.0,-0.0,0.0,0.0,0.0,1.0,0.0,0,0.0,1.0,0.0,1,1
808.109,177.285,-53.3,-3.142,0.0,-0.0,0.0,-0.0,0.0,0.0,0.0,1.0,0.0,0,0.0,1.0,0.0,1,1
809.109,177.285,-53.3,-3.142,0.0,-0.0,0.0,-0.0,0.0,0.0,0.0,1.0,0.0,0,0.0,1.0,0.0,1,1
810.109,177.285,-53.3,-3.142,0.0,-0.0,0.0,-0.0,0.0,0.0,0.0,1.0,0.0,0,0.0,1.0,0.0,1,1
811.109,177.285,-53.3,-3.142,0.0,-0.0,0.0,-0.0,0.0,0.0,0.0,1.0,0.0,0,0.0,1.0,0.0,1,1
812.109,177.285,-53.3,-3.142,0.0,-0.0,0.0,-0.0,0.0,0.0,0.0,1.0,0.0,0,0.0,1.0,0.0,1,1
813.109,177.285,-53.3,-3.142,0.0,-0.0,0.0,-0.0,0.0,0.0,0.0,1.0,0.0,0,0.0,1.0,0.0,1,1
813.559,177.285,-53.3,-3.142,0.0,-0.0,0.0,-0.0,0.0,0.0,1.0,0.0,1.0,0,0.0,1.0,0.0,1,1
813.609,177.285,-53.3,-3.142,0.0,-0.0,0.0,-0.0,-0.001,0.001,1.0,0.0,0.0,0,1.0,0.0,1.0,1,1
813.659,177.285,-53.3,-3.142,0.0,-0.0,0.0,0.0,0.0,0.0,1.0,0.0,0.0,0,1.0,0.0,0.0,1,1
813.759,177.284,-53.3,-3.142,0.015,-0.0,-0.015,0.0,-0.0,-0.299,1.0,0.0,0.0,0,1.0,0.0,0.0,1,1
813.759,177.284,-53.3,-3.142,0.015,-0.0,-0.015,0.0,0.0,1.921,1.0,0.0,0.0,0,1.0,0.0,0.0,1,1
813.809,177.282,-53.3,-3.142,0.081,-0.0,0.081,-0.0,0.0,-0.846,1.0,0.0,0.0,0,1.0,0.0,0.0,1,1
813.859,177.28,-53.3,-3.142,0.039,-0.0,0.039,-0.0,0.0,3.037,1.0,0.0,0.0,0,1.0,0.0,0.0,1,1
813.909,177.276,-53.3,-3.142,0.191,-0.0,0.191,0.0,-0.001,5.291,1.0,0.0,0.0,0,1.0,0.0,0.0,1,0
813.959,177.259,-53.3,3.142,0.455,-0.0,0.455,-0.0,0.037,4.005,1.0,0.0,-0.0,0,1.0,0.0,0.0,1,0
814.009,177.229,-53.3,-3.142,0.655,0.002,0.655,-0.001,-0.018,4.174,1.0,0.0,0.0,0,1.0,0.0,-0.0,1,0
814.059,177.188,-53.3,3.142,0.864,0.001,0.864,0.009,-0.027,5.863,1.0,0.0,0.0,0,1.0,0.0,0.0,1,0
814.109,177.136,-53.3,-3.142,1.157,-0.001,1.157,0.001,-0.008,5.492,1.0,0.0,0.0,0,1.0,0.0,0.0,1,0
814.159,177.07,-53.3,3.141,1.432,-0.0,1.432,-0.002,-0.006,6.391,1.0,0.0,-0.0,0,1.0,0.0,0.0,1,0
814.209,176.989,-53.3,3.141,1.751,-0.0,1.751,-0.002,-0.007,6.661,1.0,0.0,-0.0,0,1.0,0.0,-0.0,1,0
814.259,176.892,-53.3,3.141,2.085,-0.0,2.085,-0.002,0.001,6.474,1.0,0.0,-0.001,0,1.0,0.0,-0.0,1,0
814.309,176.778,-53.3,3.141,2.408,0.0,2.408,-0.008,0.004,7.628,1.0,0.0,-0.001,0,1.0,0.0,-0.001,1,0
814.359,176.646,-53.3,3.141,2.79,0.001,2.79,0.003,0.013,8.098,1.0,0.0,-0.001,0,1.0,0.0,-0.001,1,0
814.409,176.494,-53.3,3.141,3.195,0.001,3.195,0.001,0.009,7.678,1.0,0.0,-0.001,0,1.0,0.0,-0.001,1,0
814.459,176.322,-53.3,3.141,3.578,0.001,3.578,0.001,0.008,7.379,1.0,0.0,-0.001,0,1.0,0.0,-0.001,1,0
814.509,176.132,-53.3,3.141,3.947,0.002,3.947,0.001,0.007,7.242,1.0,0.0,-0.001,0,1.0,0.0,-0.001,1,0
814.559,175.924,-53.3,3.141,4.309,0.002,4.309,0.001,0.007,7.178,1.0,0.0,-0.001,0,1.0,0.0,-0.001,1,0
814.609,175.698,-53.3,3.141,4.668,0.002,4.668,0.001,0.006,7.153,1.0,0.0,-0.001,0,1.0,0.0,-0.001,1,0
814.659,175.453,-53.3,3.141,5.026,0.002,5.026,0.001,0.006,7.168,1.0,0.0,-0.001,0,1.0,0.0,-0.001,1,0
814.709,175.191,-53.3,3.141,5.384,0.002,5.384,0.001,0.004,4.715,1.0,0.0,-0.001,0,1.0,0.0,-0.001,1,0
814.759,174.913,-53.3,3.141,5.62,0.002,5.62,0.001,0.005,0.384,1.0,0.0,-0.0,0,1.0,0.0,-0.001,1,0
814.809,174.633,-53.299,3.141,5.639,0.001,5.639,0.001,0.003,2.143,1.0,0.0,-0.0,0,1.0,0.0,-0.0,1,0
814.859,174.348,-53.299,3.141,5.746,0.001,5.746,0.001,0.004,-0.436,1.0,0.0,-0.0,0,1.0,0.0,-0.0,0,0
814.909,174.062,-53.299,3.141,5.725,0.001,5.725,0.001,0.002,-0.066,1.0,0.0,-0.0,0,1.0,0.0,-0.0,0,0
814.959,173.777,-53.299,3.141,5.721,0.001,5.721,0.001,0.005,10.219,1.0,0.0,-0.0,0,1.0,0.0,-0.0,0,0
815.009,173.48,-53.299,3.141,6.232,0.001,6.232,0.001,0.005,13.197,1.0,0.0,-0.0,0,1.0,0.0,-0.0,2,0
815.059,173.147,-53.299,3.141,6.892,0.001,6.892,0.001,0.005,11.201,1.0,0.0,-0.0,0,1.0,0.0,-0.0,2,0
815.109,172.784,-53.299,3.141,7.452,0.001,7.452,0.001,0.004,9.788,1.0,0.0,-0.0,0,1.0,0.0,-0.0,2,0
815.159,172.396,-53.299,3.141,7.941,0.001,7.941,0.001,0.004,8.816,1.0,0.0,-0.0,0,1.0,0.0,-0.0,2,0
815.209,171.985,-53.299,3.141,8.382,0.001,8.382,0.001,0.004,8.152,1.0,0.0,-0.0,0,1.0,0.0,-0.0,2,0
815.259,171.554,-53.299,3.142,8.79,0.001,8.79,0.001,0.003,5.072,1.0,0.0,-0.0,0,1.0,0.0,-0.0,2,0
815.309,171.106,-53.299,3.142,9.043,0.0,9.043,0.001,0.002,-3.454,1.0,0.0,-0.0,0,1.0,0.0,-0.0,0,0
815.359,170.66,-53.299,3.142,8.871,0.0,8.871,0.0,0.002,3.732,1.0,0.0,-0.0,0,1.0,0.0,-0.0,0,0
815.409,170.212,-53.299,3.142,9.057,0.0,9.057,0.0,0.002,9.853,1.0,0.0,-0.0,0,1.0,0.0,-0.0,3,0
815.459,169.744,-53.299,-3.142,9.55,0.0,9.55,0.0,0.002,8.318,1.0,0.0,-0.0,0,1.0,0.0,-0.0,3,0
815.509,169.253,-53.299,-3.142,9.966,0.0,9.966,0.0,0.001,7.338,1.0,0.0,-0.0,0,1.0,0.0,-0.0,3,0
815.559,168.744,-53.299,-3.142,10.333,0.0,10.333,0.0,0.001,6.68,1.0,0.0,-0.0,0,1.0,0.0,-0.0,3,0
815.609,168.217,-53.299,-3.142,10.667,0.0,10.667,0.0,0.0,6.238,1.0,0.0,-0.0,0,1.0,0.0,-0.0,3,0
815.659,167.674,-53.299,-3.142,10.979,0.0,10.979,0.0,0.0,5.943,1.0,0.0,-0.0,0,1.0,0.0,-0.0,3,0
815.709,167.116,-53.299,-3.142,11.276,0.0,11.276,0.0,0.0,5.746,1.0,0.0,-0.0,0,1.0,0.0,-0.0,3,0
815.759,166.544,-53.299,-3.142,11.563,0.0,11.563,0.0,0.0,5.616,1.0,0.0,0.0,0,1.0,0.0,0.0,3,0
815.809,165.957,-53.299,-3.142,11.844,-0.0,11.844,0.0,-0.0,5.53,1.0,0.0,0.0,0,1.0,0.0,0.0,3,0
815.859,165.357,-53.299,-3.142,12.12,-0.0,12.12,-0.0,-0.0,5.475,1.0,0.0,0.0,0,1.0,0.0,0.0,3,0
815.909,164.743,-53.299,-3.142,12.394,-0.0,12.394,-0.0,-0.0,5.439,0.0,0.0,0.0,0,1.0,0.0,0.0,3,0
815.959,164.115,-53.299,-3.142,12.666,-0.0,12.666,-0.0,-0.0,1.118,0.0,0.0,0.0,0,0.0,0.0,0.0,3,0
816.009,163.48,-53.299,-3.142,12.722,-0.0,12.722,-0.0,-0.0,-1.512,0.0,0.0,0.0,0,0.0,0.0,0.0,0,0
816.059,162.847,-53.299,-3.142,12.647,-0.0,12.647,-0.0,-0.0,4.356,0.0,0.0,0.0,0,0.0,0.0,0.0,0,0
816.109,162.209,-53.299,-3.142,12.864,-0.0,12.864,-0.0,-0.0,2.948,0.0,0.0,0.0,0,0.0,0.0,0.0,4,0
816.159,161.561,-53.299,-3.142,13.012,-0.0,13.012,-0.0,-0.0,0.908,0.0,0.0,-0.0,0,0.0,0.0,0.0,4,0
816.209,160.909,-53.3,-3.142,13.057,0.0,13.057,-0.0,-0.0,-0.396,0.0,0.0,-0.0,0,0.0,0.0,-0.0,4,0
816.309,159.607,-53.3,-3.142,12.984,0.0,12.984,0.0,-0.0,-1.058,0.0,0.0,-0.0,0,0.0,0.0,-0.0,4,0
816.359,158.96,-53.3,-3.142,12.904,0.0,12.904,0.0,0.0,-1.711,0.0,0.0,-0.0,0,0.0,0.0,-0.0,4,0
816.409,158.318,-53.3,-3.142,12.818,0.0,12.818,0.0,0.0,0.05,0.0,0.0,-0.0,0,0.0,0.0,-0.0,0,0
816.459,157.677,-53.3,-3.142,12.821,0.0,12.821,0.0,0.0,-0.126,0.0,0.0,-0.0,0,0.0,0.0,-0.0,0,0
816.509,157.036,-53.3,-3.142,12.815,0.0,12.815,0.0,0.0,-0.126,0.0,0.0,-0.0,0,0.0,0.0,-0.0,0,0
816.559,156.402,-53.3,-3.142,12.587,0.0,12.587,0.0,0.0,-4.546,0.0,0.0,-0.0,0,0.0,0.0,-0.0,0,0
816.609,155.78,-53.3,-3.142,12.372,-0.0,12.372,0.0,0.0,-4.302,0.0,0.0,-0.0,0,0.0,0.0,-0.0,3,0
816.659,155.168,-53.3,-3.142,12.171,-0.0,12.171,0.0,0.0,-3.393,0.0,0.0,-0.0,0,0.0,0.0,-0.0,3,0
816.709,154.564,-53.3,-3.142,12.001,-0.0,12.001,0.0,0.0,-3.393,0.0,0.0,-0.0,0,0.0,0.0,-0.0,3,0
816.709,154.564,-53.3,-3.142,12.001,-0.0,12.001,0.0,0.0,-3.467,0.0,0.0,-0.0,0,0.0,0.0,-0.0,3,0
816.759,153.97,-53.3,-3.142,11.828,0.0,11.828,0.0,0.0,-3.039,0.0,0.0,-0.0,0,0.0,0.0,-0.0,3,0
816.809,153.383,-53.3,-3.142,11.676,0.0,11.676,0.0,0.0,-3.21,0.0,0.0,-0.0,0,0.0,0.0,-0.0,3,0
816.859,152.804,-53.3,-3.142,11.515,0.0,11.515,0.0,0.0,-2.86,0.0,0.0,-0.0,0,0.0,0.0,-0.0,3,0
816.909,152.233,-53.3,-3.142,11.372,0.0,11.372,0.0,0.001,-3.071,0.0,0.0,-0.0,0,0.0,0.0,-0.0,3,0
816.959,151.669,-53.3,-3.142,11.219,0.0,11.219,0.0,0.001,-2.752,0.0,0.0,0.0,0,0.0,0.0,-0.0,3,0
817.009,151.112,-53.3,-3.142,11.081,0.0,11.081,0.0,-0.0,-2.979,0.0,0.0,0.0,0,0.0,0.0,0.0,3,0
817.059,150.562,-53.3,-3.142,10.932,-0.0,10.932,0.0,-0.001,-2.673,0.0,0.0,0.0,0,0.0,0.0,0.0,3,0
817.109,150.019,-53.3,-3.142,10.799,-0.0,10.799,-0.0,-0.001,-2.906,0.0,0.0,0.0,0,0.0,0.0,0.0,3,0
817.159,149.484,-53.3,-3.142,10.653,-0.0,10.653,-0.0,-0.001,-1.423,0.0,0.0,0.0,0,0.0,0.0,0.0,3,0
817.209,148.954,-53.3,-3.142,10.582,-0.0,10.582,-0.0,-0.001,-0.076,0.0,0.0,0.0,0,0.0,0.0,0.0,0,0
817.259,148.425,-53.3,-3.142,10.578,-0.0,10.578,-0.0,-0.002,-2.483,0.0,0.0,0.0,0,0.0,0.0,0.0,0,0
817.309,147.897,-53.3,-3.142,10.454,-0.0,10.454,-0.0,-0.002,-9.437,0.0,0.0,0.0,0,0.0,0.0,0.0,2,0
817.359,147.389,-53.3,-3.142,9.982,-0.0,9.982,-0.0,-0.002,-7.521,0.0,0.0,0.0,0,0.0,0.0,0.0,2,0
817.409,146.903,-53.3,-3.142,9.606,-0.0,9.606,-0.0,-0.001,-6.223,0.0,0.0,0.0,0,0.0,0.0,0.0,2,0
817.459,146.432,-53.3,-3.142,9.295,-0.0,9.295,-0.0,-0.001,-5.026,0.0,0.0,0.0,0,0.0,0.0,0.0,2,0
817.509,145.975,-53.3,-3.142,9.044,-0.0,9.044,-0.0,-0.001,-5.153,0.0,0.0,0.0,0,0.0,0.0,0.0,2,0
817.559,145.531,-53.3,-3.142,8.786,-0.0,8.786,-0.0,-0.001,-4.378,0.0,0.0,0.0,0,0.0,0.0,0.0,2,0
817.609,145.098,-53.3,3.142,8.567,-0.0,8.567,-0.0,-0.0,-4.639,0.0,0.0,0.0,0,0.0,0.0,0.0,2,0
817.659,144.677,-53.3,3.142,8.335,-0.0,8.335,-0.0,-0.001,-4.031,0.0,0.0,0.0,0,0.0,0.0,0.0,2,0
817.709,144.266,-53.3,3.142,8.134,-0.0,8.134,-0.0,-0.0,-4.336,0.0,0.0,0.0,0,0.0,0.0,0.0,2,0
817.759,143.866,-53.3,3.142,7.917,-0.0,7.917,-0.0,-0.0,-3.806,0.0,0.0,0.0,0,0.0,0.0,0.0,2,0
817.809,143.475,-53.3,3.142,7.727,-0.0,7.727,-0.0,0.0,-4.123,0.0,0.0,0.0,0,0.0,0.0,0.0,2,0
817.859,143.095,-53.3,3.142,7.521,-0.0,7.521,-0.0,-0.0,-3.637,0.0,0.0,0.0,0,0.0,0.0,0.0,2,0
817.909,142.725,-53.3,3.142,7.339,-0.0,7.339,-0.0,-0.0,-3.951,0.0,0.0,0.0,0,0.0,0.0,0.0,2,0
817.959,142.363,-53.3,3.142,7.141,-0.0,7.141,-0.0,0.0,-2.096,0.0,0.0,0.0,0,0.0,0.0,0.0,2,0
818.009,142.011,-53.3,3.142,7.036,-0.0,7.036,-0.0,-0.0,-0.07,0.0,0.0,0.0,0,0.0,0.0,0.0,0,0
818.059,141.658,-53.3,3.142,7.033,-0.0,7.033,-0.0,-0.0,-2.14,0.0,0.0,0.0,0,0.0,0.0,0.0,0,0
818.109,141.308,-53.3,3.142,6.926,-0.0,6.926,-0.0,-0.0,-2.14,0.0,0.0,0.0,0,0.0,0.0,0.0,0,0
818.159,140.979,-53.3,3.142,6.386,-0.0,6.386,-0.0,0.0,-10.806,0.0,0.0,0.0,0,0.0,0.0,0.0,1,0
818.159,140.979,-53.3,3.142,6.386,-0.0,6.386,-0.0,-0.0,-6.949,0.0,0.0,-0.0,0,0.0,0.0,0.0,1,0
818.209,140.671,-53.3,3.142,6.038,-0.0,6.038,-0.0,0.0,-6.507,0.0,0.0,0.0,0,0.0,0.0,-0.0,1,0
818.259,140.379,-53.3,3.142,5.713,-0.0,5.713,0.0,0.0,-5.181,0.0,0.0,0.0,0,0.0,0.0,0.0,1,0
818.309,140.101,-53.3,3.142,5.454,-0.0,5.454,0.0,-0.0,-4.945,0.0,0.0,0.0,0,0.0,0.0,0.0,1,0
818.359,139.836,-53.3,3.142,5.207,-0.0,5.207,-0.0,-0.0,-3.561,0.0,0.0,-0.0,0,0.0,0.0,0.0,1,0
818.409,139.581,-53.3,3.142,5.029,-0.0,5.029,-0.0,0.0,-5.961,0.0,0.0,0.0,0,0.0,0.0,-0.0,1,0
818.459,139.339,-53.3,3.142,4.73,-0.0,4.73,0.0,0.0,-5.496,0.0,0.0,0.0,0,0.0,0.0,0.0,1,0
818.509,139.11,-53.3,3.142,4.456,-0.0,4.456,0.0,-0.0,-4.661,0.0,0.0,0.0,0,0.0,0.0,0.0,1,0
818.559,138.895,-53.3,3.142,4.223,-0.0,4.223,-0.0,-0.0,-4.107,0.0,0.0,-0.0,0,0.0,0.0,0.0,1,0
818.609,138.69,-53.3,3.142,4.017,-0.0,4.017,-0.0,0.0,-3.703,0.0,0.0,0.0,0,0.0,0.0,-0.0,1,0
818.659,138.495,-53.3,3.142,3.832,0.0,3.832,-0.0,0.0,-3.291,0.0,0.0,0.0,0,0.0,0.0,0.0,1,0
818.709,138.308,-53.3,3.142,3.668,0.0,3.668,0.0,-0.0,-3.045,0.0,0.0,0.0,0,0.0,0.0,0.0,1,0
818.759,138.129,-53.3,3.142,3.515,0.0,3.515,-0.0,-0.0,-2.816,0.0,0.0,-0.0,0,0.0,0.0,0.0,1,0
818.809,137.957,-53.3,3.142,3.375,-0.0,3.375,-0.0,0.0,-2.83,0.0,0.0,-0.0,0,0.0,0.0,-0.0,1,0
818.859,137.793,-53.3,3.142,3.233,0.0,3.233,0.0,0.0,-2.612,0.0,0.0,-0.0,0,0.0,0.0,-0.0,1,0
818.909,137.635,-53.3,3.142,3.102,0.0,3.102,0.0,-0.0,-2.622,0.0,0.0,0.0,0,0.0,0.0,-0.0,1,0
818.959,137.483,-53.3,3.142,2.971,0.0,2.971,0.0,-0.0,-2.407,0.0,0.0,0.0,0,0.0,0.0,0.0,1,0
819.009,137.338,-53.3,3.142,2.851,0.0,2.851,0.0,-0.0,-2.418,0.0,0.0,0.0,0,0.0,0.0,0.0,1,0
819.059,137.199,-53.3,3.142,2.73,-0.0,2.73,-0.0,-0.0,-2.211,0.0,0.0,0.0,0,0.0,0.0,0.0,1,0
819.159,136.939,-53.3,3.142,2.508,-0.0,2.508,-0.0,-0.0,-2.226,0.0,0.0,-0.0,0,0.0,0.0,0.0,1,0
819.159,136.939,-53.3,3.142,2.508,-0.0,2.508,-0.0,0.011,-2.029,0.0,0.0,-0.0,0,0.0,0.0,-0.0,1,0
819.209,136.816,-53.3,3.142,2.407,0.0,2.407,0.0,0.003,-2.05,0.0,0.0,-0.0,0,0.0,0.0,-0.0,1,0
819.259,136.699,-53.3,-3.142,2.304,0.001,2.304,0.0,0.001,-1.861,0.0,0.0,-0.0,0,0.0,0.0,-0.0,1,0
819.309,136.586,-53.3,-3.142,2.211,0.001,2.211,0.0,0.0,-1.887,0.0,0.0,-0.0,0,0.0,0.0,-0.0,1,0
819.359,136.479,-53.3,-3.142,2.117,0.001,2.117,0.0,0.0,-1.707,0.03,0.0,-0.0,0,0.0,0.0,-0.0,1,0
819.409,136.375,-53.3,-3.142,2.032,0.001,2.032,0.0,-0.0,-2.883,0.132,0.0,-0.0,0,0.03,0.0,-0.0,1,0
819.459,136.278,-53.3,-3.142,1.888,0.0,1.888,0.0,0.0,-2.402,0.414,0.0,-0.0,0,0.132,0.0,-0.0,1,0
819.509,136.187,-53.3,-3.141,1.767,0.0,1.767,0.0,-0.001,-2.025,0.533,0.0,-0.003,0,0.414,0.0,-0.0,1,0
819.559,136.102,-53.3,-3.141,1.666,0.0,1.666,0.0,0.033,-1.211,0.656,0.0,-0.003,0,0.533,0.0,-0.003,1,0
819.609,136.021,-53.3,-3.141,1.606,0.002,1.606,0.001,0.008,0.001,0.712,0.0,-0.003,0,0.656,0.0,-0.003,1,0
819.659,135.941,-53.3,-3.141,1.606,0.002,1.606,0.002,0.008,0.841,0.687,0.0,-0.003,0,0.712,0.0,-0.003,1,0
819.709,135.859,-53.301,-3.141,1.648,0.003,1.648,0.002,0.004,1.961,0.661,0.0,-0.003,0,0.687,0.0,-0.003,1,0
819.759,135.774,-53.301,-3.141,1.746,0.003,1.746,0.002,0.008,2.476,0.561,0.0,-0.003,0,0.661,0.0,-0.003,1,0
819.809,135.682,-53.301,-3.141,1.87,0.003,1.87,0.002,0.005,2.903,0.489,0.0,-0.002,0,0.561,0.0,-0.003,1,0
819.859,135.584,-53.301,-3.141,2.015,0.003,2.015,0.002,0.008,2.583,0.399,0.0,-0.002,0,0.489,0.0,-0.002,1,0
819.909,135.479,-53.301,-3.141,2.144,0.003,2.144,0.002,0.005,2.297,0.379,0.0,-0.002,0,0.399,0.0,-0.002,1,0
820.009,135.253,-53.302,-3.141,2.344,0.003,2.344,0.002,0.007,1.71,0.359,0.0,-0.002,0,0.379,0.0,-0.002,1,0
820.009,135.253,-53.302,-3.141,2.344,0.003,2.344,0.002,0.004,1.399,0.382,0.0,-0.002,0,0.359,0.0,-0.002,1,0
820.109,135.011,-53.302,-3.14,2.468,0.003,2.468,0.002,0.007,1.083,0.386,0.0,-0.006,0,0.382,0.0,-0.002,1,0
820.159,134.886,-53.303,-3.14,2.518,0.007,2.518,0.005,0.078,0.992,0.398,0.0,-0.006,0,0.386,0.0,-0.006,1,0
820.209,134.759,-53.303,-3.14,2.563,0.008,2.563,0.006,0.037,0.899,0.389,0.0,-0.006,0,0.398,0.0,-0.006,1,0
820.259,134.63,-53.304,-3.14,2.607,0.008,2.607,0.006,0.02,0.803,0.363,0.0,-0.005,0,0.381,0.0,-0.006,1,0
820.309,134.498,-53.305,-3.139,2.647,0.008,2.647,0.006,0.011,0.719,0.35,0.0,-0.005,0,0.363,0.0,-0.005,1,0
820.359,134.365,-53.305,-3.139,2.683,0.008,2.683,0.005,0.016,0.605,0.338,0.0,-0.005,0,0.35,0.0,-0.005,1,0
820.409,134.23,-53.306,-3.139,2.713,0.008,2.713,0.006,0.009,0.478,0.331,0.0,-0.005,0,0.338,0.0,-0.005,1,0
820.459,134.093,-53.307,-3.139,2.737,0.008,2.737,0.005,0.015,0.376,0.328,0.0,-0.009,0,0.331,0.0,-0.005,1,0
820.509,133.956,-53.308,-3.138,2.756,0.008,2.756,0.005,0.104,0.266,0.325,0.0,-0.009,0,0.328,0.0,-0.009,1,0
820.559,133.818,-53.309,-3.138,2.769,0.012,2.769,0.009,0.053,0.213,0.326,0.0,-0.009,0,0.325,0.0,-0.009,1,0
820.609,133.679,-53.31,-3.137,2.78,0.013,2.78,0.01,0.026,0.141,0.323,0.0,-0.009,0,0.326,0.0,-0.009,1,0
820.659,133.54,-53.311,-3.137,2.787,0.013,2.787,0.009,0.03,0.125,0.324,0.0,-0.009,0,0.323,0.0,-0.009,1,0
820.709,133.4,-53.312,-3.137,2.793,0.013,2.793,0.009,0.016,0.072,0.319,0.0,-0.008,0,0.324,0.0,-0.009,1,0
820.759,133.261,-53.314,-3.136,2.797,0.013,2.797,0.009,0.025,0.071,0.32,0.0,-0.008,0,0.319,0.0,-0.008,1,0
820.809,133.121,-53.315,-3.136,2.8,0.013,2.8,0.009,0.014,0.023,0.316,0.0,-0.008,0,0.32,0.0,-0.008,1,0
820.859,132.981,-53.317,-3.135,2.801,0.012,2.801,0.009,0.024,0.028,0.318,0.0,-0.012,0,0.316,0.0,-0.008,1,0
820.909,132.841,-53.318,-3.135,2.803,0.012,2.803,0.009,0.117,-0.016,0.314,0.0,-0.012,0,0.318,0.0,-0.012,1,0
820.959,132.701,-53.32,-3.134,2.802,0.017,2.802,0.012,0.064,-0.003,0.317,0.0,-0.012,0,0.314,0.0,-0.012,1,0
821.009,132.561,-53.322,-3.134,2.802,0.018,2.802,0.013,0.032,-0.039,0.314,0.0,-0.012,0,0.317,0.0,-0.012,1,0
821.059,132.421,-53.324,-3.133,2.8,0.018,2.8,0.013,0.039,-0.019,0.317,0.0,-0.011,0,0.314,0.0,-0.012,1,0
821.109,132.281,-53.326,-3.132,2.799,0.018,2.799,0.013,0.02,-0.049,0.315,0.0,-0.011,0,0.317,0.0,-0.011,1,0
821.159,132.141,-53.328,-3.132,2.797,0.017,2.796,0.012,0.033,-0.024,0.318,0.0,-0.011,0,0.315,0.0,-0.011,1,0
821.209,132.001,-53.33,-3.131,2.795,0.017,2.795,0.012,0.018,-0.05,0.315,0.0,-0.015,0,0.318,0.0,-0.011,1,0
821.259,131.861,-53.333,-3.13,2.793,0.017,2.793,0.012,0.136,-0.025,0.318,0.0,-0.015,0,0.315,0.0,-0.015,1,0
821.309,131.722,-53.335,-3.13,2.792,0.021,2.791,0.015,0.052,-0.048,0.316,0.0,-0.015,0,0.318,0.0,-0.015,1,0
821.359,131.582,-53.338,-3.129,2.789,0.022,2.789,0.016,0.054,-0.02,0.319,0.0,-0.014,0,0.316,0.0,-0.015,1,0
821.409,131.443,-53.341,-3.128,2.788,0.022,2.788,0.016,0.027,-0.042,0.316,0.0,-0.014,0,0.319,0.0,-0.014,1,0
821.459,131.304,-53.344,-3.127,2.786,0.022,2.786,0.015,0.042,-0.015,0.319,0.0,-0.014,0,0.316,0.0,-0.014,1,0
821.559,131.025,-53.35,-3.126,2.783,0.021,2.783,0.014,0.039,-0.01,0.32,0.0,-0.019,0,0.317,0.0,-0.013,1,0
821.609,130.886,-53.353,-3.125,2.783,0.021,2.783,0.014,0.155,-0.035,0.317,0.0,-0.019,0,0.32,0.0,-0.019,1,0
821.659,130.747,-53.357,-3.124,2.781,0.026,2.781,0.019,0.089,-0.006,0.32,0.0,-0.018,0,0.317,0.0,-0.019,1,0
821.709,130.608,-53.36,-3.123,2.781,0.028,2.781,0.02,0.043,-0.027,0.318,0.0,-0.018,0,0.32,0.0,-0.018,1,0
821.759,130.469,-53.364,-3.122,2.78,0.027,2.78,0.019,0.055,-0.0,0.318,0.0,-0.018,0,0.318,0.0,-0.018,1,0
821.809,130.33,-53.368,-3.121,2.78,0.027,2.78,0.019,0.055,-0.0,0.321,0.0,-0.017,0,0.318,0.0,-0.018,1,0
821.859,130.191,-53.372,-3.121,2.779,0.026,2.779,0.018,0.047,0.003,0.321,0.0,-0.016,0,0.318,0.0,-0.017,1,0
821.909,130.052,-53.377,-3.12,2.779,0.026,2.779,0.018,0.024,-0.019,0.318,0.0,-0.016,0,0.321,0.0,-0.016,1,0
821.959,129.913,-53.381,-3.119,2.778,0.025,2.778,0.017,0.045,0.006,0.321,0.0,-0.016,0,0.318,0.0,-0.016,1,0
822.009,129.775,-53.385,-3.118,2.778,0.024,2.778,0.017,0.024,-0.016,0.318,0.0,-0.015,0,0.321,0.0,-0.016,1,0
822.059,129.636,-53.39,-3.117,2.777,0.023,2.777,0.016,0.044,0.008,0.321,0.0,-0.015,0,0.318,0.0,-0.015,1,0
822.109,129.497,-53.394,-3.116,2.778,0.023,2.778,0.016,0.025,-0.014,0.318,0.0,-0.019,0,0.321,0.0,-0.015,1,0
822.159,129.358,-53.399,-3.115,2.777,0.022,2.777,0.016,0.139,0.007,0.321,0.0,-0.018,0,0.318,0.0,-0.019,1,0
822.209,129.219,-53.404,-3.115,2.778,0.027,2.777,0.019,0.055,-0.013,0.319,0.0,-0.018,0,0.321,0.0,-0.018,1,0
822.259,129.081,-53.409,-3.114,2.777,0.027,2.777,0.019,0.062,0.011,0.321,0.0,-0.018,0,0.319,0.0,-0.018,1,0
822.309,128.942,-53.414,-3.113,2.778,0.027,2.777,0.019,0.032,-0.011,0.319,0.0,-0.017,0,0.321,0.0,-0.018,1,0
822.359,128.803,-53.42,-3.112,2.777,0.026,2.777,0.018,0.051,0.012,0.321,0.0,-0.017,0,0.319,0.0,-0.017,1,0
822.409,128.664,-53.425,-3.111,2.778,0.026,2.777,0.018,0.028,-0.011,0.319,0.0,-0.016,0,0.321,0.0,-0.017,1,0
822.459,128.526,-53.431,-3.11,2.777,0.025,2.777,0.018,0.048,0.012,0.321,0.0,-0.02,0,0.319,0.0,-0.016,1,0
822.509,128.387,-53.436,-3.109,2.778,0.025,2.778,0.018,0.114,-0.013,0.319,0.0,-0.02,0,0.321,0.0,-0.02,1,0
822.559,128.248,-53.442,-3.108,2.777,0.028,2.777,0.02,0.08,0.011,0.321,0.0,-0.019,0,0.319,0.0,-0.02,1,0
822.609,128.109,-53.448,-3.107,2.778,0.029,2.777,0.021,0.04,-0.011,0.319,0.0,-0.019,0,0.321,0.0,-0.019,1,0
822.659,127.971,-53.455,-3.106,2.777,0.028,2.777,0.02,0.057,0.012,0.321,0.0,-0.018,0,0.319,0.0,-0.019,1,0
822.709,127.832,-53.461,-3.105,2.778,0.029,2.778,0.02,0.03,-0.011,0.319,0.0,-0.018,0,0.321,0.0,-0.018,1,0
822.759,127.693,-53.467,-3.104,2.777,0.027,2.777,0.019,0.052,0.012,0.321,0.0,-0.017,0,0.319,0.0,-0.018,1,0
822.809,127.555,-53.474,-3.103,2.778,0.027,2.778,0.019,0.029,-0.011,0.318,0.0,-0.02,0,0.321,0.0,-0.017,1,0
822.859,127.416,-53.481,-3.102,2.777,0.026,2.777,0.018,0.11,0.01,0.321,0.0,-0.019,0,0.318,0.0,-0.02,1,0
822.909,127.277,-53.487,-3.101,2.778,0.029,2.778,0.021,0.046,-0.012,0.319,0.0,-0.019,0,0.321,0.0,-0.019,1,0
822.959,127.138,-53.494,-3.1,2.777,0.028,2.777,0.02,0.06,0.012,0.321,0.0,-0.018,0,0.319,0.0,-0.019,1,0
823.059,126.861,-53.509,-3.098,2.777,0.027,2.777,0.019,0.031,-0.011,0.319,0.0,-0.018,0,0.321,0.0,-0.018,1,0
823.109,126.722,-53.516,-3.097,2.778,0.027,2.778,0.019,0.028,-0.011,0.318,0.0,-0.017,0,0.321,0.0,-0.017,1,0
823.159,126.584,-53.524,-3.096,2.777,0.026,2.777,0.018,0.05,0.011,0.321,0.0,-0.017,0,0.318,0.0,-0.017,1,0
823.209,126.445,-53.531,-3.095,2.778,0.026,2.778,0.018,0.045,-0.012,0.318,0.0,-0.017,0,0.321,0.0,-0.017,1,0
823.259,126.306,-53.539,-3.094,2.777,0.026,2.777,0.018,0.053,0.011,0.321,0.0,-0.017,0,0.318,0.0,-0.017,1,0
823.309,126.168,-53.547,-3.094,2.778,0.026,2.778,0.018,0.053,0.011,0.321,0.0,-0.017,0,0.318,0.0,-0.017,1,0
823.359,126.029,-53.555,-3.093,2.777,0.025,2.777,0.017,0.046,0.011,0.321,0.0,-0.016,0,0.318,0.0,-0.016,1,0
823.409,125.89,-53.563,-3.092,2.778,0.025,2.778,0.017,0.025,-0.012,0.318,0.0,-0.015,0,0.321,0.0,-0.016,1,0
823.459,125.752,-53.571,-3.091,2.777,0.024,2.777,0.017,0.044,0.011,0.321,0.0,-0.015,0,0.318,0.0,-0.015,1,0
823.509,125.613,-53.579,-3.09,2.778,0.024,2.778,0.017,0.024,-0.012,0.318,0.0,-0.015,0,0.321,0.0,-0.015,1,0
823.559,125.474,-53.587,-3.089,2.778,0.023,2.777,0.016,0.044,0.011,0.321,0.0,-0.014,0,0.318,0.0,-0.015,1,0
823.609,125.336,-53.596,-3.089,2.778,0.023,2.778,0.016,0.01,-0.012,0.318,0.0,-0.013,0,0.321,0.0,-0.014,1,0
823.659,125.197,-53.604,-3.088,2.778,0.021,2.777,0.015,0.033,0.011,0.321,0.0,-0.013,0,0.318,0.0,-0.013,1,0
823.709,125.058,-53.613,-3.087,2.778,0.021,2.778,0.014,0.017,-0.012,0.318,0.0,-0.013,0,0.321,0.0,-0.013,1,0
823.759,124.92,-53.621,-3.086,2.778,0.02,2.777,0.014,0.033,0.011,0.321,0.0,-0.012,0,0.318,0.0,-0.013,1,0
823.809,124.781,-53.63,-3.086,2.778,0.019,2.778,0.014,0.017,-0.012,0.318,0.0,-0.012,0,0.321,0.0,-0.012,1,0
823.859,124.643,-53.639,-3.085,2.777,0.018,2.777,0.013,0.032,0.011,0.321,0.0,-0.012,0,0.318,0.0,-0.012,1,0
823.959,124.365,-53.656,-3.084,2.777,0.017,2.777,0.012,0.032,0.011,0.321,0.0,-0.011,0,0.318,0.0,-0.011,1,0
824.009,124.227,-53.665,-3.083,2.778,0.017,2.778,0.012,0.017,-0.012,0.318,0.0,-0.011,0,0.321,0.0,-0.011,1,0
824.059,124.088,-53.674,-3.083,2.777,0.017,2.777,0.012,0.031,0.011,0.321,0.0,-0.011,0,0.318,0.0,-0.011,1,0
824.109,123.95,-53.683,-3.082,2.778,0.016,2.778,0.012,0.018,-0.012,0.318,0.0,0.0,0,0.321,0.0,-0.011,1,0
824.159,123.811,-53.692,-3.081,2.777,0.016,2.777,0.011,-0.228,0.012,0.321,0.0,0.001,0,0.318,0.0,0.0,1,0
824.209,123.672,-53.701,-3.081,2.778,0.004,2.778,0.002,-0.075,-0.012,0.319,0.0,0.001,0,0.321,0.0,0.001,1,0
824.259,123.534,-53.709,-3.081,2.777,0.0,2.777,-0.001,-0.036,0.012,0.321,0.0,0.001,0,0.319,0.0,0.001,1,0
824.309,123.395,-53.717,-3.081,2.778,-0.002,2.778,-0.001,-0.016,-0.012,0.318,0.0,0.001,0,0.321,0.0,0.001,1,0
824.359,123.256,-53.726,-3.081,2.777,-0.002,2.777,-0.002,-0.01,0.012,0.321,0.0,0.029,0,0.318,0.0,0.001,1,0
824.409,123.118,-53.734,-3.081,2.778,-0.002,2.778,-0.002,-0.649,-0.029,0.318,0.0,0.03,0,0.321,0.0,0.029,1,0
824.459,122.979,-53.741,-3.082,2.777,-0.032,2.777,-0.025,-0.276,0.005,0.323,0.0,0.031,0,0.318,0.0,0.03,1,0
824.509,122.84,-53.747,-3.084,2.777,-0.042,2.777,-0.031,-0.134,-0.011,0.319,0.0,0.03,0,0.323,0.0,0.031,1,0
824.559,122.702,-53.753,-3.085,2.777,-0.044,2.776,-0.032,-0.123,0.016,0.321,0.0,0.03,0,0.319,0.0,0.03,1,0
824.609,122.563,-53.758,-3.087,2.778,-0.046,2.777,-0.032,-0.063,-0.006,0.318,0.0,0.069,0,0.321,0.0,0.03,1,0
824.659,122.424,-53.764,-3.089,2.777,-0.045,2.777,-0.031,-0.999,-0.049,0.321,0.0,0.07,0,0.318,0.0,0.069,1,0
824.709,122.285,-53.767,-3.091,2.776,-0.087,2.775,-0.065,-0.394,-0.03,1.0,0.0,0.07,0,0.321,0.0,0.07,1,0
824.759,122.147,-53.769,-3.095,2.776,-0.097,2.774,-0.071,-0.333,0.213,1.0,0.0,0.202,0,1.0,0.0,0.07,1,0
824.809,122.008,-53.771,-3.098,2.787,-0.104,2.785,-0.074,-2.334,0.941,1.0,0.0,0.204,0,1.0,0.0,0.202,1,0
824.859,121.867,-53.769,-3.104,2.84,-0.204,2.833,-0.153,-2.243,2.929,1.0,0.0,0.204,0,1.0,0.0,0.204,1,0
824.909,121.721,-53.76,-3.114,2.996,-0.287,2.983,-0.214,-1.548,5.272,1.0,0.0,0.199,0,1.0,0.0,0.204,1,0
824.959,121.563,-53.749,-3.125,3.267,-0.327,3.25,-0.238,-1.533,6.859,1.0,0.0,0.24,0,1.0,0.0,0.199,1,0
825.009,121.39,-53.734,-3.138,3.616,-0.359,3.598,-0.259,-2.8,6.513,0.924,0.0,0.235,0,1.0,0.0,0.24,1,0
825.109,120.993,-53.686,3.113,4.295,-0.475,4.268,-0.354,-2.175,6.576,0.691,0.0,0.227,0,0.924,0.0,0.235,1,0
825.159,120.771,-53.655,3.095,4.602,-0.492,4.576,-0.368,-1.789,4.478,0.27,0.0,0.259,0,0.439,0.0,0.218,1,0
825.209,120.536,-53.618,3.076,4.835,-0.492,4.809,-0.371,-3.22,1.998,0.221,0.0,0.252,0,0.27,0.0,0.259,1,0
825.259,120.295,-53.574,3.056,4.953,-0.554,4.922,-0.425,-2.283,0.482,0.221,0.0,0.252,0,0.221,0.0,0.252,1,0
825.309,120.052,-53.523,3.035,4.991,-0.561,4.959,-0.431,-1.86,-0.334,0.414,0.0,0.286,0,0.321,0.0,0.242,1,0
825.359,119.809,-53.468,3.014,4.985,-0.55,4.955,-0.419,-1.86,-0.334,0.414,0.0,0.286,0,0.321,0.0,0.242,1,0
825.409,119.569,-53.406,2.991,4.964,-0.606,4.926,-0.466,-2.474,-0.193,0.471,0.0,0.277,0,0.471,0.0,0.277,1,0
825.459,119.332,-53.337,2.968,4.971,-0.614,4.933,-0.471,-2.474,-0.193,0.493,0.0,0.267,0,0.471,0.0,0.277,1,0
825.509,119.094,-53.263,2.944,5.001,-0.606,4.964,-0.462,-2.137,0.316,0.409,0.0,0.316,0,0.493,0.0,0.267,1,0
825.559,118.858,-53.18,2.92,5.015,-0.671,4.97,-0.517,-2.791,-0.265,0.304,0.0,0.296,0,0.316,0.0,0.307,1,0
825.609,118.624,-53.091,2.893,5.023,-0.681,4.976,-0.524,-2.3,-0.574,0.282,0.0,0.339,0,0.304,0.0,0.296,1,0
825.659,118.392,-52.996,2.868,5.011,-0.668,4.967,-0.511,-3.668,-1.475,0.297,0.0,0.328,0,0.282,0.0,0.339,1,0
825.709,118.166,-52.893,2.841,4.966,-0.72,4.914,-0.553,-2.685,-1.281,0.367,0.0,0.316,0,0.297,0.0,0.328,1,0
825.759,117.944,-52.785,2.813,4.925,-0.72,4.872,-0.55,-2.252,-1.027,0.37,0.0,0.352,0,0.367,0.0,0.316,1,0
825.809,117.727,-52.672,2.786,4.892,-0.703,4.841,-0.532,-3.519,-1.32,0.358,0.0,0.34,0,0.37,0.0,0.352,1,0
825.859,117.516,-52.553,2.759,4.855,-0.746,4.797,-0.567,-2.625,-0.825,0.375,0.0,0.327,0,0.358,0.0,0.34,1,0
825.909,117.309,-52.427,2.73,4.836,-0.742,4.779,-0.562,-2.237,-0.596,0.34,0.0,0.36,0,0.375,0.0,0.327,1,0
825.959,117.106,-52.298,2.703,4.825,-0.723,4.771,-0.544,-3.421,-1.109,0.319,0.0,0.347,0,0.34,0.0,0.36,1,0
826.009,116.909,-52.161,2.675,4.8,-0.761,4.739,-0.576,-2.512,-0.852,0.352,0.0,0.333,0,0.319,0.0,0.347,1,0
826.059,116.716,-52.02,2.646,4.779,-0.752,4.72,-0.567,-2.16,-0.759,0.346,0.0,0.363,0,0.352,0.0,0.333,1,0
826.109,116.528,-51.875,2.618,4.76,-0.73,4.704,-0.548,-3.249,-1.189,0.348,0.0,0.349,0,0.346,0.0,0.363,1,0
826.159,116.345,-51.724,2.59,4.729,-0.761,4.668,-0.574,-2.451,-0.814,0.384,0.0,0.335,0,0.348,0.0,0.349,1,0
826.209,116.168,-51.569,2.562,4.71,-0.751,4.65,-0.566,-2.071,-0.569,1.0,0.0,0.32,0,0.384,0.0,0.335,1,0
826.309,115.826,-51.248,2.508,4.714,-0.703,4.662,-0.525,-4.381,0.565,1.0,0.0,0.378,0,1.0,0.0,0.39,1,0
826.359,115.661,-51.077,2.479,4.78,-0.789,4.714,-0.6,-3.756,3.056,0.965,0.0,0.363,0,1.0,0.0,0.378,1,0
826.409,115.498,-50.896,2.448,4.964,-0.825,4.895,-0.633,-3.519,4.504,0.642,0.0,0.346,0,0.965,0.0,0.363,1,0
826.459,115.333,-50.701,2.416,5.217,-0.837,5.149,-0.646,-3.372,4.067,0.342,0.0,0.368,0,0.642,0.0,0.346,1,0
826.509,115.164,-50.492,2.384,5.447,-0.833,5.382,-0.632,-3.43,0.562,0.214,0.0,0.351,0,0.342,0.0,0.368,1,0
826.559,114.998,-50.275,2.351,5.503,-0.828,5.44,-0.686,-2.304,-1.859,0.486,0.0,0.334,0,0.214,0.0,0.351,1,0
826.609,114.839,-50.054,2.32,5.43,-0.772,5.375,-0.592,-2.026,-2.175,0.78,0.0,0.357,0,0.486,0.0,0.334,1,0
826.659,114.686,-49.834,2.288,5.338,-0.706,5.291,-0.665,-3.238,-2.214,0.889,0.0,0.341,0,0.78,0.0,0.357,1,0
826.709,114.544,-49.612,2.257,5.253,-0.709,5.204,-0.575,-2.719,-1.356,0.953,0.0,0.325,0,0.889,0.0,0.341,1,0
826.759,114.409,-49.39,2.226,5.206,-0.684,5.161,-0.657,-2.836,-0.321,0.932,0.0,0.349,0,0.953,0.0,0.325,1,0
826.809,114.281,-49.164,2.197,5.21,-0.675,5.166,-0.541,-3.752,0.773,0.848,0.0,0.334,0,0.932,0.0,0.349,1,0
826.859,114.159,-48.932,2.166,5.276,-0.704,5.229,-0.65,-3.211,0.763,0.697,0.0,0.318,0,0.848,0.0,0.334,1,0
826.909,114.042,-48.693,2.137,5.338,-0.708,5.29,-0.548,-2.446,-0.461,0.666,0.0,0.352,0,0.697,0.0,0.318,0,0
826.959,113.932,-48.451,2.107,5.332,-0.672,5.29,-0.632,-3.775,-0.429,0.799,0.0,0.337,0,0.666,0.0,0.352,0,0
827.009,113.829,-48.205,2.077,5.338,-0.705,5.292,-0.566,-5.938,14.358,0.781,0.0,0.322,0,0.799,0.0,0.337,2,0
827.059,113.726,-47.932,2.045,6.092,-0.808,6.039,-0.677,-5.196,10.544,0.0,0.0,0.345,0,0.781,0.0,0.322,2,0
827.109,113.621,-47.627,2.01,6.652,-0.837,6.599,-0.716,-6.314,7.248,0.0,0.0,0.327,0,0.0,0.0,0.345,2,0
827.159,113.52,-47.297,1.972,7.056,-0.887,7.0,-0.783,-5.093,3.035,0.0,0.0,0.307,0,0.0,0.0,0.327,2,0
827.209,113.427,-46.95,1.933,7.242,-0.863,7.191,-0.748,-3.615,-0.853,0.0,0.0,0.286,0,0.0,0.0,0.307,2,0
827.259,113.342,-46.599,1.895,7.224,-0.771,7.183,-0.79,-3.578,-1.77,0.0,0.0,0.29,0,0.0,0.0,0.286,2,0
827.309,113.268,-46.249,1.859,7.157,-0.695,7.124,-0.671,-4.029,-2.608,0.0,0.0,0.271,0,0.0,0.0,0.29,2,0
827.409,113.151,-45.557,1.79,6.933,-0.608,6.906,-0.618,-3.288,-3.016,0.0,0.0,0.253,0,0.0,0.0,0.253,2,0
827.459,113.109,-45.218,1.758,6.799,-0.555,6.776,-0.661,-3.454,-3.186,0.0,0.0,0.229,0,0.0,0.0,0.246,2,0
827.509,113.076,-44.884,1.729,6.657,-0.534,6.636,-0.539,-2.842,-3.245,0.0,0.0,0.213,0,0.0,0.0,0.229,2,0
827.559,113.053,-44.558,1.701,6.509,-0.493,6.49,-0.586,-2.953,-0.986,0.0,0.0,0.199,0,0.0,0.0,0.213,2,0
827.609,113.037,-44.235,1.675,6.472,-0.476,6.455,-0.46,-2.659,-0.237,1.0,0.0,0.184,0,0.0,0.0,0.199,0,0
827.659,113.029,-43.911,1.651,6.472,-0.451,6.456,-0.514,-2.15,-5.829,1.0,0.0,0.14,0,1.0,0.0,0.184,0,0
827.709,113.027,-43.594,1.629,6.19,-0.423,6.175,-0.397,-0.58,-6.153,1.0,0.0,0.119,0,1.0,0.0,0.14,1,0
827.759,113.029,-43.295,1.61,5.885,-0.341,5.875,-0.389,-0.584,-4.237,1.0,0.0,0.103,0,1.0,0.0,0.119,1,0
827.859,113.04,-42.729,1.582,5.531,-0.241,5.526,-0.29,-0.582,-1.676,1.0,0.0,0.077,0,1.0,0.0,0.091,1,0
827.909,113.048,-42.455,1.572,5.449,-0.214,5.445,-0.153,-0.45,-0.6,1.0,0.0,0.069,0,1.0,0.0,0.077,1,0
827.959,113.058,-42.183,1.562,5.42,-0.184,5.417,-0.224,-0.508,0.796,1.0,0.0,0.06,0,1.0,0.0,0.069,1,0
828.009,113.069,-41.911,1.555,5.461,-0.169,5.458,-0.102,-0.408,1.088,1.0,0.0,0.054,0,1.0,0.0,0.06,1,0
828.059,113.082,-41.636,1.547,5.516,-0.148,5.514,-0.187,-0.362,-0.069,1.0,0.0,0.045,0,1.0,0.0,0.054,0,0
828.109,113.096,-41.36,1.542,5.513,-0.135,5.511,-0.068,-0.218,0.534,1.0,0.0,0.04,0,1.0,0.0,0.045,0,0
828.159,113.11,-41.085,1.536,5.54,-0.114,5.539,-0.149,-0.677,15.678,1.0,0.0,0.035,0,1.0,0.0,0.04,2,0
828.259,113.146,-40.446,1.525,6.95,-0.106,6.95,-0.097,-0.35,10.698,1.0,0.0,0.023,0,1.0,0.0,0.028,2,0
828.309,113.168,-40.082,1.521,7.486,-0.091,7.485,-0.083,-0.346,9.432,1.0,0.0,0.02,0,1.0,0.0,0.023,2,0
828.359,113.192,-39.694,1.517,7.957,-0.078,7.957,-0.073,-0.326,8.566,1.0,0.0,0.013,0,1.0,0.0,0.02,2,0
828.409,113.218,-39.283,1.514,8.386,-0.066,8.386,-0.065,-0.146,7.981,1.0,0.0,0.01,0,1.0,0.0,0.013,2,0
828.459,113.246,-38.853,1.511,8.785,-0.049,8.785,-0.051,-0.136,3.541,1.0,0.0,0.008,0,1.0,0.0,0.01,2,0
828.559,113.305,-37.955,1.507,9.106,-0.025,9.106,-0.033,0.046,-3.383,1.0,0.0,0.001,0,1.0,0.0,0.003,0,0
828.609,113.335,-37.506,1.506,8.937,-0.012,8.937,-0.021,0.0,11.706,1.0,0.0,-0.003,0,1.0,0.0,0.001,3,0
828.659,113.365,-37.041,1.505,9.522,-0.005,9.522,-0.012,0.174,8.491,1.0,0.0,-0.004,0,1.0,0.0,-0.003,3,0
828.709,113.398,-36.552,1.505,9.947,0.005,9.947,0.001,0.147,7.461,1.0,0.0,-0.004,0,1.0,0.0,-0.004,3,0
828.759,113.431,-36.045,1.505,10.32,0.01,10.32,0.008,0.145,6.762,1.0,0.0,-0.007,0,1.0,0.0,-0.004,3,0
828.809,113.464,-35.519,1.506,10.658,0.011,10.658,0.012,0.313,6.293,1.0,0.0,-0.007,0,1.0,0.0,-0.007,3,0
828.909,113.533,-34.421,1.508,11.272,0.018,11.272,0.024,0.421,5.769,1.0,0.0,-0.009,0,1.0,0.0,-0.01,3,0
828.959,113.568,-33.85,1.509,11.56,0.022,11.56,0.031,0.365,5.632,1.0,0.0,-0.011,0,1.0,0.0,-0.009,3,0
829.009,113.603,-33.265,1.511,11.842,0.021,11.842,0.034,0.503,5.539,1.0,0.0,-0.01,0,1.0,0.0,-0.011,3,0
829.059,113.637,-32.665,1.513,12.119,0.023,12.119,0.04,0.44,5.481,1.0,0.0,-0.009,0,1.0,0.0,-0.01,3,0
829.159,113.705,-31.425,1.516,12.665,0.016,12.665,0.039,0.4,5.443,1.0,0.0,-0.01,0,1.0,0.0,-0.009,3,0
829.209,113.738,-30.792,1.518,12.721,0.015,12.721,0.041,0.419,-1.513,1.0,0.0,-0.01,0,1.0,0.0,-0.009,0,0
829.259,113.77,-30.159,1.52,12.645,0.011,12.645,0.039,0.561,4.818,1.0,0.0,-0.012,0,1.0,0.0,-0.01,0,0
829.309,113.8,-29.522,1.523,12.886,0.013,12.886,0.042,0.646,5.865,1.0,0.0,-0.01,0,1.0,0.0,-0.012,4,0
829.359,113.83,-28.869,1.525,13.18,0.016,13.18,0.046,0.564,5.417,1.0,0.0,-0.011,0,1.0,0.0,-0.01,4,0
829.409,113.86,-28.203,1.527,13.451,0.013,13.451,0.046,0.653,5.097,1.0,0.0,-0.01,0,1.0,0.0,-0.011,4,0
829.459,113.888,-27.523,1.529,13.705,0.013,13.705,0.049,0.573,4.887,0.742,0.0,-0.011,0,1.0,0.0,-0.01,4,0
829.559,113.941,-26.127,1.534,14.175,0.007,14.175,0.048,0.574,3.532,0.223,0.0,-0.01,0,0.469,0.0,-0.009,4,0
829.609,113.966,-25.413,1.537,14.351,0.003,14.351,0.045,0.647,2.173,0.048,0.0,-0.008,0,0.223,0.0,-0.01,4,0
829.659,113.99,-24.692,1.539,14.46,0.002,14.46,0.045,0.559,0.711,0.0,0.0,-0.009,0,0.048,0.0,-0.008,4,0
829.709,114.013,-23.969,1.541,14.496,-0.001,14.496,0.042,0.613,-0.502,0.0,0.0,-0.009,0,0.0,0.0,-0.009,4,0
829.759,114.033,-23.245,1.543,14.471,-0.0,14.471,0.042,0.633,-1.281,0.0,0.0,-0.008,0,0.0,0.0,-0.009,4,0
829.859,114.07,-21.807,1.547,14.32,-0.001,14.32,0.04,0.54,-1.74,0.0,0.0,-0.008,0,0.0,0.0,-0.008,4,0
829.909,114.087,-21.095,1.549,14.219,-0.001,14.219,0.039,0.487,-2.163,0.0,0.0,-0.007,0,0.0,0.0,-0.007,4,0
829.959,114.101,-20.387,1.551,14.111,-0.003,14.111,0.036,0.514,-2.249,0.0,0.0,-0.006,0,0.0,0.0,-0.007,4,0
830.009,114.115,-19.685,1.553,13.999,-0.002,13.999,0.035,0.429,-2.292,0.0,0.0,-0.006,0,0.0,0.0,-0.006,4,0
830.059,114.127,-18.989,1.554,13.884,-0.003,13.884,0.031,0.449,-2.311,0.0,0.0,-0.006,0,0.0,0.0,-0.006,4,0
830.159,114.148,-17.614,1.557,13.653,0.001,13.653,0.029,0.368,-2.308,0.0,0.0,-0.005,0,0.0,0.0,-0.005,4,0
830.209,114.156,-16.935,1.559,13.538,0.0,13.538,0.027,0.371,-2.296,0.0,0.0,-0.004,0,0.0,0.0,-0.005,4,0
830.259,114.164,-16.262,1.56,13.423,0.001,13.423,0.026,0.305,-2.281,0.0,0.0,-0.004,0,0.0,0.0,-0.004,4,0
830.309,114.171,-15.594,1.561,13.309,0.001,13.309,0.023,0.307,0.514,0.0,0.0,-0.004,0,0.0,0.0,-0.004,0,0
830.409,114.182,-14.262,1.563,13.285,0.0,13.285,0.019,0.244,-0.986,0.0,0.0,-0.003,0,0.0,0.0,-0.004,0,0
830.459,114.187,-13.603,1.564,13.069,0.0,13.069,0.017,0.192,-4.938,0.0,0.0,-0.003,0,0.0,0.0,-0.003,3,0
830.509,114.191,-12.958,1.565,12.822,-0.0,12.822,0.015,0.186,-4.18,0.0,0.0,-0.002,0,0.0,0.0,-0.003,3,0
830.609,114.197,-11.699,1.566,12.421,0.0,12.421,0.011,0.132,-3.391,0.0,0.0,-0.001,0,0.0,0.0,-0.002,3,0
830.659,114.2,-11.083,1.567,12.252,0.001,12.252,0.009,0.098,-3.385,0.0,0.0,-0.001,0,0.0,0.0,-0.001,3,0
830.709,114.202,-10.475,1.567,12.083,0.0,12.083,0.008,0.078,-3.017,0.0,0.0,-0.001,0,0.0,0.0,-0.001,3,0
830.809,114.206,-9.284,1.568,11.771,0.0,11.771,0.005,0.044,-2.887,0.0,0.0,-0.0,0,0.0,0.0,-0.001,3,0
830.859,114.208,-8.7,1.568,11.627,-0.0,11.627,0.004,0.026,-3.104,0.0,0.0,-0.0,0,0.0,0.0,-0.0,3,0
830.959,114.211,-7.554,1.568,11.332,-0.001,11.332,0.001,0.004,-3.024,0.0,0.0,0.0,0,0.0,0.0,0.0,3,0
831.059,114.213,-6.437,1.568,11.045,-0.001,11.045,-0.0,-0.004,-2.955,0.0,0.0,0.0,0,0.0,0.0,0.0,3,0
831.159,114.216,-5.348,1.568,10.764,-0.001,10.764,-0.001,-0.011,-2.893,0.0,0.0,0.0,0,0.0,0.0,0.0,3,0
831.259,114.219,-4.285,1.568,10.575,-0.001,10.575,-0.001,-0.014,-0.098,0.0,0.0,0.0,0,0.0,0.0,0.0,0,0
831.359,114.222,-3.231,1.568,10.338,-0.001,10.338,-0.001,-0.013,-4.651,0.0,0.0,0.0,0,0.0,0.0,0.0,0,0
831.409,114.223,-2.729,1.568,9.888,-0.001,9.888,-0.001,-0.013,-6.602,0.0,0.0,0.0,0,0.0,0.0,0.0,2,0
831.509,114.226,-1.777,1.568,9.249,-0.001,9.249,-0.001,-0.016,-5.0,0.0,0.0,0.0,0,0.0,0.0,0.0,2,0
831.609,114.229,-0.88,1.568,8.742,-0.001,8.742,-0.001,-0.01,-4.359,0.0,0.0,0.001,0,0.0,0.0,0.0,2,0
831.709,114.232,-0.03,1.568,8.293,-0.001,8.293,-0.002,-0.019,-4.015,0.0,0.0,0.001,0,0.0,0.0,0.001,2,0
831.809,114.235,0.777,1.567,7.877,-0.002,7.877,-0.002,-0.014,-3.792,0.0,0.0,0.001,0,0.0,0.0,0.001,2,0
831.909,114.238,1.543,1.567,7.482,-0.002,7.482,-0.002,-0.028,-3.624,0.0,0.0,0.001,0,0.0,0.0,0.001,2,0
832.009,114.241,2.271,1.567,7.104,-0.003,7.104,-0.003,-0.021,-2.094,0.0,1.0,0.0,0,0.0,0.0,0.001,2,0
832.109,114.244,2.971,1.567,6.957,-0.001,6.957,-0.001,0.007,-3.663,0.0,1.0,0.0,0,0.0,1.0,0.0,0,0
832.209,114.246,3.633,1.567,6.126,-0.0,6.126,-0.0,0.001,-11.6,0.0,1.0,0.0,0,0.0,1.0,0.0,1,0
832.309,114.249,4.161,1.567,4.223,0.0,4.223,-0.0,0.0,-26.447,0.0,1.0,0.0,0,0.0,1.0,0.0,1,0
832.409,114.25,4.434,1.567,1.593,0.0,1.593,-0.0,-0.0,-25.594,0.0,1.0,0.0,0,0.0,1.0,0.0,1,0
832.509,114.25,4.475,1.567,0.005,0.0,-0.005,0.0,-0.001,-0.111,0.0,1.0,0.0,0,0.0,1.0,0.0,1,1
832.609,114.25,4.478,1.567,0.011,-0.0,-0.011,-0.0,0.0,0.03,0.0,1.0,0.0,0,0.0,1.0,0.0,1,1
832.709,114.25,4.479,1.567,0.008,-0.0,-0.008,-0.0,0.0,0.035,0.0,1.0,0.0,0,0.0,1.0,0.0,1,1
832.809,114.25,4.48,1.567,0.005,-0.0,-0.005,-0.0,0.0,0.023,0.0,1.0,0.0,0,0.0,1.0,0.0,1,1
832.909,114.25,4.481,1.567,0.002,-0.0,-0.002,-0.0,0.0,0.013,0.0,1.0,0.0,0,0.0,1.0,0.0,1,1
833.009,114.25,4.481,1.567,0.001,-0.0,-0.001,-0.0,-0.0,0.007,0.0,1.0,0.0,0,0.0,1.0,0.0,1,1
833.109,114.25,4.482,1.567,0.001,-0.0,-0.001,-0.0,0.0,0.004,0.0,1.0,0.0,0,0.0,1.0,0.0,1,1
833.209,114.25,4.482,1.567,0.0,-0.0,-0.0,-0.0,0.0,0.002,0.0,1.0,0.0,0,0.0,1.0,0.0,1,1
833.309,114.25,4.482,1.567,0.0,-0.0,-0.0,-0.0,0.0,0.001,0.0,1.0,0.0,0,0.0,1.0,0.0,1,1
833.409,114.25,4.482,1.567,0.0,-0.0,0.0,-0.0,-0.0,0.0,0.0,1.0,0.0,0,0.0,1.0,0.0,1,1
834.409,114.25,4.482,1.567,0.0,-0.0,0.0,-0.0,-0.0,0.0,0.0,1.0,0.0,0,0.0,1.0,0.0,1,1
835.459,114.25,4.482,1.567,0.0,-0.0,0.0,-0.0,-0.0,0.0,0.0,1.0,0.0,0,0.0,1.0,0.0,1,1
835.759,114.25,4.482,1.567,0.0,-0.0,0.0,-0.0,-0.0,-0.002,1.0,0.0,0.004,0,1.0,0.0,-1.0,1,1
835.859,114.25,4.482,1.567,0.0,0.0,-0.0,0.0,0.001,-0.287,1.0,0.0,0.005,0,1.0,0.0,0.005,1,1
835.959,114.25,4.485,1.567,0.081,-0.0,0.081,-0.0,0.003,-1.545,1.0,0.0,0.005,0,1.0,0.0,0.005,1,1
836.059,114.25,4.492,1.567,0.201,-0.0,0.201,0.011,0.029,3.631,1.0,0.0,0.005,0,1.0,0.0,0.005,1,0
836.159,114.25,4.534,1.566,0.622,-0.001,0.622,-0.006,-0.03,4.964,1.0,0.0,0.005,0,1.0,0.0,0.005,1,0
836.259,114.251,4.624,1.566,1.082,-0.003,1.082,-0.002,-0.017,6.18,1.0,0.0,0.005,0,1.0,0.0,0.005,1,0
836.359,114.252,4.764,1.566,1.674,-0.004,1.674,0.001,-0.04,7.456,1.0,0.0,0.005,0,1.0,0.0,0.005,1,0
836.459,114.254,4.974,1.566,2.415,-0.007,2.415,-0.003,-0.025,7.601,1.0,0.0,0.004,0,1.0,0.0,0.005,1,0
836.559,114.256,5.259,1.565,3.209,-0.008,3.209,-0.005,-0.022,7.71,1.0,0.0,0.004,0,1.0,0.0,0.004,1,0
836.659,114.259,5.622,1.564,3.965,-0.008,3.965,-0.006,-0.024,7.256,1.0,0.0,0.003,0,1.0,0.0,0.003,1,0
836.759,114.262,6.058,1.564,4.687,-0.008,4.687,-0.006,-0.025,7.159,1.0,0.0,0.003,0,1.0,0.0,0.003,1,0
836.859,114.267,6.567,1.563,5.404,-0.007,5.404,-0.006,-0.025,7.172,1.0,0.0,0.003,0,1.0,0.0,0.003,1,0
836.909,114.269,6.846,1.563,5.649,-0.007,5.649,-0.005,-0.016,0.361,1.0,0.0,0.002,0,1.0,0.0,0.002,1,0
837.009,114.274,7.414,1.563,5.774,-0.005,5.774,-0.004,-0.014,-0.432,1.0,0.0,0.002,0,1.0,0.0,0.002,0,0
837.109,114.28,7.988,1.562,5.749,-0.004,5.749,-0.003,-0.021,10.202,1.0,0.0,0.001,0,1.0,0.0,0.001,0,0
837.209,114.286,8.62,1.562,6.918,-0.004,6.918,-0.003,-0.018,11.188,1.0,0.0,0.001,0,1.0,0.0,0.001,2,0
837.309,114.293,9.374,1.561,7.966,-0.003,7.966,-0.003,-0.013,8.813,1.0,0.0,0.001,0,1.0,0.0,0.001,2,0
837.409,114.301,10.218,1.561,8.815,-0.002,8.815,-0.002,-0.005,0.064,1.0,0.0,0.0,0,1.0,0.0,0.0,2,0
837.509,114.31,11.108,1.561,8.985,-0.001,8.985,-0.001,-0.002,2.599,1.0,0.0,0.0,0,1.0,0.0,0.0,0,0
837.609,114.319,12.025,1.561,9.587,-0.0,9.587,-0.001,0.001,8.104,1.0,0.0,-0.0,0,1.0,0.0,0.0,3,0
837.709,114.329,13.028,1.561,10.352,0.0,10.352,-0.0,0.005,6.582,1.0,0.0,-0.0,0,1.0,0.0,-0.0,3,0
837.809,114.339,14.099,1.561,10.99,0.0,10.99,0.0,0.007,5.898,1.0,0.0,-0.0,0,1.0,0.0,-0.0,3,0
837.909,114.35,15.23,1.561,11.571,0.0,11.571,0.001,0.009,5.595,1.0,0.0,-0.0,0,1.0,0.0,-0.0,3,0
838.009,114.362,16.418,1.561,12.126,0.0,12.126,0.001,0.01,5.465,1.0,0.0,-0.0,0,1.0,0.0,-0.0,3,0
838.109,114.374,17.66,1.561,12.671,0.0,12.671,0.001,0.009,5.433,1.0,0.0,-0.0,0,1.0,0.0,-0.0,3,0
838.209,114.386,18.928,1.561,12.652,0.0,12.652,0.001,0.011,-1.509,1.0,0.0,-0.0,0,1.0,0.0,-0.0,0,0
838.309,114.398,20.22,1.561,13.186,0.0,13.186,0.001,0.009,5.417,1.0,0.0,-0.0,0,1.0,0.0,-0.0,4,0
838.409,114.411,21.569,1.561,13.712,0.0,13.712,0.001,0.01,5.099,1.0,0.0,-0.0,0,1.0,0.0,-0.0,4,0
838.509,114.424,22.967,1.561,14.193,0.0,14.193,0.001,0.009,4.654,1.0,0.0,-0.0,0,1.0,0.0,-0.0,4,0
838.609,114.437,24.411,1.562,14.656,0.0,14.656,0.001,0.008,4.551,1.0,0.0,-0.0,0,1.0,0.0,-0.0,4,0
838.709,114.451,25.902,1.562,15.109,-0.0,15.109,0.001,0.009,4.525,1.0,0.0,-0.0,0,1.0,0.0,-0.0,4,0
838.759,114.458,26.664,1.562,15.335,-0.0,15.335,0.001,0.009,4.497,1.0,0.0,-0.0,0,1.0,0.0,-0.0,4,0
838.859,114.472,28.222,1.562,15.784,-0.0,15.784,0.001,0.008,4.487,1.0,0.0,-0.0,0,1.0,0.0,-0.0,4,0
838.959,114.487,29.823,1.562,16.133,-0.0,16.133,0.0,0.007,-0.411,0.988,0.0,-0.0,0,0.896,0.0,-0.0,0,0
839.059,114.501,31.435,1.562,16.184,-0.0,16.184,0.0,0.006,4.95,1.0,0.0,-0.0,0,1.0,0.0,-0.0,5,0
839.209,114.524,33.919,1.562,16.855,-0.0,16.855,0.0,0.006,3.952,0.413,0.0,-0.0,0,0.539,0.0,-0.0,5,0
839.309,114.539,35.618,1.562,17.075,-0.0,17.075,0.0,0.005,0.813,0.301,0.0,-0.0,0,0.288,0.0,-0.0,5,0
839.409,114.554,37.329,1.562,17.13,-0.0,17.13,0.0,0.004,0.007,0.316,0.0,-0.0,0,0.314,0.0,-0.0,5,0
839.509,114.569,39.042,1.562,17.123,-0.0,17.123,0.0,0.004,-0.269,0.296,0.0,-0.0,0,0.309,0.0,-0.0,5,0
839.659,114.592,41.606,1.562,17.07,-0.0,17.07,0.0,0.003,-0.5,0.266,0.0,-0.0,0,0.273,0.0,-0.0,5,0
839.759,114.607,43.31,1.562,17.017,-0.0,17.017,0.0,0.002,-0.601,0.263,0.0,-0.0,0,0.263,0.0,-0.0,5,0
839.909,114.63,45.855,1.562,16.923,-0.0,16.923,0.0,0.002,-0.646,0.276,0.0,-0.0,0,0.27,0.0,-0.0,5,0
840.009,114.644,47.543,1.562,16.859,-0.0,16.859,0.0,0.002,-0.617,0.292,0.0,-0.0,0,0.284,0.0,-0.0,5,0
840.159,114.667,50.065,1.562,16.771,-0.0,16.771,0.0,0.001,-0.517,0.321,0.0,-0.0,0,0.311,0.0,-0.0,5,0
840.259,114.681,51.739,1.562,16.722,-0.0,16.722,0.0,0.001,-0.43,0.34,0.0,-0.0,0,0.33,0.0,-0.0,5,0
840.359,114.696,53.409,1.562,16.681,-0.0,16.681,0.0,0.001,-0.336,0.0,0.0,-0.0,0,0.349,0.0,-0.0,5,0
840.509,114.718,55.905,1.562,16.59,-0.0,16.59,0.0,0.0,-1.32,0.0,0.0,-0.0,0,0.0,0.0,-0.0,5,0
840.609,114.732,57.558,1.562,16.499,-0.0,16.499,0.0,0.0,-0.213,0.0,0.0,0.0,0,0.0,0.0,-0.0,0,0
840.759,114.754,60.017,1.562,16.163,-0.0,16.163,0.0,0.0,-3.631,0.0,0.0,0.0,0,0.0,0.0,0.0,4,0
840.859,114.768,61.613,1.562,15.818,-0.0,15.818,0.0,0.0,-3.022,0.0,0.0,-0.0,0,0.0,0.0,-0.0,4,0
841.009,114.788,63.95,1.562,15.385,-0.0,15.385,0.0,0.0,-2.693,0.0,0.0,-0.0,0,0.0,0.0,-0.0,4,0
841.109,114.802,65.474,1.562,15.119,0.0,15.119,0.0,0.0,-2.6,0.0,0.0,-0.0,0,0.0,0.0,-0.0,4,0
841.259,114.821,67.71,1.562,14.733,-0.0,14.733,0.0,0.0,-2.514,0.0,0.0,-0.0,0,0.0,0.0,-0.0,4,0
841.359,114.834,69.17,1.562,14.483,-0.0,14.483,0.0,0.0,-2.468,0.0,0.0,-0.0,0,0.0,0.0,-0.0,4,0
841.459,114.846,70.605,1.562,14.237,-0.0,14.237,0.0,0.0,-2.425,0.0,0.0,-0.0,0,0.0,0.0,-0.0,4,0
841.609,114.865,72.711,1.562,13.877,-0.0,13.877,0.0,0.0,-2.364,0.0,0.0,-0.0,0,0.0,0.0,-0.0,4,0
841.709,114.877,74.086,1.562,13.641,-0.0,13.641,0.0,0.0,-2.324,0.0,0.0,0.0,0,0.0,0.0,0.0,4,0
841.859,114.894,76.105,1.562,13.342,-0.0,13.342,0.0,0.0,-1.353,0.0,0.0,0.0,0,0.0,0.0,0.0,4,0
841.959,114.906,77.437,1.562,13.343,-0.0,13.343,-0.0,-0.0,-6.432,0.0,0.0,0.0,0,0.0,0.0,0.0,3,0
842.059,114.917,78.737,1.562,12.788,-0.0,12.788,0.0,-0.0,-4.15,0.0,0.0,0.0,0,0.0,0.0,0.0,3,0
842.209,114.934,80.608,1.562,12.221,-0.0,12.221,-0.0,-0.0,-3.101,0.0,0.0,0.0,0,0.0,0.0,0.0,3,0
842.309,114.944,81.813,1.562,11.902,-0.0,11.902,-0.0,0.0,-2.934,0.0,0.0,0.0,0,0.0,0.0,0.0,3,0
842.409,114.955,82.986,1.562,11.598,-0.0,11.598,-0.0,-0.0,-2.831,0.0,0.0,0.0,0,0.0,0.0,0.0,3,0
842.559,114.969,84.691,1.562,11.167,0.0,11.167,0.0,0.0,-2.984,0.0,0.0,-0.0,0,0.0,0.0,-0.0,3,0
842.659,114.979,85.792,1.562,10.883,-0.0,10.883,0.0,0.0,-2.919,0.0,0.0,-0.0,0,0.0,0.0,-0.0,3,0
842.759,114.988,86.865,1.562,10.606,0.0,10.606,0.0,0.0,-0.523,0.0,0.0,-0.0,0,0.0,0.0,-0.0,3,0
842.859,114.998,87.923,1.562,10.577,-0.0,10.577,0.0,0.0,-6.711,0.0,0.0,-0.0,0,0.0,0.0,-0.0,0,0
843.009,115.011,89.424,1.562,9.487,0.0,9.487,0.0,0.0,-5.447,0.0,0.0,-0.0,0,0.0,0.0,-0.0,2,0
843.109,115.019,90.342,1.562,8.942,0.0,8.942,0.0,0.0,-4.564,0.0,0.0,-0.0,0,0.0,0.0,-0.0,2,0
843.259,115.03,91.628,1.562,8.267,0.0,8.267,0.0,0.0,-4.428,0.0,0.0,-0.0,0,0.0,0.0,-0.0,2,0
843.359,115.037,92.432,1.562,7.852,0.0,7.852,0.0,0.0,-4.188,0.0,0.0,0.0,0,0.0,0.0,-0.0,2,0
843.509,115.047,93.562,1.562,7.258,-0.0,7.258,0.0,0.032,-3.54,0.0,0.0,-0.001,0,0.0,0.0,-0.001,2,0
843.609,115.053,94.27,1.562,7.004,0.002,7.004,0.002,0.022,-0.103,0.0,0.0,-0.005,0,0.0,0.0,-0.001,0,0
843.709,115.058,94.967,1.563,6.751,0.009,6.751,0.008,0.132,-9.089,0.0,0.0,-0.006,0,0.0,0.0,-0.006,1,0
843.859,115.063,95.878,1.565,5.609,0.03,5.609,0.012,0.258,-6.289,0.0,0.0,-0.016,0,0.0,0.0,-0.016,1,0
843.959,115.062,96.405,1.568,5.055,0.034,5.055,0.085,0.571,-4.958,0.0,0.0,-0.03,0,0.0,0.0,-0.03,1,0
844.059,115.057,96.883,1.572,4.542,0.061,4.541,0.047,0.218,-4.591,0.0,0.0,-0.028,0,0.0,0.0,-0.029,1,0
844.209,115.046,97.513,1.579,3.921,0.056,3.92,0.042,0.095,-3.737,0.0,0.0,-0.044,0,0.0,0.0,-0.027,1,0
844.309,115.035,97.887,1.584,3.599,0.079,3.598,0.065,0.156,-2.944,0.0,0.0,-0.041,0,0.0,0.0,-0.043,1,0
844.409,115.022,98.231,1.59,3.311,0.073,3.31,0.059,0.069,-2.728,0.0,0.0,-0.058,0,0.0,0.0,-0.04,1,0
844.559,115.0,98.694,1.598,2.898,0.086,2.897,0.052,0.094,-2.485,0.401,0.0,-0.054,0,0.201,0.0,-0.055,1,0
844.659,114.984,98.971,1.604,2.685,0.079,2.684,0.044,0.072,-0.881,0.619,0.0,-0.05,0,0.533,0.0,-0.052,1,0
844.759,114.967,99.236,1.61,2.651,0.073,2.65,0.04,0.116,1.168,0.637,0.0,-0.048,0,0.656,0.0,-0.049,1,0
844.909,114.938,99.652,1.618,2.928,0.096,2.926,0.08,0.375,2.436,0.513,0.0,-0.066,0,0.513,0.0,-0.066,1,0
845.009,114.912,99.957,1.625,3.159,0.106,3.157,0.085,0.254,1.801,0.411,0.0,-0.061,0,0.416,0.0,-0.063,1,0
845.109,114.883,100.282,1.633,3.321,0.105,3.319,0.084,0.218,1.244,0.439,0.0,-0.057,0,0.42,0.0,-0.059,1,0
845.259,114.833,100.792,1.645,3.496,0.128,3.494,0.086,0.452,1.083,0.441,0.0,-0.075,0,0.441,0.0,-0.075,1,0
845.359,114.792,101.145,1.654,3.606,0.134,3.603,0.089,0.305,0.929,0.385,0.0,-0.068,0,0.407,0.0,-0.07,1,0
845.509,114.724,101.692,1.668,3.724,0.125,3.722,0.097,0.262,0.606,0.368,0.0,-0.084,0,0.377,0.0,-0.065,1,0
845.609,114.672,102.063,1.679,3.766,0.154,3.763,0.12,0.399,0.344,0.374,0.0,-0.077,0,0.373,0.0,-0.08,1,0
845.709,114.614,102.437,1.69,3.799,0.149,3.796,0.114,0.312,0.282,0.362,0.0,-0.071,0,0.365,0.0,-0.074,1,0
845.809,114.554,102.813,1.7,3.824,0.139,3.822,0.107,0.924,0.117,0.353,0.0,-0.088,0,0.353,0.0,-0.09,1,0
845.959,114.451,103.379,1.718,3.842,0.165,3.838,0.114,0.354,0.031,0.349,0.0,-0.079,0,0.355,0.0,-0.082,1,0
846.059,114.378,103.756,1.73,3.848,0.155,3.845,0.105,0.305,-0.003,0.345,0.0,-0.094,0,0.351,0.0,-0.076,1,0
846.159,114.3,104.133,1.741,3.848,0.172,3.844,0.121,0.537,-0.058,0.349,0.0,-0.089,0,0.349,0.0,-0.092,1,0
846.259,114.216,104.508,1.754,3.847,0.172,3.843,0.119,0.367,-0.037,0.345,0.0,-0.082,0,0.352,0.0,-0.085,1,0
846.409,114.083,105.07,1.772,3.845,0.155,3.842,0.119,0.318,-0.048,0.343,0.0,-0.096,0,0.348,0.0,-0.079,1,0
846.509,113.988,105.442,1.784,3.84,0.178,3.836,0.137,0.437,-0.023,0.352,0.0,-0.087,0,0.349,0.0,-0.091,1,0
846.609,113.888,105.813,1.797,3.839,0.17,3.835,0.13,0.351,-0.002,0.349,0.0,-0.097,0,0.346,0.0,-0.084,1,0
846.709,113.783,106.182,1.81,3.837,0.18,3.832,0.139,0.509,-0.026,0.352,0.0,-0.091,0,0.344,0.0,-0.094,1,0
846.859,113.618,106.733,1.829,3.835,0.171,3.832,0.117,0.371,-0.003,0.351,0.0,-0.084,0,0.347,0.0,-0.088,1,0
846.959,113.503,107.099,1.841,3.835,0.159,3.831,0.108,0.634,-0.078,0.345,0.0,-0.086,0,0.35,0.0,-0.089,1,0
847.059,113.383,107.463,1.853,3.832,0.166,3.829,0.115,0.362,-0.045,0.348,0.0,-0.08,0,0.353,0.0,-0.083,1,0
847.159,113.26,107.825,1.864,3.832,0.156,3.829,0.107,0.309,-0.031,0.346,0.0,-0.081,0,0.352,0.0,-0.077,1,0
847.309,113.068,108.367,1.881,3.83,0.151,3.827,0.116,0.355,-0.04,0.347,0.0,-0.075,0,0.35,0.0,-0.078,1,0
847.409,112.936,108.727,1.892,3.83,0.141,3.828,0.108,0.28,0.006,0.351,0.0,-0.071,0,0.347,0.0,-0.069,1,0
847.509,112.802,109.085,1.901,3.83,0.136,3.827,0.106,0.301,0.004,0.352,0.0,-0.065,0,0.347,0.0,-0.068,1,0
847.609,112.664,109.443,1.911,3.83,0.128,3.828,0.099,0.252,0.008,0.351,0.0,-0.06,0,0.347,0.0,-0.063,1,0
847.709,112.524,109.799,1.92,3.83,0.118,3.828,0.092,0.233,0.008,0.351,0.0,-0.059,0,0.347,0.0,-0.058,1,0
847.859,112.309,110.332,1.932,3.83,0.111,3.829,0.074,0.216,-0.02,0.348,0.0,-0.052,0,0.351,0.0,-0.054,1,0
847.959,112.162,110.686,1.94,3.83,0.103,3.829,0.068,0.192,-0.017,0.348,0.0,-0.048,0,0.351,0.0,-0.05,1,0
848.059,112.014,111.039,1.947,3.83,0.095,3.829,0.062,0.233,-0.02,0.348,0.0,-0.046,0,0.351,0.0,-0.048,1,0
848.209,111.789,111.567,1.957,3.83,0.087,3.829,0.069,0.168,0.008,0.348,0.0,-0.042,0,0.348,0.0,-0.042,1,0
848.309,111.636,111.919,1.963,3.83,0.08,3.829,0.064,0.207,0.005,0.35,0.0,-0.039,0,0.348,0.0,-0.041,1,0
848.409,111.482,112.269,1.969,3.83,0.077,3.829,0.062,0.151,0.007,0.35,0.0,-0.036,0,0.348,0.0,-0.037,1,0
848.509,111.326,112.619,1.974,3.83,0.071,3.829,0.058,0.137,0.007,0.35,0.0,-0.033,0,0.348,0.0,-0.034,1,0
848.659,111.09,113.143,1.981,3.83,0.065,3.83,0.041,0.18,0.004,0.35,0.0,-0.032,0,0.348,0.0,-0.033,1,0
848.759,110.931,113.491,1.986,3.83,0.061,3.83,0.038,0.115,-0.009,0.348,0.0,-0.028,0,0.35,0.0,-0.03,1,0
848.859,110.771,113.839,1.99,3.83,0.057,3.83,0.034,0.169,-0.011,0.348,0.0,-0.028,0,0.35,0.0,-0.029,1,0
849.009,110.528,114.36,1.996,3.83,0.053,3.83,0.045,0.11,-0.008,0.349,0.0,-0.026,0,0.35,0.0,-0.027,1,0
849.109,110.365,114.707,2.0,3.83,0.049,3.83,0.042,0.172,0.003,0.35,0.0,-0.025,0,0.349,0.0,-0.026,1,0
849.209,110.201,115.053,2.003,3.83,0.05,3.83,0.043,0.105,0.005,0.35,0.0,-0.023,0,0.349,0.0,-0.024,1,0
849.309,110.036,115.398,2.007,3.83,0.046,3.83,0.04,0.091,0.005,0.35,0.0,-0.022,0,0.349,0.0,-0.022,1,0
849.459,109.786,115.916,2.012,3.83,0.045,3.83,0.027,0.111,-0.007,0.349,0.0,-0.022,0,0.35,0.0,-0.023,1,0
849.559,109.618,116.26,2.015,3.83,0.043,3.83,0.025,0.084,-0.006,0.349,0.0,-0.02,0,0.35,0.0,-0.021,1,0
849.659,109.45,116.604,2.018,3.83,0.04,3.83,0.023,0.173,-0.008,0.349,0.0,-0.022,0,0.35,0.0,-0.022,1,0
849.759,109.28,116.947,2.021,3.83,0.043,3.83,0.025,0.092,-0.006,0.349,0.0,-0.02,0,0.35,0.0,-0.021,1,0
849.909,109.024,117.461,2.025,3.83,0.038,3.83,0.034,0.182,0.002,0.35,0.0,-0.021,0,0.349,0.0,-0.022,1,0
850.009,108.852,117.803,2.028,3.83,0.041,3.83,0.037,0.095,0.004,0.35,0.0,-0.02,0,0.349,0.0,-0.021,1,0
850.109,108.679,118.145,2.031,3.83,0.039,3.83,0.035,0.078,0.005,0.35,0.0,-0.018,0,0.349,0.0,-0.019,1,0
850.209,108.505,118.486,2.034,3.83,0.036,3.83,0.033,0.187,0.001,0.35,0.0,-0.021,0,0.349,0.0,-0.021,1,0
850.359,108.242,118.997,2.038,3.83,0.039,3.83,0.022,0.079,-0.005,0.349,0.0,-0.018,0,0.35,0.0,-0.019,1,0
850.459,108.066,119.337,2.041,3.83,0.037,3.83,0.02,0.189,-0.008,0.349,0.0,-0.021,0,0.35,0.0,-0.021,1,0
850.559,107.888,119.677,2.044,3.83,0.041,3.83,0.023,0.092,-0.006,0.349,0.0,-0.019,0,0.35,0.0,-0.02,1,0
850.709,107.62,120.185,2.048,3.83,0.037,3.83,0.033,0.073,-0.005,0.349,0.0,-0.022,0,0.35,0.0,-0.019,1,0
850.809,107.44,120.523,2.051,3.83,0.041,3.83,0.037,0.097,0.004,0.35,0.0,-0.02,0,0.349,0.0,-0.02,1,0
850.909,107.26,120.861,2.054,3.83,0.039,3.83,0.035,0.078,0.005,0.35,0.0,-0.018,0,0.349,0.0,-0.019,1,0
851.009,107.078,121.198,2.057,3.83,0.036,3.83,0.032,0.159,0.002,0.35,0.0,-0.02,0,0.349,0.0,-0.02,1,0
851.159,106.804,121.703,2.061,3.83,0.038,3.83,0.021,0.074,-0.005,0.349,0.0,-0.017,0,0.35,0.0,-0.018,1,0
851.259,106.62,122.039,2.063,3.83,0.035,3.83,0.019,0.111,-0.006,0.349,0.0,-0.018,0,0.35,0.0,-0.018,1,0
851.359,106.436,122.375,2.066,3.83,0.035,3.83,0.019,0.069,-0.005,0.349,0.0,-0.016,0,0.35,0.0,-0.017,1,0
851.509,106.158,122.878,2.07,3.83,0.031,3.83,0.029,0.06,-0.005,0.349,0.0,-0.016,0,0.35,0.0,-0.016,1,0
851.609,105.971,123.212,2.072,3.83,0.029,3.83,0.028,0.058,0.003,0.35,0.0,-0.014,0,0.349,0.0,-0.014,1,0
851.709,105.785,123.547,2.074,3.83,0.027,3.83,0.026,0.052,0.003,0.35,0.0,-0.012,0,0.349,0.0,-0.013,1,0
851.809,105.598,123.881,2.076,3.83,0.025,3.83,0.024,2.073,-0.137,0.35,0.0,-0.088,0,0.349,0.0,-0.086,1,0
851.959,105.301,124.372,2.09,3.825,0.162,3.822,0.115,0.692,0.013,0.36,0.0,-0.085,0,0.362,0.0,-0.088,1,0
852.059,105.095,124.695,2.102,3.832,0.159,3.829,0.109,0.31,0.009,0.341,0.0,-0.075,0,0.348,0.0,-0.078,1,0
852.159,104.887,125.017,2.113,3.835,0.147,3.832,0.099,0.264,-0.048,0.345,0.0,-0.068,0,0.346,0.0,-0.071,1,0
852.259,104.677,125.337,2.123,3.832,0.135,3.83,0.091,0.247,-0.046,0.349,0.0,-0.063,0,0.352,0.0,-0.066,1,0
852.359,104.464,125.655,2.132,3.831,0.125,3.829,0.083,2.995,-0.447,0.349,0.0,-0.251,0,0.353,0.0,-0.247,1,0
852.509,104.114,126.106,2.169,3.791,0.439,3.766,0.338,1.55,0.139,0.392,0.0,-0.24,0,0.419,0.0,-0.248,1,0
852.609,103.861,126.39,2.202,3.827,0.451,3.8,0.332,1.02,0.273,0.325,0.0,-0.222,0,0.344,0.0,-0.231,1,0
852.709,103.598,126.67,2.234,3.852,0.426,3.828,0.312,0.842,-0.088,0.33,0.0,-0.206,0,0.308,0.0,-0.214,1,0
852.859,103.191,127.078,2.277,3.838,0.381,3.819,0.268,0.779,-0.183,0.361,0.0,-0.337,0,0.336,0.0,-0.199,1,0
852.959,102.905,127.329,2.313,3.791,0.571,3.748,0.423,2.089,-0.167,0.647,0.0,-0.323,0,1.0,0.0,-0.332,1,0
853.059,102.604,127.562,2.357,3.871,0.603,3.823,0.433,1.708,1.788,0.466,0.0,-0.375,0,0.616,0.0,-0.313,1,0
853.159,102.278,127.79,2.403,4.061,0.684,4.003,0.501,2.527,0.874,0.302,0.0,-0.355,0,0.34,0.0,-0.366,1,0
853.259,101.927,128.005,2.454,4.16,0.699,4.101,0.511,1.741,-0.175,0.323,0.0,-0.33,0,0.292,0.0,-0.343,1,0
853.359,101.563,128.207,2.504,4.159,0.657,4.107,0.478,2.718,-0.855,0.39,0.0,-0.35,0,0.361,0.0,-0.362,1,0
853.509,101.003,128.472,2.579,4.161,0.672,4.107,0.493,3.85,0.805,1.0,0.0,-0.385,0,1.0,0.0,-0.403,1,0
853.559,100.809,128.551,2.605,4.236,0.754,4.168,0.56,3.151,3.475,1.0,0.0,-0.365,0,1.0,0.0,-0.385,1,0
853.659,100.387,128.699,2.663,4.707,0.794,4.64,0.596,2.94,5.682,1.0,0.0,-0.324,0,1.0,0.0,-0.347,1,0
853.759,99.905,128.847,2.723,5.341,0.778,5.284,0.6,2.352,2.804,1.0,0.0,-0.277,0,1.0,0.0,-0.301,1,0
853.859,99.364,128.993,2.781,5.778,0.67,5.739,0.547,2.78,0.887,1.0,0.0,-0.244,0,1.0,0.0,-0.264,1,0
853.959,98.795,129.127,2.834,5.893,0.568,5.866,0.501,2.309,-0.128,1.0,0.0,-0.202,0,1.0,0.0,-0.223,0,0
854.059,98.215,129.244,2.881,6.12,0.502,6.099,0.454,3.037,13.741,1.0,0.0,-0.167,0,1.0,0.0,-0.182,2,0
854.159,97.537,129.359,2.926,7.396,0.482,7.38,0.44,2.869,11.377,1.0,0.0,-0.149,0,1.0,0.0,-0.167,2,0
854.209,97.156,129.416,2.947,7.9,0.446,7.887,0.422,2.463,8.899,1.0,0.0,-0.117,0,1.0,0.0,-0.131,2,0
854.359,95.878,129.574,3.004,8.953,0.298,8.948,0.336,1.947,3.638,1.0,0.0,-0.085,0,1.0,0.0,-0.1,2,0
854.409,95.43,129.62,3.019,9.099,0.239,9.096,0.3,1.4,-3.393,1.0,0.0,-0.061,0,1.0,0.0,-0.074,0,0
854.509,94.518,129.702,3.045,9.524,0.165,9.522,0.233,1.709,8.57,1.0,0.0,-0.043,0,1.0,0.0,-0.053,3,0
854.609,93.522,129.774,3.065,10.331,0.118,10.33,0.178,1.31,6.801,1.0,0.0,-0.029,0,1.0,0.0,-0.037,3,0
854.709,92.453,129.839,3.08,10.989,0.075,10.989,0.131,1.015,6.0,1.0,0.0,-0.019,0,1.0,0.0,-0.025,3,0
854.809,91.323,129.897,3.091,11.579,0.042,11.579,0.093,0.781,5.643,1.0,0.0,-0.012,0,1.0,0.0,-0.016,3,0
854.909,90.136,129.949,3.099,12.139,0.02,12.139,0.064,0.597,5.488,1.0,0.0,-0.008,0,1.0,0.0,-0.01,3,0
855.009,88.893,129.998,3.104,12.686,0.007,12.686,0.044,0.441,1.114,1.0,0.0,-0.007,0,1.0,0.0,-0.007,3,0
855.109,87.624,130.043,3.108,12.667,0.005,12.667,0.034,0.375,4.818,1.0,0.0,-0.006,0,1.0,0.0,-0.006,0,0
855.159,86.985,130.063,3.11,12.908,0.003,12.908,0.03,0.313,5.874,1.0,0.0,-0.004,0,1.0,0.0,-0.004,4,0
855.309,84.982,130.124,3.113,13.728,0.002,13.728,0.022,0.322,5.103,1.0,0.0,-0.004,0,1.0,0.0,-0.005,4,0
855.409,83.582,130.162,3.115,14.21,0.002,14.21,0.019,0.283,4.749,1.0,0.0,-0.004,0,1.0,0.0,-0.004,4,0
855.459,82.865,130.181,3.116,14.442,0.002,14.442,0.02,0.251,4.593,1.0,0.0,-0.004,0,1.0,0.0,-0.004,4,0
855.559,81.396,130.217,3.118,14.899,0.0,14.899,0.019,0.281,4.525,1.0,0.0,-0.004,0,1.0,0.0,-0.004,4,0
855.659,79.882,130.251,3.12,15.351,-0.001,15.351,0.02,0.293,4.497,1.0,0.0,-0.004,0,1.0,0.0,-0.004,4,0
855.759,78.322,130.283,3.122,15.8,-0.003,15.8,0.02,0.264,4.487,1.0,0.0,-0.003,0,1.0,0.0,-0.003,4,0
855.859,76.72,130.313,3.124,16.15,-0.006,16.15,0.018,0.266,2.497,0.884,0.0,-0.003,0,1.0,0.0,-0.003,4,0
855.909,75.914,130.328,3.125,16.129,-0.007,16.129,0.017,0.254,1.428,1.0,0.0,-0.003,0,0.976,0.0,-0.003,0,0
856.009,74.289,130.354,3.126,16.448,-0.008,16.448,0.015,0.207,4.507,0.528,0.0,-0.002,0,1.0,0.0,-0.002,5,0
856.109,72.62,130.38,3.128,16.871,-0.009,16.871,0.012,0.189,2.739,0.291,0.0,-0.001,0,0.401,0.0,-0.002,5,0
856.209,70.92,130.404,3.129,17.088,-0.008,17.088,0.009,0.164,0.762,0.291,0.0,-0.001,0,0.276,0.0,-0.001,5,0
856.309,69.208,130.426,3.129,17.138,-0.007,17.138,0.008,0.127,-0.044,0.31,0.0,-0.001,0,0.306,0.0,-0.001,5,0
856.409,67.495,130.447,3.13,17.126,-0.006,17.126,0.006,0.11,-0.307,0.292,0.0,-0.001,0,0.304,0.0,-0.001,5,0
856.509,65.785,130.466,3.131,17.091,-0.005,17.091,0.005,0.093,-0.458,0.27,0.0,-0.001,0,0.28,0.0,-0.001,5,0
856.609,64.078,130.485,3.131,17.042,-0.003,17.042,0.004,0.08,-0.575,0.262,0.0,-0.001,0,0.264,0.0,-0.001,5,0
856.709,62.378,130.503,3.132,16.983,-0.003,16.983,0.004,0.064,-0.641,0.262,0.0,-0.001,0,0.262,0.0,-0.001,5,0
856.759,61.53,130.512,3.132,16.951,-0.003,16.951,0.003,0.06,-0.652,0.27,0.0,-0.0,0,0.265,0.0,-0.001,5,0
856.859,59.838,130.528,3.132,16.886,-0.002,16.886,0.003,0.052,-0.639,0.285,0.0,-0.0,0,0.277,0.0,-0.0,5,0
856.959,58.153,130.544,3.132,16.823,-0.002,16.823,0.003,0.046,-0.587,0.303,0.0,-0.0,0,0.293,0.0,-0.0,5,0
857.059,56.474,130.56,3.133,16.766,-0.002,16.766,0.002,0.036,-0.512,0.322,0.0,-0.0,0,0.312,0.0,-0.0,5,0
857.159,54.801,130.575,3.133,16.717,-0.001,16.717,0.002,0.031,-0.423,0.342,0.0,-0.0,0,0.332,0.0,-0.0,5,0
857.259,53.131,130.59,3.133,16.677,-0.001,16.677,0.002,0.027,-0.328,0.36,0.0,-0.0,0,0.351,0.0,-0.0,5,0
857.359,51.465,130.604,3.133,16.646,-0.001,16.646,0.001,0.021,-0.236,0.376,0.0,-0.0,0,0.368,0.0,-0.0,5,0
857.459,49.802,130.619,3.133,16.625,-0.001,16.625,0.001,0.018,-0.151,0.389,0.0,-0.0,0,0.382,0.0,-0.0,5,0
857.559,48.14,130.633,3.133,16.612,-0.001,16.612,0.001,0.016,-0.078,0.399,0.0,-0.0,0,0.394,0.0,-0.0,5,0
857.709,45.649,130.653,3.133,16.605,-0.0,16.605,0.001,0.012,-0.018,0.406,0.0,-0.0,0,0.403,0.0,-0.0,5,0
857.759,44.819,130.66,3.133,16.605,-0.0,16.605,0.001,0.011,0.028,0.411,0.0,-0.0,0,0.409,0.0,-0.0,5,0
857.909,42.328,130.681,3.133,16.612,-0.0,16.612,0.001,0.01,0.06,0.413,0.0,-0.0,0,0.412,0.0,-0.0,5,0
858.009,40.666,130.694,3.134,16.619,-0.0,16.619,0.0,0.008,0.08,0.414,0.0,-0.0,0,0.414,0.0,-0.0,5,0
858.109,39.004,130.707,3.134,16.628,-0.0,16.628,0.0,0.007,0.089,0.413,0.0,-0.0,0,0.414,0.0,-0.0,5,0
858.209,37.341,130.721,3.134,16.637,-0.0,16.637,0.0,0.005,0.088,0.41,0.0,-0.0,0,0.411,0.0,-0.0,5,0
858.309,35.677,130.734,3.134,16.646,-0.0,16.646,0.0,0.005,0.085,0.409,0.0,-0.0,0,0.41,0.0,-0.0,5,0
858.409,34.012,130.747,3.134,16.654,-0.0,16.654,0.0,0.004,0.069,0.405,0.0,-0.0,0,0.406,0.0,-0.0,5,0
858.509,32.346,130.761,3.134,16.66,-0.0,16.66,0.0,0.003,0.056,0.402,0.0,-0.0,0,0.404,0.0,-0.0,5,0
858.609,30.68,130.774,3.134,16.665,-0.0,16.665,0.0,0.003,0.043,0.4,0.0,-0.0,0,0.401,0.0,-0.0,5,0
858.709,29.013,130.787,3.134,16.669,-0.0,16.669,0.0,0.002,0.031,0.398,0.0,-0.0,0,0.399,0.0,-0.0,5,0
858.809,27.346,130.8,3.134,16.672,-0.0,16.672,0.0,0.002,0.019,0.396,0.0,-0.0,0,0.397,0.0,-0.0,5,0
858.909,25.679,130.813,3.134,16.674,-0.0,16.674,0.0,0.002,0.01,0.395,0.0,-0.0,0,0.396,0.0,-0.0,5,0
859.009,24.011,130.826,3.134,16.675,-0.0,16.675,0.0,0.002,0.002,0.394,0.0,-0.0,0,0.395,0.0,-0.0,5,0
859.109,22.344,130.84,3.134,16.675,-0.0,16.675,0.0,0.001,-0.004,0.394,0.0,-0.0,0,0.394,0.0,-0.0,5,0
859.209,20.676,130.853,3.134,16.674,-0.0,16.674,0.0,0.001,-0.008,0.393,0.0,-0.0,0,0.393,0.0,-0.0,5,0
859.359,18.176,130.872,3.134,16.673,-0.0,16.673,0.0,0.001,-0.01,0.393,0.0,-0.0,0,0.393,0.0,-0.0,5,0
859.459,16.508,130.885,3.134,16.672,-0.0,16.672,0.0,0.001,-0.012,0.393,0.0,-0.0,0,0.393,0.0,-0.0,5,0
859.559,14.841,130.898,3.134,16.67,-0.0,16.67,0.0,0.001,-0.011,0.394,0.0,-0.0,0,0.394,0.0,-0.0,5,0
859.659,13.174,130.911,3.134,16.669,0.0,16.669,0.0,0.001,-0.01,0.394,0.0,-0.0,0,0.394,0.0,-0.0,5,0
859.759,11.508,130.925,3.134,16.668,-0.0,16.668,0.0,0.001,-0.009,0.394,0.0,-0.0,0,0.394,0.0,-0.0,5,0
859.859,9.841,130.938,3.134,16.667,-0.0,16.667,0.0,0.001,-0.007,0.395,0.0,-0.0,0,0.395,0.0,-0.0,5,0
860.009,7.341,130.957,3.134,16.667,-0.0,16.667,0.0,0.0,-0.006,0.395,0.0,-0.0,0,0.395,0.0,-0.0,5,0
860.109,5.674,130.97,3.134,16.666,0.0,16.666,0.001,0.027,-0.003,0.395,0.0,-0.001,0,0.395,0.0,-0.0,5,0
860.209,4.008,130.983,3.134,16.666,0.001,16.666,0.002,0.054,-0.002,0.396,0.0,-0.001,0,0.396,0.0,-0.001,5,0
860.309,2.341,130.995,3.134,16.666,0.001,16.666,0.004,0.07,-0.001,0.396,0.0,-0.001,0,0.396,0.0,-0.001,5,0
860.409,0.675,131.007,3.135,16.666,0.0,16.666,0.006,0.104,0.0,0.396,0.0,-0.002,0,0.396,0.0,-0.002,5,0
860.509,-0.992,131.018,3.136,16.666,-0.0,16.666,0.008,0.11,0.001,0.396,0.0,-0.002,0,0.396,0.0,-0.002,5,0
860.659,-3.491,131.031,3.137,16.656,-0.002,16.656,0.008,0.127,-0.805,0.0,0.0,-0.001,0,0.0,0.0,-0.002,5,0
860.759,-5.152,131.039,3.138,16.555,-0.003,16.555,0.008,0.112,-0.959,0.0,0.0,-0.001,0,0.0,0.0,-0.001,5,0
860.859,-6.803,131.046,3.138,16.494,-0.004,16.494,0.007,0.106,-0.093,0.0,0.0,-0.001,0,0.0,0.0,-0.001,0,0
860.959,-8.444,131.051,3.139,16.246,-0.004,16.246,0.005,0.082,-3.832,0.0,0.0,-0.001,0,0.0,0.0,-0.001,4,0
861.059,-10.047,131.056,3.139,15.885,-0.004,15.885,0.004,0.063,-3.105,0.0,0.0,-0.0,0,0.0,0.0,-0.0,4,0
861.209,-12.393,131.061,3.14,15.443,-0.002,15.443,0.003,0.053,-2.802,0.0,0.0,-0.0,0,0.0,0.0,-0.0,4,0
861.309,-13.923,131.064,3.14,15.175,-0.001,15.175,0.002,0.037,-2.616,0.0,0.0,-0.0,0,0.0,0.0,-0.0,4,0
861.409,-15.426,131.066,3.14,14.915,-0.001,14.915,0.002,0.029,-2.551,0.0,0.0,-0.0,0,0.0,0.0,-0.0,4,0
861.509,-16.903,131.068,3.14,14.661,-0.0,14.661,0.001,0.024,-2.5,0.0,0.0,-0.0,0,0.0,0.0,-0.0,4,0
861.659,-19.073,131.071,3.141,14.289,-0.0,14.289,0.001,0.021,-2.434,0.0,0.0,-0.0,0,0.0,0.0,-0.0,4,0
861.759,-20.488,131.072,3.141,14.047,-0.0,14.047,0.001,0.018,-2.393,0.0,0.0,-0.0,0,0.0,0.0,-0.0,4,0
861.859,-21.88,131.073,3.141,13.809,-0.0,13.809,0.001,0.016,-2.353,0.0,0.0,-0.0,0,0.0,0.0,-0.0,4,0
862.009,-23.923,131.075,3.141,13.459,0.0,13.459,0.001,0.013,-2.313,0.0,0.0,-0.0,0,0.0,0.0,-0.0,4,0
862.109,-25.259,131.076,3.141,13.311,0.0,13.311,0.001,0.012,0.726,0.0,0.0,-0.0,0,0.0,0.0,-0.0,0,0
862.209,-26.588,131.077,3.141,13.127,0.0,13.127,0.001,0.01,-4.924,0.0,0.0,-0.0,0,0.0,0.0,-0.0,3,0
862.309,-27.874,131.077,3.141,12.663,0.0,12.663,0.001,0.008,-3.823,0.0,0.0,-0.0,0,0.0,0.0,-0.0,3,0
862.409,-29.119,131.078,3.141,12.291,0.0,12.291,0.001,0.007,-3.177,0.0,0.0,-0.0,0,0.0,0.0,-0.0,3,0
862.559,-30.924,131.078,3.141,11.819,0.0,11.819,0.0,0.004,-3.165,0.0,0.0,-0.0,0,0.0,0.0,-0.0,3,0
862.659,-32.089,131.079,3.141,11.518,0.0,11.518,0.0,0.004,-3.072,0.0,0.0,-0.0,0,0.0,0.0,-0.0,3,0
862.809,-33.781,131.079,3.141,11.077,0.0,11.077,0.0,0.004,-2.998,0.0,0.0,-0.0,0,0.0,0.0,-0.0,3,0
862.909,-34.874,131.079,3.141,10.795,0.0,10.795,0.0,0.003,-2.635,0.0,0.0,-0.0,0,0.0,0.0,-0.0,3,0
863.009,-35.94,131.079,3.141,10.582,0.0,10.582,0.0,0.003,-0.037,0.0,0.0,-0.0,0,0.0,0.0,-0.0,0,0
863.159,-37.504,131.079,3.141,9.988,0.0,9.988,0.0,0.002,-7.466,0.0,0.0,-0.0,0,0.0,0.0,-0.0,2,0
863.259,-38.463,131.08,3.141,9.327,0.0,9.327,0.0,0.001,-5.656,0.0,0.0,-0.0,0,0.0,0.0,-0.0,2,0
863.359,-39.366,131.08,3.141,8.81,0.0,8.81,0.0,0.001,-4.89,0.0,0.0,-0.0,0,0.0,0.0,-0.0,2,0
863.459,-40.221,131.08,3.142,8.356,0.0,8.356,0.0,0.001,-4.488,0.0,0.0,-0.0,0,0.0,0.0,-0.0,2,0
863.559,-41.033,131.08,3.142,7.935,0.0,7.935,0.0,0.001,-4.231,0.0,0.0,-0.0,0,0.0,0.0,-0.0,2,0
863.709,-42.175,131.08,3.142,7.336,0.0,7.336,0.0,-0.001,-3.837,0.0,1.0,0.0,0,0.0,1.0,0.0,2,0
863.809,-42.888,131.08,3.142,6.981,0.0,6.981,0.0,-0.0,-3.982,0.0,1.0,0.0,0,0.0,1.0,0.0,0,0
863.909,-43.549,131.08,3.142,5.861,-0.0,5.861,0.0,-0.0,-26.297,0.0,1.0,0.0,0,0.0,1.0,0.0,1,0
864.059,-44.106,131.08,3.142,1.914,-0.0,1.914,0.0,0.0,-25.838,0.0,1.0,0.0,0,0.0,1.0,0.0,1,0
864.159,-44.167,131.08,3.142,0.003,0.0,-0.003,0.0,-0.001,-0.156,0.0,1.0,0.0,0,0.0,1.0,0.0,1,1
864.259,-44.169,131.08,3.142,0.012,-0.0,-0.012,-0.0,0.0,0.026,0.0,1.0,0.0,0,0.0,1.0,0.0,1,1
864.359,-44.171,131.08,3.142,0.008,-0.0,-0.008,-0.0,0.0,0.037,0.0,1.0,0.0,0,0.0,1.0,0.0,1,1
864.509,-44.172,131.08,3.142,0.004,-0.0,-0.004,-0.0,0.0,0.025,0.0,1.0,0.0,0,0.0,1.0,0.0,1,1
864.609,-44.173,131.08,3.142,0.002,-0.0,-0.002,-0.0,0.0,0.011,0.0,1.0,0.0,0,0.0,1.0,0.0,1,1
864.709,-44.173,131.08,3.142,0.001,-0.0,-0.001,-0.0,0.0,0.006,0.0,1.0,0.0,0,0.0,1.0,0.0,1,1
864.809,-44.173,131.08,3.142,0.001,-0.0,-0.001,-0.0,0.0,0.003,0.0,1.0,0.0,0,0.0,1.0,0.0,1,1
864.959,-44.173,131.08,3.142,0.0,-0.0,-0.0,-0.0,0.0,0.002,0.0,1.0,0.0,0,0.0,1.0,0.0,1,1
865.059,-44.173,131.08,3.142,0.0,-0.0,0.0,-0.0,0.0,-0.0,0.0,1.0,0.0,0,0.0,1.0,0.0,1,1
866.159,-44.173,131.08,3.142,0.0,-0.0,0.0,-0.0,0.0,-0.0,0.0,1.0,0.0,0,0.0,1.0,0.0,1,1
867.159,-44.173,131.08,3.142,0.0,-0.0,0.0,-0.0,0.0,-0.0,0.0,1.0,0.0,0,0.0,1.0,0.0,1,1
867.909,-44.173,131.08,3.142,0.0,-0.0,0.0,-0.0,-0.0,-0.002,1.0,0.0,-0.0,0,1.0,0.0,0.001,1,1
868.009,-44.173,131.08,3.142,0.0,-0.0,-0.0,-0.0,-0.0,-0.286,1.0,0.0,-0.0,0,1.0,0.0,-0.0,1,1
868.159,-44.18,131.08,3.142,0.094,0.0,0.094,0.001,0.011,3.374,1.0,0.0,0.0,0,1.0,0.0,-0.0,1,1
868.259,-44.207,131.08,3.142,0.412,-0.001,0.412,0.019,0.022,3.549,1.0,0.0,-0.0,0,1.0,0.0,-0.0,1,0
868.359,-44.271,131.08,3.141,0.847,0.0,0.847,0.002,-0.016,5.426,1.0,0.0,-0.0,0,1.0,0.0,-0.0,1,0
868.459,-44.385,131.08,3.141,1.363,-0.0,1.363,-0.018,-0.005,7.119,1.0,0.0,-0.001,0,1.0,0.0,-0.0,1,0
868.559,-44.56,131.08,3.141,2.088,0.0,2.088,-0.005,0.01,6.618,1.0,0.0,-0.001,0,1.0,0.0,-0.001,1,0
868.709,-44.954,131.08,3.141,3.143,0.001,3.143,0.001,0.007,8.159,0.666,0.0,-0.001,0,1.0,0.0,-0.001,1,0
868.809,-45.313,131.08,3.141,3.908,0.001,3.908,0.001,0.004,5.094,0.181,0.0,-0.001,0,0.352,0.0,-0.001,1,0
868.959,-45.944,131.08,3.141,4.313,0.001,4.313,0.001,0.003,0.495,0.286,0.0,-0.001,0,0.166,0.0,-0.001,1,0
869.059,-46.372,131.081,3.141,4.277,0.001,4.277,0.001,0.001,0.256,0.476,0.0,-0.0,0,0.498,0.0,-0.0,1,0
869.159,-46.801,131.081,3.141,4.324,0.001,4.324,0.001,0.002,0.629,0.294,0.0,-0.0,0,0.387,0.0,-0.0,1,0
869.309,-47.454,131.081,3.141,4.351,0.001,4.351,0.001,0.002,-0.341,0.237,0.0,-0.0,0,0.244,0.0,-0.0,1,0
869.409,-47.884,131.081,3.141,4.269,0.001,4.269,0.0,0.001,-0.805,0.337,0.0,-0.0,0,0.308,0.0,-0.0,1,0
869.509,-48.306,131.081,3.141,4.194,0.001,4.194,0.0,-0.0,-0.463,0.328,0.0,-0.0,0,0.334,0.0,-0.0,1,0
869.659,-48.93,131.081,3.142,4.129,0.0,4.129,0.0,0.001,-0.502,0.307,0.0,-0.0,0,0.307,0.0,-0.0,1,0
869.759,-49.34,131.081,3.142,4.08,0.0,4.08,0.0,-0.0,-0.526,0.322,0.0,-0.0,0,0.318,0.0,-0.0,1,0
869.909,-49.947,131.081,-3.142,4.013,0.0,4.013,0.0,0.001,-0.262,0.343,0.0,-0.0,0,0.335,0.0,-0.0,1,0
870.009,-50.346,131.081,-3.142,3.987,0.0,3.987,0.0,-0.0,-0.173,0.342,0.0,-0.0,0,0.335,0.0,-0.0,1,0
870.159,-50.942,131.081,-3.142,3.96,0.0,3.96,0.0,0.0,-0.137,0.346,0.0,-0.0,0,0.336,0.0,-0.0,1,0
870.259,-51.337,131.081,-3.142,3.946,0.0,3.946,0.0,-0.001,-0.134,0.346,0.0,-0.0,0,0.352,0.0,-0.0,1,0
870.359,-51.732,131.081,-3.142,3.938,0.0,3.938,0.0,0.0,-0.087,0.347,0.0,-0.0,0,0.354,0.0,-0.0,1,0
870.509,-52.321,131.081,-3.141,3.93,0.0,3.93,0.0,-0.001,0.01,0.356,0.0,-0.0,0,0.348,0.0,-0.0,1,0
870.609,-52.714,131.08,-3.141,3.928,0.0,3.928,0.0,-0.0,0.022,0.357,0.0,-0.0,0,0.349,0.0,-0.0,1,0
870.759,-53.304,131.08,-3.141,3.929,0.0,3.929,0.0,-0.001,-0.029,0.35,0.0,-0.0,0,0.357,0.0,-0.0,1,0
870.859,-53.696,131.08,-3.141,3.929,0.0,3.929,0.0,0.0,-0.024,0.35,0.0,-0.0,0,0.357,0.0,-0.0,1,0
871.009,-54.286,131.08,-3.141,3.929,0.0,3.929,0.0,0.0,-0.024,0.35,0.0,-0.0,0,0.357,0.0,-0.0,1,0
871.109,-54.679,131.08,-3.141,3.93,0.0,3.93,-0.0,0.0,0.042,0.357,0.0,-0.0,0,0.35,0.0,-0.0,1,0
871.209,-55.072,131.08,-3.141,3.931,0.0,3.931,0.0,0.0,0.041,0.357,0.0,0.0,0,0.35,0.0,-0.0,1,0
871.359,-55.662,131.08,-3.141,3.934,-0.0,3.934,-0.0,0.0,-0.027,0.357,0.0,-0.0,0,0.357,0.0,-0.0,1,0
871.459,-56.055,131.08,-3.141,3.934,0.0,3.934,0.0,0.0,-0.028,0.349,0.0,0.0,0,0.357,0.0,-0.0,1,0
871.559,-56.448,131.08,-3.141,3.935,-0.0,3.935,-0.0,-0.0,-0.029,0.349,0.0,0.0,0,0.357,0.0,0.0,1,0
871.659,-56.842,131.08,-3.141,3.935,-0.0,3.935,-0.0,0.0,-0.03,0.349,0.0,-0.0,0,0.356,0.0,-0.0,1,0
871.809,-57.432,131.08,-3.141,3.934,-0.0,3.934,-0.0,-0.0,0.035,0.356,0.0,0.0,0,0.349,0.0,0.0,1,0
871.909,-57.825,131.08,-3.141,3.934,-0.0,3.934,-0.0,0.0,0.034,0.356,0.0,-0.0,0,0.349,0.0,-0.0,1,0
872.059,-58.416,131.08,-3.141,3.936,0.0,3.936,0.0,0.0,0.034,0.356,0.0,0.0,0,0.349,0.0,-0.0,1,0
872.159,-58.809,131.08,-3.141,3.936,-0.0,3.936,-0.0,0.0,-0.033,0.349,0.0,-0.0,0,0.356,0.0,0.0,1,0
872.309,-59.399,131.08,-3.141,3.934,0.0,3.934,0.0,0.0,-0.033,0.349,0.0,0.0,0,0.356,0.0,-0.0,1,0
872.409,-59.793,131.08,-3.141,3.934,-0.0,3.934,-0.0,0.0,0.033,0.356,0.0,-0.0,0,0.349,0.0,0.0,1,0
872.509,-60.186,131.08,-3.141,3.934,-0.0,3.934,0.0,0.0,0.033,0.356,0.0,0.0,0,0.349,0.0,-0.0,1,0
872.659,-60.777,131.08,-3.141,3.936,-0.0,3.936,-0.0,0.0,-0.033,0.349,0.0,-0.0,0,0.356,0.0,0.0,1,0
872.759,-61.17,131.08,-3.141,3.936,-0.0,3.936,0.0,0.0,-0.033,0.349,0.0,0.0,0,0.356,0.0,-0.0,1,0
872.909,-61.76,131.08,-3.141,3.934,-0.0,3.934,-0.0,-0.0,-0.033,0.349,0.0,0.0,0,0.356,0.0,0.0,1,0
873.009,-62.154,131.08,-3.141,3.934,-0.0,3.934,0.0,0.0,0.033,0.356,0.0,0.0,0,0.349,0.0,-0.0,1,0
873.159,-62.744,131.08,-3.141,3.936,-0.0,3.936,-0.0,-0.0,0.033,0.356,0.0,0.0,0,0.349,0.0,0.0,1,0
873.259,-63.137,131.08,-3.141,3.936,-0.0,3.936,0.0,0.0,-0.033,0.349,0.0,0.0,0,0.356,0.0,-0.0,1,0
873.359,-63.531,131.08,-3.141,3.936,-0.0,3.936,-0.0,-0.0,-0.033,0.349,0.0,0.0,0,0.356,0.0,0.0,1,0
873.509,-64.121,131.08,-3.141,3.934,-0.0,3.934,0.0,0.0,0.033,0.356,0.0,0.0,0,0.349,0.0,-0.0,1,0
873.609,-64.515,131.08,-3.141,3.934,-0.0,3.934,-0.0,-0.0,0.033,0.356,0.0,0.0,0,0.349,0.0,0.0,1,0
873.759,-65.105,131.08,-3.141,3.936,-0.0,3.936,0.0,0.0,0.033,0.356,0.0,-0.0,0,0.349,0.0,-0.0,1,0
873.859,-65.498,131.08,-3.141,3.936,-0.0,3.936,-0.0,-0.0,-0.033,0.349,0.0,0.0,0,0.356,0.0,0.0,1,0
873.959,-65.892,131.08,-3.141,3.936,-0.0,3.936,-0.0,0.0,-0.033,0.349,0.0,-0.0,0,0.356,0.0,-0.0,1,0
874.109,-66.482,131.08,-3.141,3.934,-0.0,3.934,-0.0,-0.001,-0.033,0.349,0.0,0.0,0,0.356,0.0,0.0,1,0
874.209,-66.875,131.08,-3.141,3.934,-0.0,3.934,-0.0,0.0,0.033,0.356,0.0,-0.0,0,0.349,0.0,-0.0,1,0
874.309,-67.269,131.08,-3.141,3.934,0.0,3.934,0.0,-0.001,0.033,0.356,0.0,0.0,0,0.349,0.0,0.0,1,0
874.459,-67.859,131.08,-3.141,3.936,-0.0,3.936,-0.0,0.0,-0.033,0.349,0.0,-0.0,0,0.356,0.0,-0.0,1,0
874.559,-68.253,131.08,-3.141,3.936,0.0,3.936,0.0,-0.001,-0.033,0.349,0.0,0.0,0,0.356,0.0,0.0,1,0
874.709,-68.843,131.08,-3.141,3.934,-0.0,3.934,-0.0,0.0,0.033,0.356,0.0,-0.0,0,0.349,0.0,-0.0,1,0
874.809,-69.236,131.08,-3.141,3.934,0.0,3.934,0.0,-0.001,0.033,0.356,0.0,0.0,0,0.349,0.0,0.0,1,0
874.959,-69.826,131.08,-3.141,3.936,-0.0,3.936,-0.0,0.0,0.033,0.356,0.0,-0.0,0,0.349,0.0,0.0,1,0
875.059,-70.22,131.08,-3.141,3.936,0.0,3.936,0.0,0.0,-0.033,0.349,0.0,0.0,0,0.356,0.0,-0.0,1,0
875.159,-70.613,131.08,-3.141,3.936,-0.0,3.936,-0.0,-0.0,-0.033,0.349,0.0,-0.0,0,0.356,0.0,0.0,1,0
875.309,-71.204,131.08,-3.141,3.934,0.0,3.934,0.0,0.0,-0.033,0.349,0.0,-0.0,0,0.356,0.0,-0.0,1,0
875.409,-71.597,131.08,-3.141,3.934,-0.0,3.934,-0.0,-0.0,0.033,0.356,0.0,0.0,0,0.349,0.0,0.0,1,0
875.559,-72.187,131.08,-3.141,3.936,-0.0,3.936,0.0,0.0,-0.033,0.349,0.0,-0.0,0,0.356,0.0,-0.0,1,0
875.659,-72.581,131.08,-3.141,3.936,0.0,3.936,0.0,-0.001,-0.033,0.349,0.0,0.0,0,0.356,0.0,0.0,1,0
875.809,-73.171,131.08,-3.141,3.934,-0.0,3.934,-0.0,0.0,0.033,0.356,0.0,-0.0,0,0.349,0.0,-0.0,1,0
875.909,-73.564,131.08,-3.141,3.934,0.0,3.934,0.0,-0.001,0.033,0.356,0.0,0.0,0,0.349,0.0,0.0,1,0
876.009,-73.958,131.08,-3.141,3.934,-0.0,3.934,-0.0,0.0,0.033,0.356,0.0,-0.0,0,0.349,0.0,-0.0,1,0
876.159,-74.548,131.08,-3.141,3.936,0.0,3.936,0.0,0.0,0.033,0.356,0.0,0.0,0,0.349,0.0,-0.0,1,0
876.259,-74.942,131.08,-3.141,3.936,-0.0,3.936,-0.0,0.0,-0.033,0.349,0.0,-0.0,0,0.356,0.0,0.0,1,0
876.359,-75.335,131.08,-3.141,3.936,0.0,3.936,0.0,0.0,-0.033,0.349,0.0,-0.062,0,0.356,0.0,-0.0,1,0
876.509,-75.925,131.071,-3.135,3.93,0.111,3.928,0.087,0.582,0.03,0.362,0.0,-0.062,0,0.358,0.0,-0.064,1,0
876.609,-76.318,131.055,-3.126,3.933,0.123,3.931,0.09,0.309,0.067,0.354,0.0,-0.057,0,0.351,0.0,-0.06,1,0
876.759,-76.907,131.026,-3.114,3.938,0.111,3.936,0.08,0.187,-0.052,0.348,0.0,-0.05,0,0.353,0.0,-0.052,1,0
876.859,-77.3,131.004,-3.106,3.936,0.102,3.935,0.073,0.175,-0.049,0.35,0.0,-0.214,0,0.357,0.0,-0.048,1,0
877.009,-77.886,130.949,-3.084,3.903,0.349,3.888,0.272,2.051,-0.189,0.415,0.0,-0.214,0,0.385,0.0,-0.22,1,0
877.109,-78.271,130.884,-3.055,3.916,0.403,3.895,0.296,1.116,0.269,0.352,0.0,-0.198,0,0.379,0.0,-0.206,1,0
877.259,-78.85,130.765,-3.012,3.954,0.376,3.937,0.271,0.67,-0.152,0.331,0.0,-0.175,0,0.326,0.0,-0.182,1,0
877.359,-79.234,130.676,-2.987,3.945,0.346,3.93,0.249,0.614,-0.204,0.357,0.0,-0.161,0,0.352,0.0,-0.168,1,0
877.459,-79.616,130.58,-2.963,3.936,0.319,3.923,0.23,3.326,-0.781,0.356,0.0,-0.41,0,0.367,0.0,-0.408,1,0
877.609,-80.165,130.387,-2.903,3.856,0.699,3.792,0.526,2.682,-0.065,0.455,0.0,-0.39,0,0.487,0.0,-0.403,1,0
877.709,-80.515,130.22,-2.85,3.92,0.729,3.851,0.529,1.81,0.461,0.309,0.0,-0.36,0,0.369,0.0,-0.375,1,0
877.809,-80.864,130.035,-2.799,3.98,0.694,3.919,0.499,1.45,-0.231,0.297,0.0,-0.333,0,0.277,0.0,-0.346,1,0
877.959,-81.375,129.732,-2.728,3.954,0.618,3.906,0.448,1.16,-0.445,0.369,0.0,-0.526,0,0.364,0.0,-0.309,1,0
878.059,-81.702,129.514,-2.683,3.908,0.698,3.845,0.52,5.087,-2.209,0.444,0.0,-0.516,0,0.377,0.0,-0.522,1,0
878.209,-82.134,129.132,-2.587,3.883,0.918,3.773,0.67,2.761,-0.046,0.443,0.0,-0.487,0,0.527,0.0,-0.504,1,0
878.309,-82.405,128.848,-2.521,3.978,0.893,3.877,0.644,1.984,-0.073,0.264,0.0,-0.435,0,0.276,0.0,-0.452,1,0
878.409,-82.665,128.546,-2.459,3.992,0.834,3.904,0.601,1.721,-0.722,0.334,0.0,-0.495,0,0.285,0.0,-0.42,1,0
878.559,-83.015,128.072,-2.366,3.905,0.883,3.804,0.651,2.175,-0.489,1.0,0.0,-0.455,0,0.464,0.0,-0.47,1,0
878.659,-83.219,127.739,-2.303,3.952,0.862,3.857,0.626,4.378,0.87,1.0,0.0,-0.51,0,1.0,0.0,-0.526,1,0
878.759,-83.405,127.376,-2.233,4.268,1.001,4.149,0.74,4.467,4.498,1.0,0.0,-0.491,0,1.0,0.0,-0.513,1,0
878.909,-83.671,126.719,-2.114,5.188,1.08,5.075,0.826,3.916,5.748,0.613,0.0,-0.416,0,0.899,0.0,-0.442,1,0
879.009,-83.842,126.199,-2.032,5.609,1.018,5.516,0.824,1.793,-0.631,1.0,0.0,-0.375,0,0.393,0.0,-0.401,1,0
879.109,-83.989,125.662,-1.955,5.58,0.862,5.513,0.768,2.475,0.083,1.0,0.0,-0.335,0,1.0,0.0,-0.365,1,0
879.209,-84.107,125.115,-1.884,5.682,0.78,5.629,0.691,2.235,2.071,1.0,0.0,-0.277,0,1.0,0.0,-0.305,1,0
879.309,-84.202,124.55,-1.821,5.697,0.638,5.661,0.6,2.953,7.015,1.0,0.0,-0.227,0,1.0,0.0,-0.251,0,0
879.359,-84.243,124.26,-1.794,6.063,0.621,6.031,0.559,3.558,13.039,1.0,0.0,-0.204,0,1.0,0.0,-0.227,2,0
879.459,-84.317,123.585,-1.74,7.304,0.588,7.28,0.53,3.287,11.194,1.0,0.0,-0.182,0,1.0,0.0,-0.204,2,0
879.509,-84.349,123.205,-1.715,7.803,0.543,7.784,0.506,2.895,8.776,1.0,0.0,-0.138,0,1.0,0.0,-0.16,2,0
879.559,-84.378,122.803,-1.69,8.252,0.488,8.238,0.477,2.673,8.13,1.0,0.0,-0.118,0,1.0,0.0,-0.138,2,0
879.609,-84.403,122.378,-1.668,8.666,0.427,8.656,0.439,2.491,7.683,1.0,0.0,-0.1,0,1.0,0.0,-0.118,2,0
879.659,-84.423,121.934,-1.647,9.057,0.365,9.049,0.4,1.499,-2.995,1.0,0.0,-0.081,0,1.0,0.0,-0.1,0,0
879.709,-84.439,121.485,-1.629,8.911,0.278,8.906,0.346,1.698,3.215,1.0,0.0,-0.066,0,1.0,0.0,-0.081,0,0
879.759,-84.45,121.036,-1.613,9.074,0.22,9.072,0.3,1.748,6.538,1.0,0.0,-0.052,0,1.0,0.0,-0.066,0,0
879.809,-84.458,120.577,-1.6,9.404,0.18,9.402,0.257,1.555,8.801,1.0,0.0,-0.04,0,1.0,0.0,-0.052,3,0
879.909,-84.463,119.589,-1.579,10.23,0.113,10.229,0.176,0.971,6.908,1.0,0.0,-0.021,0,1.0,0.0,-0.029,3,0
879.959,-84.461,119.067,-1.571,10.576,0.081,10.576,0.139,0.784,6.393,1.0,0.0,-0.013,0,1.0,0.0,-0.021,3,0
880.009,-84.457,118.528,-1.565,10.896,0.056,10.896,0.108,0.537,6.05,1.0,0.0,-0.008,0,1.0,0.0,-0.013,3,0
880.059,-84.451,117.974,-1.561,11.199,0.033,11.199,0.079,0.406,5.818,1.0,0.0,-0.003,0,1.0,0.0,-0.008,3,0
880.109,-84.444,117.406,-1.558,11.49,0.017,11.49,0.056,0.208,5.665,1.0,0.0,-0.0,0,1.0,0.0,-0.003,3,0
880.159,-84.436,116.823,-1.556,11.773,0.003,11.773,0.034,0.12,5.563,1.0,0.0,0.003,0,1.0,0.0,-0.0,3,0
880.209,-84.427,116.226,-1.555,12.051,-0.005,12.051,0.018,-0.033,5.496,1.0,0.0,0.004,0,1.0,0.0,0.003,3,0
880.259,-84.418,115.615,-1.554,12.326,-0.012,12.326,0.003,-0.082,5.453,1.0,0.0,0.006,0,1.0,0.0,0.004,3,0
880.309,-84.408,114.991,-1.554,12.598,-0.014,12.598,-0.007,-0.181,0.857,1.0,0.0,0.007,0,1.0,0.0,0.006,3,0
880.359,-84.399,114.358,-1.555,12.641,-0.015,12.641,-0.015,-0.259,1.302,1.0,0.0,0.007,0,1.0,0.0,0.007,0,0
880.409,-84.39,113.724,-1.556,12.707,-0.015,12.706,-0.022,-0.257,2.006,1.0,0.0,0.007,0,1.0,0.0,0.007,0,0
880.509,-84.374,112.44,-1.559,13.111,-0.012,13.111,-0.028,-0.304,5.497,1.0,0.0,0.006,0,1.0,0.0,0.006,4,0
880.559,-84.367,111.776,-1.56,13.386,-0.008,13.386,-0.028,-0.335,5.154,1.0,0.0,0.006,0,1.0,0.0,0.006,4,0
880.609,-84.361,111.099,-1.561,13.643,-0.006,13.643,-0.028,-0.346,4.924,1.0,0.0,0.005,0,1.0,0.0,0.006,4,0
880.659,-84.355,110.409,-1.563,13.89,-0.004,13.89,-0.028,-0.306,4.771,1.0,0.0,0.005,0,1.0,0.0,0.005,4,0
880.709,-84.35,109.707,-1.564,14.128,-0.001,14.128,-0.025,-0.315,4.669,1.0,0.0,0.004,0,1.0,0.0,0.005,4,0
880.759,-84.345,108.994,-1.565,14.362,0.001,14.362,-0.024,-0.311,4.602,1.0,0.0,0.003,0,1.0,0.0,0.004,4,0
880.809,-84.342,108.269,-1.566,14.592,0.002,14.592,-0.022,-0.267,4.558,1.0,0.0,0.003,0,1.0,0.0,0.003,4,0
880.859,-84.339,107.532,-1.567,14.82,0.004,14.82,-0.02,-0.265,4.529,1.0,0.0,0.003,0,1.0,0.0,0.003,4,0
880.909,-84.336,106.785,-1.568,15.046,0.005,15.046,-0.018,-0.256,4.51,1.0,0.0,0.003,0,1.0,0.0,0.003,4,0
881.009,-84.333,105.255,-1.57,15.497,0.005,15.497,-0.016,-0.209,4.491,1.0,0.0,0.002,0,1.0,0.0,0.002,4,0
881.059,-84.332,104.474,-1.571,15.721,0.006,15.721,-0.014,-0.205,4.487,1.0,0.0,0.002,0,1.0,0.0,0.002,4,0
881.109,-84.332,103.681,-1.571,15.945,0.007,15.945,-0.013,-0.197,4.49,0.943,0.0,0.002,0,1.0,0.0,0.002,4,0
881.159,-84.333,102.877,-1.572,16.17,0.006,16.17,-0.012,-0.19,-0.59,0.776,0.0,0.002,0,0.943,0.0,0.002,0,0
881.209,-84.333,102.07,-1.573,16.14,0.006,16.14,-0.011,-0.162,0.023,1.0,0.0,0.001,0,0.776,0.0,0.002,0,0
881.259,-84.335,101.263,-1.573,16.142,0.006,16.142,-0.01,-0.154,4.366,1.0,0.0,0.001,0,1.0,0.0,0.001,0,0
881.309,-84.336,100.451,-1.573,16.36,0.006,16.36,-0.009,-0.15,4.638,0.647,0.0,0.001,0,1.0,0.0,0.001,5,0
881.409,-84.341,98.789,-1.574,16.794,0.005,16.794,-0.008,-0.141,2.946,0.345,0.0,0.001,0,0.45,0.0,0.001,5,0
881.459,-84.344,97.945,-1.575,16.941,0.005,16.941,-0.008,-0.136,1.842,0.317,0.0,0.001,0,0.345,0.0,0.001,5,0
881.509,-84.347,97.095,-1.575,17.033,0.005,17.033,-0.008,-0.119,1.01,0.324,0.0,0.001,0,0.317,0.0,0.001,5,0
881.559,-84.351,96.242,-1.575,17.084,0.005,17.084,-0.007,-0.116,0.475,0.333,0.0,0.001,0,0.324,0.0,0.001,5,0
881.609,-84.355,95.387,-1.576,17.108,0.005,17.108,-0.006,-0.111,0.158,0.332,0.0,0.001,0,0.333,0.0,0.001,5,0
881.659,-84.359,94.532,-1.576,17.115,0.004,17.115,-0.006,-0.106,-0.032,0.323,0.0,0.001,0,0.332,0.0,0.001,5,0
881.759,-84.368,92.821,-1.577,17.106,0.004,17.106,-0.005,-0.1,-0.16,0.308,0.0,0.001,0,0.323,0.0,0.001,5,0
881.809,-84.373,91.966,-1.577,17.093,0.004,17.093,-0.005,-0.08,-0.354,0.281,0.0,0.001,0,0.293,0.0,0.001,5,0
881.859,-84.378,91.112,-1.577,17.075,0.004,17.075,-0.005,-0.076,-0.435,0.272,0.0,0.001,0,0.281,0.0,0.001,5,0
881.909,-84.383,90.259,-1.577,17.053,0.004,17.053,-0.004,-0.071,-0.504,0.267,0.0,0.001,0,0.272,0.0,0.001,5,0
881.959,-84.389,89.408,-1.578,17.028,0.003,17.028,-0.004,-0.066,-0.559,0.266,0.0,0.0,0,0.267,0.0,0.001,5,0
882.009,-84.395,88.557,-1.578,17.0,0.003,17.0,-0.003,-0.061,-0.598,0.267,0.0,0.0,0,0.266,0.0,0.0,5,0
882.109,-84.406,86.861,-1.578,16.939,0.002,16.939,-0.003,-0.052,-0.632,0.275,0.0,0.0,0,0.27,0.0,0.0,5,0
882.159,-84.412,86.015,-1.578,16.908,0.002,16.908,-0.003,-0.043,-0.629,0.282,0.0,0.0,0,0.275,0.0,0.0,5,0
882.209,-84.419,85.17,-1.578,16.876,0.002,16.876,-0.002,-0.04,-0.616,0.289,0.0,0.0,0,0.282,0.0,0.0,5,0
882.259,-84.425,84.327,-1.578,16.845,0.002,16.845,-0.002,-0.037,-0.594,0.298,0.0,0.0,0,0.289,0.0,0.0,5,0
882.309,-84.431,83.486,-1.579,16.816,0.002,16.816,-0.002,-0.034,-0.565,0.307,0.0,0.0,0,0.298,0.0,0.0,5,0
882.359,-84.438,82.646,-1.579,16.787,0.001,16.787,-0.002,-0.032,-0.531,0.316,0.0,0.0,0,0.307,0.0,0.0,5,0
882.459,-84.451,80.97,-1.579,16.736,0.001,16.736,-0.002,-0.027,-0.45,0.335,0.0,0.0,0,0.325,0.0,0.0,5,0
882.509,-84.457,80.134,-1.579,16.714,0.001,16.714,-0.001,-0.023,-0.405,0.344,0.0,0.0,0,0.335,0.0,0.0,5,0
882.559,-84.464,79.299,-1.579,16.693,0.001,16.693,-0.001,-0.021,-0.36,0.353,0.0,0.0,0,0.344,0.0,0.0,5,0
882.609,-84.471,78.465,-1.579,16.675,0.001,16.675,-0.001,-0.02,-0.314,0.361,0.0,0.0,0,0.353,0.0,0.0,5,0
882.659,-84.478,77.632,-1.579,16.66,0.001,16.66,-0.001,-0.018,-0.269,0.369,0.0,0.0,0,0.361,0.0,0.0,5,0
882.759,-84.491,75.967,-1.579,16.635,0.001,16.635,-0.001,-0.016,-0.183,0.383,0.0,0.0,0,0.377,0.0,0.0,5,0
882.809,-84.498,75.136,-1.579,16.626,0.001,16.626,-0.001,-0.013,-0.143,0.389,0.0,0.0,0,0.383,0.0,0.0,5,0
882.859,-84.505,74.305,-1.579,16.619,0.001,16.619,-0.001,-0.013,-0.107,0.056,0.0,0.0,0,0.389,0.0,0.0,5,0
882.909,-84.512,73.474,-1.579,16.613,0.0,16.613,-0.001,-0.012,-0.272,0.0,0.0,0.0,0,0.056,0.0,0.0,5,0
882.959,-84.519,72.644,-1.579,16.6,0.0,16.6,-0.001,-0.011,-0.821,0.0,0.0,0.0,0,0.0,0.0,0.0,5,0
883.059,-84.533,70.989,-1.579,16.498,0.0,16.498,-0.001,-0.009,-0.959,0.0,0.0,0.0,0,0.0,0.0,0.0,5,0
883.109,-84.54,70.166,-1.579,16.45,0.0,16.45,-0.0,-0.008,-0.259,0.0,0.0,0.0,0,0.0,0.0,0.0,0,0
883.209,-84.554,68.522,-1.579,16.433,0.0,16.433,-0.0,-0.008,-0.09,0.0,0.0,0.0,0,0.0,0.0,0.0,0,0
883.309,-84.568,66.905,-1.579,15.998,0.0,15.998,-0.0,-0.006,-3.379,0.0,0.0,0.0,0,0.0,0.0,0.0,4,0
883.409,-84.582,65.324,-1.579,15.674,0.0,15.674,-0.0,-0.005,-2.913,0.0,0.0,0.0,0,0.0,0.0,0.0,4,0
883.509,-84.595,63.773,-1.579,15.389,0.0,15.389,-0.0,-0.004,-2.71,0.0,0.0,0.0,0,0.0,0.0,0.0,4,0
883.609,-84.609,62.249,-1.58,15.121,0.0,15.121,-0.0,-0.003,-2.607,0.0,0.0,0.0,0,0.0,0.0,0.0,4,0
883.709,-84.622,60.751,-1.58,14.862,0.0,14.862,-0.0,-0.003,-2.542,0.0,0.0,0.0,0,0.0,0.0,0.0,4,0
883.809,-84.635,59.279,-1.58,14.609,0.0,14.609,-0.0,-0.002,-2.492,0.0,0.0,0.0,0,0.0,0.0,0.0,4,0
883.909,-84.647,57.832,-1.58,14.361,0.0,14.361,-0.0,-0.002,-2.447,0.0,0.0,0.0,0,0.0,0.0,0.0,4,0
884.009,-84.66,56.409,-1.58,14.118,-0.0,14.118,-0.0,-0.002,-2.405,0.0,0.0,0.0,0,0.0,0.0,0.0,4,0
884.109,-84.672,55.01,-1.58,13.878,-0.0,13.878,-0.0,-0.001,-2.364,0.0,0.0,0.0,0,0.0,0.0,0.0,4,0
884.259,-84.69,52.957,-1.58,13.527,-0.0,13.527,-0.0,-0.001,-2.325,0.0,0.0,0.0,0,0.0,0.0,0.0,4,0
884.359,-84.702,51.617,-1.58,13.344,-0.0,13.344,-0.0,-0.001,-0.787,0.0,0.0,0.0,0,0.0,0.0,0.0,0,0
884.459,-84.714,50.284,-1.58,13.345,-0.0,13.345,-0.0,-0.001,-6.432,0.0,0.0,0.0,0,0.0,0.0,0.0,3,0
884.559,-84.725,48.984,-1.58,12.79,-0.0,12.79,-0.0,-0.001,-4.15,0.0,0.0,0.0,0,0.0,0.0,0.0,3,0
884.709,-84.742,47.113,-1.58,12.222,-0.0,12.222,-0.0,-0.001,-3.102,0.0,0.0,0.0,0,0.0,0.0,0.0,3,0
884.809,-84.752,45.908,-1.58,11.904,-0.0,11.904,-0.0,-0.0,-2.935,0.0,0.0,0.0,0,0.0,0.0,0.0,3,0
884.909,-84.763,44.734,-1.58,11.6,-0.0,11.6,-0.0,-0.0,-2.831,0.0,0.0,0.0,0,0.0,0.0,0.0,3,0
885.009,-84.773,43.59,-1.58,11.305,-0.0,11.305,-0.0,-0.0,-2.752,0.0,0.0,0.0,0,0.0,0.0,0.0,3,0
885.109,-84.783,42.475,-1.58,11.019,-0.0,11.019,-0.0,-0.0,-2.684,0.0,0.0,0.0,0,0.0,0.0,0.0,3,0
885.209,-84.792,41.388,-1.58,10.738,-0.0,10.738,-0.0,-0.0,-2.623,0.0,0.0,0.0,0,0.0,0.0,0.0,3,0
885.309,-84.802,40.326,-1.58,10.581,-0.0,10.581,-0.0,-0.0,-0.067,0.0,0.0,0.0,0,0.0,0.0,0.0,0,0
885.459,-84.816,38.776,-1.58,9.837,-0.0,9.837,-0.0,-0.0,-8.096,0.0,0.0,0.0,0,0.0,0.0,0.0,2,0
885.559,-84.824,37.83,-1.58,9.215,-0.0,9.215,-0.0,-0.0,-5.452,0.0,0.0,0.0,0,0.0,0.0,0.0,2,0
885.659,-84.832,36.937,-1.58,8.715,-0.0,8.715,-0.0,-0.0,-4.79,0.0,0.0,0.0,0,0.0,0.0,0.0,2,0
885.759,-84.839,36.091,-1.58,8.268,-0.0,8.268,-0.0,-0.0,-4.428,0.0,0.0,0.0,0,0.0,0.0,0.0,2,0
885.909,-84.85,34.902,-1.58,7.644,-0.0,7.644,-0.0,-0.0,-3.689,0.0,0.0,0.0,0,0.0,0.0,0.0,2,0
886.009,-84.857,34.158,-1.58,7.259,-0.0,7.259,-0.0,0.0,-3.806,0.0,1.0,0.0,0,0.0,1.0,0.0,2,0
886.109,-84.863,33.451,-1.58,6.936,-0.0,6.936,0.0,0.0,-3.983,0.0,1.0,0.0,0,0.0,1.0,0.0,0,0
886.209,-84.869,32.796,-1.58,5.791,-0.0,5.791,0.0,-0.0,-26.323,0.0,1.0,0.0,0,0.0,1.0,0.0,1,0
886.359,-84.874,32.249,-1.58,1.845,-0.0,1.845,0.0,0.0,-25.794,0.0,1.0,0.0,0,0.0,1.0,0.0,1,0
886.459,-84.874,32.191,-1.58,0.003,0.0,-0.003,0.0,-0.001,-0.154,0.0,1.0,0.0,0,0.0,1.0,0.0,1,1
886.609,-84.874,32.188,-1.58,0.01,-0.0,-0.01,-0.0,0.0,0.026,0.0,1.0,0.0,0,0.0,1.0,0.0,1,1
886.709,-84.874,32.186,-1.58,0.006,-0.0,-0.006,-0.0,0.0,0.031,0.0,1.0,0.0,0,0.0,1.0,0.0,1,1
886.809,-84.874,32.185,-1.58,0.004,-0.0,-0.004,-0.0,0.0,0.019,0.0,1.0,0.0,0,0.0,1.0,0.0,1,1
886.909,-84.874,32.185,-1.58,0.002,-0.0,-0.002,-0.0,-0.0,0.011,0.0,1.0,0.0,0,0.0,1.0,0.0,1,1
887.059,-84.874,32.184,-1.58,0.001,-0.0,-0.001,-0.0,0.0,0.006,0.0,1.0,0.0,0,0.0,1.0,0.0,1,1
887.159,-84.874,32.184,-1.58,0.0,-0.0,-0.0,-0.0,0.0,0.002,0.0,1.0,0.0,0,0.0,1.0,0.0,1,1
887.259,-84.874,32.184,-1.58,0.0,-0.0,0.0,-0.0,0.0,0.0,0.0,1.0,0.0,0,0.0,1.0,0.0,1,1
888.359,-84.874,32.184,-1.58,0.0,-0.0,0.0,-0.0,0.0,0.0,0.0,1.0,0.0,0,0.0,1.0,0.0,1,1
889.409,-84.874,32.184,-1.58,0.0,-0.0,0.0,-0.0,0.0,0.0,0.0,1.0,0.0,0,0.0,1.0,0.0,1,1
890.359,-84.874,32.184,-1.58,0.0,-0.0,-0.0,-0.0,0.0,-0.0,1.0,0.0,-0.0,0,1.0,0.0,-0.0,1,1
890.459,-84.874,32.183,-1.58,0.014,0.0,-0.014,0.0,0.0,1.917,1.0,0.0,-0.0,0,1.0,0.0,-0.0,1,1
890.609,-84.874,32.171,-1.58,0.183,0.0,0.183,-0.009,0.014,3.938,1.0,0.0,0.0,0,1.0,0.0,-0.0,1,0
890.709,-84.875,32.129,-1.58,0.633,0.001,0.633,-0.002,-0.019,4.033,1.0,0.0,-0.0,0,1.0,0.0,-0.0,1,0
890.809,-84.875,32.041,-1.58,1.107,-0.001,1.107,-0.011,0.015,6.893,1.0,0.0,-0.0,0,1.0,0.0,-0.0,1,0
890.909,-84.877,31.893,-1.58,1.717,-0.0,1.717,0.008,-0.007,6.653,1.0,0.0,-0.0,0,1.0,0.0,-0.0,1,0
891.059,-84.88,31.551,-1.58,2.788,0.001,2.788,-0.004,0.009,7.714,0.381,0.0,-0.001,0,0.668,0.0,-0.001,1,0
891.159,-84.883,31.232,-1.58,3.444,0.001,3.444,-0.001,0.005,2.28,0.056,0.0,-0.001,0,0.066,0.0,-0.001,1,0
891.259,-84.886,30.878,-1.58,3.557,0.001,3.557,-0.007,0.001,-0.854,0.41,0.0,-0.001,0,0.228,0.0,-0.001,1,0
891.409,-84.891,30.355,-1.58,3.473,0.001,3.473,0.009,0.004,0.495,0.397,0.0,-0.001,0,0.479,0.0,-0.001,1,0
891.509,-84.894,30.005,-1.58,3.532,0.001,3.532,0.009,0.003,0.444,0.222,0.0,-0.0,0,0.296,0.0,-0.001,1,0
891.609,-84.897,29.65,-1.58,3.552,0.001,3.552,0.009,0.003,-0.53,0.212,0.0,-0.0,0,0.196,0.0,-0.0,1,0
891.759,-84.902,29.126,-1.58,3.438,0.001,3.438,-0.008,-0.001,-0.847,0.296,0.0,-0.0,0,0.278,0.0,-0.0,1,0
891.859,-84.905,28.787,-1.58,3.36,0.001,3.36,-0.008,-0.002,-0.586,0.297,0.0,-0.0,0,0.301,0.0,-0.0,1,0
891.959,-84.908,28.454,-1.58,3.306,0.001,3.306,-0.009,-0.002,-0.463,0.289,0.0,-0.0,0,0.292,0.0,-0.0,1,0
892.109,-84.912,27.964,-1.58,3.238,0.0,3.238,0.01,-0.003,-0.441,0.295,0.0,-0.0,0,0.29,0.0,-0.0,1,0
892.209,-84.915,27.642,-1.58,3.198,0.0,3.198,0.01,0.003,-0.339,0.314,0.0,-0.0,0,0.309,0.0,-0.0,1,0
892.309,-84.918,27.324,-1.58,3.166,0.0,3.166,0.01,0.003,-0.235,0.32,0.0,-0.0,0,0.318,0.0,-0.0,1,0
892.459,-84.922,26.852,-1.58,3.137,0.0,3.137,-0.01,0.001,-0.155,0.323,0.0,-0.0,0,0.322,0.0,-0.0,1,0
892.559,-84.925,26.539,-1.58,3.126,0.0,3.126,-0.01,-0.003,-0.083,0.327,0.0,-0.0,0,0.326,0.0,-0.0,1,0
892.659,-84.927,26.226,-1.58,3.118,0.0,3.118,-0.01,-0.002,-0.05,0.329,0.0,-0.0,0,0.328,0.0,-0.0,1,0
892.809,-84.931,25.759,-1.58,3.113,-0.0,3.113,0.01,0.003,-0.013,0.331,0.0,-0.0,0,0.33,0.0,-0.0,1,0
892.909,-84.934,25.448,-1.58,3.112,-0.0,3.112,0.01,0.003,0.001,0.331,0.0,0.0,0,0.331,0.0,-0.0,1,0
893.009,-84.937,25.137,-1.58,3.113,-0.0,3.113,0.01,0.002,0.009,0.331,0.0,0.0,0,0.331,0.0,-0.0,1,0
893.159,-84.941,24.67,-1.58,3.114,0.0,3.114,-0.01,0.002,0.012,0.331,0.0,0.0,0,0.331,0.0,-0.0,1,0
893.259,-84.944,24.358,-1.58,3.115,0.0,3.115,-0.01,-0.003,0.013,0.331,0.0,-0.0,0,0.331,0.0,0.0,1,0
893.359,-84.946,24.047,-1.58,3.117,0.0,3.117,-0.01,-0.003,0.012,0.331,0.0,-0.0,0,0.331,0.0,0.0,1,0
893.459,-84.949,23.735,-1.58,3.118,0.0,3.118,-0.01,-0.003,0.01,0.33,0.0,-0.0,0,0.33,0.0,0.0,1,0
893.609,-84.953,23.267,-1.58,3.119,-0.0,3.119,0.01,0.002,0.007,0.33,0.0,0.0,0,0.33,0.0,-0.0,1,0
893.709,-84.956,22.955,-1.58,3.12,-0.0,3.12,0.01,0.002,0.005,0.33,0.0,0.0,0,0.33,0.0,-0.0,1,0
893.859,-84.96,22.487,-1.58,3.12,0.0,3.12,-0.01,0.002,0.004,0.33,0.0,0.0,0,0.33,0.0,0.0,1,0
893.959,-84.961,22.175,-1.579,3.12,0.036,3.12,0.019,0.302,-0.009,0.332,0.0,-0.031,0,0.33,0.0,-0.031,1,0
894.059,-84.959,21.863,-1.575,3.12,0.05,3.12,0.026,0.117,0.001,0.329,0.0,-0.029,0,0.331,0.0,-0.03,1,0
894.209,-84.953,21.395,-1.57,3.121,0.047,3.121,0.044,0.076,0.009,0.33,0.0,-0.027,0,0.328,0.0,-0.027,1,0
894.309,-84.947,21.083,-1.567,3.121,0.045,3.121,0.042,0.072,0.004,0.33,0.0,-0.025,0,0.328,0.0,-0.026,1,0
894.409,-84.942,20.771,-1.564,3.121,0.042,3.121,0.04,2.036,-0.187,0.331,0.0,-0.118,0,0.329,0.0,-0.116,1,0
894.509,-84.925,20.46,-1.554,3.111,0.171,3.107,0.14,0.685,0.008,0.344,0.0,-0.116,0,0.347,0.0,-0.119,1,0
894.659,-84.886,19.994,-1.534,3.122,0.184,3.117,0.121,0.306,0.015,0.32,0.0,-0.106,0,0.33,0.0,-0.109,1,0
894.759,-84.856,19.683,-1.521,3.127,0.175,3.122,0.114,0.27,-0.049,0.322,0.0,-0.1,0,0.326,0.0,-0.103,1,0
894.909,-84.805,19.217,-1.504,3.123,0.16,3.119,0.124,2.552,-0.454,0.334,0.0,-0.357,0,0.327,0.0,-0.353,1,0
895.009,-84.753,18.912,-1.482,3.076,0.415,3.048,0.326,2.855,-0.686,0.43,0.0,-0.354,0,0.365,0.0,-0.359,1,0
895.159,-84.628,18.469,-1.426,3.103,0.535,3.057,0.372,0.989,0.302,0.301,0.0,-0.323,0,0.36,0.0,-0.334,1,0
895.259,-84.529,18.173,-1.389,3.15,0.516,3.107,0.355,0.773,-0.068,0.278,0.0,-0.302,0,0.295,0.0,-0.312,1,0
895.359,-84.421,17.877,-1.354,3.154,0.484,3.117,0.333,0.68,-0.333,0.309,0.0,-0.283,0,0.309,0.0,-0.292,1,0
895.459,-84.306,17.584,-1.321,3.139,0.452,3.106,0.311,0.655,-0.286,0.327,0.0,-0.267,0,0.339,0.0,-0.275,1,0
895.609,-84.123,17.153,-1.276,3.127,0.411,3.099,0.302,0.651,-0.172,0.324,0.0,-0.252,0,0.343,0.0,-0.259,1,0
895.709,-83.992,16.869,-1.247,3.128,0.389,3.103,0.287,0.679,-0.031,0.33,0.0,-0.234,0,0.317,0.0,-0.24,1,0
895.759,-83.925,16.728,-1.234,3.13,0.381,3.107,0.262,0.639,-0.163,0.317,0.0,-0.561,0,0.33,0.0,-0.234,1,0
895.859,-83.782,16.451,-1.205,3.106,0.467,3.07,0.335,2.847,-0.826,0.333,0.0,-0.564,0,0.317,0.0,-0.561,1,0
895.909,-83.701,16.32,-1.184,3.058,0.61,2.997,0.465,4.386,-1.912,0.47,0.0,-0.56,0,0.38,0.0,-0.565,1,0
895.959,-83.613,16.198,-1.158,3.017,0.753,2.922,0.551,2.763,-0.726,0.495,0.0,-0.548,0,0.47,0.0,-0.56,1,0
896.009,-83.518,16.081,-1.129,3.02,0.807,2.91,0.595,2.151,0.29,0.42,0.0,-0.533,0,0.495,0.0,-0.548,1,0
896.109,-83.314,15.854,-1.071,3.112,0.826,3.001,0.592,1.584,0.523,0.272,0.0,-0.502,0,0.314,0.0,-0.517,1,0
896.159,-83.206,15.741,-1.042,3.159,0.818,3.052,0.568,1.313,-0.014,0.237,0.0,-0.487,0,0.272,0.0,-0.502,1,0
896.209,-83.094,15.629,-1.013,3.176,0.797,3.075,0.571,1.282,-0.186,0.276,0.0,-0.473,0,0.237,0.0,-0.487,1,0
896.259,-82.98,15.52,-0.986,3.184,0.776,3.088,0.54,1.099,-0.603,0.282,0.0,-0.46,0,0.276,0.0,-0.473,1,0
896.359,-82.745,15.308,-0.933,3.16,0.727,3.076,0.507,1.05,-0.611,0.323,0.0,-0.437,0,0.333,0.0,-0.448,1,0
896.409,-82.626,15.206,-0.908,3.143,0.702,3.064,0.508,1.151,-0.319,0.35,0.0,-0.426,0,0.323,0.0,-0.437,1,0
896.459,-82.505,15.107,-0.883,3.141,0.685,3.066,0.478,1.073,-0.414,0.323,0.0,-0.417,0,0.35,0.0,-0.426,1,0
896.559,-82.257,14.917,-0.836,3.138,0.653,3.069,0.456,1.171,-0.175,0.339,0.0,-0.51,0,0.323,0.0,-0.417,1,0
896.609,-82.129,14.828,-0.811,3.105,0.723,3.02,0.533,2.225,-0.689,0.404,0.0,-0.496,0,0.311,0.0,-0.504,1,0
896.659,-81.999,14.745,-0.784,3.1,0.753,3.007,0.536,1.638,-0.471,0.36,0.0,-0.485,0,0.404,0.0,-0.496,1,0
896.709,-81.866,14.666,-0.757,3.098,0.754,3.005,0.549,1.531,-0.028,0.356,0.0,-0.474,0,0.36,0.0,-0.485,1,0
896.809,-81.594,14.517,-0.704,3.126,0.737,3.038,0.532,1.329,-0.145,0.306,0.0,-0.464,0,0.356,0.0,-0.474,1,0
896.859,-81.454,14.447,-0.678,3.141,0.726,3.056,0.507,2.247,-0.919,0.291,0.0,-0.494,0,0.314,0.0,-0.504,1,0
896.909,-81.313,14.381,-0.651,3.125,0.757,3.032,0.552,1.68,-0.422,0.362,0.0,-0.482,0,0.291,0.0,-0.494,1,0
896.959,-81.17,14.32,-0.624,3.126,0.76,3.032,0.535,1.344,-0.47,0.328,0.0,-0.471,0,0.362,0.0,-0.482,1,0
897.009,-81.025,14.263,-0.598,3.12,0.746,3.03,0.54,1.34,-0.162,0.345,0.0,-0.459,0,0.328,0.0,-0.471,1,0
897.059,-80.879,14.208,-0.571,3.129,0.734,3.042,0.513,1.191,-0.312,0.311,0.0,-0.449,0,0.345,0.0,-0.459,1,0
897.109,-80.732,14.157,-0.546,3.129,0.715,3.046,0.517,1.257,-0.139,0.328,0.0,-0.439,0,0.311,0.0,-0.449,1,0
897.209,-80.434,14.062,-0.496,3.133,0.684,3.057,0.496,1.547,-0.376,0.33,0.0,-0.432,0,0.304,0.0,-0.445,1,0
897.259,-80.284,14.02,-0.472,3.132,0.687,3.056,0.482,1.149,-0.41,0.322,0.0,-0.42,0,0.33,0.0,-0.432,1,0
897.309,-80.133,13.981,-0.448,3.126,0.671,3.053,0.488,1.132,-0.167,0.339,0.0,-0.407,0,0.322,0.0,-0.42,1,0
897.359,-79.981,13.945,-0.424,3.13,0.656,3.06,0.458,0.995,-0.3,0.314,0.0,-0.396,0,0.339,0.0,-0.407,1,0
897.409,-79.829,13.912,-0.401,3.126,0.636,3.061,0.462,1.044,-0.114,0.332,0.0,-0.385,0,0.314,0.0,-0.396,1,0
897.509,-79.522,13.853,-0.357,3.127,0.601,3.069,0.437,0.944,-0.292,0.309,0.0,-0.375,0,0.332,0.0,-0.385,1,0
897.559,-79.368,13.827,-0.337,3.131,0.587,3.075,0.409,0.92,-0.307,0.313,0.0,-0.356,0,0.331,0.0,-0.365,1,0
897.609,-79.214,13.803,-0.316,3.125,0.57,3.072,0.415,0.983,-0.143,0.335,0.0,-0.348,0,0.313,0.0,-0.356,1,0
897.659,-79.06,13.783,-0.296,3.127,0.558,3.077,0.388,0.913,-0.298,0.317,0.0,-0.314,0,0.335,0.0,-0.348,1,0
897.759,-78.75,13.747,-0.258,3.129,0.505,3.088,0.348,0.572,-0.163,0.337,0.0,-0.302,0,0.337,0.0,-0.302,1,0
897.809,-78.594,13.731,-0.241,3.126,0.48,3.088,0.35,0.685,-0.055,0.328,0.0,-0.283,0,0.304,0.0,-0.292,1,0
897.859,-78.439,13.717,-0.224,3.128,0.463,3.094,0.32,0.654,-0.23,0.314,0.0,-0.274,0,0.328,0.0,-0.283,1,0
897.909,-78.283,13.705,-0.208,3.122,0.446,3.09,0.327,0.706,-0.093,0.335,0.0,-0.266,0,0.314,0.0,-0.274,1,0
897.959,-78.128,13.695,-0.193,3.123,0.434,3.092,0.3,0.658,-0.214,0.322,0.0,-0.259,0,0.335,0.0,-0.266,1,0
898.059,-77.817,13.679,-0.163,3.119,0.409,3.092,0.283,0.654,-0.167,0.323,0.0,-0.246,0,0.338,0.0,-0.252,1,0
898.109,-77.661,13.674,-0.149,3.115,0.398,3.089,0.294,0.691,-0.028,0.337,0.0,-0.24,0,0.323,0.0,-0.246,1,0
898.159,-77.505,13.671,-0.135,3.118,0.389,3.094,0.268,0.65,-0.142,0.322,0.0,-0.204,0,0.337,0.0,-0.24,1,0
898.209,-77.35,13.669,-0.121,3.115,0.379,3.092,0.281,-0.068,0.157,0.335,0.0,-0.196,0,0.322,0.0,-0.204,1,0
898.259,-77.194,13.668,-0.109,3.123,0.338,3.104,0.228,0.301,-0.066,0.311,0.0,-0.189,0,0.335,0.0,-0.196,1,0
898.359,-76.882,13.667,-0.086,3.123,0.305,3.108,0.207,0.438,-0.136,0.32,0.0,-0.179,0,0.329,0.0,-0.183,1,0
898.409,-76.726,13.669,-0.076,3.118,0.294,3.105,0.219,0.48,-0.041,0.336,0.0,-0.174,0,0.32,0.0,-0.179,1,0
898.459,-76.57,13.672,-0.065,3.119,0.286,3.106,0.194,0.463,-0.122,0.327,0.0,-0.17,0,0.336,0.0,-0.174,1,0
898.509,-76.414,13.676,-0.055,3.115,0.278,3.102,0.209,0.49,-0.012,0.338,0.0,-0.133,0,0.327,0.0,-0.17,1,0
898.559,-76.259,13.681,-0.046,3.117,0.272,3.105,0.185,-0.342,0.048,0.327,0.0,-0.127,0,0.338,0.0,-0.133,1,0
898.609,-76.103,13.686,-0.037,3.118,0.228,3.109,0.17,0.127,0.057,0.328,0.0,-0.122,0,0.327,0.0,-0.127,1,0
898.659,-75.947,13.691,-0.03,3.121,0.211,3.114,0.139,0.221,-0.046,0.321,0.0,-0.119,0,0.328,0.0,-0.122,1,0
898.759,-75.636,13.703,-0.015,3.12,0.193,3.114,0.128,0.294,-0.074,0.326,0.0,-0.112,0,0.331,0.0,-0.115,1,0
898.809,-75.48,13.71,-0.009,3.117,0.186,3.112,0.143,0.316,-0.007,0.335,0.0,-0.081,0,0.326,0.0,-0.112,1,0
898.859,-75.324,13.718,-0.002,3.118,0.182,3.113,0.12,-0.411,0.017,0.328,0.0,-0.077,0,0.335,0.0,-0.081,1,0
898.909,-75.168,13.725,0.003,3.118,0.144,3.114,0.111,0.009,0.034,0.331,0.0,-0.073,0,0.328,0.0,-0.077,1,0
898.959,-75.013,13.732,0.008,3.12,0.13,3.117,0.081,0.102,-0.024,0.326,0.0,-0.071,0,0.331,0.0,-0.073,1,0
899.059,-74.701,13.747,0.017,3.119,0.117,3.117,0.073,0.17,-0.032,0.328,0.0,-0.067,0,0.332,0.0,-0.069,1,0
899.109,-74.545,13.756,0.021,3.118,0.112,3.116,0.09,0.186,0.008,0.333,0.0,-0.042,0,0.328,0.0,-0.067,1,0
899.159,-74.39,13.764,0.025,3.119,0.109,3.117,0.069,-0.413,0.008,0.329,0.0,-0.039,0,0.333,0.0,-0.042,1,0
899.209,-74.234,13.773,0.028,3.119,0.079,3.118,0.064,-0.06,0.022,0.331,0.0,-0.037,0,0.329,0.0,-0.039,1,0
899.259,-74.078,13.78,0.03,3.12,0.069,3.119,0.038,0.02,-0.01,0.328,0.0,-0.036,0,0.331,0.0,-0.037,1,0
899.309,-73.923,13.788,0.032,3.119,0.062,3.119,0.054,0.067,0.01,0.331,0.0,-0.034,0,0.328,0.0,-0.036,1,0
899.409,-73.611,13.805,0.037,3.119,0.056,3.119,0.051,0.092,0.008,0.329,0.0,-0.033,0,0.329,0.0,-0.033,1,0
899.459,-73.455,13.813,0.038,3.12,0.055,3.119,0.03,0.089,-0.009,0.329,0.0,-0.013,0,0.331,0.0,-0.032,1,0
899.509,-73.3,13.822,0.041,3.119,0.053,3.119,0.048,-0.398,0.019,0.331,0.0,-0.011,0,0.329,0.0,-0.013,1,0
899.559,-73.144,13.83,0.042,3.12,0.03,3.12,0.01,-0.113,-0.001,0.329,0.0,-0.01,0,0.331,0.0,-0.011,1,0
899.609,-72.988,13.838,0.043,3.12,0.021,3.12,0.024,-0.034,0.008,0.33,0.0,-0.009,0,0.329,0.0,-0.01,1,0
899.659,-72.832,13.845,0.043,3.12,0.018,3.12,0.002,-0.003,-0.001,0.329,0.0,-0.009,0,0.33,0.0,-0.009,1,0
899.759,-72.52,13.86,0.044,3.12,0.015,3.12,0.001,0.019,-0.002,0.33,0.0,0.005,0,0.33,0.0,-0.009,1,0
899.809,-72.365,13.868,0.045,3.12,0.014,3.12,0.02,-0.331,0.002,0.33,0.0,0.006,0,0.33,0.0,0.005,1,0
899.859,-72.209,13.875,0.045,3.12,-0.002,3.12,-0.013,-0.12,0.0,0.33,0.0,0.006,0,0.33,0.0,0.006,1,0
899.909,-72.053,13.882,0.045,3.12,-0.008,3.12,0.004,-0.059,0.001,0.33,0.0,0.006,0,0.33,0.0,0.006,1,0
899.959,-71.897,13.888,0.044,3.121,-0.009,3.121,-0.017,-0.038,0.004,0.33,0.0,0.006,0,0.33,0.0,0.006,1,0
900.009,-71.741,13.895,0.044,3.121,-0.01,3.121,0.003,-0.021,0.001,0.33,0.0,0.006,0,0.33,0.0,0.006,1,0
900.109,-71.429,13.907,0.043,3.121,-0.01,3.121,0.003,-0.013,-0.001,0.33,0.0,0.006,0,0.33,0.0,0.006,1,0
900.159,-71.273,13.913,0.043,3.121,-0.01,3.121,-0.017,-0.269,-0.001,0.33,0.0,0.015,0,0.33,0.0,0.015,1,0
900.209,-71.117,13.919,0.042,3.121,-0.021,3.121,-0.006,-0.11,-0.004,0.33,0.0,0.015,0,0.33,0.0,0.015,1,0
900.259,-70.961,13.925,0.041,3.121,-0.024,3.121,-0.028,-0.075,0.004,0.33,0.0,0.015,0,0.33,0.0,0.015,1,0
900.309,-70.806,13.93,0.04,3.121,-0.025,3.121,-0.008,-0.051,-0.003,0.329,0.0,0.014,0,0.33,0.0,0.015,1,0
900.359,-70.65,13.935,0.039,3.121,-0.025,3.121,-0.027,-0.047,0.005,0.33,0.0,0.014,0,0.329,0.0,0.014,1,0
900.409,-70.494,13.94,0.039,3.121,-0.024,3.121,-0.007,-0.038,-0.003,0.329,0.0,0.02,0,0.33,0.0,0.014,1,0
900.509,-70.182,13.949,0.037,3.121,-0.03,3.121,-0.012,-0.094,-0.006,0.329,0.0,0.019,0,0.33,0.0,0.019,1,0
900.559,-70.026,13.953,0.036,3.121,-0.031,3.121,-0.033,-0.073,0.004,0.33,0.0,0.018,0,0.329,0.0,0.019,1,0
900.609,-69.87,13.957,0.035,3.121,-0.032,3.121,-0.013,-0.055,-0.005,0.329,0.0,0.018,0,0.33,0.0,0.018,1,0
900.659,-69.714,13.961,0.033,3.121,-0.031,3.121,-0.032,-0.054,0.005,0.33,0.0,0.017,0,0.329,0.0,0.018,1,0
900.709,-69.558,13.965,0.032,3.121,-0.03,3.121,-0.012,-0.047,-0.005,0.329,0.0,0.02,0,0.33,0.0,0.017,1,0
900.809,-69.246,13.972,0.03,3.121,-0.033,3.121,-0.014,-0.075,-0.006,0.329,0.0,0.019,0,0.33,0.0,0.02,1,0
900.859,-69.09,13.975,0.029,3.121,-0.033,3.121,-0.033,-0.065,0.005,0.33,0.0,0.019,0,0.329,0.0,0.019,1,0
900.909,-68.934,13.978,0.028,3.121,-0.033,3.121,-0.013,-0.052,-0.006,0.329,0.0,0.018,0,0.33,0.0,0.019,1,0
900.959,-68.778,13.98,0.027,3.121,-0.031,3.121,-0.032,-0.054,0.005,0.33,0.0,0.018,0,0.329,0.0,0.018,1,0
901.009,-68.622,13.983,0.026,3.121,-0.031,3.121,-0.012,-0.047,-0.005,0.329,0.0,0.017,0,0.33,0.0,0.018,1,0
901.059,-68.465,13.985,0.024,3.121,-0.03,3.121,-0.031,-0.051,0.004,0.33,0.0,0.018,0,0.329,0.0,0.017,1,0
901.159,-68.153,13.99,0.022,3.121,-0.03,3.121,-0.031,-0.062,0.004,0.33,0.0,0.017,0,0.329,0.0,0.018,1,0
901.209,-67.997,13.992,0.021,3.121,-0.03,3.121,-0.011,-0.049,-0.005,0.329,0.0,0.017,0,0.33,0.0,0.017,1,0
901.259,-67.841,13.994,0.02,3.121,-0.029,3.121,-0.031,-0.05,0.004,0.33,0.0,0.016,0,0.329,0.0,0.017,1,0
901.309,-67.685,13.995,0.019,3.121,-0.028,3.121,-0.01,-0.043,-0.005,0.329,0.0,0.016,0,0.33,0.0,0.016,1,0
901.409,-67.373,13.999,0.017,3.121,-0.027,3.121,-0.009,-0.331,-0.014,0.329,0.0,0.027,0,0.33,0.0,0.026,1,0
901.459,-67.217,13.999,0.016,3.121,-0.039,3.12,-0.039,-0.16,0.003,0.331,0.0,0.026,0,0.329,0.0,0.027,1,0
901.509,-67.061,14.0,0.015,3.121,-0.042,3.121,-0.021,-0.109,-0.007,0.329,0.0,0.026,0,0.331,0.0,0.026,1,0
901.559,-66.905,14.0,0.013,3.121,-0.043,3.12,-0.041,-0.092,0.008,0.331,0.0,0.059,0,0.329,0.0,0.026,1,0
901.609,-66.749,14.0,0.011,3.121,-0.043,3.121,-0.021,-0.925,-0.057,0.329,0.0,0.06,0,0.331,0.0,0.059,1,0
901.659,-66.593,13.998,0.009,3.119,-0.081,3.118,-0.071,-0.432,-0.006,0.335,0.0,0.059,0,0.329,0.0,0.06,1,0
901.759,-66.281,13.991,0.002,3.119,-0.095,3.118,-0.079,-1.429,-0.109,0.332,0.0,0.11,0,0.331,0.0,0.109,1,0
901.809,-66.126,13.984,-0.003,3.117,-0.152,3.113,-0.104,-0.719,-0.063,0.338,0.0,0.109,0,0.332,0.0,0.11,1,0
901.859,-65.97,13.975,-0.009,3.116,-0.169,3.111,-0.134,-0.505,0.025,0.337,0.0,0.17,0,0.338,0.0,0.109,1,0
901.959,-65.659,13.952,-0.023,3.112,-0.24,3.103,-0.187,-1.802,-0.253,0.328,0.0,0.171,0,0.337,0.0,0.17,1,0
902.009,-65.505,13.935,-0.032,3.114,-0.262,3.103,-0.182,-0.712,-0.047,0.334,0.0,0.239,0,0.35,0.0,0.17,1,0
902.059,-65.35,13.916,-0.042,3.115,-0.268,3.103,-0.202,-2.144,-0.313,0.336,0.0,0.239,0,0.334,0.0,0.239,1,0
902.109,-65.196,13.894,-0.053,3.11,-0.34,3.092,-0.24,-1.276,-0.188,0.35,0.0,0.237,0,0.336,0.0,0.239,1,0
902.159,-65.043,13.868,-0.067,3.109,-0.364,3.087,-0.274,-0.97,0.023,0.347,0.0,0.313,0,0.35,0.0,0.237,1,0
902.209,-64.89,13.839,-0.08,3.116,-0.371,3.094,-0.257,-2.392,-0.559,0.325,0.0,0.312,0,0.347,0.0,0.313,1,0
902.309,-64.588,13.767,-0.112,3.109,-0.472,3.073,-0.332,-1.156,-0.131,0.338,0.0,0.388,0,0.369,0.0,0.309,1,0
902.359,-64.439,13.727,-0.129,3.112,-0.477,3.075,-0.351,-2.695,-0.614,0.339,0.0,0.386,0,0.338,0.0,0.388,1,0
902.409,-64.291,13.681,-0.148,3.105,-0.554,3.055,-0.394,-1.771,-0.388,0.363,0.0,0.381,0,0.339,0.0,0.386,1,0
902.459,-64.144,13.629,-0.168,3.103,-0.58,3.049,-0.428,-1.443,-0.045,0.357,0.0,0.501,0,0.363,0.0,0.381,1,0
902.509,-63.999,13.575,-0.189,3.115,-0.588,3.059,-0.411,-3.206,-1.163,0.322,0.0,0.498,0,0.357,0.0,0.501,1,0
902.609,-63.718,13.448,-0.238,3.091,-0.734,3.003,-0.523,-1.839,-0.381,0.37,0.0,0.483,0,0.404,0.0,0.492,1,0
902.659,-63.582,13.376,-0.265,3.096,-0.746,3.005,-0.543,-1.637,0.059,0.356,0.0,0.473,0,0.37,0.0,0.483,1,0
902.709,-63.446,13.301,-0.292,3.12,-0.748,3.029,-0.522,-1.395,-0.063,0.304,0.0,0.464,0,0.356,0.0,0.473,1,0
902.759,-63.312,13.222,-0.318,3.134,-0.737,3.046,-0.531,-1.404,0.015,0.309,0.0,0.538,0,0.304,0.0,0.464,1,0
902.859,-63.049,13.052,-0.371,3.126,-0.787,3.025,-0.576,-2.104,-0.665,0.387,0.0,0.52,0,0.287,0.0,0.53,1,0
902.909,-62.924,12.96,-0.4,3.122,-0.806,3.017,-0.571,-1.597,-0.572,0.349,0.0,0.509,0,0.387,0.0,0.52,1,0
902.959,-62.802,12.864,-0.429,3.117,-0.8,3.012,-0.579,-1.535,-0.151,0.357,0.0,0.497,0,0.349,0.0,0.509,1,0
903.009,-62.681,12.766,-0.457,3.13,-0.792,3.028,-0.554,-1.35,-0.263,0.311,0.0,0.487,0,0.357,0.0,0.497,1,0
903.109,-62.447,12.559,-0.512,3.148,-0.763,3.054,-0.533,-1.933,-0.756,0.295,0.0,0.497,0,0.322,0.0,0.508,1,0
903.159,-62.334,12.451,-0.539,3.137,-0.776,3.039,-0.563,-1.576,-0.36,0.348,0.0,0.486,0,0.295,0.0,0.497,1,0
903.209,-62.224,12.34,-0.567,3.14,-0.772,3.044,-0.542,-1.328,-0.479,0.317,0.0,0.476,0,0.348,0.0,0.486,1,0
903.259,-62.116,12.226,-0.594,3.134,-0.756,3.041,-0.547,-1.365,-0.227,0.338,0.0,0.466,0,0.317,0.0,0.476,1,0
903.309,-62.012,12.11,-0.62,3.14,-0.743,3.051,-0.52,-1.238,-0.404,0.309,0.0,0.49,0,0.338,0.0,0.466,1,0
903.359,-61.909,11.992,-0.646,3.136,-0.726,3.05,-0.525,-2.019,-0.62,0.331,0.0,0.481,0,0.309,0.0,0.49,1,0
903.459,-61.716,11.748,-0.7,3.123,-0.74,3.034,-0.538,-1.468,-0.543,0.335,0.0,0.472,0,0.331,0.0,0.481,1,0
903.509,-61.624,11.622,-0.726,3.128,-0.732,3.041,-0.513,-2.172,-0.889,0.316,0.0,0.498,0,0.346,0.0,0.506,1,0
903.559,-61.536,11.494,-0.753,3.113,-0.76,3.018,-0.554,-1.711,-0.347,0.368,0.0,0.488,0,0.316,0.0,0.498,1,0
903.609,-61.453,11.363,-0.78,3.118,-0.763,3.023,-0.537,-1.425,-0.39,0.325,0.0,0.53,0,0.368,0.0,0.488,1,0
903.659,-61.373,11.23,-0.807,3.117,-0.753,3.025,-0.546,-2.483,-0.771,0.337,0.0,0.521,0,0.325,0.0,0.53,1,0
903.759,-61.227,10.957,-0.863,3.109,-0.795,3.006,-0.578,-1.738,-0.552,0.349,0.0,0.512,0,0.337,0.0,0.521,1,0
903.809,-61.159,10.817,-0.891,3.121,-0.791,3.019,-0.555,-1.41,-0.316,0.313,0.0,0.55,0,0.349,0.0,0.502,1,0
903.859,-61.095,10.675,-0.919,3.124,-0.778,3.026,-0.562,-2.614,-0.892,0.325,0.0,0.542,0,0.313,0.0,0.55,1,0
903.909,-61.037,10.531,-0.948,3.117,-0.822,3.006,-0.582,-1.832,-0.668,0.352,0.0,0.533,0,0.325,0.0,0.542,1,0
903.959,-60.984,10.386,-0.978,3.11,-0.825,2.999,-0.599,-1.698,-0.3,0.355,0.0,0.585,0,0.352,0.0,0.533,1,0
904.009,-60.934,10.239,-1.007,3.12,-0.823,3.009,-0.577,-2.704,-1.214,0.32,0.0,0.576,0,0.355,0.0,0.585,1,0
904.109,-60.854,9.94,-1.069,3.107,-0.879,2.98,-0.621,-1.706,-0.455,0.335,0.0,0.621,0,0.389,0.0,0.566,1,0
904.159,-60.821,9.789,-1.1,3.111,-0.872,2.986,-0.629,-2.968,-1.088,0.34,0.0,0.612,0,0.335,0.0,0.621,1,0
904.209,-60.795,9.637,-1.132,3.104,-0.925,2.963,-0.656,-2.111,-0.721,0.365,0.0,0.601,0,0.34,0.0,0.612,1,0
904.259,-60.775,9.484,-1.166,3.103,-0.932,2.96,-0.675,-1.925,-0.29,0.356,0.0,0.589,0,0.365,0.0,0.601,1,0
904.359,-60.749,9.175,-1.232,3.129,-0.916,2.992,-0.658,-3.321,-1.51,0.319,0.0,0.658,0,0.312,0.0,0.668,1,0
904.409,-60.745,9.02,-1.266,3.11,-0.982,2.951,-0.699,-2.412,-1.089,0.383,0.0,0.646,0,0.319,0.0,0.658,1,0
904.509,-60.759,8.712,-1.337,3.112,-1.0,2.947,-0.704,-1.793,-0.413,0.327,0.0,0.62,0,0.379,0.0,0.633,1,0
904.659,-60.817,8.25,-1.443,3.123,-1.013,2.954,-0.733,-2.88,-1.488,0.382,0.0,0.643,0,0.323,0.0,0.672,1,0
904.759,-60.886,7.947,-1.515,3.124,-1.002,2.959,-0.72,-1.757,-0.297,0.343,0.0,0.612,0,0.331,0.0,0.627,1,0
904.859,-60.973,7.648,-1.584,3.143,-0.961,2.992,-0.689,-1.63,-0.308,0.317,0.0,0.602,0,0.298,0.0,0.598,1,0
904.959,-61.076,7.352,-1.651,3.142,-0.934,3.0,-0.673,-1.626,-0.46,1.0,0.0,0.57,0,0.291,0.0,0.586,1,0
905.059,-61.196,7.063,-1.716,3.145,-0.893,3.016,-0.642,-1.762,0.706,0.773,0.0,0.537,0,0.732,0.0,0.555,1,0
905.209,-61.411,6.622,-1.809,3.482,-0.89,3.366,-0.626,-2.397,3.069,1.0,0.0,0.456,0,1.0,0.0,0.504,1,0
905.309,-61.589,6.298,-1.872,3.933,-0.879,3.833,-0.628,-2.547,5.792,1.0,0.0,0.404,0,1.0,0.0,0.43,1,0
905.409,-61.805,5.929,-1.936,4.575,-0.87,4.491,-0.644,-2.888,6.401,1.0,0.0,0.349,0,1.0,0.0,0.379,1,0
905.509,-62.07,5.51,-2.0,5.269,-0.833,5.203,-0.64,-2.916,6.298,1.0,0.0,0.297,0,1.0,0.0,0.323,1,0
905.659,-62.548,4.816,-2.089,5.763,-0.654,5.725,-0.51,-1.621,0.502,1.0,0.0,0.223,0,1.0,0.0,0.245,1,0
905.759,-62.893,4.351,-2.14,5.806,-0.527,5.782,-0.424,-2.017,3.987,1.0,0.0,0.179,0,1.0,0.0,0.201,0,0
905.859,-63.275,3.868,-2.183,6.726,-0.494,6.708,-0.429,-2.604,11.667,1.0,0.0,0.144,0,1.0,0.0,0.161,2,0
905.959,-63.746,3.301,-2.225,7.831,-0.434,7.819,-0.406,-2.219,9.048,1.0,0.0,0.107,0,1.0,0.0,0.124,2,0
906.109,-64.591,2.342,-2.278,8.896,-0.275,8.892,-0.309,-1.688,3.668,1.0,0.0,0.074,0,1.0,0.0,0.092,2,0
906.209,-65.196,1.683,-2.304,8.875,-0.159,8.874,-0.225,-1.332,11.858,1.0,0.0,0.036,0,1.0,0.0,0.046,3,0
906.309,-65.847,0.991,-2.323,9.9,-0.103,9.9,-0.155,-0.894,7.535,1.0,0.0,0.018,0,1.0,0.0,0.028,3,0
906.409,-66.561,0.247,-2.334,10.619,-0.052,10.619,-0.094,-0.463,6.331,1.0,0.0,0.005,0,1.0,0.0,0.012,3,0
906.559,-67.721,-0.95,-2.343,11.525,-0.002,11.525,-0.026,0.069,5.644,1.0,0.0,-0.007,0,1.0,0.0,-0.003,3,0
906.659,-68.546,-1.799,-2.343,12.085,0.019,12.085,0.01,0.242,5.486,1.0,0.0,-0.01,0,1.0,0.0,-0.007,3,0
906.759,-69.407,-2.689,-2.341,12.632,0.022,12.632,0.03,0.343,0.865,1.0,0.0,-0.01,0,1.0,0.0,-0.009,3,0
906.909,-70.729,-4.063,-2.335,12.84,0.017,12.84,0.042,0.472,6.078,1.0,0.0,-0.009,0,1.0,0.0,-0.009,4,0
907.009,-71.637,-5.016,-2.331,13.419,0.011,13.419,0.042,0.453,5.154,1.0,0.0,-0.008,0,1.0,0.0,-0.008,4,0
907.109,-72.579,-6.012,-2.327,13.923,0.004,13.923,0.037,0.487,4.771,1.0,0.0,-0.006,0,1.0,0.0,-0.007,4,0
907.209,-73.551,-7.045,-2.324,14.395,-0.001,14.395,0.033,0.432,4.602,1.0,0.0,-0.006,0,1.0,0.0,-0.006,4,0
907.359,-75.062,-8.663,-2.319,15.079,-0.004,15.079,0.028,0.422,4.528,1.0,0.0,-0.004,0,1.0,0.0,-0.006,4,0
907.459,-76.104,-9.787,-2.317,15.53,-0.008,15.53,0.024,0.356,4.491,1.0,0.0,-0.004,0,1.0,0.0,-0.004,4,0
907.559,-77.174,-10.947,-2.315,15.979,-0.008,15.979,0.022,0.295,2.937,0.683,0.0,-0.003,0,1.0,0.0,-0.003,4,0
907.709,-78.809,-12.727,-2.312,16.125,-0.009,16.125,0.017,0.269,5.474,1.0,0.0,-0.002,0,1.0,0.0,-0.003,5,0
907.809,-79.917,-13.939,-2.31,16.627,-0.009,16.627,0.014,0.23,3.999,0.357,0.0,-0.002,0,0.447,0.0,-0.002,5,0
907.959,-81.624,-15.812,-2.308,17.038,-0.008,17.038,0.012,0.209,0.44,0.0,0.0,-0.002,0,0.0,0.0,-0.002,5,0
908.059,-82.77,-17.073,-2.307,17.036,-0.008,17.036,0.01,0.152,-1.037,0.0,0.0,-0.001,0,0.0,0.0,-0.001,5,0
908.159,-83.91,-18.331,-2.306,16.916,-0.008,16.916,0.007,0.103,-1.55,0.0,0.0,-0.0,0,0.0,0.0,-0.0,5,0
908.309,-85.604,-20.202,-2.306,16.8,-0.006,16.8,0.002,0.04,-2.345,0.0,0.0,0.0,0,0.0,0.0,0.0,0,0
908.409,-86.72,-21.436,-2.306,16.461,-0.004,16.461,-0.0,0.012,-3.754,0.0,0.0,0.0,0,0.0,0.0,0.0,4,0
908.559,-88.347,-23.236,-2.306,15.951,-0.001,15.951,-0.002,-0.013,-2.933,0.0,0.0,0.0,0,0.0,0.0,0.0,4,0
908.659,-89.406,-24.407,-2.306,15.663,0.0,15.663,-0.002,-0.02,-2.746,0.0,0.0,-0.001,0,0.0,0.0,0.0,4,0
908.809,-90.96,-26.126,-2.306,15.259,0.006,15.259,0.006,0.119,-2.649,0.0,0.0,-0.003,0,0.0,0.0,-0.002,4,0
908.909,-91.973,-27.248,-2.305,14.999,0.007,14.999,0.015,0.232,-2.56,0.0,0.0,-0.005,0,0.0,0.0,-0.005,4,0
909.059,-93.456,-28.898,-2.302,14.618,0.003,14.618,0.02,0.265,-2.491,0.0,0.0,-0.003,0,0.0,0.0,-0.004,4,0
909.159,-94.422,-29.977,-2.3,14.371,-0.001,14.371,0.019,0.189,-2.448,0.0,0.0,-0.001,0,0.0,0.0,-0.002,4,0
909.309,-95.838,-31.564,-2.298,14.007,-0.006,14.007,0.008,0.06,-2.386,0.0,0.0,0.001,0,0.0,0.0,0.0,4,0
909.409,-96.761,-32.6,-2.298,13.769,-0.008,13.769,-0.0,-0.028,-2.346,0.0,0.0,0.002,0,0.0,0.0,0.002,4,0
909.559,-98.116,-34.121,-2.299,13.42,-0.006,13.42,-0.008,-0.107,-2.287,0.0,0.0,0.003,0,0.0,0.0,0.003,4,0
909.659,-99.004,-35.116,-2.299,13.331,-0.004,13.331,-0.011,-0.117,-0.989,0.0,0.0,0.002,0,0.0,0.0,0.002,0,0
909.809,-100.317,-36.585,-2.301,12.819,-0.001,12.819,-0.009,-0.108,-4.94,0.0,0.0,0.001,0,0.0,0.0,0.002,3,0
909.909,-101.157,-37.522,-2.302,12.418,0.001,12.418,-0.006,-0.054,-3.39,0.0,0.0,0.0,0,0.0,0.0,0.001,3,0
910.009,-101.974,-38.433,-2.302,12.079,0.002,12.079,-0.003,-0.003,-3.016,0.0,0.0,-0.001,0,0.0,0.0,-0.0,3,0
910.159,-103.159,-39.754,-2.302,11.624,0.003,11.624,0.002,0.021,-2.887,0.0,0.0,-0.001,0,0.0,0.0,-0.001,3,0
910.259,-103.924,-40.607,-2.302,11.329,0.002,11.329,0.003,-0.08,-3.023,0.0,0.0,0.002,0,0.0,0.0,0.001,3,0
910.409,-105.036,-41.846,-2.302,10.894,-0.012,10.894,-0.013,-0.259,-2.956,0.0,0.0,0.007,0,0.0,0.0,0.006,3,0
910.509,-105.756,-42.643,-2.305,10.616,-0.026,10.616,-0.032,-0.774,-0.364,0.0,0.0,0.02,0,0.0,0.0,0.019,3,0
910.609,-106.471,-43.426,-2.31,10.594,-0.044,10.594,-0.061,-0.934,-6.505,0.0,0.0,0.027,0,0.0,0.0,0.026,0,0
910.759,-107.496,-44.525,-2.322,9.495,-0.07,9.495,-0.093,-0.869,-5.954,0.0,0.0,0.032,0,0.0,0.0,0.032,2,0
910.859,-108.131,-45.188,-2.332,8.954,-0.08,8.954,-0.106,-0.879,-5.038,0.0,0.0,0.054,0,0.0,0.0,0.036,2,0
910.959,-108.74,-45.807,-2.343,8.486,-0.112,8.485,-0.135,-2.395,-4.734,0.0,0.0,0.131,0,0.0,0.0,0.087,2,0
911.059,-109.333,-46.378,-2.364,8.037,-0.257,8.033,-0.276,-2.804,-4.547,0.0,0.0,0.188,0,0.0,0.0,0.136,2,0
911.159,-109.918,-46.894,-2.397,7.605,-0.376,7.596,-0.403,-4.811,-4.939,0.0,0.0,0.249,0,0.0,0.0,0.244,2,0
911.309,-110.788,-47.544,-2.475,6.947,-0.57,6.924,-0.602,-6.091,-1.309,0.0,0.0,0.386,0,0.0,0.0,0.305,0,0
911.409,-111.38,-47.899,-2.544,6.867,-0.717,6.829,-0.739,-5.843,-10.79,0.0,0.0,0.377,0,0.0,0.0,0.382,0,0
911.509,-111.951,-48.171,-2.619,5.94,-0.775,5.889,-0.731,-4.193,-7.427,0.0,0.0,0.389,0,0.0,0.0,0.402,1,0
911.659,-112.722,-48.444,-2.726,5.147,-0.704,5.098,-0.663,-2.599,-4.721,0.0,0.0,0.362,0,0.0,0.0,0.376,1,0
911.759,-113.191,-48.564,-2.787,4.592,-0.715,4.536,-0.57,-1.879,-5.345,1.0,0.0,0.33,0,0.0,0.0,0.344,1,0
911.859,-113.616,-48.641,-2.839,4.147,-0.661,4.094,-0.48,-0.995,-2.465,1.0,0.0,0.297,0,0.687,0.0,0.312,1,0
911.959,-114.017,-48.696,-2.883,4.03,-0.595,3.985,-0.425,-0.961,2.468,1.0,0.0,0.251,0,1.0,0.0,0.268,1,0
912.109,-114.662,-48.766,-2.942,4.676,-0.531,4.645,-0.39,-1.644,6.125,1.0,0.0,0.202,0,1.0,0.0,0.219,1,0
912.209,-115.163,-48.808,-2.98,5.321,-0.498,5.297,-0.382,-1.411,2.87,1.0,0.0,0.171,0,1.0,0.0,0.186,1,0
912.309,-115.711,-48.843,-3.016,5.588,-0.418,5.573,-0.311,-1.448,5.41,1.0,0.0,0.142,0,1.0,0.0,0.156,1,0
912.409,-116.291,-48.869,-3.05,5.875,-0.359,5.864,-0.316,-0.548,0.018,1.0,0.0,0.113,0,1.0,0.0,0.126,0,0
912.509,-116.88,-48.886,-3.077,6.063,-0.286,6.056,-0.255,-1.655,14.108,1.0,0.0,0.09,0,1.0,0.0,0.101,2,0
912.659,-117.947,-48.895,-3.114,7.862,-0.243,7.858,-0.229,-1.252,9.024,1.0,0.0,0.059,0,1.0,0.0,0.068,2,0
912.759,-118.782,-48.889,-3.135,8.731,-0.187,8.729,-0.194,-0.848,3.669,1.0,0.0,0.04,0,1.0,0.0,0.048,2,0
912.859,-119.678,-48.873,3.132,9.062,-0.117,9.061,-0.147,-0.557,-3.399,1.0,0.0,0.024,0,1.0,0.0,0.033,0,0
912.959,-120.589,-48.851,3.12,9.485,-0.069,9.485,-0.102,-0.578,8.585,1.0,0.0,0.014,0,1.0,0.0,0.019,3,0
913.109,-122.108,-48.803,3.109,10.631,-0.026,10.631,-0.048,-0.218,6.324,1.0,0.0,0.002,0,1.0,0.0,0.006,3,0
913.209,-123.205,-48.764,3.106,11.247,-0.005,11.247,-0.02,-0.032,5.785,1.0,0.0,-0.001,0,1.0,0.0,-0.0,3,0
913.309,-124.361,-48.723,3.105,11.819,0.005,11.819,-0.002,0.127,5.547,1.0,0.0,-0.004,0,1.0,0.0,-0.004,3,0
913.409,-125.572,-48.68,3.106,12.37,0.01,12.37,0.011,0.228,5.446,1.0,0.0,-0.005,0,1.0,0.0,-0.005,3,0
913.559,-127.469,-48.616,3.108,12.75,0.011,12.75,0.023,0.255,2.023,1.0,0.0,-0.006,0,1.0,0.0,-0.006,0,0
913.659,-128.757,-48.576,3.111,13.155,0.009,13.155,0.025,0.289,5.352,0.177,0.0,-0.006,0,0.887,0.0,-0.005,4,0
913.759,-130.101,-48.537,3.113,13.646,0.006,13.646,0.025,0.29,2.652,0.0,0.0,-0.005,0,0.0,0.0,-0.005,4,0
913.909,-132.167,-48.482,3.117,13.787,0.001,13.787,0.021,0.27,-0.528,0.0,0.0,-0.004,0,0.0,0.0,-0.004,4,0
914.009,-133.537,-48.45,3.119,13.641,0.002,13.641,0.02,0.242,-1.929,0.0,0.0,-0.004,0,0.0,0.0,-0.004,4,0
914.109,-134.889,-48.42,3.121,13.441,0.001,13.441,0.018,0.206,-2.149,0.0,0.0,-0.003,0,0.0,0.0,-0.003,4,0
914.209,-136.221,-48.394,3.122,13.224,0.001,13.224,0.015,0.174,0.52,0.0,0.0,-0.003,0,0.0,0.0,-0.003,0,0
914.359,-138.198,-48.357,3.124,12.988,0.0,12.988,0.011,0.145,-4.885,0.0,0.0,-0.002,0,0.0,0.0,-0.002,3,0
914.459,-139.47,-48.336,3.125,12.537,0.001,12.537,0.009,0.124,-3.807,0.0,0.0,-0.002,0,0.0,0.0,-0.002,3,0
914.559,-140.703,-48.316,3.126,12.181,0.001,12.181,0.008,0.097,-3.372,0.0,0.0,-0.001,0,0.0,0.0,-0.002,3,0
914.709,-142.491,-48.289,3.127,11.702,0.002,11.702,0.006,0.069,-2.872,0.0,0.0,-0.001,0,0.0,0.0,-0.001,3,0
914.809,-143.645,-48.273,3.128,11.404,0.002,11.404,0.006,0.06,-2.781,0.0,0.0,-0.001,0,0.0,0.0,-0.001,3,0
914.909,-144.77,-48.258,3.128,11.115,0.002,11.115,0.005,0.055,-2.708,0.0,0.0,-0.001,0,0.0,0.0,-0.001,3,0
915.009,-145.866,-48.244,3.129,10.832,0.002,10.832,0.004,0.049,-2.644,0.0,0.0,-0.001,0,0.0,0.0,-0.001,3,0
915.159,-147.465,-48.224,3.129,10.592,0.002,10.592,0.003,0.037,-0.069,0.0,0.0,-0.001,0,0.0,0.0,-0.001,0,0
915.259,-148.507,-48.211,3.13,10.082,0.002,10.082,0.003,0.025,-8.021,0.0,0.0,-0.001,0,0.0,0.0,-0.001,2,0
915.359,-149.473,-48.2,3.13,9.376,0.002,9.376,0.002,0.019,-5.687,0.0,0.0,-0.001,0,0.0,0.0,-0.001,2,0
915.459,-150.38,-48.189,3.13,8.857,0.001,8.857,0.002,0.018,-4.91,0.0,0.0,-0.001,0,0.0,0.0,-0.001,2,0
915.609,-151.653,-48.175,3.13,8.175,0.001,8.175,0.002,0.016,-3.934,0.0,0.0,-0.001,0,0.0,0.0,-0.001,2,0
915.709,-152.448,-48.166,3.13,7.766,0.001,7.766,0.002,0.01,-3.736,0.0,0.0,-0.0,0,0.0,0.0,-0.0,2,0
915.859,-153.567,-48.154,3.131,7.197,0.001,7.197,0.001,-0.007,-3.641,0.0,1.0,0.0,0,0.0,1.0,0.0,2,0
915.959,-154.269,-48.146,3.131,6.898,0.0,6.898,0.0,-0.0,-4.201,0.0,1.0,0.0,0,0.0,1.0,0.0,0,0
916.059,-154.925,-48.139,3.131,6.109,0.0,6.109,0.0,0.0,-16.985,0.0,1.0,0.0,0,0.0,1.0,0.0,1,0
916.159,-155.431,-48.134,3.131,3.941,0.0,3.941,0.0,-0.0,-26.347,0.0,1.0,0.0,0,0.0,1.0,0.0,1,0
916.259,-155.677,-48.131,3.131,1.32,-0.0,1.32,0.0,0.0,-22.174,0.0,1.0,0.0,0,0.0,1.0,0.0,1,0
916.409,-155.706,-48.131,3.131,0.011,-0.0,-0.011,-0.0,-0.0,0.005,0.0,1.0,0.0,0,0.0,1.0,0.0,1,1
916.509,-155.708,-48.131,3.131,0.009,-0.0,-0.009,-0.0,0.0,0.038,0.0,1.0,0.0,0,0.0,1.0,0.0,1,1
916.609,-155.71,-48.13,3.131,0.006,-0.0,-0.006,-0.0,0.0,0.028,0.0,1.0,0.0,0,0.0,1.0,0.0,1,1
916.759,-155.711,-48.13,3.131,0.002,-0.0,-0.002,-0.0,0.0,0.017,0.0,1.0,0.0,0,0.0,1.0,0.0,1,1
916.859,-155.711,-48.13,3.131,0.001,-0.0,-0.001,-0.0,0.0,0.007,0.0,1.0,0.0,0,0.0,1.0,0.0,1,1
916.959,-155.711,-48.13,3.131,0.001,0.0,-0.001,-0.0,-0.0,0.004,0.0,1.0,0.0,0,0.0,1.0,0.0,1,1
917.059,-155.711,-48.13,3.131,0.0,-0.0,-0.0,-0.0,0.0,0.002,0.0,1.0,0.0,0,0.0,1.0,0.0,1,1
917.159,-155.711,-48.13,3.131,0.0,-0.0,0.0,-0.0,0.0,-0.0,0.0,1.0,0.0,0,0.0,1.0,0.0,1,1
918.209,-155.711,-48.13,3.131,0.0,-0.0,0.0,-0.0,0.0,-0.0,0.0,1.0,0.0,0,0.0,1.0,0.0,1,1
919.259,-155.711,-48.13,3.131,0.0,-0.0,0.0,-0.0,0.0,-0.0,0.0,1.0,0.0,0,0.0,1.0,0.0,1,1
920.209,-155.711,-48.13,3.131,0.0,-0.0,-0.0,0.0,-0.0,-0.002,1.0,0.0,-0.001,0,1.0,0.0,0.002,1,1
920.309,-155.713,-48.13,3.131,0.014,-0.0,-0.014,-0.0,0.001,1.917,1.0,0.0,-0.001,0,1.0,0.0,-0.001,1,1
920.409,-155.718,-48.13,3.131,0.14,0.0,0.14,0.0,0.001,0.771,1.0,0.0,-0.001,0,1.0,0.0,-0.001,1,0
920.509,-155.744,-48.13,3.131,0.387,0.0,0.387,-0.015,0.003,3.538,1.0,0.0,-0.001,0,1.0,0.0,-0.001,1,0
920.659,-155.857,-48.129,3.13,1.109,0.001,1.109,-0.011,-0.015,6.535,1.0,0.0,-0.001,0,1.0,0.0,-0.001,1,0
920.759,-156.002,-48.127,3.13,1.707,0.001,1.707,-0.013,0.013,6.049,1.0,0.0,-0.001,0,1.0,0.0,-0.001,1,0
920.859,-156.208,-48.125,3.13,2.377,0.002,2.377,-0.009,-0.0,6.862,1.0,0.0,-0.001,0,1.0,0.0,-0.001,1,0
920.959,-156.486,-48.122,3.13,3.139,0.002,3.139,0.001,0.005,7.847,0.356,0.0,-0.001,0,0.809,0.0,-0.001,1,0
921.109,-157.038,-48.116,3.131,3.99,0.002,3.99,0.001,0.006,3.124,0.04,0.0,-0.001,0,0.116,0.0,-0.001,1,0
921.209,-157.437,-48.112,3.131,3.965,0.002,3.965,0.004,0.003,-1.132,0.491,0.0,-0.001,0,0.361,0.0,-0.001,1,0
921.309,-157.827,-48.108,3.131,3.885,0.001,3.885,0.007,0.005,0.359,0.459,0.0,-0.001,0,0.526,0.0,-0.001,1,0
921.409,-158.217,-48.104,3.131,3.944,0.001,3.944,0.006,0.004,0.692,0.241,0.0,-0.001,0,0.343,0.0,-0.001,1,0
921.559,-158.813,-48.098,3.131,3.959,0.001,3.959,-0.005,0.001,-0.904,0.26,0.0,-0.001,0,0.213,0.0,-0.001,1,0
921.659,-159.204,-48.094,3.131,3.864,0.001,3.864,-0.006,-0.001,-0.869,0.327,0.0,-0.0,0,0.304,0.0,-0.0,1,0
921.759,-159.585,-48.09,3.131,3.788,0.001,3.788,-0.006,-0.001,-0.481,0.315,0.0,-0.0,0,0.328,0.0,-0.0,1,0
921.909,-160.148,-48.085,3.131,3.724,0.001,3.724,0.008,0.002,-0.428,0.297,0.0,-0.0,0,0.295,0.0,-0.0,1,0
922.009,-160.518,-48.081,3.131,3.68,0.0,3.68,0.008,0.003,-0.45,0.315,0.0,-0.0,0,0.305,0.0,-0.0,1,0
922.159,-161.065,-48.076,3.131,3.62,0.001,3.62,-0.007,0.003,-0.344,0.329,0.0,-0.0,0,0.323,0.0,-0.0,1,0
922.259,-161.426,-48.072,3.132,3.595,0.001,3.595,-0.007,0.002,-0.178,0.332,0.0,-0.001,0,0.332,0.0,-0.0,1,0
922.359,-161.784,-48.069,3.132,3.579,0.001,3.579,-0.007,-0.0,-0.268,0.311,0.0,-0.001,0,0.263,0.0,-0.0,1,0
922.509,-162.317,-48.063,3.132,3.531,0.002,3.531,0.01,0.032,-0.312,0.351,0.0,-0.002,0,0.329,0.0,-0.002,1,0
922.609,-162.67,-48.06,3.132,3.518,0.003,3.518,0.01,0.009,0.016,0.346,0.0,-0.001,0,0.354,0.0,-0.002,1,0
922.709,-163.021,-48.057,3.132,3.521,0.003,3.521,0.01,0.007,0.038,0.335,0.0,-0.003,0,0.339,0.0,-0.001,1,0
922.859,-163.55,-48.053,3.133,3.523,0.006,3.523,-0.004,0.015,-0.025,0.341,0.0,-0.003,0,0.338,0.0,-0.003,1,0
922.959,-163.902,-48.05,3.133,3.52,0.006,3.52,-0.004,0.009,-0.004,0.345,0.0,-0.003,0,0.344,0.0,-0.003,1,0
923.059,-164.254,-48.048,3.133,3.521,0.005,3.521,-0.004,0.071,0.022,0.343,0.0,-0.005,0,0.344,0.0,-0.005,1,0
923.159,-164.606,-48.046,3.134,3.523,0.009,3.523,-0.002,0.022,0.023,0.341,0.0,-0.005,0,0.342,0.0,-0.005,1,0
923.309,-165.135,-48.043,3.135,3.526,0.008,3.526,0.014,0.087,0.011,0.341,0.0,-0.007,0,0.341,0.0,-0.007,1,0
923.409,-165.488,-48.042,3.136,3.527,0.012,3.527,0.017,0.033,0.012,0.342,0.0,-0.006,0,0.342,0.0,-0.007,1,0
923.509,-165.841,-48.042,3.137,3.528,0.011,3.528,0.016,0.024,0.013,0.342,0.0,-0.006,0,0.341,0.0,-0.006,1,0
923.659,-166.37,-48.041,3.138,3.53,0.014,3.53,0.002,0.046,0.005,0.341,0.0,-0.008,0,0.341,0.0,-0.008,1,0
923.759,-166.723,-48.041,3.139,3.53,0.015,3.53,0.002,0.027,0.002,0.341,0.0,-0.007,0,0.341,0.0,-0.007,1,0
923.859,-167.076,-48.042,3.14,3.531,0.014,3.531,0.002,0.022,0.001,0.341,0.0,-0.009,0,0.341,0.0,-0.007,1,0
924.009,-167.606,-48.044,-3.142,3.531,0.016,3.531,0.02,0.042,0.004,0.341,0.0,-0.009,0,0.341,0.0,-0.009,1,0
924.109,-167.959,-48.045,-3.14,3.531,0.016,3.531,0.019,0.032,0.003,0.341,0.0,-0.008,0,0.34,0.0,-0.008,1,0
924.259,-168.489,-48.049,-3.139,3.532,0.018,3.531,0.005,0.053,-0.003,0.34,0.0,-0.01,0,0.341,0.0,-0.01,1,0
924.359,-168.842,-48.052,-3.137,3.532,0.018,3.531,0.005,0.034,-0.003,0.34,0.0,-0.009,0,0.341,0.0,-0.009,1,0
924.459,-169.195,-48.055,-3.136,3.532,0.017,3.531,0.004,0.1,-0.004,0.34,0.0,-0.011,0,0.341,0.0,-0.011,1,0
924.559,-169.548,-48.059,-3.135,3.531,0.02,3.531,0.007,0.042,-0.003,0.34,0.0,-0.01,0,0.341,0.0,-0.011,1,0
924.709,-170.078,-48.066,-3.133,3.531,0.018,3.531,0.021,0.035,0.002,0.34,0.0,-0.01,0,0.34,0.0,-0.01,1,0
924.809,-170.431,-48.071,-3.131,3.531,0.022,3.531,0.024,0.073,0.002,0.341,0.0,-0.012,0,0.34,0.0,-0.012,1,0
924.909,-170.784,-48.077,-3.13,3.531,0.022,3.531,0.024,0.047,0.003,0.341,0.0,-0.011,0,0.34,0.0,-0.012,1,0
925.059,-171.314,-48.087,-3.127,3.531,0.02,3.531,0.007,0.41,-0.013,0.34,0.0,-0.023,0,0.341,0.0,-0.023,1,0
925.159,-171.667,-48.096,-3.125,3.531,0.041,3.531,0.022,0.12,-0.006,0.341,0.0,-0.022,0,0.342,0.0,-0.023,1,0
925.259,-172.019,-48.107,-3.122,3.531,0.041,3.531,0.021,0.073,-0.004,0.34,0.0,-0.02,0,0.341,0.0,-0.021,1,0
925.409,-172.549,-48.124,-3.117,3.531,0.036,3.531,0.034,0.063,0.004,0.34,0.0,-0.019,0,0.34,0.0,-0.019,1,0
925.509,-172.902,-48.136,-3.115,3.531,0.033,3.531,0.032,0.06,0.003,0.341,0.0,-0.017,0,0.34,0.0,-0.017,1,0
925.609,-173.255,-48.149,-3.113,3.531,0.031,3.531,0.03,0.378,-0.005,0.341,0.0,-0.027,0,0.34,0.0,-0.027,1,0
925.709,-173.607,-48.164,-3.109,3.531,0.047,3.53,0.043,0.134,0.006,0.342,0.0,-0.026,0,0.341,0.0,-0.026,1,0
925.859,-174.137,-48.189,-3.104,3.532,0.046,3.531,0.025,0.083,-0.006,0.34,0.0,-0.035,0,0.341,0.0,-0.024,1,0
925.959,-174.489,-48.208,-3.101,3.531,0.059,3.531,0.036,0.214,-0.014,0.341,0.0,-0.034,0,0.341,0.0,-0.035,1,0
926.059,-174.842,-48.229,-3.096,3.531,0.062,3.531,0.037,0.127,-0.008,0.34,0.0,-0.032,0,0.342,0.0,-0.033,1,0
926.209,-175.37,-48.263,-3.09,3.531,0.057,3.531,0.049,0.459,-0.008,0.341,0.0,-0.041,0,0.339,0.0,-0.042,1,0
926.309,-175.722,-48.289,-3.085,3.531,0.073,3.53,0.062,0.183,0.007,0.342,0.0,-0.039,0,0.341,0.0,-0.04,1,0
926.409,-176.074,-48.317,-3.079,3.531,0.071,3.53,0.059,0.138,0.012,0.342,0.0,-0.036,0,0.34,0.0,-0.038,1,0
926.559,-176.602,-48.362,-3.072,3.531,0.081,3.53,0.052,0.476,-0.009,0.341,0.0,-0.046,0,0.339,0.0,-0.047,1,0
926.659,-176.954,-48.395,-3.066,3.531,0.083,3.53,0.052,0.164,-0.011,0.343,0.0,-0.044,0,0.343,0.0,-0.044,1,0
926.759,-177.305,-48.431,-3.06,3.532,0.078,3.531,0.048,0.14,-0.011,0.339,0.0,-0.051,0,0.342,0.0,-0.041,1,0
926.859,-177.656,-48.468,-3.054,3.531,0.089,3.53,0.057,0.265,-0.023,0.34,0.0,-0.049,0,0.342,0.0,-0.05,1,0
927.009,-178.182,-48.53,-3.044,3.531,0.087,3.53,0.071,0.175,-0.013,0.339,0.0,-0.046,0,0.343,0.0,-0.047,1,0
927.109,-178.533,-48.573,-3.038,3.531,0.081,3.53,0.067,0.209,0.006,0.342,0.0,-0.043,0,0.339,0.0,-0.045,1,0
927.209,-178.883,-48.618,-3.033,3.531,0.079,3.53,0.065,0.153,0.006,0.342,0.0,-0.041,0,0.339,0.0,-0.042,1,0
927.359,-179.408,-48.687,-3.025,3.532,0.05,3.532,0.025,-0.087,-0.005,0.342,0.0,-0.019,0,0.342,0.0,-0.019,1,0
927.459,-179.758,-48.732,-3.022,3.532,0.035,3.532,0.017,-0.948,-0.017,0.34,0.0,0.018,0,0.341,0.0,0.016,1,0
927.559,-180.109,-48.773,-3.024,3.53,-0.026,3.53,-0.03,-0.21,0.002,0.342,0.0,0.065,0,0.343,0.0,0.019,1,0
927.659,-180.46,-48.809,-3.028,3.528,-0.092,3.527,-0.08,-0.676,-0.015,0.348,0.0,0.067,0,0.341,0.0,0.067,1,0
927.809,-180.988,-48.847,-3.042,3.526,-0.187,3.521,-0.133,-0.96,-0.08,0.352,0.0,0.122,0,0.343,0.0,0.123,1,0
927.909,-181.34,-48.859,-3.057,3.528,-0.215,3.521,-0.148,-2.137,-0.303,0.338,0.0,0.184,0,0.35,0.0,0.184,1,0
928.009,-181.692,-48.858,-3.078,3.523,-0.312,3.51,-0.222,-0.907,-0.055,0.345,0.0,0.251,0,0.364,0.0,0.181,1,0
928.159,-182.219,-48.829,-3.118,3.518,-0.421,3.493,-0.316,-1.196,0.01,0.359,0.0,0.24,0,0.363,0.0,0.246,1,0
928.259,-182.569,-48.791,3.134,3.531,-0.422,3.506,-0.311,-2.891,-0.591,0.337,0.0,0.321,0,0.335,0.0,0.323,1,0
928.359,-182.916,-48.734,3.098,3.516,-0.535,3.475,-0.4,-1.501,-0.095,0.37,0.0,0.39,0,0.371,0.0,0.316,1,0
928.509,-183.428,-48.611,3.033,3.516,-0.645,3.456,-0.463,-1.625,-0.184,0.35,0.0,0.368,0,0.394,0.0,0.377,1,0
928.609,-183.763,-48.505,2.987,3.541,-0.639,3.483,-0.451,-2.985,-0.918,0.31,0.0,0.427,0,0.346,0.0,0.435,1,0
928.709,-184.091,-48.377,2.936,3.529,-0.721,3.455,-0.517,-1.682,-0.383,0.348,0.0,0.407,0,0.383,0.0,0.418,1,0
928.859,-184.569,-48.152,2.858,3.524,-0.763,3.44,-0.562,-2.184,-0.442,0.391,0.0,0.449,0,0.319,0.0,0.459,1,0
928.959,-184.874,-47.977,2.802,3.529,-0.768,3.444,-0.56,-1.649,-0.071,0.352,0.0,0.425,0,0.348,0.0,0.437,1,0
929.059,-185.171,-47.786,2.748,3.549,-0.739,3.472,-0.536,-3.009,-0.968,0.328,0.0,0.473,0,0.313,0.0,0.482,1,0
929.159,-185.454,-47.577,2.691,3.526,-0.799,3.435,-0.586,-1.847,-0.321,0.373,0.0,0.451,0,0.369,0.0,0.463,1,0
929.259,-185.725,-47.352,2.634,3.537,-0.777,3.45,-0.565,-3.034,-0.923,0.338,0.0,0.492,0,0.337,0.0,0.503,1,0
929.359,-185.979,-47.109,2.575,3.525,-0.833,3.425,-0.61,-1.898,-0.258,0.363,0.0,0.468,0,0.367,0.0,0.481,1,0
929.509,-186.333,-46.717,2.486,3.532,-0.859,3.426,-0.617,-2.166,-0.71,0.367,0.0,0.496,0,0.332,0.0,0.509,1,0
929.609,-186.545,-46.437,2.424,3.535,-0.852,3.431,-0.606,-1.689,-0.341,0.329,0.0,0.47,0,0.366,0.0,0.483,1,0
929.709,-186.744,-46.145,2.364,3.553,-0.816,3.458,-0.578,-2.662,-1.047,0.306,0.0,0.493,0,0.333,0.0,0.506,1,0
929.809,-186.923,-45.842,2.303,3.537,-0.842,3.435,-0.602,-1.692,-0.519,0.34,0.0,0.466,0,0.376,0.0,0.48,1,0
929.959,-187.162,-45.37,2.216,3.544,-0.784,3.456,-0.57,-2.026,-0.465,0.334,0.0,0.447,0,0.317,0.0,0.461,1,0
930.059,-187.301,-45.045,2.16,3.54,-0.77,3.455,-0.561,-1.5,-0.256,0.346,0.0,0.42,0,0.331,0.0,0.433,1,0
930.159,-187.425,-44.714,2.106,3.541,-0.728,3.465,-0.53,-1.384,-0.207,0.341,0.0,0.396,0,0.323,0.0,0.408,1,0
930.259,-187.536,-44.379,2.056,3.54,-0.687,3.473,-0.501,-1.334,-0.222,0.342,0.0,0.373,0,0.321,0.0,0.385,1,0
930.359,-187.634,-44.04,2.008,3.537,-0.647,3.477,-0.472,-1.202,-0.177,0.344,0.0,0.349,0,0.325,0.0,0.361,1,0
930.509,-187.759,-43.525,1.942,3.537,-0.591,3.487,-0.417,-1.09,-0.301,0.345,0.0,0.329,0,0.345,0.0,0.329,1,0
930.609,-187.828,-43.179,1.901,3.537,-0.544,3.495,-0.382,-0.866,-0.217,0.322,0.0,0.287,0,0.346,0.0,0.297,1,0
930.709,-187.888,-42.831,1.864,3.536,-0.504,3.5,-0.354,-0.885,-0.244,0.328,0.0,0.269,0,0.341,0.0,0.278,1,0
930.809,-187.939,-42.482,1.829,3.532,-0.473,3.5,-0.332,-0.436,-0.098,0.333,0.0,0.235,0,0.346,0.0,0.245,1,0
930.909,-187.983,-42.132,1.798,3.533,-0.418,3.508,-0.292,-0.674,-0.156,0.329,0.0,0.219,0,0.34,0.0,0.226,1,0
931.009,-188.02,-41.781,1.769,3.531,-0.388,3.51,-0.271,-0.69,-0.164,0.333,0.0,0.206,0,0.344,0.0,0.212,1,0
931.109,-188.05,-41.43,1.743,3.528,-0.364,3.509,-0.254,-0.178,-0.028,0.336,0.0,0.173,0,0.347,0.0,0.181,1,0
931.259,-188.086,-40.902,1.708,3.529,-0.298,3.516,-0.222,-0.483,-0.092,0.331,0.0,0.161,0,0.34,0.0,0.167,1,0
931.359,-188.103,-40.55,1.688,3.527,-0.278,3.516,-0.208,-0.279,0.022,0.347,0.0,0.136,0,0.336,0.0,0.142,1,0
931.459,-188.117,-40.197,1.669,3.527,-0.246,3.518,-0.185,-0.418,0.008,0.344,0.0,0.127,0,0.335,0.0,0.131,1,0
931.559,-188.126,-39.845,1.652,3.527,-0.228,3.52,-0.172,-0.428,0.004,0.344,0.0,0.119,0,0.336,0.0,0.123,1,0
931.709,-188.132,-39.316,1.629,3.529,-0.208,3.523,-0.142,-0.401,0.009,0.345,0.0,0.111,0,0.337,0.0,0.115,1,0
931.759,-188.132,-39.139,1.621,3.528,-0.201,3.522,-0.153,-0.379,0.013,0.344,0.0,0.114,0,0.337,0.0,0.108,1,0
931.859,-188.128,-38.786,1.607,3.528,-0.201,3.522,-0.154,-0.459,0.004,0.346,0.0,0.107,0,0.337,0.0,0.111,1,0
931.959,-188.12,-38.434,1.593,3.528,-0.193,3.523,-0.148,-0.377,0.02,0.344,0.0,0.101,0,0.338,0.0,0.104,1,0
932.059,-188.107,-38.081,1.579,3.529,-0.182,3.525,-0.139,-0.843,-0.046,0.343,0.0,0.113,0,0.337,0.0,0.115,1,0
932.159,-188.089,-37.729,1.565,3.528,-0.2,3.522,-0.153,-0.447,0.011,0.346,0.0,0.106,0,0.341,0.0,0.11,1,0
932.259,-188.066,-37.377,1.551,3.53,-0.192,3.524,-0.146,-1.056,-0.069,0.343,0.0,0.125,0,0.338,0.0,0.128,1,0
932.359,-188.035,-37.025,1.535,3.528,-0.22,3.521,-0.169,-0.511,0.015,0.346,0.0,0.118,0,0.343,0.0,0.122,1,0
932.459,-187.999,-36.674,1.52,3.53,-0.213,3.524,-0.161,-0.419,0.028,0.342,0.0,0.142,0,0.337,0.0,0.115,1,0
932.559,-187.958,-36.324,1.504,3.529,-0.239,3.52,-0.183,-0.729,-0.031,0.352,0.0,0.136,0,0.335,0.0,0.139,1,0
932.659,-187.908,-35.974,1.486,3.529,-0.242,3.52,-0.183,-0.511,0.031,0.346,0.0,0.128,0,0.341,0.0,0.132,1,0
932.759,-187.853,-35.626,1.469,3.532,-0.231,3.524,-0.174,-1.41,-0.141,0.341,0.0,0.157,0,0.335,0.0,0.16,1,0
932.859,-187.788,-35.279,1.45,3.528,-0.274,3.517,-0.208,-0.671,-0.001,0.349,0.0,0.15,0,0.346,0.0,0.154,1,0
932.959,-187.717,-34.933,1.43,3.53,-0.267,3.52,-0.2,-1.531,-0.16,0.342,0.0,0.18,0,0.338,0.0,0.183,1,0
933.059,-187.635,-34.59,1.408,3.527,-0.312,3.513,-0.235,-0.756,0.004,0.349,0.0,0.171,0,0.346,0.0,0.176,1,0
933.159,-187.545,-34.249,1.386,3.531,-0.304,3.518,-0.227,-1.99,-0.289,0.341,0.0,0.217,0,0.336,0.0,0.22,1,0
933.259,-187.443,-33.912,1.36,3.524,-0.372,3.504,-0.28,-0.961,-0.015,0.355,0.0,0.208,0,0.354,0.0,0.213,1,0
933.359,-187.33,-33.578,1.333,3.53,-0.366,3.511,-0.272,-2.391,-0.412,0.341,0.0,0.267,0,0.337,0.0,0.27,1,0
933.459,-187.203,-33.25,1.302,3.52,-0.452,3.491,-0.338,-1.2,-0.038,0.36,0.0,0.256,0,0.36,0.0,0.262,1,0
933.559,-187.063,-32.926,1.269,3.53,-0.448,3.502,-0.33,-2.742,-0.567,0.339,0.0,0.324,0,0.337,0.0,0.327,1,0
933.659,-186.907,-32.611,1.231,3.518,-0.544,3.475,-0.405,-1.214,-0.157,0.366,0.0,0.311,0,0.367,0.0,0.318,1,0
933.759,-186.735,-32.303,1.192,3.518,-0.516,3.48,-0.394,-2.92,-0.811,0.361,0.0,0.385,0,0.352,0.0,0.389,1,0
933.859,-186.546,-32.007,1.148,3.495,-0.608,3.442,-0.474,-1.668,-0.076,0.392,0.0,0.459,0,0.4,0.0,0.378,1,0
933.959,-186.34,-31.723,1.099,3.49,-0.689,3.421,-0.538,-2.415,-0.343,0.417,0.0,0.443,0,0.351,0.0,0.452,1,0
934.059,-186.113,-31.455,1.045,3.509,-0.715,3.435,-0.551,-1.721,0.085,0.357,0.0,0.522,0,0.366,0.0,0.433,1,0
934.109,-185.993,-31.325,1.018,3.531,-0.709,3.459,-0.531,-3.479,-1.288,0.317,0.0,0.514,0,0.357,0.0,0.522,1,0
934.209,-185.741,-31.081,0.959,3.514,-0.845,3.411,-0.608,-1.913,-0.531,0.364,0.0,0.491,0,0.422,0.0,0.503,1,0
934.259,-185.607,-30.967,0.928,3.512,-0.836,3.411,-0.617,-1.111,-0.143,0.38,0.0,0.479,0,0.364,0.0,0.491,1,0
934.309,-185.47,-30.857,0.898,3.518,-0.788,3.429,-0.604,-2.134,-0.553,0.36,0.0,0.555,0,0.38,0.0,0.479,1,0
934.359,-185.331,-30.748,0.868,3.514,-0.794,3.423,-0.59,-3.671,-1.79,0.373,0.0,0.544,0,0.36,0.0,0.555,1,0
934.409,-185.187,-30.646,0.837,3.471,-0.873,3.359,-0.645,-2.493,-0.956,0.476,0.0,0.532,0,0.373,0.0,0.544,1,0
934.509,-184.891,-30.461,0.772,3.46,-0.875,3.347,-0.645,-1.904,-0.417,0.438,0.0,0.518,0,0.476,0.0,0.532,1,0
934.559,-184.738,-30.375,0.74,3.486,-0.862,3.378,-0.638,-2.18,0.243,0.348,0.0,0.534,0,0.405,0.0,0.504,1,0
934.609,-184.582,-30.292,0.709,3.528,-0.864,3.42,-0.616,-3.097,-0.618,0.299,0.0,0.521,0,0.348,0.0,0.534,1,0
934.659,-184.423,-30.214,0.677,3.54,-0.909,3.421,-0.649,-2.072,-0.543,0.545,0.0,0.506,0,0.299,0.0,0.521,1,0
934.709,-184.261,-30.142,0.644,3.543,-0.902,3.426,-0.632,-1.943,-0.419,0.422,0.0,0.491,0,0.545,0.0,0.506,1,0
934.759,-184.098,-30.075,0.613,3.549,-0.891,3.435,-0.629,-1.943,-0.419,0.422,0.0,0.491,0,0.545,0.0,0.506,1,0
934.809,-183.931,-30.011,0.582,3.569,-0.866,3.462,-0.603,-1.669,0.294,0.373,0.0,0.463,0,0.413,0.0,0.476,1,0
934.859,-183.763,-29.951,0.552,3.606,-0.844,3.506,-0.605,-1.409,0.287,1.0,0.0,0.463,0,0.373,0.0,0.463,1,0
934.909,-183.593,-29.896,0.522,3.638,-0.811,3.547,-0.584,-2.064,0.287,1.0,0.0,0.459,0,1.0,0.0,0.463,1,0
934.959,-183.42,-29.844,0.493,3.678,-0.809,3.588,-0.594,-2.144,1.536,1.0,0.0,0.438,0,1.0,0.0,0.459,1,0
935.009,-183.242,-29.796,0.463,3.779,-0.807,3.692,-0.602,-1.935,3.828,1.0,0.0,0.417,0,1.0,0.0,0.438,1,0
935.059,-183.053,-29.75,0.433,3.989,-0.785,3.911,-0.62,-3.041,4.925,1.0,0.0,0.395,0,1.0,0.0,0.417,1,0
935.109,-182.853,-29.704,0.402,4.259,-0.81,4.181,-0.619,-3.222,5.627,1.0,0.0,0.374,0,1.0,0.0,0.395,1,0
935.159,-182.638,-29.659,0.371,4.567,-0.833,4.49,-0.626,-3.39,5.989,1.0,0.0,0.342,0,1.0,0.0,0.374,1,0
935.209,-182.407,-29.614,0.34,4.894,-0.851,4.82,-0.634,-2.658,6.391,1.0,0.0,0.316,0,1.0,0.0,0.342,1,0
935.259,-182.159,-29.572,0.308,5.233,-0.824,5.168,-0.624,-2.681,6.542,1.0,0.0,0.291,0,1.0,0.0,0.316,1,0
935.309,-181.894,-29.531,0.278,5.579,-0.79,5.523,-0.607,-1.769,1.733,1.0,0.0,0.266,0,1.0,0.0,0.291,1,0
935.359,-181.618,-29.491,0.248,5.68,-0.711,5.636,-0.615,-2.207,1.246,1.0,0.0,0.242,0,1.0,0.0,0.266,1,0
935.409,-181.339,-29.453,0.221,5.758,-0.665,5.72,-0.516,-1.599,1.632,1.0,0.0,0.219,0,1.0,0.0,0.242,1,0
935.459,-181.05,-29.422,0.194,5.849,-0.587,5.819,-0.568,-1.478,-0.139,1.0,0.0,0.197,0,1.0,0.0,0.219,0,0
935.509,-180.759,-29.394,0.17,5.85,-0.52,5.827,-0.43,-1.539,0.541,1.0,0.0,0.177,0,1.0,0.0,0.197,0,0
935.559,-180.467,-29.371,0.147,5.884,-0.464,5.866,-0.478,-3.073,14.651,1.0,0.0,0.158,0,1.0,0.0,0.177,2,0
935.609,-180.15,-29.35,0.125,6.627,-0.473,6.61,-0.434,-2.675,11.972,1.0,0.0,0.139,0,1.0,0.0,0.158,2,0
935.659,-179.799,-29.332,0.104,7.235,-0.454,7.22,-0.418,-2.366,10.336,1.0,0.0,0.121,0,1.0,0.0,0.139,2,0
935.709,-179.421,-29.318,0.084,7.758,-0.418,7.747,-0.394,-2.206,9.19,1.0,0.0,0.105,0,1.0,0.0,0.121,2,0
935.759,-179.019,-29.306,0.065,8.223,-0.374,8.215,-0.367,-2.055,8.409,1.0,0.0,0.088,0,1.0,0.0,0.105,2,0
935.809,-178.594,-29.299,0.048,8.648,-0.328,8.642,-0.337,-1.809,7.9,1.0,0.0,0.073,0,1.0,0.0,0.088,2,0
935.859,-178.15,-29.295,0.032,9.047,-0.276,9.043,-0.302,-1.075,-3.019,1.0,0.0,0.059,0,1.0,0.0,0.073,0,0
935.909,-177.702,-29.294,0.019,8.898,-0.208,8.895,-0.259,-1.183,3.253,1.0,0.0,0.047,0,1.0,0.0,0.059,0,0
936.009,-176.795,-29.302,-0.003,9.394,-0.13,9.393,-0.187,-1.039,8.873,1.0,0.0,0.035,0,1.0,0.0,0.035,3,0
936.059,-176.311,-29.311,-0.011,9.838,-0.101,9.838,-0.152,-0.853,7.716,1.0,0.0,0.02,0,1.0,0.0,0.027,3,0
936.109,-175.807,-29.322,-0.018,10.225,-0.077,10.224,-0.122,-0.683,6.937,1.0,0.0,0.012,0,1.0,0.0,0.02,3,0
936.159,-175.285,-29.335,-0.023,10.572,-0.056,10.572,-0.096,-0.434,6.413,1.0,0.0,0.008,0,1.0,0.0,0.012,3,0
936.209,-174.747,-29.35,-0.027,10.892,-0.034,10.892,-0.07,-0.336,6.061,1.0,0.0,0.003,0,1.0,0.0,0.008,3,0
936.259,-174.194,-29.367,-0.03,11.196,-0.019,11.196,-0.05,-0.135,5.826,1.0,0.0,0.0,0,1.0,0.0,0.003,3,0
936.309,-173.626,-29.385,-0.032,11.487,-0.005,11.487,-0.03,-0.074,5.669,1.0,0.0,-0.003,0,1.0,0.0,0.0,3,0
936.359,-173.043,-29.403,-0.033,11.77,0.003,11.77,-0.015,0.087,5.565,1.0,0.0,-0.006,0,1.0,0.0,-0.003,3,0
936.409,-172.446,-29.422,-0.033,12.049,0.011,12.049,-0.001,0.206,5.497,1.0,0.0,-0.007,0,1.0,0.0,-0.006,3,0
936.459,-171.836,-29.441,-0.032,12.323,0.017,12.323,0.012,0.222,5.453,1.0,0.0,-0.008,0,1.0,0.0,-0.007,3,0
936.509,-171.212,-29.46,-0.032,12.596,0.017,12.596,0.02,0.302,0.857,1.0,0.0,-0.007,0,1.0,0.0,-0.008,3,0
936.559,-170.579,-29.478,-0.03,12.639,0.017,12.639,0.026,0.296,1.303,1.0,0.0,-0.008,0,1.0,0.0,-0.007,0,0
936.609,-169.946,-29.496,-0.029,12.704,0.014,12.704,0.029,0.361,2.005,1.0,0.0,-0.008,0,1.0,0.0,-0.008,0,0
936.659,-169.312,-29.513,-0.028,12.805,0.013,12.805,0.031,0.419,6.08,1.0,0.0,-0.007,0,1.0,0.0,-0.008,4,0
936.709,-168.662,-29.53,-0.026,13.109,0.012,13.109,0.034,0.376,5.497,1.0,0.0,-0.007,0,1.0,0.0,-0.007,4,0
936.759,-167.998,-29.546,-0.024,13.383,0.009,13.383,0.033,0.405,5.153,1.0,0.0,-0.007,0,1.0,0.0,-0.007,4,0
936.809,-167.321,-29.562,-0.023,13.641,0.007,13.641,0.033,0.415,4.924,0.0,0.0,-0.006,0,1.0,0.0,-0.007,4,0
936.859,-166.632,-29.576,-0.021,13.887,0.005,13.887,0.032,0.363,4.487,1.0,0.0,-0.004,0,0.0,0.0,-0.006,4,0
936.909,-165.931,-29.59,-0.019,14.112,0.001,14.112,0.03,0.319,3.423,0.0,0.0,-0.005,0,1.0,0.0,-0.004,4,0
936.959,-165.22,-29.604,-0.018,14.283,-0.002,14.283,0.026,0.379,2.847,0.0,0.0,-0.004,0,0.0,0.0,-0.005,4,0
937.009,-164.502,-29.616,-0.017,14.425,-0.001,14.425,0.025,0.317,1.396,0.0,0.0,-0.003,0,0.0,0.0,-0.004,4,0
937.059,-163.778,-29.628,-0.016,14.495,-0.003,14.495,0.023,0.267,-0.132,0.0,0.0,-0.002,0,0.0,0.0,-0.003,4,0
937.109,-163.054,-29.639,-0.015,14.489,-0.004,14.489,0.019,0.217,-1.059,0.0,0.0,-0.002,0,0.0,0.0,-0.002,4,0
937.159,-162.331,-29.65,-0.014,14.436,-0.006,14.436,0.016,0.173,-1.609,0.0,0.0,-0.001,0,0.0,0.0,-0.002,4,0
937.259,-160.898,-29.669,-0.013,14.259,-0.007,14.259,0.008,0.133,-1.932,0.0,0.0,-0.0,0,0.0,0.0,-0.001,4,0
937.259,-160.898,-29.669,-0.013,14.259,-0.007,14.259,0.008,0.097,-2.119,0.0,0.0,0.0,0,0.0,0.0,-0.0,4,0
937.309,-160.189,-29.678,-0.012,14.153,-0.006,14.153,0.005,0.066,-2.225,0.0,0.0,0.0,0,0.0,0.0,0.0,4,0
937.359,-159.485,-29.687,-0.012,14.041,-0.006,14.041,0.003,0.04,-2.28,0.0,0.0,0.001,0,0.0,0.0,0.0,4,0
937.409,-158.786,-29.696,-0.012,13.927,-0.005,13.927,0.001,0.019,-2.306,0.0,0.0,0.001,0,0.0,0.0,0.001,4,0
937.459,-158.094,-29.705,-0.012,13.812,-0.004,13.812,-0.001,0.003,-2.313,0.0,0.0,0.001,0,0.0,0.0,0.001,4,0
937.509,-157.407,-29.713,-0.012,13.696,-0.003,13.696,-0.002,-0.009,-2.31,0.0,0.0,0.001,0,0.0,0.0,0.001,4,0
937.609,-156.05,-29.73,-0.012,13.466,-0.001,13.466,-0.002,-0.016,-2.3,0.0,0.0,0.001,0,0.0,0.0,0.001,4,0
937.659,-155.38,-29.738,-0.012,13.352,-0.001,13.352,-0.002,-0.021,-2.287,0.0,0.0,0.0,0,0.0,0.0,0.001,4,0
937.709,-154.714,-29.747,-0.013,13.331,-0.0,13.331,-0.002,-0.023,-0.899,0.0,0.0,-0.002,0,0.0,0.0,0.0,0,0
937.759,-154.049,-29.755,-0.013,13.286,-0.0,13.286,-0.002,0.105,-2.062,0.0,0.0,-0.004,0,0.0,0.0,-0.002,0,0
937.809,-153.385,-29.763,-0.013,13.183,0.004,13.183,0.003,0.187,-5.42,0.0,0.0,-0.005,0,0.0,0.0,-0.004,3,0
937.859,-152.735,-29.771,-0.012,12.912,0.009,12.912,0.01,0.189,-4.404,0.0,0.0,-0.006,0,0.0,0.0,-0.005,3,0
937.909,-152.097,-29.778,-0.012,12.692,0.011,12.692,0.014,0.268,-3.976,0.0,0.0,-0.007,0,0.0,0.0,-0.006,3,0
937.959,-151.468,-29.784,-0.011,12.493,0.013,12.493,0.02,0.313,-3.524,0.0,0.0,-0.007,0,0.0,0.0,-0.007,3,0
938.009,-150.849,-29.79,-0.01,12.317,0.015,12.317,0.025,0.291,-3.447,0.0,0.0,-0.007,0,0.0,0.0,-0.007,3,0
938.059,-150.238,-29.794,-0.008,12.144,0.013,12.144,0.026,0.31,-3.052,0.0,0.0,-0.007,0,0.0,0.0,-0.007,3,0
938.159,-149.041,-29.802,-0.006,11.83,0.011,11.83,0.027,0.284,-2.91,0.0,0.0,-0.006,0,0.0,0.0,-0.006,3,0
938.209,-148.454,-29.804,-0.004,11.684,0.01,11.684,0.026,0.246,-3.122,0.0,0.0,-0.005,0,0.0,0.0,-0.006,3,0
938.259,-147.874,-29.806,-0.003,11.528,0.008,11.528,0.024,0.232,-2.812,0.0,0.0,-0.004,0,0.0,0.0,-0.005,3,0
938.309,-147.302,-29.807,-0.002,11.388,0.006,11.388,0.022,0.185,-3.038,0.0,0.0,-0.003,0,0.0,0.0,-0.004,3,0
938.359,-146.737,-29.807,-0.001,11.236,0.005,11.236,0.018,0.168,-2.735,0.0,0.0,-0.003,0,0.0,0.0,-0.003,3,0
938.409,-146.18,-29.807,-0.0,11.099,0.004,11.099,0.016,0.12,-2.968,0.0,0.0,-0.002,0,0.0,0.0,-0.002,3,0
938.459,-145.629,-29.807,0.001,10.951,0.002,10.951,0.012,0.12,-2.968,0.0,0.0,-0.002,0,0.0,0.0,-0.002,3,0
938.509,-145.086,-29.807,0.001,10.817,0.001,10.817,0.009,0.087,-2.669,0.0,0.0,-0.001,0,0.0,0.0,-0.002,3,0
938.509,-145.086,-29.807,0.001,10.817,0.001,10.817,0.009,0.067,-2.905,0.0,0.0,-0.0,0,0.0,0.0,-0.001,3,0
938.609,-144.018,-29.805,0.002,10.601,-0.001,10.601,0.004,0.024,-0.075,0.0,0.0,0.0,0,0.0,0.0,-0.0,0,0
938.659,-143.488,-29.804,0.002,10.597,-0.001,10.597,0.002,-0.002,-2.487,0.0,0.0,0.001,0,0.0,0.0,0.0,0,0
938.709,-142.959,-29.803,0.002,10.473,-0.002,10.473,0.001,-0.006,-9.444,0.0,0.0,0.001,0,0.0,0.0,0.001,2,0
938.759,-142.451,-29.802,0.002,10.001,-0.002,10.001,-0.001,-0.006,-9.444,0.0,0.0,0.001,0,0.0,0.0,0.001,2,0
938.759,-142.451,-29.802,0.002,10.001,-0.002,10.001,-0.001,-0.023,-7.556,0.0,0.0,0.001,0,0.0,0.0,0.001,2,0
938.809,-141.963,-29.802,0.002,9.623,-0.002,9.623,-0.002,-0.021,-6.245,0.0,0.0,0.001,0,0.0,0.0,0.001,2,0
938.909,-141.034,-29.8,0.002,9.059,-0.002,9.059,-0.003,-0.03,-5.026,0.0,0.0,0.001,0,0.0,0.0,0.001,2,0
938.909,-141.034,-29.8,0.002,9.059,-0.002,9.059,-0.003,-0.024,-5.154,0.0,0.0,0.001,0,0.0,0.0,0.001,2,0
938.959,-140.589,-29.8,0.001,8.801,-0.002,8.801,-0.003,-0.03,-4.381,0.0,0.0,0.001,0,0.0,0.0,0.001,2,0
939.009,-140.155,-29.799,0.001,8.582,-0.002,8.582,-0.003,-0.022,-4.643,0.0,0.0,0.001,0,0.0,0.0,0.001,2,0
939.059,-139.733,-29.799,0.001,8.35,-0.002,8.35,-0.003,-0.025,-4.035,0.0,0.0,0.001,0,0.0,0.0,0.001,2,0
939.109,-139.322,-29.798,0.001,8.149,-0.002,8.149,-0.003,-0.018,-4.341,0.0,0.0,0.001,0,0.0,0.0,0.001,2,0
939.209,-138.53,-29.798,0.001,7.741,-0.002,7.741,-0.003,-0.013,-4.127,0.0,0.0,0.001,0,0.0,0.0,0.001,2,0
939.259,-138.149,-29.798,0.001,7.535,-0.002,7.535,-0.002,-0.014,-3.641,0.0,0.0,0.001,0,0.0,0.0,0.001,2,0
939.309,-137.778,-29.798,0.001,7.353,-0.002,7.353,-0.002,-0.014,-3.641,0.0,0.0,0.001,0,0.0,0.0,0.001,2,0
939.309,-137.778,-29.798,0.001,7.353,-0.002,7.353,-0.002,-0.009,-3.956,0.0,0.0,0.001,0,0.0,0.0,0.001,2,0
939.409,-137.063,-29.797,0.0,7.003,-0.001,7.003,-0.002,-0.007,0.048,0.0,0.0,0.0,0,0.0,0.0,0.0,0,0
939.459,-136.712,-29.797,0.0,7.006,-0.001,7.006,-0.001,-0.007,-0.059,0.0,0.0,0.0,0,0.0,0.0,0.0,0,0
939.509,-136.362,-29.797,0.0,7.003,-0.001,7.003,-0.001,-0.004,-11.195,0.0,0.0,0.0,0,0.0,0.0,0.0,1,0
939.559,-136.03,-29.797,0.0,6.443,-0.001,6.443,-0.001,-0.001,-7.843,0.0,0.0,0.0,0,0.0,0.0,0.0,1,0
939.609,-135.721,-29.797,0.0,6.051,-0.001,6.051,-0.001,-0.002,-5.874,0.0,0.0,0.0,0,0.0,0.0,0.0,1,0
939.659,-135.428,-29.797,0.0,5.757,-0.001,5.757,-0.001,-0.001,-5.862,0.0,0.0,0.0,0,0.0,0.0,0.0,1,0
939.709,-135.149,-29.797,0.0,5.464,-0.001,5.464,-0.001,-0.001,-4.47,0.0,0.0,0.0,0,0.0,0.0,0.0,1,0
939.759,-134.883,-29.797,0.0,5.241,-0.001,5.241,-0.0,-0.0,-4.245,0.0,0.0,0.0,0,0.0,0.0,0.0,1,0
939.809,-134.627,-29.797,0.0,5.028,-0.0,5.028,-0.0,-0.001,-5.156,0.046,0.0,0.0,0,0.0,0.0,0.0,1,0
939.859,-134.382,-29.797,0.0,4.77,-0.0,4.77,-0.0,-0.001,-5.534,0.381,0.0,0.0,0,0.046,0.0,0.0,1,0
939.909,-134.152,-29.797,-0.0,4.494,-0.0,4.494,-0.0,0.0,-4.23,0.701,0.0,0.0,0,0.381,0.0,0.0,1,0
940.009,-133.724,-29.797,-0.0,4.168,-0.0,4.168,-0.0,-0.0,0.214,0.841,0.0,0.0,0,0.833,0.0,0.0,1,0
940.109,-133.303,-29.797,-0.0,4.296,-0.0,4.296,-0.0,0.0,3.273,0.517,0.0,0.0,0,0.705,0.0,0.0,1,0
940.159,-133.082,-29.797,-0.0,4.459,-0.0,4.459,-0.0,-0.0,3.076,0.391,0.0,0.0,0,0.517,0.0,0.0,1,0
940.209,-132.854,-29.797,-0.0,4.613,-0.0,4.613,-0.0,-0.0,2.15,0.366,0.0,0.0,0,0.391,0.0,0.0,1,0
940.259,-132.62,-29.797,-0.0,4.721,-0.0,4.721,-0.0,-0.0,1.23,0.436,0.0,0.0,0,0.366,0.0,0.0,1,0
940.309,-132.381,-29.797,-0.0,4.782,-0.0,4.782,-0.0,-0.0,0.812,0.534,0.0,0.0,0,0.436,0.0,0.0,1,0
940.359,-132.141,-29.798,-0.0,4.823,-0.0,4.823,-0.0,0.0,0.957,0.598,0.0,0.0,0,0.534,0.0,0.0,1,0
940.409,-131.898,-29.798,-0.0,4.87,-0.0,4.87,-0.0,0.0,1.448,0.601,0.0,0.0,0,0.598,0.0,0.0,1,0
940.459,-131.653,-29.798,-0.0,4.943,-0.0,4.943,-0.0,0.0,1.87,0.549,0.0,0.0,0,0.601,0.0,0.0,1,0
940.559,-131.148,-29.798,-0.0,5.135,-0.0,5.135,-0.0,0.0,-0.273,0.429,0.0,-0.0,0,0.48,0.0,-0.0,1,0
940.609,-130.89,-29.798,-0.0,5.122,-0.0,5.122,-0.0,0.001,-2.062,0.681,0.0,-0.0,0,0.429,0.0,-0.0,1,0
940.659,-130.638,-29.798,-0.0,5.018,0.0,5.018,-0.0,-0.0,2.039,0.965,0.0,-0.0,0,0.681,0.0,-0.0,1,0
940.709,-130.385,-29.798,-0.0,5.12,0.0,5.12,-0.0,0.0,-1.374,0.542,0.0,-0.0,0,0.965,0.0,-0.0,1,0
940.759,-130.131,-29.798,-0.0,5.052,0.0,5.052,0.0,0.0,-0.493,0.948,0.0,-0.0,0,0.542,0.0,-0.0,1,0
940.809,-129.879,-29.798,-0.0,5.027,0.0,5.027,0.0,0.0,-0.381,0.926,0.0,-0.0,0,0.948,0.0,-0.0,1,0
940.859,-129.628,-29.798,-0.0,5.008,0.0,5.008,0.0,0.0,0.834,0.971,0.0,-0.0,0,0.926,0.0,-0.0,1,0
940.909,-129.377,-29.798,-0.0,5.05,0.0,5.05,0.0,0.0,1.632,0.866,0.0,-0.0,0,0.971,0.0,-0.0,1,0
941.009,-128.861,-29.798,-0.0,5.288,0.0,5.288,0.0,0.0,3.144,0.765,0.0,-0.001,0,0.866,0.0,-0.0,1,0
941.059,-128.598,-29.798,-0.0,5.253,0.001,5.253,0.001,0.016,-0.01,0.936,0.0,-0.001,0,0.529,0.0,-0.001,0,0
941.109,-128.335,-29.798,0.0,5.252,0.002,5.252,0.002,0.027,13.712,0.895,0.0,-0.001,0,0.936,0.0,-0.001,2,0
941.159,-128.053,-29.798,0.0,5.938,0.003,5.938,0.002,0.021,12.106,0.0,0.0,-0.015,0,0.895,0.0,-0.001,2,0
941.209,-127.736,-29.797,0.0,6.543,0.003,6.543,0.002,0.653,9.521,0.0,0.0,-0.016,0,0.0,0.0,-0.015,2,0
941.259,-127.393,-29.796,0.001,7.019,0.029,7.019,0.026,0.442,5.631,0.0,0.0,-0.016,0,0.0,0.0,-0.016,2,0
941.309,-127.032,-29.793,0.003,7.301,0.039,7.301,0.035,0.309,0.008,0.0,0.0,-0.015,0,0.0,0.0,-0.016,2,0
941.359,-126.667,-29.79,0.005,7.302,0.041,7.301,0.04,0.214,-1.264,0.0,0.0,-0.044,0,0.0,0.0,-0.015,2,0
941.459,-125.946,-29.78,0.01,7.146,0.082,7.146,0.079,1.36,-1.856,0.0,0.0,-0.045,0,0.0,0.0,-0.044,2,0
941.509,-125.593,-29.771,0.014,7.023,0.091,7.022,0.092,0.802,-2.482,0.0,0.0,-0.044,0,0.0,0.0,-0.045,2,0
941.559,-125.246,-29.76,0.019,6.896,0.101,6.896,0.104,1.729,-3.137,0.0,0.0,-0.081,0,0.0,0.0,-0.081,2,0
941.609,-124.907,-29.746,0.026,6.741,0.144,6.74,0.143,1.666,-2.958,0.0,0.0,-0.08,0,0.0,0.0,-0.081,2,0
941.659,-124.575,-29.728,0.034,6.596,0.173,6.594,0.173,1.064,-2.147,0.0,0.0,-0.121,0,0.0,0.0,-0.08,2,0
941.709,-124.25,-29.707,0.043,6.49,0.171,6.488,0.173,2.801,-0.275,0.0,0.0,-0.119,0,0.0,0.0,-0.121,0,0
941.759,-123.927,-29.681,0.053,6.482,0.243,6.477,0.233,1.703,-2.506,0.0,0.0,-0.115,0,0.0,0.0,-0.119,0,0
941.809,-123.606,-29.65,0.065,6.36,0.251,6.355,0.238,1.583,-8.571,0.0,0.0,-0.109,0,0.0,0.0,-0.115,1,0
941.859,-123.304,-29.617,0.077,5.936,0.261,5.93,0.219,0.826,-6.663,0.0,0.0,-0.153,0,0.0,0.0,-0.109,1,0
941.909,-123.02,-29.581,0.088,5.605,0.239,5.6,0.21,2.225,-4.268,0.0,0.0,-0.149,0,0.0,0.0,-0.153,1,0
941.959,-122.749,-29.543,0.1,5.398,0.286,5.39,0.259,0.943,-4.632,0.0,0.0,-0.144,0,0.0,0.0,-0.149,1,0
942.059,-122.24,-29.459,0.125,4.984,0.282,4.976,0.262,1.139,-6.671,0.229,0.0,-0.183,0,0.127,0.0,-0.138,1,0
942.159,-121.786,-29.367,0.15,4.413,0.348,4.4,0.27,1.357,-3.1,0.91,0.0,-0.171,0,0.807,0.0,-0.178,1,0
942.209,-121.576,-29.317,0.164,4.265,0.358,4.25,0.268,1.052,-0.796,0.944,0.0,-0.163,0,0.91,0.0,-0.171,1,0
942.259,-121.371,-29.265,0.177,4.23,0.356,4.215,0.26,0.973,1.747,0.859,0.0,-0.208,0,0.944,0.0,-0.163,1,0
942.309,-121.164,-29.21,0.19,4.321,0.35,4.307,0.253,2.718,3.213,0.65,0.0,-0.202,0,0.859,0.0,-0.208,1,0
942.359,-120.952,-29.148,0.204,4.494,0.42,4.474,0.314,1.924,3.792,0.451,0.0,-0.194,0,0.65,0.0,-0.202,1,0
942.409,-120.731,-29.079,0.22,4.693,0.441,4.672,0.331,1.595,3.073,0.322,0.0,-0.184,0,0.451,0.0,-0.194,1,0
942.459,-120.503,-29.004,0.237,4.854,0.441,4.834,0.332,1.344,1.78,0.325,0.0,-0.173,0,0.322,0.0,-0.184,1,0
942.509,-120.27,-28.925,0.253,4.949,0.428,4.93,0.322,1.162,0.703,0.423,0.0,-0.221,0,0.325,0.0,-0.173,1,0
942.559,-120.036,-28.842,0.269,4.989,0.409,4.972,0.307,2.931,-0.131,0.538,0.0,-0.213,0,0.423,0.0,-0.221,1,0
942.609,-119.803,-28.753,0.286,4.997,0.47,4.974,0.361,2.039,0.397,0.635,0.0,-0.204,0,0.538,0.0,-0.213,1,0
942.659,-119.571,-28.658,0.304,5.027,0.481,5.004,0.369,1.715,1.168,0.611,0.0,-0.192,0,0.635,0.0,-0.204,1,0
942.709,-119.338,-28.559,0.322,5.094,0.474,5.072,0.357,0.76,-1.545,0.529,0.0,-0.181,0,0.611,0.0,-0.192,1,0
942.759,-119.106,-28.457,0.34,5.021,0.424,5.003,0.395,1.564,1.679,0.884,0.0,-0.233,0,0.529,0.0,-0.181,1,0
942.809,-118.876,-28.352,0.356,5.112,0.42,5.094,0.351,2.274,-1.971,0.547,0.0,-0.226,0,0.884,0.0,-0.233,1,0
942.859,-118.648,-28.243,0.373,5.024,0.448,5.004,0.313,3.015,3.585,0.983,0.0,-0.217,0,0.547,0.0,-0.226,1,0
942.909,-118.421,-28.126,0.393,5.218,0.496,5.194,0.404,2.039,0.964,0.344,0.0,-0.206,0,0.983,0.0,-0.217,1,0
942.959,-118.189,-28.001,0.412,5.276,0.497,5.253,0.333,1.149,-1.219,0.573,0.0,-0.195,0,0.344,0.0,-0.206,1,0
943.009,-117.96,-27.874,0.432,5.222,0.453,5.202,0.426,1.286,-1.004,0.85,0.0,-0.249,0,0.573,0.0,-0.195,1,0
943.059,-117.735,-27.745,0.45,5.178,0.426,5.16,0.309,2.801,-1.068,0.892,0.0,-0.241,0,0.85,0.0,-0.249,1,0
943.109,-117.515,-27.612,0.469,5.138,0.465,5.117,0.45,2.463,-0.16,0.946,0.0,-0.231,0,0.892,0.0,-0.241,1,0
943.159,-117.298,-27.474,0.489,5.142,0.486,5.119,0.365,2.215,1.303,0.892,0.0,-0.221,0,0.946,0.0,-0.231,1,0
943.209,-117.083,-27.33,0.51,5.219,0.488,5.196,0.459,1.995,1.197,0.729,0.0,-0.275,0,0.892,0.0,-0.221,1,0
943.259,-116.867,-27.179,0.53,5.289,0.483,5.266,0.35,3.109,-0.698,0.71,0.0,-0.266,0,0.729,0.0,-0.275,0,0
943.309,-116.654,-27.023,0.552,5.27,0.523,5.244,0.499,2.751,-0.041,0.909,0.0,-0.254,0,0.71,0.0,-0.266,0,0
943.359,-116.447,-26.862,0.575,5.284,0.542,5.256,0.421,4.528,15.262,0.862,0.0,-0.242,0,0.909,0.0,-0.254,2,0
943.409,-116.223,-26.678,0.599,6.068,0.621,6.036,0.515,3.972,11.555,0.0,0.0,-0.229,0,0.862,0.0,-0.242,2,0
943.459,-115.978,-26.468,0.626,6.664,0.642,6.633,0.548,3.777,8.962,0.0,0.0,-0.282,0,0.0,0.0,-0.229,2,0
943.509,-115.718,-26.236,0.654,7.13,0.635,7.102,0.558,5.905,4.54,0.0,0.0,-0.27,0,0.0,0.0,-0.282,2,0
943.559,-115.454,-25.984,0.684,7.387,0.707,7.353,0.631,4.136,-0.031,0.0,0.0,-0.255,0,0.0,0.0,-0.27,2,0
943.609,-115.193,-25.721,0.716,7.408,0.676,7.377,0.684,3.46,-1.853,0.0,0.0,-0.306,0,0.0,0.0,-0.255,2,0
943.659,-114.942,-25.454,0.748,7.334,0.62,7.308,0.59,5.116,-3.019,0.0,0.0,-0.292,0,0.0,0.0,-0.306,2,0
943.709,-114.702,-25.182,0.781,7.21,0.637,7.182,0.717,4.606,-3.148,0.0,0.0,-0.277,0,0.0,0.0,-0.292,2,0
943.759,-114.477,-24.907,0.815,7.078,0.631,7.05,0.639,3.939,-3.22,0.0,0.0,-0.325,0,0.0,0.0,-0.277,2,0
943.809,-114.264,-24.631,0.848,6.938,0.595,6.913,0.702,5.44,-3.963,0.0,0.0,-0.31,0,0.0,0.0,-0.325,2,0
943.859,-114.066,-24.353,0.882,6.77,0.641,6.74,0.648,4.349,-3.685,0.0,0.0,-0.294,0,0.0,0.0,-0.31,2,0
943.909,-113.884,-24.075,0.917,6.611,0.63,6.581,0.726,4.129,-2.532,0.0,0.0,-0.276,0,0.0,0.0,-0.294,2,0
944.009,-113.554,-23.514,0.982,6.505,0.605,6.477,0.676,5.558,-3.356,0.0,0.0,-0.332,0,0.0,0.0,-0.347,0,0
944.109,-113.278,-22.951,1.049,5.934,0.672,5.896,0.699,3.901,-9.294,0.0,0.0,-0.315,0,0.0,0.0,-0.332,1,0
944.159,-113.166,-22.687,1.08,5.653,0.635,5.617,0.561,2.066,-4.611,0.0,0.0,-0.279,0,0.0,0.0,-0.296,1,0
944.259,-112.974,-22.182,1.135,5.219,0.543,5.191,0.468,1.583,-4.034,0.0,1.0,0.0,0,0.0,0.0,-0.262,1,0
944.359,-112.82,-21.731,1.177,3.927,0.277,3.917,0.26,-3.3,-26.199,0.0,1.0,0.0,0,0.0,1.0,0.0,1,0
944.459,-112.733,-21.503,1.189,1.307,0.013,1.307,0.044,-0.218,-22.12,0.0,1.0,0.0,0,0.0,1.0,0.0,1,0
944.559,-112.722,-21.478,1.19,0.006,0.001,-0.006,0.0,-0.02,-0.087,0.0,1.0,0.0,0,0.0,1.0,0.0,1,1
944.659,-112.722,-21.476,1.19,0.01,-0.0,-0.01,0.0,-0.001,0.028,0.0,1.0,0.0,0,0.0,1.0,0.0,1,1
944.759,-112.721,-21.475,1.19,0.007,-0.0,-0.007,0.0,0.001,0.031,0.0,1.0,0.0,0,0.0,1.0,0.0,1,1
944.859,-112.721,-21.474,1.19,0.004,-0.0,-0.004,0.0,0.001,0.02,0.0,1.0,0.0,0,0.0,1.0,0.0,1,1
944.959,-112.721,-21.473,1.19,0.002,-0.0,-0.002,0.0,0.0,0.011,0.0,1.0,0.0,0,0.0,1.0,0.0,1,1
945.059,-112.72,-21.473,1.19,0.001,-0.0,-0.001,0.0,0.0,0.006,0.0,1.0,0.0,0,0.0,1.0,0.0,1,1
945.159,-112.72,-21.473,1.19,0.001,-0.0,-0.001,0.0,0.0,0.005,0.0,1.0,0.0,0,0.0,1.0,0.0,1,1
945.209,-112.72,-21.473,1.19,0.0,-0.0,0.0,-0.0,-0.0,0.0,0.0,1.0,0.0,0,0.0,1.0,0.0,1,1
946.259,-112.72,-21.473,1.19,0.0,-0.0,0.0,-0.0,-0.0,0.0,0.0,1.0,0.0,0,0.0,1.0,0.0,1,1
947.259,-112.72,-21.473,1.19,0.0,-0.0,0.0,-0.0,-0.0,0.0,0.0,1.0,0.0,0,0.0,1.0,0.0,1,1
947.659,-112.72,-21.473,1.19,0.0,-0.0,0.0,-0.0,-0.0,0.0,1.0,0.0,1.0,0,0.0,1.0,0.0,1,1
947.759,-112.72,-21.473,1.19,0.0,-0.0,-0.0,-0.0,0.001,-0.001,1.0,0.0,-0.281,0,1.0,0.0,-0.255,1,1
947.859,-112.72,-21.472,1.19,0.014,-0.002,-0.014,-0.002,0.311,1.859,1.0,0.0,-0.281,0,1.0,0.0,-0.281,1,1
947.959,-112.719,-21.468,1.19,0.045,0.008,0.044,-0.0,0.571,2.995,1.0,0.0,-0.281,0,1.0,0.0,-0.281,1,1
948.059,-112.714,-21.443,1.194,0.402,0.07,0.396,0.042,0.653,4.385,1.0,0.0,-0.279,0,1.0,0.0,-0.28,1,0
948.159,-112.7,-21.381,1.2,0.84,0.126,0.83,0.08,0.916,4.792,1.0,0.0,-0.274,0,1.0,0.0,-0.277,1,0
948.259,-112.675,-21.271,1.212,1.374,0.203,1.359,0.141,0.927,5.253,1.0,0.0,-0.266,0,1.0,0.0,-0.271,1,0
948.359,-112.639,-21.102,1.229,2.096,0.293,2.075,0.2,1.111,5.464,1.0,0.0,-0.255,0,1.0,0.0,-0.261,1,0
948.459,-112.591,-20.865,1.252,2.713,0.356,2.689,0.246,1.572,8.217,1.0,0.0,-0.24,0,1.0,0.0,-0.248,1,0
948.559,-112.533,-20.554,1.28,3.536,0.424,3.51,0.304,1.664,7.485,1.0,0.0,-0.223,0,1.0,0.0,-0.232,1,0
948.659,-112.467,-20.164,1.312,4.287,0.46,4.262,0.339,2.887,6.807,1.0,0.0,-0.238,0,1.0,0.0,-0.248,1,0
948.809,-112.377,-19.441,1.372,5.357,0.542,5.33,0.424,1.806,3.883,0.698,0.0,-0.214,0,0.698,0.0,-0.214,1,0
948.909,-112.327,-18.892,1.413,5.526,0.464,5.507,0.441,2.442,-0.979,1.0,0.0,-0.219,0,0.573,0.0,-0.23,1,0
949.009,-112.297,-18.345,1.454,5.476,0.464,5.456,0.459,2.017,0.523,1.0,0.0,-0.195,0,1.0,0.0,-0.208,1,0
949.109,-112.287,-17.794,1.493,5.566,0.434,5.549,0.439,1.593,-0.185,0.844,0.0,-0.22,0,0.919,0.0,-0.184,0,0
949.209,-112.295,-17.238,1.531,5.584,0.444,5.566,0.444,4.251,14.711,0.892,0.0,-0.201,0,0.951,0.0,-0.211,2,0
949.309,-112.334,-16.6,1.577,6.933,0.537,6.912,0.479,3.386,9.197,0.0,0.0,-0.227,0,0.0,0.0,-0.188,2,0
949.409,-112.411,-15.863,1.627,7.678,0.584,7.656,0.55,3.648,0.426,0.0,0.0,-0.202,0,0.0,0.0,-0.215,2,0
949.509,-112.527,-15.103,1.681,7.645,0.5,7.629,0.57,4.602,-2.645,0.0,0.0,-0.231,0,0.0,0.0,-0.243,2,0
949.609,-112.679,-14.369,1.737,7.403,0.505,7.386,0.611,3.568,-3.096,0.0,0.0,-0.26,0,0.0,0.0,-0.218,2,0
949.709,-112.865,-13.671,1.794,7.097,0.515,7.079,0.622,4.054,-3.659,0.0,0.0,-0.234,0,0.0,0.0,-0.248,2,0
949.859,-113.203,-12.705,1.879,6.651,0.548,6.628,0.545,4.136,-0.609,0.0,0.0,-0.248,0,0.0,0.0,-0.262,0,0
949.959,-113.471,-12.1,1.937,6.525,0.549,6.502,0.544,2.464,-9.28,0.0,0.0,-0.272,0,0.0,0.0,-0.232,1,0
950.059,-113.746,-11.563,1.989,5.731,0.537,5.706,0.473,2.02,-4.887,0.0,0.0,-0.245,0,0.0,0.0,-0.258,1,0
950.209,-114.158,-10.872,2.059,5.085,0.442,5.066,0.469,3.256,-6.306,0.062,0.0,-0.274,0,0.062,0.0,-0.274,1,0
950.309,-114.43,-10.481,2.101,4.51,0.525,4.48,0.412,1.511,-3.791,0.948,0.0,-0.24,0,0.683,0.0,-0.252,1,0
950.409,-114.696,-10.139,2.139,4.273,0.501,4.243,0.364,2.839,0.841,0.948,0.0,-0.271,0,1.0,0.0,-0.281,1,0
950.509,-114.981,-9.807,2.18,4.519,0.577,4.482,0.427,2.077,4.329,0.506,0.0,-0.247,0,0.786,0.0,-0.26,1,0
950.659,-115.48,-9.275,2.244,5.087,0.552,5.057,0.416,3.448,0.749,0.527,0.0,-0.263,0,0.757,0.0,-0.275,1,0
950.759,-115.847,-8.922,2.29,5.042,0.551,5.012,0.505,2.549,1.819,1.0,0.0,-0.236,0,0.678,0.0,-0.25,1,0
950.909,-116.421,-8.421,2.355,5.037,0.532,5.009,0.502,3.447,4.59,1.0,0.0,-0.253,0,1.0,0.0,-0.266,1,0
951.009,-116.839,-8.097,2.402,5.471,0.577,5.441,0.433,1.929,0.952,0.577,0.0,-0.28,0,0.562,0.0,-0.24,1,0
951.109,-117.29,-7.776,2.45,5.582,0.582,5.551,0.452,2.852,1.174,0.805,0.0,-0.254,0,0.803,0.0,-0.267,1,0
951.209,-117.766,-7.472,2.5,5.711,0.57,5.682,0.444,2.046,-0.294,0.748,0.0,-0.315,0,0.731,0.0,-0.239,0,0
951.359,-118.535,-7.048,2.579,6.425,0.721,6.385,0.623,5.213,10.602,0.0,0.0,-0.271,0,0.889,0.0,-0.289,2,0
951.459,-119.175,-6.758,2.645,7.432,0.749,7.394,0.68,4.33,5.01,0.0,0.0,-0.23,0,0.0,0.0,-0.251,2,0
951.559,-119.887,-6.476,2.71,7.718,0.621,7.693,0.659,2.839,-1.431,0.0,0.0,-0.226,0,0.0,0.0,-0.21,2,0
951.659,-120.607,-6.226,2.768,7.553,0.511,7.536,0.615,3.438,-2.71,0.0,0.0,-0.218,0,0.0,0.0,-0.21,2,0
951.809,-121.665,-5.931,2.849,7.137,0.447,7.123,0.472,2.774,-3.345,0.0,0.0,-0.189,0,0.0,0.0,-0.188,2,0
951.909,-122.345,-5.785,2.897,6.819,0.407,6.806,0.413,2.428,-3.001,1.0,0.0,-0.171,0,0.0,0.0,-0.175,2,0
952.009,-123.005,-5.672,2.94,6.68,0.383,6.669,0.366,3.09,-0.351,1.0,0.0,-0.169,0,1.0,0.0,-0.183,0,0
952.159,-123.956,-5.561,2.999,6.036,0.341,6.026,0.392,1.263,-2.664,1.0,0.0,-0.122,0,1.0,0.0,-0.137,1,0
952.259,-124.545,-5.514,3.029,5.837,0.28,5.83,0.327,1.058,-0.141,1.0,0.0,-0.097,0,1.0,0.0,-0.11,1,0
952.409,-125.424,-5.464,3.063,5.916,0.219,5.912,0.149,0.614,-0.061,1.0,0.0,-0.07,0,1.0,0.0,-0.078,0,0
952.509,-126.022,-5.441,3.08,6.28,0.19,6.277,0.145,0.958,13.483,1.0,0.0,-0.056,0,1.0,0.0,-0.062,2,0
952.609,-126.724,-5.421,3.096,7.526,0.173,7.524,0.152,0.866,9.948,1.0,0.0,-0.043,0,1.0,0.0,-0.049,2,0
952.709,-127.531,-5.404,3.11,8.472,0.139,8.471,0.136,0.748,8.244,1.0,0.0,-0.031,0,1.0,0.0,-0.037,2,0
952.859,-128.871,-5.389,3.127,8.97,0.073,8.97,0.094,0.397,-3.403,1.0,0.0,-0.021,0,1.0,0.0,-0.026,0,0
952.959,-129.798,-5.385,3.135,9.654,0.047,9.654,0.068,0.405,8.38,1.0,0.0,-0.01,0,1.0,0.0,-0.013,3,0
953.059,-130.809,-5.384,3.14,10.442,0.028,10.442,0.045,0.249,6.715,1.0,0.0,-0.005,0,1.0,0.0,-0.007,3,0
953.209,-132.453,-5.388,-3.138,11.389,0.007,11.389,0.019,0.1,5.761,1.0,0.0,-0.001,0,1.0,0.0,-0.002,3,0
953.309,-133.623,-5.393,-3.137,11.959,-0.0,11.959,0.008,0.028,5.539,1.0,0.0,0.001,0,1.0,0.0,0.0,3,0
953.459,-135.482,-5.402,-3.137,12.667,-0.004,12.667,-0.002,-0.04,1.228,1.0,0.0,0.001,0,1.0,0.0,0.001,0,0
953.559,-136.75,-5.407,-3.137,12.652,-0.003,12.652,-0.005,-0.061,7.278,1.0,0.0,0.001,0,1.0,0.0,0.001,4,0
953.659,-138.054,-5.413,-3.138,13.3,-0.002,13.3,-0.006,-0.076,5.28,1.0,0.0,0.001,0,1.0,0.0,0.001,4,0
953.809,-140.111,-5.42,-3.139,14.056,-0.0,14.056,-0.006,-0.071,4.828,1.0,0.0,0.001,0,1.0,0.0,0.001,4,0
953.909,-141.542,-5.424,-3.139,14.508,0.001,14.508,-0.005,-0.053,2.874,0.0,0.0,0.0,0,0.0,0.0,0.001,4,0
954.009,-143.006,-5.427,-3.139,14.696,0.001,14.696,-0.003,-0.035,-0.47,0.0,0.0,0.0,0,0.0,0.0,0.0,4,0
954.159,-145.199,-5.432,-3.14,14.522,0.002,14.522,-0.001,-0.012,-2.025,0.0,0.0,-0.0,0,0.0,0.0,-0.0,4,0
954.259,-146.639,-5.434,-3.14,14.311,0.001,14.311,0.0,-0.002,-2.275,0.0,0.0,-0.0,0,0.0,0.0,-0.0,4,0
954.359,-148.057,-5.437,-3.14,14.081,0.001,14.081,0.0,0.003,-2.34,0.0,0.0,-0.0,0,0.0,0.0,-0.0,4,0
954.509,-150.141,-5.441,-3.14,13.73,0.0,13.73,0.001,0.005,-2.327,0.0,0.0,-0.0,0,0.0,0.0,-0.0,4,0
954.609,-151.501,-5.444,-3.14,13.498,-0.0,13.498,0.0,-0.017,-2.296,0.0,0.0,0.0,0,0.0,0.0,0.0,4,0
954.759,-153.506,-5.448,-3.14,13.341,-0.002,13.341,-0.002,-0.036,0.628,0.0,0.0,0.001,0,0.0,0.0,0.001,0,0
954.859,-154.824,-5.45,-3.14,12.971,-0.002,12.971,-0.004,-0.057,-4.612,0.0,0.0,0.001,0,0.0,0.0,0.001,3,0
954.959,-156.096,-5.451,-3.141,12.541,-0.002,12.541,-0.005,-0.059,-3.719,0.0,0.0,0.001,0,0.0,0.0,0.001,3,0
955.059,-157.33,-5.452,-3.141,12.192,-0.002,12.192,-0.005,-0.047,-3.34,0.0,0.0,0.001,0,0.0,0.0,0.001,3,0
955.159,-158.532,-5.452,-3.141,11.875,-0.001,11.875,-0.004,-0.034,-3.186,0.0,0.0,0.0,0,0.0,0.0,0.001,3,0
955.309,-160.276,-5.452,3.141,11.418,-0.0,11.418,-0.002,-0.013,-2.781,0.0,0.0,0.0,0,0.0,0.0,0.0,3,0
955.409,-161.402,-5.451,3.141,11.129,0.0,11.129,-0.001,-0.003,-2.71,0.0,0.0,-0.0,0,0.0,0.0,-0.0,3,0
955.509,-162.5,-5.451,3.141,10.846,0.0,10.846,0.0,0.005,-2.646,0.0,0.0,-0.0,0,0.0,0.0,-0.0,3,0
955.659,-164.099,-5.45,3.141,10.577,0.001,10.577,0.001,0.009,0.157,0.0,0.0,-0.0,0,0.0,0.0,-0.0,0,0
955.759,-165.145,-5.45,3.141,10.153,0.001,10.153,0.001,0.009,-8.158,0.0,0.0,-0.0,0,0.0,0.0,-0.0,2,0
955.859,-166.117,-5.45,3.141,9.44,0.001,9.44,0.001,0.007,-5.897,0.0,0.0,-0.0,0,0.0,0.0,-0.0,2,0
956.009,-167.467,-5.45,3.142,8.653,0.0,8.653,0.001,0.005,-5.001,0.0,0.0,-0.0,0,0.0,0.0,-0.0,2,0
956.109,-168.309,-5.45,3.142,8.212,0.0,8.212,0.0,0.003,-3.965,0.0,0.0,-0.0,0,0.0,0.0,-0.0,2,0
956.209,-169.108,-5.45,-3.142,7.8,0.0,7.8,0.0,0.001,-3.756,0.0,0.0,-0.0,0,0.0,0.0,-0.0,2,0
956.309,-169.867,-5.45,-3.142,7.408,0.0,7.408,0.0,0.0,-3.596,0.0,0.0,-0.0,0,0.0,0.0,-0.0,2,0
956.409,-170.587,-5.45,-3.142,7.033,0.0,7.033,0.0,0.0,-0.661,0.0,0.0,-0.0,0,0.0,0.0,-0.0,2,0
956.559,-171.631,-5.45,-3.142,6.666,0.0,6.666,0.0,-0.0,-6.637,0.0,0.0,0.0,0,0.0,0.0,-0.0,0,0
956.659,-172.249,-5.45,-3.142,5.883,-0.0,5.883,-0.0,-0.0,-6.168,0.0,0.0,0.0,0,0.0,0.0,0.0,1,0
956.759,-172.804,-5.45,-3.142,5.326,-0.0,5.326,-0.0,-0.0,-4.414,0.0,0.0,0.0,0,0.0,0.0,0.0,1,0
956.859,-173.314,-5.45,-3.142,4.901,-0.0,4.901,-0.0,-0.0,-6.161,0.0,0.0,0.0,0,0.0,0.0,0.0,1,0
956.959,-173.771,-5.45,-3.142,4.338,-0.0,4.338,-0.0,-0.0,-4.09,0.359,0.0,0.0,0,0.209,0.0,0.0,1,0
957.109,-174.382,-5.45,-3.142,3.937,-0.0,3.937,-0.0,-0.0,-1.225,0.548,0.0,0.0,0,0.491,0.0,0.0,1,0
957.209,-174.777,-5.45,-3.142,3.973,-0.0,3.973,-0.0,-0.0,1.253,0.507,0.0,0.0,0,0.528,0.0,0.0,1,0
957.309,-175.183,-5.45,-3.142,4.112,-0.0,4.112,-0.0,-0.0,1.513,0.493,0.0,0.0,0,0.498,0.0,0.0,1,0
957.409,-175.603,-5.45,-3.142,4.265,-0.0,4.265,-0.0,-0.0,1.506,0.512,0.0,0.0,0,0.508,0.0,0.0,1,0
957.559,-176.262,-5.45,-3.142,4.5,-0.0,4.5,-0.0,-0.0,1.602,0.506,0.0,0.0,0,0.519,0.0,0.0,1,0
957.659,-176.721,-5.45,-3.142,4.656,-0.0,4.656,-0.0,-0.0,1.372,0.462,0.0,0.0,0,0.474,0.0,0.0,1,0
957.759,-177.194,-5.45,-3.142,4.785,-0.0,4.785,-0.0,-0.0,1.074,0.45,0.0,0.0,0,0.454,0.0,0.0,1,0
957.859,-177.678,-5.45,-3.142,4.887,-0.0,4.887,-0.0,-0.0,0.862,0.439,0.0,0.0,0,0.445,0.0,0.0,1,0
957.959,-178.171,-5.45,-3.142,4.968,-0.0,4.968,-0.0,-0.0,0.681,0.423,0.0,0.0,0,0.431,0.0,0.0,1,0
958.109,-178.924,-5.45,3.142,5.053,0.0,5.053,-0.008,0.013,-1.033,0.416,0.0,-0.009,0,0.411,0.0,0.0,1,0
958.209,-179.424,-5.451,-3.141,5.015,0.016,5.015,0.014,0.161,0.086,0.477,0.0,-0.01,0,0.6,0.0,-0.01,1,0
958.309,-179.927,-5.453,-3.139,5.068,0.021,5.068,0.029,0.051,-1.816,0.386,0.0,-0.008,0,0.5,0.0,-0.009,1,0
958.409,-180.43,-5.457,-3.137,5.081,0.02,5.081,0.037,1.176,-0.893,0.292,0.0,-0.044,0,0.724,0.0,-0.043,1,0
958.509,-180.934,-5.467,-3.132,5.036,0.085,5.035,0.069,0.595,1.058,0.533,0.0,-0.042,0,0.605,0.0,-0.043,1,0
958.659,-181.691,-5.492,-3.121,5.079,0.091,5.078,0.076,0.37,0.448,0.588,0.0,-0.092,0,0.396,0.0,-0.04,1,0
958.759,-182.202,-5.521,-3.107,5.114,0.178,5.111,0.159,0.797,-1.756,0.59,0.0,-0.086,0,0.272,0.0,-0.09,1,0
958.859,-182.704,-5.56,-3.091,5.123,0.191,5.12,0.154,0.589,-0.107,0.312,0.0,-0.145,0,0.717,0.0,-0.081,1,0
958.959,-183.21,-5.609,-3.075,5.039,0.241,5.033,0.147,2.102,1.324,0.707,0.0,-0.141,0,0.5,0.0,-0.143,1,0
959.109,-183.979,-5.717,-3.038,5.35,0.317,5.34,0.248,1.345,2.266,0.185,0.0,-0.128,0,0.373,0.0,-0.135,1,0
959.209,-184.496,-5.807,-3.013,5.187,0.347,5.176,0.29,1.936,-2.333,0.615,0.0,-0.192,0,0.431,0.0,-0.196,1,0
959.309,-184.991,-5.915,-2.981,5.044,0.371,5.03,0.333,1.974,2.041,0.595,0.0,-0.176,0,0.698,0.0,-0.184,1,0
959.409,-185.488,-6.041,-2.949,5.091,0.388,5.076,0.324,2.604,-1.411,0.613,0.0,-0.246,0,0.243,0.0,-0.251,1,0
959.509,-185.973,-6.191,-2.911,5.209,0.527,5.182,0.419,1.888,-0.399,0.082,0.0,-0.229,0,0.656,0.0,-0.239,1,0
959.659,-186.699,-6.457,-2.849,5.073,0.453,5.052,0.394,3.504,-0.665,0.634,0.0,-0.281,0,0.571,0.0,-0.289,1,0
959.759,-187.169,-6.664,-2.804,5.325,0.604,5.29,0.5,2.533,-1.254,0.0,0.0,-0.259,0,0.555,0.0,-0.272,1,0
959.859,-187.64,-6.902,-2.755,5.243,0.537,5.215,0.475,4.165,-2.009,0.424,0.0,-0.304,0,0.426,0.0,-0.316,1,0
959.959,-188.086,-7.158,-2.702,5.089,0.567,5.058,0.516,3.076,-1.637,0.62,0.0,-0.277,0,0.548,0.0,-0.291,1,0
960.109,-188.736,-7.592,-2.625,5.38,0.594,5.347,0.494,2.964,-1.745,0.418,0.0,-0.3,0,0.0,0.0,-0.312,1,0
960.209,-189.158,-7.913,-2.573,5.234,0.604,5.199,0.532,2.376,-1.458,0.572,0.0,-0.275,0,0.494,0.0,-0.288,1,0
960.309,-189.553,-8.245,-2.522,5.118,0.568,5.086,0.501,3.363,-1.129,0.636,0.0,-0.307,0,0.581,0.0,-0.319,1,0
960.459,-190.099,-8.775,-2.443,5.071,0.605,5.035,0.519,3.721,0.237,1.0,0.0,-0.32,0,0.922,0.0,-0.334,1,0
960.559,-190.439,-9.16,-2.388,5.227,0.67,5.184,0.564,2.27,-0.877,1.0,0.0,-0.289,0,1.0,0.0,-0.305,0,0
960.659,-190.765,-9.567,-2.333,5.21,0.609,5.174,0.528,5.903,12.861,1.0,0.0,-0.311,0,1.0,0.0,-0.326,2,0
960.759,-191.107,-10.055,-2.271,6.551,0.786,6.504,0.68,5.179,10.323,0.0,0.0,-0.275,0,0.0,0.0,-0.294,2,0
960.909,-191.672,-10.987,-2.167,7.626,0.723,7.592,0.666,4.004,2.719,0.0,0.0,-0.235,0,0.0,0.0,-0.255,2,0
961.009,-192.024,-11.655,-2.103,7.474,0.613,7.449,0.637,4.577,-2.873,0.0,0.0,-0.242,0,0.0,0.0,-0.257,2,0
961.109,-192.325,-12.321,-2.04,7.208,0.544,7.188,0.601,5.575,-3.821,0.0,0.0,-0.272,0,0.0,0.0,-0.286,2,0
961.209,-192.571,-12.978,-1.977,6.877,0.564,6.854,0.623,4.193,-3.543,0.0,0.0,-0.24,0,0.0,0.0,-0.257,2,0
961.359,-192.853,-13.937,-1.889,6.614,0.519,6.594,0.547,3.179,-2.904,0.0,0.0,-0.222,0,0.0,0.0,-0.236,0,0
961.459,-192.99,-14.56,-1.838,6.048,0.502,6.027,0.463,1.804,-7.618,0.0,0.0,-0.195,0,0.0,0.0,-0.208,1,0
961.609,-193.125,-15.379,-1.779,5.218,0.391,5.204,0.356,1.091,-4.079,0.0,0.0,-0.172,0,0.0,0.0,-0.182,1,0
961.709,-193.187,-15.872,-1.746,4.719,0.357,4.706,0.297,1.042,-5.701,0.081,0.0,-0.157,0,0.0,0.0,-0.166,1,0
961.809,-193.226,-16.312,-1.72,4.214,0.328,4.201,0.24,0.47,-3.461,0.437,0.0,-0.141,0,0.302,0.0,-0.149,1,0
961.909,-193.254,-16.715,-1.698,3.946,0.286,3.936,0.202,0.473,-0.578,0.568,0.0,-0.127,0,0.543,0.0,-0.134,1,0
962.059,-193.284,-17.307,-1.67,4.005,0.248,3.997,0.178,0.502,1.499,0.49,0.0,-0.11,0,0.525,0.0,-0.115,1,0
962.159,-193.299,-17.717,-1.653,4.163,0.231,4.157,0.167,0.419,1.484,0.488,0.0,-0.096,0,0.486,0.0,-0.102,1,0
962.309,-193.314,-18.359,-1.63,4.386,0.199,4.382,0.146,0.457,1.448,0.518,0.0,-0.086,0,0.51,0.0,-0.091,1,0
962.409,-193.319,-18.807,-1.616,4.545,0.184,4.541,0.135,0.313,1.593,0.484,0.0,-0.069,0,0.503,0.0,-0.073,1,0
962.559,-193.321,-19.507,-1.598,4.765,0.151,4.762,0.112,0.369,1.293,0.451,0.0,-0.061,0,0.462,0.0,-0.064,1,0
962.659,-193.318,-19.989,-1.588,4.869,0.136,4.867,0.102,0.153,0.87,0.443,0.0,-0.045,0,0.446,0.0,-0.049,1,0
962.759,-193.313,-20.481,-1.579,4.953,0.111,4.951,0.083,0.241,0.714,0.428,0.0,-0.039,0,0.436,0.0,-0.042,1,0
962.909,-193.301,-21.231,-1.567,5.013,0.079,5.013,0.119,0.008,-0.142,0.412,0.0,-0.03,0,0.419,0.0,-0.032,1,0
963.009,-193.291,-21.732,-1.563,5.016,0.067,5.015,0.055,0.118,-0.105,0.507,0.0,-0.02,0,0.479,0.0,-0.026,1,0
963.159,-193.275,-22.485,-1.556,5.039,0.044,5.039,0.009,0.094,0.504,0.514,0.0,-0.017,0,0.524,0.0,-0.018,1,0
963.259,-193.263,-22.99,-1.553,5.032,0.037,5.031,0.027,-0.046,1.378,0.642,0.0,-0.009,0,0.368,0.0,-0.01,1,0
963.359,-193.25,-23.497,-1.552,5.095,0.027,5.095,-0.02,0.013,-0.143,0.495,0.0,-0.008,0,0.349,0.0,-0.008,1,0
963.509,-193.232,-24.257,-1.549,5.003,0.011,5.003,0.014,-0.014,3.398,0.753,0.0,-0.002,0,0.458,0.0,-0.003,1,0
963.609,-193.219,-24.772,-1.548,5.183,0.007,5.183,-0.021,-0.047,1.52,0.41,0.0,0.001,0,0.125,0.0,-0.002,1,0
963.709,-193.207,-25.293,-1.549,5.161,0.004,5.161,-0.008,-0.073,-1.744,0.615,0.0,0.0,0,0.222,0.0,0.001,1,0
963.859,-193.191,-26.055,-1.549,5.205,-0.004,5.205,0.009,-0.027,-0.87,0.0,0.0,0.002,0,0.751,0.0,0.002,1,0
963.959,-193.18,-26.571,-1.549,5.14,-0.008,5.14,0.008,0.04,0.15,0.497,0.0,0.004,0,0.523,0.0,0.002,1,0
964.109,-193.164,-27.34,-1.55,5.074,-0.008,5.074,-0.026,-0.101,-0.569,0.57,0.0,0.004,0,0.565,0.0,0.005,1,0
964.209,-193.155,-27.844,-1.553,5.04,-0.002,5.04,-0.028,-0.134,-0.091,0.562,0.0,0.003,0,0.593,0.0,0.004,1,0
964.309,-193.146,-28.349,-1.555,5.059,-0.001,5.059,-0.018,-0.07,0.234,0.508,0.0,0.001,0,0.571,0.0,0.002,1,0
964.459,-193.135,-29.113,-1.556,5.128,-0.003,5.128,-0.002,-0.021,0.904,0.472,0.0,0.001,0,0.448,0.0,0.001,1,0
964.559,-193.128,-29.63,-1.557,5.148,-0.004,5.148,0.017,0.024,2.941,0.537,0.0,0.002,0,0.387,0.0,0.001,1,0
964.709,-193.117,-30.425,-1.556,5.285,-0.005,5.285,-0.004,-0.008,-0.565,0.379,0.0,0.002,0,0.343,0.0,0.002,1,0
964.809,-193.11,-30.949,-1.557,5.209,-0.005,5.209,-0.004,0.024,-0.764,0.483,0.0,0.001,0,0.417,0.0,0.001,1,0
964.959,-193.099,-31.721,-1.557,5.101,-0.002,5.101,-0.001,0.005,-0.5,0.537,0.0,0.001,0,0.491,0.0,0.001,1,0
965.059,-193.092,-32.228,-1.557,5.067,0.002,5.067,0.002,0.057,-0.246,0.518,0.0,-0.003,0,0.557,0.0,-0.002,1,0
965.159,-193.085,-32.735,-1.557,5.07,0.005,5.07,0.004,0.035,0.03,0.492,0.0,-0.006,0,0.548,0.0,-0.003,1,0
965.309,-193.072,-33.498,-1.555,5.105,0.013,5.105,0.011,0.112,0.147,0.457,0.0,-0.006,0,0.52,0.0,-0.007,1,0
965.409,-193.063,-34.01,-1.554,5.138,0.014,5.138,0.013,0.186,0.432,0.47,0.0,-0.011,0,0.431,0.0,-0.011,1,0
965.509,-193.052,-34.526,-1.553,5.157,0.023,5.157,0.019,0.084,0.263,0.465,0.0,-0.01,0,0.421,0.0,-0.01,1,0
965.659,-193.033,-35.3,-1.549,5.168,0.028,5.168,0.023,0.221,0.125,0.47,0.0,-0.015,0,0.424,0.0,-0.015,1,0
965.759,-193.019,-35.816,-1.547,5.158,0.03,5.157,0.028,0.153,-0.296,0.445,0.0,-0.019,0,0.48,0.0,-0.013,1,0
965.859,-193.002,-36.33,-1.544,5.146,0.036,5.146,0.03,0.249,-0.28,0.453,0.0,-0.017,0,0.489,0.0,-0.018,1,0
966.009,-192.974,-37.1,-1.539,5.125,0.038,5.125,0.034,0.27,0.154,0.496,0.0,-0.021,0,0.456,0.0,-0.022,1,0
966.109,-192.953,-37.612,-1.535,5.124,0.046,5.123,0.039,0.138,0.219,0.495,0.0,-0.019,0,0.455,0.0,-0.02,1,0
966.259,-192.917,-38.383,-1.53,5.264,0.053,5.264,0.032,0.195,1.199,0.115,0.0,-0.022,0,0.481,0.0,-0.023,1,0
966.359,-192.889,-38.914,-1.526,5.286,0.054,5.286,0.044,0.108,-0.945,0.393,0.0,-0.027,0,0.194,0.0,-0.021,1,0
966.459,-192.859,-39.435,-1.521,5.17,0.056,5.17,0.049,0.181,-1.167,0.525,0.0,-0.025,0,0.437,0.0,-0.026,1,0
966.609,-192.811,-40.196,-1.514,5.024,0.05,5.023,0.044,0.124,-0.644,0.595,0.0,-0.027,0,0.551,0.0,-0.023,1,0
966.709,-192.775,-40.706,-1.509,5.367,0.063,5.367,0.052,0.192,2.3,0.0,0.0,-0.023,0,0.612,0.0,-0.025,1,0
966.859,-192.713,-41.521,-1.502,5.37,0.059,5.369,0.051,0.31,-1.287,0.254,0.0,-0.028,0,0.0,0.0,-0.029,1,0
966.959,-192.67,-42.045,-1.496,5.179,0.057,5.179,0.051,0.255,-1.96,0.504,0.0,-0.035,0,0.424,0.0,-0.025,1,0
967.109,-192.601,-42.806,-1.488,5.225,0.078,5.224,0.06,0.628,4.511,0.624,0.0,-0.032,0,0.58,0.0,-0.034,1,0
967.209,-192.55,-43.319,-1.482,5.098,0.073,5.097,0.048,0.426,-1.582,0.502,0.0,-0.042,0,0.468,0.0,-0.043,1,0
967.309,-192.496,-43.821,-1.476,5.148,0.096,5.148,0.073,0.411,2.54,0.122,0.0,-0.039,0,0.604,0.0,-0.041,1,0
967.459,-192.404,-44.598,-1.465,5.1,0.08,5.099,0.126,0.68,-2.28,0.567,0.0,-0.05,0,0.455,0.0,-0.052,1,0
967.559,-192.34,-45.097,-1.457,5.034,0.109,5.033,0.04,0.52,1.141,0.363,0.0,-0.047,0,0.691,0.0,-0.049,1,0
967.709,-192.233,-45.846,-1.443,5.019,0.12,5.017,0.11,0.883,-0.871,0.499,0.0,-0.061,0,0.306,0.0,-0.063,1,0
967.809,-192.153,-46.346,-1.432,5.026,0.131,5.024,0.087,0.429,1.202,0.499,0.0,-0.074,0,0.463,0.0,-0.056,1,0
967.909,-192.067,-46.849,-1.422,5.11,0.157,5.107,0.132,0.756,1.507,0.392,0.0,-0.07,0,0.339,0.0,-0.072,1,0
968.009,-191.972,-47.354,-1.41,5.146,0.161,5.144,0.152,0.293,-2.325,0.478,0.0,-0.063,0,0.233,0.0,-0.067,1,0
968.109,-191.875,-47.849,-1.4,5.087,0.151,5.085,0.11,1.66,-1.131,0.355,0.0,-0.104,0,0.712,0.0,-0.106,1,0
968.259,-191.706,-48.595,-1.373,5.129,0.214,5.124,0.188,0.89,-1.694,0.448,0.0,-0.09,0,0.244,0.0,-0.095,1,0
968.359,-191.584,-49.085,-1.355,5.08,0.201,5.077,0.174,2.815,0.96,0.42,0.0,-0.146,0,0.658,0.0,-0.149,1,0
968.509,-191.368,-49.817,-1.318,5.053,0.293,5.044,0.265,1.288,2.134,0.645,0.0,-0.134,0,0.645,0.0,-0.134,1,0
968.609,-191.206,-50.306,-1.293,5.097,0.286,5.089,0.252,0.472,-1.423,0.606,0.0,-0.192,0,0.227,0.0,-0.119,1,0
968.709,-191.036,-50.781,-1.268,5.125,0.364,5.112,0.304,2.445,1.114,0.291,0.0,-0.183,0,0.672,0.0,-0.188,1,0
968.809,-190.839,-51.258,-1.237,5.106,0.385,5.091,0.258,1.13,-1.679,0.641,0.0,-0.166,0,0.298,0.0,-0.174,1,0
968.909,-190.633,-51.722,-1.206,5.192,0.381,5.178,0.306,1.239,-0.482,0.118,0.0,-0.241,0,0.697,0.0,-0.157,1,0
969.059,-190.288,-52.41,-1.157,5.036,0.474,5.014,0.391,2.619,2.697,0.684,0.0,-0.22,0,0.6,0.0,-0.23,1,0
969.159,-190.03,-52.856,-1.118,5.176,0.478,5.154,0.36,1.758,1.617,0.45,0.0,-0.294,0,0.159,0.0,-0.21,1,0
969.259,-189.751,-53.3,-1.078,5.176,0.525,5.149,0.391,2.725,-1.885,0.59,0.0,-0.279,0,0.195,0.0,-0.287,1,0
969.409,-189.298,-53.918,-1.008,5.262,0.606,5.227,0.48,1.332,-0.858,0.714,0.0,-0.255,0,0.714,0.0,-0.255,1,0
969.509,-188.965,-54.319,-0.959,5.156,0.635,5.117,0.547,2.264,-1.303,0.566,0.0,-0.31,0,0.445,0.0,-0.322,1,0
969.609,-188.615,-54.689,-0.904,5.069,0.642,5.028,0.575,1.654,-0.636,0.574,0.0,-0.279,0,0.563,0.0,-0.295,1,0
969.709,-188.251,-55.038,-0.85,5.032,0.597,4.997,0.529,3.239,7.39,0.577,0.0,-0.304,0,0.563,0.0,-0.264,1,0
969.809,-187.845,-55.388,-0.799,5.422,0.638,5.384,0.494,3.215,1.276,0.209,0.0,-0.279,0,0.0,0.0,-0.292,1,0
969.959,-187.197,-55.879,-0.722,5.374,0.643,5.336,0.534,2.042,-2.93,0.184,0.0,-0.278,0,0.466,0.0,-0.291,1,0
970.009,-186.979,-56.027,-0.697,5.242,0.615,5.206,0.448,1.616,-2.642,0.525,0.0,-0.265,0,0.184,0.0,-0.278,1,0
970.109,-186.549,-56.301,-0.649,5.042,0.549,5.012,0.463,1.945,-1.849,0.595,0.0,-0.276,0,0.525,0.0,-0.265,1,0
970.159,-186.33,-56.429,-0.625,5.003,0.563,4.971,0.439,2.787,1.577,1.0,0.0,-0.251,0,0.586,0.0,-0.264,1,0
970.209,-186.107,-56.552,-0.602,5.099,0.584,5.065,0.469,1.234,-1.715,0.981,0.0,-0.268,0,1.0,0.0,-0.251,1,0
970.259,-185.884,-56.67,-0.579,5.021,0.533,4.993,0.443,3.991,5.879,1.0,0.0,-0.254,0,0.981,0.0,-0.268,1,0
970.359,-185.405,-56.9,-0.532,5.517,0.606,5.484,0.473,2.559,3.311,1.0,0.0,-0.239,0,1.0,0.0,-0.254,1,0
970.409,-185.146,-57.016,-0.509,5.749,0.592,5.718,0.486,1.928,0.802,1.0,0.0,-0.219,0,1.0,0.0,-0.234,1,0
970.459,-184.881,-57.129,-0.485,5.8,0.553,5.773,0.464,1.861,0.465,0.0,0.0,-0.203,0,1.0,0.0,-0.219,1,0
970.509,-184.611,-57.239,-0.462,5.832,0.514,5.81,0.451,1.697,-0.073,0.0,0.0,-0.188,0,0.0,0.0,-0.203,0,0
970.559,-184.34,-57.345,-0.441,5.837,0.473,5.818,0.423,2.107,3.816,0.0,0.0,-0.174,0,0.0,0.0,-0.188,0,0
970.659,-183.763,-57.554,-0.4,6.526,0.459,6.51,0.415,2.674,9.609,0.0,0.0,-0.161,0,0.0,0.0,-0.174,2,0
970.709,-183.448,-57.661,-0.381,6.698,0.434,6.684,0.381,1.418,-0.437,0.0,0.0,-0.137,0,0.0,0.0,-0.149,2,0
970.759,-183.13,-57.765,-0.363,6.681,0.383,6.67,0.356,1.426,-1.185,0.0,0.0,-0.127,0,0.0,0.0,-0.137,2,0
970.809,-182.813,-57.864,-0.346,6.626,0.341,6.617,0.334,1.335,-1.771,0.0,0.0,-0.117,0,0.0,0.0,-0.127,2,0
970.859,-182.499,-57.959,-0.33,6.542,0.305,6.535,0.307,1.278,-2.185,0.0,0.0,-0.109,0,0.0,0.0,-0.117,2,0
970.959,-181.882,-58.133,-0.302,6.315,0.25,6.31,0.259,1.109,-2.681,0.0,0.0,-0.096,0,0.0,0.0,-0.102,2,0
971.009,-181.581,-58.213,-0.29,6.183,0.23,6.179,0.237,1.135,-1.205,0.0,0.0,-0.091,0,0.0,0.0,-0.096,2,0
971.059,-181.284,-58.289,-0.278,6.125,0.218,6.122,0.22,1.115,-0.16,0.0,0.0,-0.085,0,0.0,0.0,-0.091,0,0
971.109,-180.987,-58.362,-0.268,6.12,0.209,6.116,0.206,0.919,-3.336,0.0,0.0,-0.08,0,0.0,0.0,-0.085,0,0
971.159,-180.692,-58.432,-0.258,5.955,0.197,5.951,0.197,0.66,-6.683,0.0,0.0,-0.076,0,0.0,0.0,-0.08,1,0
971.209,-180.412,-58.496,-0.249,5.622,0.179,5.619,0.167,0.566,-5.792,0.0,0.0,-0.072,0,0.0,0.0,-0.076,1,0
971.309,-179.892,-58.608,-0.234,5.133,0.148,5.131,0.138,0.44,-4.436,0.0,0.0,-0.064,0,0.0,0.0,-0.068,1,0
971.359,-179.647,-58.659,-0.227,4.912,0.137,4.91,0.125,0.512,-6.533,0.0,0.0,-0.061,0,0.0,0.0,-0.064,1,0
971.409,-179.416,-58.705,-0.221,4.586,0.137,4.584,0.109,0.307,-5.292,0.0,0.0,-0.058,0,0.0,0.0,-0.061,1,0
971.459,-179.199,-58.747,-0.216,4.322,0.13,4.32,0.097,0.215,-4.499,0.0,0.0,-0.056,0,0.0,0.0,-0.058,1,0
971.509,-178.994,-58.786,-0.212,4.098,0.122,4.096,0.088,0.177,-3.942,0.0,0.0,-0.054,0,0.0,0.0,-0.056,1,0
971.609,-178.611,-58.856,-0.204,3.728,0.106,3.727,0.08,0.1,-3.12,0.0,0.0,-0.05,0,0.0,0.0,-0.052,1,0
971.659,-178.432,-58.888,-0.2,3.572,0.098,3.571,0.064,0.083,-2.946,0.0,0.0,-0.048,0,0.0,0.0,-0.05,1,0
971.709,-178.261,-58.918,-0.197,3.425,0.091,3.424,0.072,0.076,-2.826,0.0,0.0,-0.048,0,0.0,0.0,-0.048,1,0
971.759,-178.096,-58.946,-0.194,3.284,0.085,3.283,0.053,0.12,-2.716,0.0,0.0,-0.047,0,0.0,0.0,-0.048,1,0
971.809,-177.938,-58.973,-0.191,3.148,0.081,3.147,0.064,0.068,-2.608,0.0,0.0,-0.045,0,0.0,0.0,-0.047,1,0
971.859,-177.787,-58.998,-0.188,3.018,0.077,3.017,0.047,0.045,-2.499,0.0,0.0,-0.044,0,0.0,0.0,-0.045,1,0
971.909,-177.641,-59.022,-0.185,2.893,0.071,2.892,0.057,0.038,-2.399,0.037,0.0,-0.042,0,0.0,0.0,-0.044,1,0
971.959,-177.502,-59.045,-0.183,2.774,0.067,2.773,0.04,0.006,-2.889,0.174,0.0,-0.041,0,0.037,0.0,-0.042,1,0
972.059,-177.243,-59.087,-0.179,2.506,0.057,2.506,0.028,0.017,-2.46,0.394,0.0,-0.04,0,0.174,0.0,-0.041,1,0
972.109,-177.122,-59.106,-0.177,2.411,0.053,2.411,0.05,0.115,-0.985,0.625,0.0,-0.042,0,0.523,0.0,-0.043,1,0
972.159,-177.005,-59.124,-0.175,2.362,0.055,2.362,0.026,0.076,0.003,0.664,0.0,-0.041,0,0.625,0.0,-0.042,1,0
972.209,-176.888,-59.142,-0.173,2.363,0.054,2.362,0.05,0.092,1.052,0.661,0.0,-0.039,0,0.664,0.0,-0.041,1,0
972.259,-176.77,-59.16,-0.171,2.415,0.054,2.415,0.026,0.101,1.904,0.608,0.0,-0.038,0,0.661,0.0,-0.039,1,0
972.309,-176.647,-59.178,-0.169,2.511,0.054,2.51,0.049,0.121,2.453,0.535,0.0,-0.037,0,0.608,0.0,-0.038,1,0
972.359,-176.519,-59.197,-0.167,2.633,0.055,2.633,0.028,0.12,2.567,0.461,0.0,-0.036,0,0.535,0.0,-0.037,1,0
972.409,-176.385,-59.217,-0.165,2.762,0.056,2.761,0.05,0.127,2.351,0.413,0.0,-0.035,0,0.461,0.0,-0.036,1,0
972.459,-176.244,-59.238,-0.164,2.88,0.057,2.879,0.03,0.117,1.937,0.395,0.0,-0.04,0,0.413,0.0,-0.035,1,0
972.559,-175.949,-59.28,-0.159,3.054,0.062,3.053,0.035,0.156,1.253,0.419,0.0,-0.038,0,0.404,0.0,-0.039,1,0
972.609,-175.796,-59.302,-0.157,3.117,0.063,3.116,0.055,0.139,1.126,0.432,0.0,-0.036,0,0.419,0.0,-0.038,1,0
972.659,-175.64,-59.323,-0.155,3.173,0.063,3.173,0.035,0.123,1.064,0.429,0.0,-0.035,0,0.432,0.0,-0.036,1,0
972.709,-175.481,-59.345,-0.153,3.227,0.062,3.226,0.053,0.124,1.066,0.419,0.0,-0.034,0,0.429,0.0,-0.035,1,0
972.759,-175.32,-59.367,-0.15,3.28,0.061,3.279,0.034,0.116,1.01,0.399,0.0,-0.033,0,0.419,0.0,-0.034,1,0
972.809,-175.156,-59.388,-0.148,3.331,0.06,3.33,0.051,0.12,0.937,0.383,0.0,-0.038,0,0.399,0.0,-0.033,1,0
972.859,-174.989,-59.41,-0.146,3.378,0.059,3.377,0.033,0.286,0.779,0.367,0.0,-0.037,0,0.383,0.0,-0.038,1,0
972.909,-174.82,-59.432,-0.144,3.417,0.065,3.416,0.056,0.181,0.649,0.362,0.0,-0.036,0,0.367,0.0,-0.037,1,0
972.959,-174.65,-59.453,-0.142,3.449,0.066,3.449,0.039,0.143,0.493,0.357,0.0,-0.035,0,0.362,0.0,-0.036,1,0
973.059,-174.305,-59.495,-0.137,3.494,0.064,3.494,0.037,0.117,0.306,0.356,0.0,-0.032,0,0.359,0.0,-0.033,1,0
973.109,-174.131,-59.516,-0.135,3.51,0.061,3.509,0.052,0.118,0.271,0.356,0.0,-0.038,0,0.356,0.0,-0.032,1,0
973.159,-173.956,-59.537,-0.133,3.523,0.06,3.523,0.035,0.31,0.205,0.351,0.0,-0.037,0,0.356,0.0,-0.038,1,0
973.209,-173.781,-59.557,-0.13,3.534,0.067,3.533,0.057,0.189,0.194,0.35,0.0,-0.036,0,0.351,0.0,-0.037,1,0
973.259,-173.605,-59.576,-0.128,3.544,0.068,3.543,0.041,0.147,0.141,0.344,0.0,-0.035,0,0.35,0.0,-0.036,1,0
973.359,-173.252,-59.614,-0.123,3.557,0.065,3.557,0.039,0.133,0.123,0.343,0.0,-0.034,0,0.344,0.0,-0.035,1,0
973.409,-173.075,-59.633,-0.121,3.561,0.062,3.56,0.053,0.117,0.055,0.341,0.0,-0.039,0,0.339,0.0,-0.033,1,0
973.459,-172.898,-59.651,-0.118,3.564,0.061,3.563,0.036,0.326,0.003,0.338,0.0,-0.038,0,0.341,0.0,-0.039,1,0
973.509,-172.721,-59.669,-0.116,3.564,0.068,3.564,0.058,0.194,0.011,0.341,0.0,-0.037,0,0.338,0.0,-0.038,1,0
973.559,-172.543,-59.686,-0.114,3.565,0.069,3.564,0.043,0.15,-0.016,0.339,0.0,-0.036,0,0.341,0.0,-0.037,1,0
973.609,-172.366,-59.703,-0.111,3.564,0.068,3.564,0.057,0.135,-0.001,0.34,0.0,-0.034,0,0.339,0.0,-0.036,1,0
973.659,-172.188,-59.719,-0.109,3.564,0.066,3.564,0.04,0.119,-0.025,0.338,0.0,-0.033,0,0.34,0.0,-0.034,1,0
973.709,-172.011,-59.735,-0.106,3.563,0.064,3.563,0.054,0.119,-0.011,0.339,0.0,-0.038,0,0.338,0.0,-0.033,1,0
973.759,-171.834,-59.751,-0.104,3.563,0.062,3.562,0.036,0.278,-0.042,0.337,0.0,-0.037,0,0.339,0.0,-0.038,1,0
973.859,-171.479,-59.781,-0.099,3.56,0.067,3.56,0.041,0.175,-0.021,0.34,0.0,-0.036,0,0.337,0.0,-0.037,1,0
973.909,-171.301,-59.795,-0.097,3.558,0.066,3.558,0.055,0.128,-0.02,0.34,0.0,-0.033,0,0.338,0.0,-0.034,1,0
973.959,-171.124,-59.809,-0.095,3.557,0.064,3.557,0.038,0.114,-0.037,0.338,0.0,-0.032,0,0.34,0.0,-0.033,1,0
974.009,-170.947,-59.823,-0.092,3.556,0.061,3.555,0.052,0.115,-0.018,0.34,0.0,-0.034,0,0.338,0.0,-0.032,1,0
974.059,-170.77,-59.836,-0.09,3.555,0.06,3.554,0.035,0.206,-0.038,0.338,0.0,-0.033,0,0.34,0.0,-0.034,1,0
974.109,-170.592,-59.849,-0.088,3.553,0.062,3.553,0.053,0.144,-0.016,0.341,0.0,-0.032,0,0.338,0.0,-0.033,1,0
974.159,-170.415,-59.861,-0.086,3.552,0.061,3.552,0.036,0.119,-0.031,0.339,0.0,-0.031,0,0.341,0.0,-0.032,1,0
974.209,-170.238,-59.874,-0.084,3.551,0.059,3.551,0.051,0.113,-0.011,0.341,0.0,-0.03,0,0.339,0.0,-0.031,1,0
974.259,-170.061,-59.885,-0.081,3.551,0.058,3.55,0.034,0.102,-0.025,0.339,0.0,-0.031,0,0.341,0.0,-0.03,1,0
974.309,-169.884,-59.897,-0.079,3.549,0.056,3.549,0.048,0.159,-0.009,0.341,0.0,-0.03,0,0.339,0.0,-0.031,1,0
974.359,-169.707,-59.908,-0.077,3.549,0.057,3.549,0.033,0.113,-0.022,0.34,0.0,-0.029,0,0.341,0.0,-0.03,1,0
974.409,-169.529,-59.919,-0.075,3.548,0.055,3.548,0.048,0.105,-0.004,0.341,0.0,-0.028,0,0.34,0.0,-0.029,1,0
974.509,-169.175,-59.94,-0.072,3.547,0.051,3.547,0.045,0.093,-0.001,0.342,0.0,-0.026,0,0.34,0.0,-0.027,1,0
974.559,-168.998,-59.95,-0.07,3.547,0.05,3.547,0.028,0.086,-0.015,0.34,0.0,-0.026,0,0.342,0.0,-0.026,1,0
974.609,-168.821,-59.96,-0.068,3.546,0.048,3.546,0.042,0.113,-0.0,0.342,0.0,-0.025,0,0.34,0.0,-0.026,1,0
974.659,-168.644,-59.97,-0.066,3.547,0.048,3.546,0.026,0.087,-0.012,0.34,0.0,-0.024,0,0.342,0.0,-0.025,1,0
974.709,-168.467,-59.979,-0.065,3.546,0.046,3.546,0.041,0.085,0.002,0.342,0.0,-0.023,0,0.34,0.0,-0.024,1,0
974.759,-168.29,-59.989,-0.063,3.546,0.044,3.546,0.024,0.076,-0.01,0.34,0.0,-0.022,0,0.342,0.0,-0.023,1,0
974.809,-168.113,-59.998,-0.061,3.546,0.042,3.545,0.039,0.078,0.003,0.342,0.0,-0.021,0,0.34,0.0,-0.022,1,0
974.859,-167.936,-60.006,-0.06,3.546,0.041,3.546,0.022,0.072,-0.008,0.34,0.0,-0.021,0,0.342,0.0,-0.021,1,0
974.959,-167.582,-60.023,-0.057,3.546,0.039,3.546,0.02,0.067,-0.007,0.342,0.0,-0.02,0,0.342,0.0,-0.02,1,0
975.009,-167.405,-60.032,-0.056,3.546,0.037,3.545,0.035,0.068,0.004,0.342,0.0,-0.019,0,0.34,0.0,-0.019,1,0
975.059,-167.228,-60.04,-0.055,3.546,0.036,3.546,0.018,0.061,-0.006,0.341,0.0,-0.018,0,0.342,0.0,-0.019,1,0
975.109,-167.051,-60.048,-0.053,3.545,0.034,3.545,0.033,0.064,0.004,0.342,0.0,-0.017,0,0.341,0.0,-0.018,1,0
975.159,-166.873,-60.055,-0.052,3.546,0.034,3.546,0.016,0.059,-0.005,0.341,0.0,-0.017,0,0.342,0.0,-0.017,1,0
975.209,-166.696,-60.063,-0.051,3.546,0.032,3.545,0.031,0.058,0.004,0.342,0.0,-0.016,0,0.341,0.0,-0.017,1,0
975.259,-166.519,-60.07,-0.05,3.546,0.031,3.546,0.014,0.051,-0.005,0.341,0.0,-0.015,0,0.342,0.0,-0.016,1,0
975.309,-166.342,-60.078,-0.049,3.546,0.03,3.545,0.029,0.053,0.004,0.342,0.0,-0.015,0,0.341,0.0,-0.015,1,0
975.359,-166.165,-60.085,-0.048,3.546,0.029,3.546,0.013,0.048,-0.004,0.341,0.0,-0.014,0,0.342,0.0,-0.015,1,0
975.409,-165.988,-60.092,-0.047,3.546,0.027,3.546,0.028,0.051,0.004,0.342,0.0,-0.014,0,0.341,0.0,-0.014,1,0
975.459,-165.811,-60.099,-0.046,3.546,0.027,3.546,0.011,0.045,-0.004,0.341,0.0,-0.013,0,0.342,0.0,-0.014,1,0
975.559,-165.456,-60.112,-0.044,3.546,0.025,3.546,0.01,0.046,0.004,0.342,0.0,-0.013,0,0.341,0.0,-0.013,1,0
975.609,-165.279,-60.119,-0.043,3.546,0.024,3.546,0.025,0.043,0.004,0.342,0.0,-0.012,0,0.341,0.0,-0.012,1,0
975.659,-165.102,-60.125,-0.042,3.546,0.023,3.546,0.009,0.038,-0.003,0.341,0.0,-0.011,0,0.342,0.0,-0.012,1,0
975.709,-164.925,-60.131,-0.041,3.546,0.022,3.546,0.024,0.041,0.003,0.341,0.0,-0.011,0,0.341,0.0,-0.011,1,0
975.759,-164.748,-60.138,-0.041,3.546,0.021,3.546,0.007,0.037,-0.003,0.341,0.0,-0.011,0,0.341,0.0,-0.011,1,0
975.809,-164.571,-60.144,-0.04,3.546,0.02,3.546,0.023,0.038,0.003,0.341,0.0,-0.01,0,0.341,0.0,-0.011,1,0
975.859,-164.393,-60.15,-0.039,3.546,0.02,3.546,0.006,0.032,-0.003,0.341,0.0,-0.01,0,0.341,0.0,-0.01,1,0
975.909,-164.216,-60.156,-0.038,3.546,0.019,3.546,0.022,0.035,0.003,0.341,0.0,-0.009,0,0.341,0.0,-0.01,1,0
975.959,-164.039,-60.161,-0.038,3.546,0.019,3.546,0.005,0.03,-0.003,0.341,0.0,-0.009,0,0.341,0.0,-0.009,1,0
976.009,-163.862,-60.167,-0.037,3.546,0.017,3.546,0.021,0.04,0.002,0.341,0.0,-0.009,0,0.341,0.0,-0.009,1,0
976.109,-163.507,-60.179,-0.036,3.546,0.017,3.546,0.02,0.032,0.002,0.341,0.0,-0.008,0,0.341,0.0,-0.009,1,0
976.159,-163.33,-60.184,-0.035,3.546,0.016,3.546,0.004,0.026,-0.002,0.341,0.0,-0.008,0,0.341,0.0,-0.008,1,0
976.209,-163.153,-60.19,-0.035,3.546,0.015,3.546,0.019,0.029,0.002,0.341,0.0,-0.008,0,0.341,0.0,-0.008,1,0
976.259,-162.976,-60.195,-0.034,3.546,0.015,3.546,0.003,0.024,-0.002,0.341,0.0,-0.008,0,0.341,0.0,-0.008,1,0
976.309,-162.799,-60.2,-0.034,3.546,0.014,3.546,0.018,0.04,0.002,0.341,0.0,-0.008,0,0.341,0.0,-0.008,1,0
976.359,-162.621,-60.205,-0.033,3.546,0.015,3.546,0.003,0.026,-0.002,0.341,0.0,-0.007,0,0.341,0.0,-0.008,1,0
976.409,-162.444,-60.211,-0.033,3.546,0.014,3.546,0.018,0.028,0.002,0.341,0.0,-0.007,0,0.341,0.0,-0.007,1,0
976.459,-162.267,-60.216,-0.032,3.546,0.014,3.546,0.002,0.022,-0.002,0.341,0.0,-0.007,0,0.341,0.0,-0.007,1,0
976.509,-162.09,-60.221,-0.032,3.546,0.013,3.546,0.017,0.025,0.002,0.341,0.0,-0.006,0,0.341,0.0,-0.007,1,0
976.559,-161.912,-60.226,-0.031,3.546,0.013,3.546,0.001,0.02,-0.002,0.341,0.0,-0.007,0,0.341,0.0,-0.006,1,0
976.609,-161.735,-60.23,-0.031,3.546,0.012,3.546,0.017,0.041,0.002,0.341,0.0,-0.007,0,0.341,0.0,-0.007,1,0
976.659,-161.558,-60.235,-0.03,3.546,0.013,3.546,0.001,0.025,-0.002,0.341,0.0,-0.006,0,0.341,0.0,-0.007,1,0
976.709,-161.381,-60.24,-0.03,3.546,0.012,3.546,0.017,0.026,0.002,0.341,0.0,-0.006,0,0.341,0.0,-0.006,1,0
976.759,-161.203,-60.245,-0.029,3.546,0.012,3.546,0.001,0.019,-0.002,0.341,0.0,-0.006,0,0.341,0.0,-0.006,1,0
976.809,-161.026,-60.249,-0.029,3.546,0.011,3.546,0.016,0.023,0.002,0.341,0.0,-0.006,0,0.341,0.0,-0.006,1,0
976.909,-160.672,-60.258,-0.028,3.546,0.011,3.546,0.016,0.043,0.001,0.341,0.0,-0.006,0,0.341,0.0,-0.006,1,0
976.959,-160.494,-60.263,-0.028,3.546,0.012,3.546,0.0,0.025,-0.002,0.341,0.0,-0.006,0,0.341,0.0,-0.006,1,0
977.009,-160.317,-60.267,-0.027,3.546,0.011,3.546,0.016,0.025,0.002,0.341,0.0,-0.006,0,0.341,0.0,-0.006,1,0
977.059,-160.14,-60.271,-0.027,3.546,0.011,3.546,-0.0,0.018,-0.002,0.341,0.0,-0.006,0,0.341,0.0,-0.006,1,0
977.109,-159.963,-60.276,-0.026,3.546,0.01,3.546,0.016,0.021,0.001,0.341,0.0,-0.006,0,0.341,0.0,-0.006,1,0
977.159,-159.785,-60.28,-0.026,3.546,0.01,3.546,-0.001,0.04,-0.002,0.341,0.0,-0.006,0,0.341,0.0,-0.006,1,0
977.209,-159.608,-60.284,-0.026,3.546,0.011,3.546,0.016,0.029,0.001,0.341,0.0,-0.006,0,0.341,0.0,-0.006,1,0
977.309,-159.254,-60.292,-0.025,3.546,0.01,3.546,0.016,0.02,-0.002,0.341,0.0,-0.006,0,0.341,0.0,-0.006,1,0
977.359,-159.077,-60.296,-0.025,3.546,0.01,3.546,-0.001,0.016,-0.001,0.341,0.0,-0.005,0,0.341,0.0,-0.005,1,0
977.409,-158.899,-60.3,-0.024,3.546,0.01,3.546,0.015,0.02,0.001,0.341,0.0,-0.005,0,0.341,0.0,-0.005,1,0
977.459,-158.722,-60.303,-0.024,3.546,0.01,3.546,-0.001,0.028,-0.002,0.341,0.0,-0.005,0,0.341,0.0,-0.005,1,0
977.509,-158.545,-60.307,-0.024,3.546,0.01,3.546,0.015,0.023,0.001,0.341,0.0,-0.005,0,0.341,0.0,-0.005,1,0
977.559,-158.368,-60.311,-0.023,3.546,0.01,3.546,-0.001,0.016,-0.001,0.341,0.0,-0.005,0,0.341,0.0,-0.005,1,0
977.609,-158.19,-60.314,-0.023,3.546,0.009,3.546,0.015,0.019,0.001,0.341,0.0,-0.005,0,0.341,0.0,-0.005,1,0
977.659,-158.013,-60.318,-0.023,3.546,0.009,3.546,-0.001,0.014,-0.001,0.341,0.0,-0.005,0,0.341,0.0,-0.005,1,0
977.709,-157.836,-60.322,-0.022,3.546,0.009,3.546,0.014,0.018,0.001,0.341,0.0,-0.004,0,0.341,0.0,-0.005,1,0
977.809,-157.481,-60.329,-0.022,3.546,0.008,3.546,0.014,0.017,-0.001,0.341,0.0,-0.004,0,0.341,0.0,-0.004,1,0
977.859,-157.304,-60.332,-0.021,3.546,0.008,3.546,-0.002,0.012,-0.001,0.341,0.0,-0.004,0,0.341,0.0,-0.004,1,0
977.909,-157.127,-60.335,-0.021,3.546,0.008,3.546,0.014,0.016,0.001,0.341,0.0,-0.004,0,0.341,0.0,-0.004,1,0
977.959,-156.95,-60.339,-0.021,3.546,0.008,3.546,-0.003,0.011,-0.001,0.341,0.0,-0.004,0,0.341,0.0,-0.004,1,0
978.009,-156.772,-60.342,-0.02,3.546,0.007,3.546,0.013,0.013,0.001,0.341,0.0,-0.003,0,0.341,0.0,-0.004,1,0
978.059,-156.595,-60.345,-0.02,3.546,0.007,3.546,-0.003,0.009,-0.001,0.341,0.0,-0.003,0,0.341,0.0,-0.003,1,0
978.109,-156.418,-60.349,-0.02,3.546,0.006,3.546,0.013,0.013,0.001,0.341,0.0,-0.003,0,0.341,0.0,-0.003,1,0
978.159,-156.241,-60.352,-0.02,3.546,0.007,3.546,-0.003,0.008,-0.001,0.341,0.0,-0.003,0,0.341,0.0,-0.003,1,0
978.259,-155.886,-60.358,-0.019,3.546,0.006,3.546,-0.004,0.008,-0.001,0.341,0.0,-0.003,0,0.341,0.0,-0.003,1,0
978.309,-155.709,-60.361,-0.019,3.546,0.005,3.546,0.012,0.007,0.001,0.341,0.0,-0.003,0,0.341,0.0,-0.003,1,0
978.359,-155.532,-60.364,-0.019,3.546,0.005,3.546,-0.004,0.005,-0.001,0.341,0.0,-0.003,0,0.341,0.0,-0.003,1,0
978.409,-155.354,-60.368,-0.019,3.546,0.005,3.546,0.011,0.01,0.001,0.341,0.0,-0.002,0,0.341,0.0,-0.003,1,0
978.459,-155.177,-60.371,-0.019,3.546,0.005,3.546,-0.005,0.006,-0.001,0.341,0.0,-0.002,0,0.341,0.0,-0.002,1,0
978.509,-155.0,-60.374,-0.018,3.546,0.004,3.546,0.011,0.01,0.001,0.341,0.0,-0.002,0,0.341,0.0,-0.002,1,0
978.559,-154.822,-60.377,-0.018,3.546,0.005,3.546,-0.005,-0.001,-0.001,0.341,0.0,-0.002,0,0.341,0.0,-0.002,1,0
978.609,-154.645,-60.38,-0.018,3.546,0.004,3.546,0.011,0.007,0.001,0.341,0.0,-0.002,0,0.341,0.0,-0.002,1,0
978.659,-154.468,-60.383,-0.018,3.546,0.004,3.546,-0.005,0.003,-0.001,0.341,0.0,-0.002,0,0.341,0.0,-0.002,1,0
978.709,-154.291,-60.386,-0.018,3.546,0.003,3.546,0.01,0.008,0.0,0.341,0.0,-0.002,0,0.341,0.0,-0.002,1,0
978.809,-153.936,-60.392,-0.018,3.546,0.003,3.546,0.01,0.008,0.0,0.341,0.0,-0.001,0,0.341,0.0,-0.002,1,0
978.859,-153.759,-60.395,-0.018,3.546,0.003,3.546,-0.006,-0.003,-0.0,0.341,0.0,-0.001,0,0.341,0.0,-0.001,1,0
978.909,-153.581,-60.398,-0.017,3.546,0.002,3.546,0.01,0.004,0.0,0.341,0.0,-0.001,0,0.341,0.0,-0.001,1,0
978.959,-153.404,-60.401,-0.017,3.546,0.003,3.546,-0.006,0.001,-0.0,0.341,0.0,-0.001,0,0.341,0.0,-0.001,1,0
979.009,-153.227,-60.404,-0.017,3.546,0.002,3.546,0.01,0.006,0.0,0.341,0.0,-0.001,0,0.341,0.0,-0.001,1,0
979.059,-153.049,-60.407,-0.017,3.546,0.002,3.546,-0.006,0.001,-0.0,0.341,0.0,-0.001,0,0.341,0.0,-0.001,1,0
979.109,-152.872,-60.41,-0.017,3.546,0.002,3.546,0.009,0.006,0.0,0.341,0.0,-0.001,0,0.341,0.0,-0.001,1,0
979.159,-152.695,-60.412,-0.017,3.546,0.002,3.546,-0.006,-0.005,-0.0,0.341,0.0,-0.001,0,0.341,0.0,-0.001,1,0
979.259,-152.34,-60.418,-0.017,3.546,0.002,3.546,-0.007,-0.001,-0.0,0.341,0.0,-0.001,0,0.341,0.0,-0.001,1,0
979.309,-152.163,-60.421,-0.017,3.546,0.001,3.546,0.009,0.004,0.0,0.341,0.0,-0.001,0,0.341,0.0,-0.001,1,0
979.359,-151.986,-60.424,-0.017,3.546,0.002,3.546,-0.007,0.0,-0.0,0.341,0.0,-0.001,0,0.341,0.0,-0.001,1,0
979.409,-151.808,-60.427,-0.017,3.546,0.001,3.546,0.009,-0.001,0.0,0.341,0.0,-0.0,0,0.341,0.0,-0.001,1,0
979.459,-151.631,-60.43,-0.017,3.546,0.001,3.546,-0.007,-0.002,-0.0,0.341,0.0,-0.0,0,0.341,0.0,-0.0,1,0
979.509,-151.454,-60.433,-0.017,3.546,0.001,3.546,0.009,0.003,0.0,0.341,0.0,-0.0,0,0.341,0.0,-0.0,1,0
979.559,-151.277,-60.436,-0.017,3.546,0.001,3.546,-0.007,-0.001,-0.0,0.341,0.0,-0.0,0,0.341,0.0,-0.0,1,0
979.659,-150.922,-60.442,-0.017,3.546,0.001,3.546,-0.007,0.003,0.0,0.341,0.0,-0.0,0,0.341,0.0,-0.0,1,0
979.709,-150.745,-60.445,-0.017,3.546,0.0,3.546,0.008,-0.001,0.0,0.341,0.0,-0.0,0,0.341,0.0,-0.0,1,0
979.759,-150.567,-60.447,-0.017,3.546,0.001,3.546,-0.008,-0.001,0.0,0.341,0.0,-0.0,0,0.341,0.0,-0.0,1,0
979.809,-150.39,-60.45,-0.017,3.546,0.0,3.546,0.008,0.002,0.0,0.341,0.0,-0.0,0,0.341,0.0,-0.0,1,0
979.859,-150.213,-60.453,-0.017,3.546,0.001,3.546,-0.008,-0.002,-0.0,0.341,0.0,-0.0,0,0.341,0.0,-0.0,1,0
979.909,-150.035,-60.456,-0.016,3.546,0.0,3.546,0.008,0.003,0.0,0.341,0.0,-0.0,0,0.341,0.0,-0.0,1,0
979.959,-149.858,-60.459,-0.017,3.546,0.0,3.546,-0.008,-0.002,-0.0,0.341,0.0,-0.0,0,0.341,0.0,-0.0,1,0
980.059,-149.504,-60.465,-0.017,3.546,0.0,3.546,-0.008,-0.004,-0.0,0.341,0.0,0.0,0,0.341,0.0,0.0,1,0
980.109,-149.326,-60.468,-0.016,3.546,-0.0,3.546,0.008,0.001,-0.0,0.341,0.0,0.0,0,0.341,0.0,0.0,1,0
980.159,-149.149,-60.471,-0.017,3.546,0.0,3.546,-0.008,-0.003,0.0,0.341,0.0,0.0,0,0.341,0.0,0.0,1,0
980.209,-148.972,-60.474,-0.016,3.546,-0.0,3.546,0.008,0.002,-0.0,0.341,0.0,0.0,0,0.341,0.0,0.0,1,0
980.259,-148.794,-60.477,-0.017,3.546,0.0,3.546,-0.008,-0.002,0.0,0.341,0.0,0.0,0,0.341,0.0,0.0,1,0
980.309,-148.617,-60.48,-0.016,3.546,-0.0,3.546,0.008,0.002,-0.0,0.341,0.0,0.0,0,0.341,0.0,0.0,1,0
980.359,-148.44,-60.483,-0.017,3.546,0.0,3.546,-0.008,-0.002,0.0,0.341,0.0,0.0,0,0.341,0.0,0.0,1,0
980.459,-148.085,-60.488,-0.017,3.546,0.0,3.546,-0.008,-0.004,0.0,0.341,0.0,0.0,0,0.341,0.0,0.0,1,0
980.509,-147.908,-60.491,-0.016,3.546,-0.0,3.546,0.008,0.001,-0.0,0.341,0.0,0.0,0,0.341,0.0,0.0,1,0
980.559,-147.731,-60.494,-0.017,3.546,-0.0,3.546,-0.008,-0.003,0.0,0.341,0.0,0.0,0,0.341,0.0,0.0,1,0
980.609,-147.553,-60.497,-0.017,3.546,-0.0,3.546,0.008,0.002,-0.0,0.341,0.0,0.0,0,0.341,0.0,0.0,1,0
980.659,-147.376,-60.5,-0.017,3.546,-0.0,3.546,-0.008,-0.003,0.0,0.341,0.0,0.0,0,0.341,0.0,0.0,1,0
980.709,-147.199,-60.503,-0.017,3.546,-0.0,3.546,0.008,0.001,-0.0,0.341,0.0,0.0,0,0.341,0.0,0.0,1,0
980.809,-146.844,-60.509,-0.017,3.546,-0.0,3.546,0.008,-0.003,0.0,0.341,0.0,0.0,0,0.341,0.0,0.0,1,0
980.859,-146.667,-60.512,-0.017,3.546,-0.0,3.546,-0.008,-0.003,0.0,0.341,0.0,0.0,0,0.341,0.0,0.0,1,0
980.909,-146.49,-60.515,-0.017,3.546,-0.0,3.546,0.008,0.002,-0.0,0.341,0.0,0.0,0,0.341,0.0,0.0,1,0
980.959,-146.312,-60.518,-0.017,3.546,-0.0,3.546,-0.008,-0.003,0.0,0.341,0.0,0.0,0,0.341,0.0,0.0,1,0
981.009,-146.135,-60.521,-0.017,3.546,-0.0,3.546,0.008,0.002,-0.0,0.341,0.0,0.0,0,0.341,0.0,0.0,1,0
981.059,-145.958,-60.524,-0.017,3.546,-0.0,3.546,-0.008,-0.003,0.0,0.341,0.0,0.0,0,0.341,0.0,0.0,1,0
981.159,-145.603,-60.53,-0.017,3.546,-0.0,3.546,-0.008,0.002,-0.0,0.341,0.0,0.0,0,0.341,0.0,0.0,1,0
981.209,-145.426,-60.533,-0.017,3.546,-0.0,3.546,0.008,0.002,-0.0,0.341,0.0,0.007,0,0.341,0.0,0.0,1,0
981.259,-145.248,-60.536,-0.017,3.546,-0.0,3.546,-0.008,-0.215,-0.001,0.341,0.0,0.008,0,0.341,0.0,0.007,1,0
981.309,-145.071,-60.539,-0.017,3.546,-0.01,3.546,-0.0,-0.087,-0.002,0.341,0.0,0.008,0,0.341,0.0,0.008,1,0
981.359,-144.894,-60.543,-0.017,3.546,-0.012,3.546,-0.018,-0.058,0.002,0.341,0.0,0.007,0,0.341,0.0,0.008,1,0
981.409,-144.717,-60.546,-0.018,3.546,-0.014,3.546,-0.002,-0.037,-0.001,0.341,0.0,0.031,0,0.341,0.0,0.007,1,0
981.459,-144.54,-60.55,-0.018,3.546,-0.014,3.546,-0.018,-0.731,-0.017,0.341,0.0,0.032,0,0.341,0.0,0.031,1,0
981.509,-144.362,-60.556,-0.02,3.545,-0.045,3.545,-0.027,-0.318,-0.013,0.343,0.0,0.032,0,0.341,0.0,0.032,1,0
981.609,-144.008,-60.569,-0.024,3.545,-0.057,3.545,-0.034,-1.2,-0.077,0.341,0.0,0.07,0,0.343,0.0,0.069,1,0
981.659,-143.831,-60.578,-0.027,3.543,-0.105,3.542,-0.088,-0.598,-0.009,0.348,0.0,0.069,0,0.341,0.0,0.07,1,0
981.709,-143.654,-60.589,-0.032,3.544,-0.12,3.542,-0.082,-0.403,-0.015,0.342,0.0,0.117,0,0.348,0.0,0.069,1,0
981.759,-143.477,-60.6,-0.036,3.544,-0.124,3.542,-0.098,-1.633,-0.123,0.343,0.0,0.117,0,0.342,0.0,0.117,1,0
981.809,-143.301,-60.615,-0.042,3.541,-0.184,3.537,-0.13,-0.869,-0.073,0.35,0.0,0.116,0,0.343,0.0,0.117,1,0
981.909,-142.949,-60.652,-0.057,3.543,-0.207,3.537,-0.142,-2.002,-0.274,0.339,0.0,0.172,0,0.349,0.0,0.172,1,0
981.959,-142.774,-60.675,-0.066,3.537,-0.274,3.526,-0.211,-1.168,-0.054,0.362,0.0,0.17,0,0.339,0.0,0.172,1,0
982.009,-142.599,-60.702,-0.077,3.539,-0.295,3.527,-0.209,-0.844,-0.052,0.345,0.0,0.233,0,0.362,0.0,0.17,1,0
982.059,-142.424,-60.73,-0.088,3.541,-0.299,3.528,-0.224,-2.352,-0.326,0.346,0.0,0.231,0,0.345,0.0,0.233,1,0
982.109,-142.25,-60.764,-0.1,3.536,-0.372,3.517,-0.267,-1.433,-0.198,0.36,0.0,0.228,0,0.346,0.0,0.231,1,0
982.209,-141.906,-60.841,-0.129,3.542,-0.398,3.519,-0.281,-2.806,-0.636,0.336,0.0,0.304,0,0.357,0.0,0.306,1,0
982.259,-141.735,-60.887,-0.146,3.529,-0.481,3.496,-0.362,-1.878,-0.217,0.384,0.0,0.299,0,0.336,0.0,0.304,1,0
982.309,-141.566,-60.937,-0.164,3.532,-0.511,3.495,-0.367,-1.389,-0.146,0.352,0.0,0.292,0,0.384,0.0,0.299,1,0
982.359,-141.398,-60.992,-0.183,3.536,-0.515,3.498,-0.38,-1.215,0.093,0.35,0.0,0.367,0,0.352,0.0,0.292,1,0
982.409,-141.231,-61.049,-0.201,3.55,-0.511,3.513,-0.36,-2.918,-0.779,0.32,0.0,0.363,0,0.35,0.0,0.367,1,0
982.459,-141.066,-61.112,-0.221,3.535,-0.587,3.486,-0.437,-2.038,-0.328,0.384,0.0,0.356,0,0.32,0.0,0.363,1,0
982.509,-140.903,-61.18,-0.243,3.538,-0.612,3.484,-0.439,-1.554,-0.275,0.352,0.0,0.348,0,0.384,0.0,0.356,1,0
982.609,-140.582,-61.327,-0.287,3.552,-0.606,3.5,-0.428,-2.994,-0.925,0.321,0.0,0.412,0,0.355,0.0,0.418,1,0
982.659,-140.425,-61.408,-0.311,3.535,-0.674,3.47,-0.5,-2.154,-0.39,0.39,0.0,0.404,0,0.321,0.0,0.412,1,0
982.709,-140.271,-61.495,-0.336,3.538,-0.695,3.469,-0.499,-1.686,-0.33,0.352,0.0,0.394,0,0.39,0.0,0.404,1,0
982.759,-140.119,-61.585,-0.361,3.54,-0.693,3.471,-0.507,-1.558,-0.022,0.354,0.0,0.459,0,0.352,0.0,0.394,1,0
982.859,-139.823,-61.778,-0.412,3.538,-0.746,3.458,-0.551,-2.307,-0.126,0.481,0.0,0.442,0,0.591,0.0,0.451,1,0
982.909,-139.681,-61.883,-0.44,3.558,-0.766,3.474,-0.549,-1.988,0.462,0.404,0.0,0.5,0,0.481,0.0,0.442,1,0
982.959,-139.539,-61.992,-0.467,3.603,-0.769,3.52,-0.56,-3.467,-0.2,1.0,0.0,0.49,0,0.404,0.0,0.5,1,0
983.009,-139.401,-62.108,-0.497,3.634,-0.838,3.536,-0.605,-2.596,0.335,0.842,0.0,0.544,0,1.0,0.0,0.49,1,0
983.059,-139.266,-62.231,-0.528,3.682,-0.858,3.581,-0.628,-4.14,0.869,0.814,0.0,0.531,0,0.842,0.0,0.544,1,0
983.159,-139.003,-62.504,-0.596,3.953,-0.988,3.828,-0.722,-3.584,2.658,0.689,0.0,0.516,0,0.814,0.0,0.531,1,0
983.209,-138.869,-62.657,-0.633,4.156,-1.01,4.032,-0.735,-4.946,1.511,0.234,0.0,0.555,0,0.429,0.0,0.571,1,0
983.309,-138.609,-62.997,-0.713,4.382,-1.11,4.239,-0.822,-3.112,-0.339,0.264,0.0,0.516,0,0.243,0.0,0.536,1,0
983.409,-138.369,-63.364,-0.793,4.403,-1.054,4.275,-0.777,-3.876,-1.86,0.391,0.0,0.529,0,0.344,0.0,0.549,1,0
983.559,-138.067,-63.94,-0.911,4.365,-1.036,4.24,-0.766,-2.485,-0.081,0.358,0.0,0.469,0,0.419,0.0,0.489,1,0
983.659,-137.895,-64.342,-0.984,4.414,-0.971,4.306,-0.716,-3.237,-0.991,0.275,0.0,0.468,0,0.296,0.0,0.488,1,0
983.759,-137.749,-64.756,-1.056,4.389,-0.954,4.284,-0.708,-2.104,-0.891,0.338,0.0,0.426,0,0.327,0.0,0.447,1,0
983.909,-137.575,-65.385,-1.154,4.356,-0.837,4.275,-0.613,-2.103,0.808,0.648,0.0,0.372,0,0.665,0.0,0.389,1,0
984.009,-137.482,-65.817,-1.213,4.522,-0.791,4.452,-0.582,-2.17,1.723,1.0,0.0,0.356,0,0.648,0.0,0.372,1,0
984.109,-137.402,-66.28,-1.27,4.894,-0.755,4.835,-0.567,-2.318,4.138,1.0,0.0,0.309,0,1.0,0.0,0.332,1,0
984.209,-137.33,-66.796,-1.325,5.467,-0.709,5.421,-0.541,-1.16,1.13,1.0,0.0,0.239,0,1.0,0.0,0.263,1,0
984.309,-137.269,-67.347,-1.377,5.761,-0.599,5.729,-0.506,-2.24,4.84,1.0,0.0,0.197,0,1.0,0.0,0.217,1,0
984.459,-137.198,-68.25,-1.444,6.08,-0.444,6.064,-0.405,-1.564,4.246,1.0,0.0,0.141,0,1.0,0.0,0.157,0,0
984.559,-137.168,-68.893,-1.481,6.984,-0.397,6.972,-0.362,-2.141,11.309,1.0,0.0,0.109,0,1.0,0.0,0.125,2,0
984.709,-137.143,-70.07,-1.53,8.502,-0.295,8.496,-0.298,-1.794,8.89,1.0,0.0,0.081,0,1.0,0.0,0.094,2,0
984.809,-137.142,-70.963,-1.557,9.102,-0.203,9.1,-0.237,-1.075,2.828,1.0,0.0,0.043,0,1.0,0.0,0.055,0,0
984.959,-137.162,-72.351,-1.584,9.672,-0.092,9.672,-0.142,-1.052,11.829,1.0,0.0,0.025,0,1.0,0.0,0.034,3,0
985.059,-137.187,-73.365,-1.595,10.482,-0.05,10.482,-0.088,-0.399,6.836,1.0,0.0,0.007,0,1.0,0.0,0.011,3,0
985.159,-137.22,-74.45,-1.601,11.142,-0.017,11.141,-0.045,-0.13,6.02,1.0,0.0,0.0,0,1.0,0.0,0.003,3,0
985.309,-137.275,-76.191,-1.604,12.015,0.009,12.015,-0.001,0.066,5.655,1.0,0.0,-0.004,0,1.0,0.0,-0.003,3,0
985.409,-137.315,-77.422,-1.603,12.568,0.014,12.568,0.015,0.198,3.308,1.0,0.0,-0.006,0,1.0,0.0,-0.006,3,0
985.509,-137.353,-78.69,-1.601,12.66,0.012,12.66,0.023,0.312,2.354,1.0,0.0,-0.006,0,1.0,0.0,-0.007,0,0
985.659,-137.407,-80.635,-1.597,13.359,0.008,13.359,0.028,0.339,5.6,1.0,0.0,-0.006,0,1.0,0.0,-0.006,4,0
985.759,-137.441,-81.999,-1.595,13.868,0.004,13.868,0.027,0.331,4.801,1.0,0.0,-0.004,0,1.0,0.0,-0.005,4,0
985.909,-137.488,-84.136,-1.591,14.574,-0.002,14.574,0.021,0.295,4.615,1.0,0.0,-0.004,0,1.0,0.0,-0.004,4,0
986.009,-137.516,-85.618,-1.589,15.029,-0.003,15.029,0.019,0.245,4.514,1.0,0.0,-0.003,0,1.0,0.0,-0.003,4,0
986.159,-137.556,-87.926,-1.587,15.704,-0.006,15.704,0.015,0.24,4.493,1.0,0.0,-0.003,0,1.0,0.0,-0.003,4,0
986.259,-137.581,-89.521,-1.585,16.153,-0.006,16.153,0.013,0.199,-0.592,0.789,0.0,-0.002,0,0.955,0.0,-0.002,0,0
986.359,-137.604,-91.133,-1.584,16.125,-0.006,16.125,0.011,0.182,4.371,1.0,0.0,-0.002,0,1.0,0.0,-0.002,0,0
986.509,-137.635,-93.604,-1.582,16.778,-0.006,16.778,0.009,0.151,2.658,0.0,0.0,-0.001,0,0.0,0.0,-0.001,5,0
986.609,-137.654,-95.294,-1.582,16.958,-0.006,16.958,0.008,0.125,-0.189,0.0,0.0,-0.001,0,0.0,0.0,-0.001,5,0
986.759,-137.681,-97.83,-1.581,16.843,-0.005,16.843,0.006,0.096,-1.482,0.0,0.0,-0.001,0,0.0,0.0,-0.001,5,0
986.859,-137.698,-99.506,-1.58,16.721,-0.004,16.721,0.005,0.092,-0.043,0.0,0.0,-0.001,0,0.0,0.0,-0.001,0,0
986.959,-137.713,-101.177,-1.58,16.64,-0.003,16.64,0.005,0.071,-4.41,0.0,0.0,-0.001,0,0.0,0.0,-0.001,4,0
987.109,-137.734,-103.623,-1.579,16.058,-0.002,16.058,0.004,0.059,-3.123,0.0,0.0,-0.001,0,0.0,0.0,-0.001,4,0
987.209,-137.747,-105.211,-1.579,15.755,-0.002,15.755,0.003,0.056,-2.826,0.0,0.0,-0.0,0,0.0,0.0,-0.001,4,0
987.359,-137.765,-107.541,-1.578,15.342,-0.001,15.342,0.003,0.044,-2.643,0.0,0.0,-0.0,0,0.0,0.0,-0.0,4,0
987.459,-137.776,-109.061,-1.578,15.079,-0.001,15.079,0.002,0.035,-2.578,0.0,0.0,-0.0,0,0.0,0.0,-0.0,4,0
987.559,-137.786,-110.555,-1.578,14.823,-0.001,14.823,0.002,0.029,-2.527,0.0,0.0,-0.0,0,0.0,0.0,-0.0,4,0
987.709,-137.801,-112.748,-1.577,14.447,-0.0,14.447,0.001,0.022,-2.461,0.0,0.0,-0.0,0,0.0,0.0,-0.0,4,0
987.809,-137.811,-114.179,-1.577,14.202,-0.0,14.202,0.001,0.019,-2.419,0.0,0.0,-0.0,0,0.0,0.0,-0.0,4,0
987.909,-137.82,-115.586,-1.577,13.961,-0.0,13.961,0.001,0.016,-2.378,0.0,0.0,-0.0,0,0.0,0.0,-0.0,4,0
988.059,-137.833,-117.652,-1.577,13.608,0.0,13.608,0.001,0.013,-2.319,0.0,0.0,-0.0,0,0.0,0.0,-0.0,4,0
988.159,-137.841,-119.0,-1.577,13.377,0.0,13.377,0.001,0.011,-1.479,0.0,0.0,-0.0,0,0.0,0.0,-0.0,4,0
988.309,-137.854,-120.997,-1.577,13.218,0.0,13.218,0.001,0.008,-5.062,0.0,0.0,-0.0,0,0.0,0.0,-0.0,3,0
988.409,-137.861,-122.291,-1.577,12.734,0.0,12.734,0.001,0.007,-3.987,0.0,0.0,-0.0,0,0.0,0.0,-0.0,3,0
988.559,-137.872,-124.155,-1.577,12.185,0.0,12.185,0.0,0.004,-3.339,0.0,0.0,-0.0,0,0.0,0.0,-0.0,3,0
988.659,-137.88,-125.355,-1.577,11.869,0.0,11.869,0.0,0.004,-3.185,0.0,0.0,-0.0,0,0.0,0.0,-0.0,3,0
988.809,-137.89,-127.099,-1.577,11.412,0.0,11.412,0.0,0.003,-3.086,0.0,0.0,-0.0,0,0.0,0.0,-0.0,3,0
988.909,-137.896,-128.225,-1.577,11.123,0.0,11.123,0.0,0.002,-2.708,0.0,0.0,-0.0,0,0.0,0.0,-0.0,3,0
989.009,-137.903,-129.322,-1.577,10.84,0.0,10.84,0.0,0.002,-2.645,0.0,0.0,-0.0,0,0.0,0.0,-0.0,3,0
989.159,-137.912,-130.92,-1.577,10.572,0.0,10.572,0.0,0.002,-0.074,0.0,0.0,-0.0,0,0.0,0.0,-0.0,0,0
989.259,-137.918,-131.965,-1.577,10.148,0.0,10.148,0.0,-0.0,-8.623,0.0,1.0,0.0,0,0.0,1.0,0.0,2,0
989.409,-137.926,-133.387,-1.577,8.917,-0.0,8.917,0.0,0.0,-7.803,0.0,1.0,0.0,0,0.0,1.0,0.0,2,0
989.559,-137.933,-134.63,-1.577,7.811,-0.0,7.811,0.0,0.0,-6.075,0.0,1.0,0.0,0,0.0,1.0,0.0,2,0
989.659,-137.938,-135.375,-1.577,7.011,-0.0,7.011,0.0,0.0,-13.529,0.0,1.0,0.0,0,0.0,1.0,0.0,1,0
989.759,-137.941,-136.004,-1.577,5.837,-0.0,5.837,0.0,-0.0,-26.575,0.0,1.0,0.0,0,0.0,1.0,0.0,1,0
989.909,-137.944,-136.557,-1.577,1.871,-0.0,1.871,0.0,0.0,-25.838,0.0,1.0,0.0,0,0.0,1.0,0.0,1,0
990.009,-137.945,-136.615,-1.577,0.004,0.0,-0.004,0.0,-0.001,-0.146,0.0,1.0,0.0,0,0.0,1.0,0.0,1,1
990.109,-137.945,-136.617,-1.577,0.012,-0.0,-0.012,-0.0,0.0,0.028,0.0,1.0,0.0,0,0.0,1.0,0.0,1,1
990.209,-137.945,-136.619,-1.577,0.009,-0.0,-0.009,-0.0,0.0,0.038,0.0,1.0,0.0,0,0.0,1.0,0.0,1,1
990.359,-137.945,-136.62,-1.577,0.004,-0.0,-0.004,-0.0,0.0,0.02,0.0,1.0,0.0,0,0.0,1.0,0.0,1,1
990.459,-137.945,-136.621,-1.577,0.002,-0.0,-0.002,-0.0,-0.0,0.011,0.0,1.0,0.0,0,0.0,1.0,0.0,1,1
990.559,-137.945,-136.621,-1.577,0.001,-0.0,-0.001,-0.0,-0.0,0.006,0.0,1.0,0.0,0,0.0,1.0,0.0,1,1
990.709,-137.945,-136.621,-1.577,0.0,0.0,-0.0,-0.0,-0.0,0.002,0.0,1.0,0.0,0,0.0,1.0,0.0,1,1
990.809,-137.945,-136.621,-1.577,0.0,-0.0,-0.0,-0.0,0.0,0.004,0.0,1.0,0.0,0,0.0,1.0,0.0,1,1
990.959,-137.945,-136.621,-1.577,0.0,-0.0,0.0,-0.0,0.0,0.0,0.0,1.0,0.0,0,0.0,1.0,0.0,1,1
991.959,-137.945,-136.621,-1.577,0.0,-0.0,0.0,-0.0,0.0,0.0,0.0,1.0,0.0,0,0.0,1.0,0.0,1,1
993.059,-137.945,-136.621,-1.577,0.0,-0.0,0.0,-0.0,0.0,0.0,0.0,1.0,0.0,0,0.0,1.0,0.0,1,1
994.109,-137.945,-136.621,-1.577,0.0,-0.0,0.0,-0.0,0.0,0.0,1.0,0.0,-1.0,0,0.0,1.0,0.0,1,1
994.259,-137.945,-136.621,-1.577,0.0,-0.0,-0.0,-0.0,-0.0,-0.285,1.0,0.0,-0.0,0,1.0,0.0,-0.0,1,1
994.359,-137.945,-136.625,-1.577,0.081,0.0,0.081,0.0,0.0,1.161,1.0,0.0,-0.0,0,1.0,0.0,-0.0,1,1
994.509,-137.945,-136.655,-1.577,0.422,-0.001,0.422,-0.003,-0.014,4.894,1.0,0.0,-0.0,0,1.0,0.0,-0.0,1,0
994.609,-137.945,-136.723,-1.577,0.908,0.001,0.908,0.004,-0.02,4.92,1.0,0.0,-0.0,0,1.0,0.0,0.0,1,0
994.709,-137.946,-136.84,-1.576,1.423,0.0,1.423,0.004,0.009,6.489,1.0,0.0,0.0,0,1.0,0.0,0.0,1,0
994.859,-137.948,-137.135,-1.577,2.437,0.0,2.437,-0.012,-0.004,6.549,1.0,0.0,0.0,0,1.0,0.0,0.0,1,0
994.959,-137.949,-137.415,-1.577,3.127,0.0,3.127,-0.001,-0.0,8.139,1.0,0.0,-0.0,0,1.0,0.0,-0.0,1,0
995.059,-137.951,-137.772,-1.577,3.916,0.0,3.916,0.0,0.001,7.394,1.0,0.0,-0.0,0,1.0,0.0,-0.0,1,0
995.209,-137.955,-138.448,-1.577,5.01,0.0,5.01,0.0,0.001,7.202,1.0,0.0,-0.0,0,1.0,0.0,-0.0,1,0
995.309,-137.958,-138.986,-1.577,5.595,0.0,5.595,0.0,0.001,0.417,1.0,0.0,-0.0,0,1.0,0.0,-0.0,1,0
995.459,-137.963,-139.833,-1.577,5.702,0.0,5.702,0.0,0.0,-0.066,1.0,0.0,-0.0,0,1.0,0.0,-0.0,0,0
995.559,-137.966,-140.414,-1.577,6.211,0.0,6.211,0.0,0.001,13.232,1.0,0.0,-0.0,0,1.0,0.0,-0.0,2,0
995.709,-137.973,-141.495,-1.577,7.924,0.0,7.924,0.0,0.0,8.825,1.0,0.0,-0.0,0,1.0,0.0,-0.0,2,0
995.809,-137.977,-142.335,-1.576,8.773,0.0,8.773,0.0,0.0,5.076,1.0,0.0,-0.0,0,1.0,0.0,-0.0,2,0
995.959,-137.985,-143.674,-1.576,9.041,0.0,9.041,0.0,0.0,3.736,1.0,0.0,-0.0,0,1.0,0.0,-0.0,0,0
996.059,-137.99,-144.631,-1.576,9.949,0.0,9.949,0.0,0.0,7.335,1.0,0.0,-0.0,0,1.0,0.0,-0.0,3,0
996.159,-137.996,-145.666,-1.576,10.65,0.0,10.65,0.0,0.0,6.236,1.0,0.0,-0.0,0,1.0,0.0,-0.0,3,0
996.309,-138.006,-147.337,-1.576,11.546,0.0,11.546,0.0,0.0,5.615,1.0,0.0,-0.0,0,1.0,0.0,-0.0,3,0
996.409,-138.012,-148.522,-1.576,12.103,0.0,12.103,0.0,-0.0,5.136,0.0,0.0,0.0,0,0.0,0.0,0.0,3,0
996.559,-138.023,-150.386,-1.576,12.58,0.0,12.58,-0.0,-0.0,-0.645,0.0,0.0,0.0,0,0.0,0.0,-0.0,3,0
996.659,-138.03,-151.639,-1.576,12.467,0.0,12.467,0.0,-0.0,-2.211,0.0,0.0,-0.0,0,0.0,0.0,0.0,3,0
996.759,-138.037,-152.872,-1.576,12.228,0.0,12.228,0.0,-0.0,-2.747,0.0,0.0,0.0,0,0.0,0.0,0.0,3,0
996.859,-138.044,-154.078,-1.576,11.948,-0.0,11.948,0.0,0.0,-2.878,0.0,0.0,0.0,0,0.0,0.0,-0.0,3,0
997.009,-138.054,-155.835,-1.576,11.52,-0.0,11.52,-0.001,-0.0,-2.999,0.0,0.0,-0.0,0,0.0,0.0,0.0,3,0
997.109,-138.061,-156.971,-1.576,11.234,-0.0,11.234,-0.0,0.0,-2.97,0.0,0.0,-0.0,0,0.0,0.0,0.0,3,0
997.259,-138.07,-158.622,-1.576,10.805,-0.0,10.805,0.0,0.0,-2.629,0.0,0.0,-0.0,0,0.0,0.0,-0.0,3,0
997.359,-138.076,-159.688,-1.576,10.571,0.0,10.571,0.0,-0.0,-0.101,0.0,0.0,0.0,0,0.0,0.0,0.0,0,0
997.459,-138.082,-160.745,-1.576,10.562,-0.0,10.562,0.0,-0.0,-10.096,0.0,0.0,0.0,0,0.0,0.0,0.0,2,0
997.609,-138.09,-162.219,-1.576,9.357,-0.0,9.357,-0.0,-0.0,-5.689,0.0,0.0,0.0,0,0.0,0.0,0.0,2,0
997.709,-138.095,-163.125,-1.576,8.837,-0.0,8.837,-0.0,-0.0,-4.907,0.0,0.0,0.0,0,0.0,0.0,0.0,2,0
997.859,-138.103,-164.395,-1.576,8.156,-0.0,8.156,-0.0,-0.0,-3.929,0.0,0.0,0.0,0,0.0,0.0,0.0,2,0
997.959,-138.107,-165.188,-1.576,7.747,-0.0,7.747,-0.0,0.0,-3.731,0.0,0.0,0.0,0,0.0,0.0,0.0,2,0
998.059,-138.111,-165.942,-1.576,7.358,-0.0,7.358,-0.0,-0.0,-3.576,0.0,0.0,0.0,0,0.0,0.0,0.0,2,0
998.209,-138.118,-167.01,-1.576,7.024,-0.0,7.024,-0.0,-0.0,-0.039,0.0,0.0,0.0,0,0.0,0.0,0.0,0,0
998.309,-138.121,-167.695,-1.576,6.488,-0.0,6.488,0.0,0.0,-8.156,0.0,0.0,0.0,0,0.0,0.0,0.0,1,0
998.409,-138.125,-168.301,-1.576,5.782,-0.0,5.782,-0.0,0.0,-5.927,0.0,0.0,0.0,0,0.0,0.0,0.0,1,0
998.559,-138.129,-169.105,-1.576,5.046,-0.0,5.046,-0.0,-0.0,-5.19,0.0,0.0,0.0,0,0.0,0.0,0.0,1,0
998.659,-138.132,-169.581,-1.576,4.502,-0.0,4.502,-0.0,-0.0,-4.57,0.426,0.0,0.0,0,0.107,0.0,0.0,1,0
998.759,-138.135,-170.007,-1.576,4.105,-0.0,4.105,-0.0,0.0,-1.509,0.669,0.0,0.0,0,0.567,0.0,0.0,1,0
998.909,-138.138,-170.617,-1.576,4.115,-0.0,4.115,-0.0,-0.0,2.007,0.492,0.0,-0.0,0,0.571,0.0,0.0,1,0
999.009,-138.141,-171.04,-1.576,4.315,-0.0,4.315,-0.0,-0.0,1.606,0.449,0.0,-0.0,0,0.448,0.0,0.0,1,0
999.159,-138.144,-171.706,-1.576,4.522,-0.0,4.522,-0.0,-0.0,1.222,0.534,0.0,0.0,0,0.493,0.0,0.0,1,0
999.259,-138.147,-172.166,-1.576,4.674,-0.0,4.674,-0.0,0.0,1.76,0.506,0.0,-0.0,0,0.54,0.0,0.0,1,0
999.359,-138.15,-172.643,-1.576,4.847,-0.0,4.847,-0.0,-0.0,1.477,0.446,0.0,-0.0,0,0.469,0.0,0.0,1,0
999.459,-138.152,-173.136,-1.576,4.981,-0.0,4.981,-0.0,-0.0,0.963,0.447,0.0,-0.0,0,0.441,0.0,0.0,1,0
999.609,-138.157,-173.891,-1.577,4.993,0.0,4.993,0.0,-0.001,1.153,0.752,0.0,-0.0,0,0.456,0.0,-0.0,1,0
999.709,-138.16,-174.393,-1.577,5.057,0.0,5.057,0.0,0.004,0.125,0.591,0.0,-0.0,0,0.48,0.0,-0.0,1,0
999.859,-138.164,-175.151,-1.576,5.007,-0.002,5.007,0.009,0.026,3.908,0.859,0.0,0.0,0,0.547,0.0,0.0,1,0
999.959,-138.167,-175.668,-1.576,5.19,-0.002,5.19,0.001,0.0,-0.501,0.6,0.0,0.001,0,0.196,0.0,0.001,1,0
1000.059,-138.169,-176.183,-1.576,5.129,-0.002,5.129,-0.001,-0.002,-0.077,0.712,0.0,0.001,0,0.652,0.0,0.001,1,0
1000.209,-138.173,-176.953,-1.576,5.178,-0.002,5.178,-0.001,-0.008,0.957,0.557,0.0,0.001,0,0.665,0.0,0.001,1,0
1000.309,-138.176,-177.477,-1.576,5.306,-0.002,5.306,-0.002,-0.008,1.134,0.409,0.0,0.001,0,0.529,0.0,0.001,1,0
1000.459,-138.181,-178.287,-1.576,5.458,-0.002,5.458,0.001,-0.006,0.574,0.33,0.0,0.001,0,0.407,0.0,0.001,1,0
1000.559,-138.184,-178.839,-1.576,5.653,-0.001,5.653,-0.001,-0.004,1.551,0.0,0.0,0.0,0,0.29,0.0,0.0,1,0
1000.659,-138.187,-179.413,-1.577,5.714,0.002,5.714,0.034,-0.038,-2.272,0.161,0.0,-0.001,0,0.005,0.0,-0.0,1,0
1000.809,-138.193,-180.24,-1.579,5.337,0.005,5.337,-0.052,-0.002,-2.377,0.619,0.0,-0.002,0,0.521,0.0,-0.001,1,0
1000.909,-138.196,-180.76,-1.578,5.12,0.005,5.12,-0.051,0.002,-1.486,0.739,0.0,-0.002,0,0.689,0.0,-0.001,1,0
1001.009,-138.199,-181.265,-1.578,5.0,0.005,5.0,-0.05,0.027,6.728,0.772,0.0,-0.002,0,0.769,0.0,-0.001,1,0
1001.159,-138.204,-182.067,-1.577,5.429,0.004,5.429,-0.049,0.015,-0.06,0.181,0.0,-0.001,0,0.0,0.0,-0.001,1,0
1001.259,-138.207,-182.607,-1.577,5.368,0.003,5.368,-0.05,-0.006,-0.96,0.462,0.0,-0.001,0,0.39,0.0,-0.0,1,0
1001.359,-138.21,-183.138,-1.577,5.273,0.003,5.273,-0.051,-0.008,-0.814,0.543,0.0,-0.001,0,0.507,0.0,-0.0,1,0
1001.459,-138.213,-183.661,-1.577,5.201,0.003,5.201,-0.051,-0.009,-0.369,0.579,0.0,-0.001,0,0.567,0.0,-0.0,1,0
1001.609,-138.218,-184.439,-1.576,5.185,-0.001,5.185,0.051,0.016,0.373,0.548,0.0,-0.0,0,0.569,0.0,-0.001,1,0
1001.709,-138.221,-184.96,-1.576,5.231,-0.001,5.231,0.051,0.017,0.597,0.494,0.0,-0.0,0,0.522,0.0,-0.0,1,0
1001.859,-138.225,-185.752,-1.577,5.314,0.002,5.314,-0.05,0.017,0.497,0.45,0.0,0.0,0,0.469,0.0,-0.0,1,0
1001.959,-138.228,-186.285,-1.576,5.343,0.016,5.343,-0.039,0.181,0.098,0.44,0.0,-0.011,0,0.436,0.0,-0.011,1,0
1002.009,-138.228,-186.552,-1.575,5.348,0.018,5.348,0.067,0.163,-0.039,0.444,0.0,-0.01,0,0.44,0.0,-0.011,1,0
1002.109,-138.228,-187.087,-1.573,5.341,0.021,5.341,0.07,1.124,-0.239,0.464,0.0,-0.046,0,0.456,0.0,-0.045,1,0
1002.259,-138.215,-187.885,-1.564,5.311,0.096,5.31,0.03,0.457,-0.144,0.494,0.0,-0.043,0,0.48,0.0,-0.045,1,0
1002.359,-138.2,-188.415,-1.556,5.298,0.096,5.297,0.031,1.791,-0.152,0.495,0.0,-0.094,0,0.491,0.0,-0.094,1,0
1002.459,-138.174,-188.944,-1.543,5.286,0.184,5.283,0.104,1.031,0.008,0.509,0.0,-0.089,0,0.499,0.0,-0.092,1,0
1002.609,-138.115,-189.735,-1.518,5.297,0.186,5.294,0.211,2.384,-0.189,0.479,0.0,-0.144,0,0.491,0.0,-0.146,1,0
1002.709,-138.057,-190.261,-1.497,5.3,0.282,5.293,0.293,1.517,-0.057,0.479,0.0,-0.135,0,0.503,0.0,-0.141,1,0
1002.809,-137.984,-190.786,-1.472,5.31,0.289,5.302,0.3,1.155,0.046,0.469,0.0,-0.194,0,0.487,0.0,-0.129,1,0
1002.959,-137.843,-191.57,-1.43,5.307,0.381,5.293,0.276,1.849,-0.052,0.505,0.0,-0.178,0,0.49,0.0,-0.185,1,0
1003.059,-137.724,-192.088,-1.397,5.315,0.382,5.301,0.278,3.212,-0.349,0.48,0.0,-0.236,0,0.48,0.0,-0.242,1,0
1003.159,-137.581,-192.598,-1.359,5.305,0.475,5.283,0.358,2.188,-0.032,0.541,0.0,-0.218,0,0.593,0.0,-0.228,1,0
1003.309,-137.326,-193.355,-1.299,5.354,0.451,5.335,0.438,1.755,0.309,0.483,0.0,-0.272,0,0.506,0.0,-0.207,1,0
1003.409,-137.124,-193.851,-1.255,5.375,0.534,5.348,0.509,2.517,0.053,0.476,0.0,-0.242,0,0.517,0.0,-0.254,1,0
1003.509,-136.898,-194.34,-1.209,5.415,0.521,5.39,0.5,3.784,-0.496,0.433,0.0,-0.292,0,0.466,0.0,-0.302,1,0
1003.659,-136.508,-195.052,-1.134,5.421,0.595,5.388,0.467,2.347,-0.006,0.492,0.0,-0.316,0,0.481,0.0,-0.267,1,0
1003.759,-136.216,-195.509,-1.082,5.427,0.624,5.391,0.493,3.036,-0.26,0.579,0.0,-0.291,0,0.457,0.0,-0.304,1,0
1003.909,-135.732,-196.163,-1.001,5.455,0.595,5.422,0.569,3.692,-0.495,0.459,0.0,-0.303,0,0.497,0.0,-0.317,1,0
1004.009,-135.378,-196.578,-0.946,5.465,0.632,5.428,0.601,2.707,-0.239,0.512,0.0,-0.274,0,0.493,0.0,-0.289,1,0
1004.109,-135.002,-196.975,-0.893,5.482,0.593,5.45,0.569,3.522,-0.49,0.46,0.0,-0.293,0,0.482,0.0,-0.307,1,0
1004.259,-134.399,-197.532,-0.813,5.49,0.603,5.456,0.48,2.591,-0.266,1.0,0.0,-0.264,0,0.487,0.0,-0.279,1,0
1004.359,-133.972,-197.88,-0.761,5.537,0.608,5.504,0.483,3.48,0.285,0.88,0.0,-0.278,0,0.876,0.0,-0.292,1,0
1004.459,-133.521,-198.21,-0.709,5.606,0.582,5.576,0.462,3.119,-0.58,1.0,0.0,-0.273,0,0.704,0.0,-0.286,0,0
1004.559,-133.039,-198.526,-0.656,6.23,0.665,6.195,0.562,5.636,11.394,0.102,0.0,-0.277,0,1.0,0.0,-0.292,2,0
1004.709,-132.107,-199.043,-0.558,7.672,0.725,7.638,0.672,4.623,6.311,0.0,0.0,-0.27,0,0.0,0.0,-0.258,2,0
1004.809,-131.405,-199.371,-0.491,7.736,0.639,7.709,0.693,4.361,-2.501,0.545,0.0,-0.242,0,0.0,0.0,-0.262,2,0
1004.909,-130.701,-199.656,-0.426,7.514,0.555,7.494,0.674,3.566,-2.299,0.496,0.0,-0.222,0,0.409,0.0,-0.222,2,0
1005.009,-130.002,-199.896,-0.367,7.333,0.489,7.316,0.612,3.445,-1.176,0.669,0.0,-0.185,0,0.943,0.0,-0.204,2,0
1005.159,-128.948,-200.188,-0.291,7.318,0.427,7.305,0.431,3.343,0.355,1.0,0.0,-0.166,0,0.633,0.0,-0.182,2,0
1005.259,-128.226,-200.346,-0.247,7.484,0.397,7.473,0.385,2.594,2.005,0.934,0.0,-0.132,0,0.531,0.0,-0.146,2,0
1005.359,-127.479,-200.484,-0.207,7.694,0.345,7.686,0.332,2.374,2.311,0.397,0.0,-0.113,0,0.464,0.0,-0.125,2,0
1005.459,-126.705,-200.602,-0.173,7.909,0.297,7.903,0.287,1.981,1.321,0.521,0.0,-0.093,0,1.0,0.0,-0.104,2,0
1005.559,-125.913,-200.702,-0.143,8.057,0.246,8.053,0.242,1.679,1.345,1.0,0.0,-0.075,0,0.513,0.0,-0.085,2,0
1005.609,-125.511,-200.747,-0.129,8.127,0.219,8.124,0.295,1.515,1.394,1.0,0.0,-0.071,0,1.0,0.0,-0.075,2,0
1005.709,-124.693,-200.825,-0.106,8.315,0.183,8.313,0.253,1.425,3.682,1.0,0.0,-0.053,0,1.0,0.0,-0.062,2,0
1005.759,-124.273,-200.859,-0.096,8.5,0.169,8.499,0.168,1.236,4.964,1.0,0.0,-0.045,0,1.0,0.0,-0.053,2,0
1005.809,-123.842,-200.891,-0.087,8.75,0.148,8.749,0.205,0.9,-0.543,1.0,0.0,-0.037,0,1.0,0.0,-0.045,0,0
1005.909,-122.972,-200.949,-0.071,8.72,0.097,8.72,0.171,0.869,8.404,1.0,0.0,-0.024,0,1.0,0.0,-0.031,0,0
1005.959,-122.526,-200.976,-0.065,9.141,0.084,9.141,0.119,0.752,9.075,1.0,0.0,-0.019,0,1.0,0.0,-0.024,3,0
1006.009,-122.055,-201.002,-0.06,9.595,0.071,9.595,0.1,0.608,7.841,1.0,0.0,-0.015,0,1.0,0.0,-0.019,3,0
1006.059,-121.564,-201.027,-0.055,9.987,0.057,9.987,0.082,0.477,7.016,1.0,0.0,-0.011,0,1.0,0.0,-0.015,3,0
1006.159,-120.528,-201.078,-0.049,10.661,0.032,10.661,0.053,0.295,6.091,1.0,0.0,-0.006,0,1.0,0.0,-0.008,3,0
1006.209,-119.986,-201.102,-0.047,10.966,0.022,10.966,0.041,0.229,5.843,1.0,0.0,-0.004,0,1.0,0.0,-0.006,3,0
1006.259,-119.429,-201.127,-0.045,11.258,0.014,11.258,0.031,0.165,5.679,1.0,0.0,-0.002,0,1.0,0.0,-0.004,3,0
1006.359,-118.273,-201.177,-0.043,11.821,0.004,11.821,0.015,0.118,5.57,1.0,0.0,-0.001,0,1.0,0.0,-0.002,3,0
1006.409,-117.675,-201.203,-0.042,12.096,0.0,12.096,0.009,0.032,5.454,1.0,0.0,0.001,0,1.0,0.0,0.0,3,0
1006.459,-117.062,-201.229,-0.042,12.368,-0.002,12.368,0.004,0.007,5.425,1.0,0.0,0.001,0,1.0,0.0,0.001,3,0
1006.509,-116.436,-201.255,-0.042,12.64,-0.003,12.64,0.001,-0.017,0.864,1.0,0.0,0.001,0,1.0,0.0,0.001,3,0
1006.609,-115.167,-201.309,-0.042,12.747,-0.003,12.747,-0.003,-0.044,2.016,1.0,0.0,0.001,0,1.0,0.0,0.001,0,0
1006.659,-114.53,-201.336,-0.042,12.848,-0.003,12.848,-0.004,-0.055,6.072,1.0,0.0,0.001,0,1.0,0.0,0.001,4,0
1006.709,-113.879,-201.364,-0.042,13.151,-0.002,13.151,-0.005,-0.055,5.493,1.0,0.0,0.001,0,1.0,0.0,0.001,4,0
1006.759,-113.213,-201.392,-0.043,13.426,-0.002,13.426,-0.005,-0.058,5.152,1.0,0.0,0.001,0,1.0,0.0,0.001,4,0
1006.859,-111.844,-201.451,-0.043,13.93,-0.0,13.93,-0.005,-0.052,4.771,1.0,0.0,0.001,0,1.0,0.0,0.001,4,0
1006.909,-111.141,-201.482,-0.043,14.168,0.0,14.168,-0.004,-0.049,4.67,1.0,0.0,0.001,0,1.0,0.0,0.001,4,0
1006.959,-110.426,-201.513,-0.044,14.402,0.001,14.402,-0.004,-0.045,4.602,1.0,0.0,0.0,0,1.0,0.0,0.001,4,0
1007.009,-109.7,-201.544,-0.044,14.632,0.001,14.632,-0.003,-0.038,4.558,1.0,0.0,0.0,0,1.0,0.0,0.0,4,0
1007.109,-108.213,-201.61,-0.044,15.086,0.001,15.086,-0.002,-0.03,4.511,1.0,0.0,0.0,0,1.0,0.0,0.0,4,0
1007.159,-107.452,-201.643,-0.044,15.312,0.001,15.312,-0.002,-0.024,4.499,1.0,0.0,0.0,0,1.0,0.0,0.0,4,0
1007.209,-106.681,-201.677,-0.044,15.537,0.001,15.537,-0.001,-0.021,4.492,1.0,0.0,0.0,0,1.0,0.0,0.0,4,0
1007.309,-105.104,-201.747,-0.044,15.986,0.001,15.986,-0.001,-0.016,4.206,0.0,0.0,0.0,0,0.0,0.0,0.0,4,0
1007.359,-104.299,-201.782,-0.044,16.196,0.001,16.196,-0.001,-0.013,2.769,0.0,0.0,0.0,0,0.0,0.0,0.0,4,0
1007.409,-103.486,-201.818,-0.044,16.334,0.001,16.334,-0.001,-0.01,0.749,0.0,0.0,0.0,0,0.0,0.0,0.0,4,0
1007.459,-102.669,-201.855,-0.044,16.372,0.001,16.372,-0.0,-0.007,-0.64,0.0,0.0,0.0,0,0.0,0.0,0.0,4,0
1007.509,-101.852,-201.891,-0.044,16.34,0.001,16.34,-0.0,-0.005,-1.47,0.0,0.0,-0.0,0,0.0,0.0,0.0,4,0
1007.609,-100.229,-201.963,-0.044,16.168,0.0,16.168,-0.0,-0.004,-1.967,0.0,0.0,-0.0,0,0.0,0.0,-0.0,4,0
1007.659,-99.425,-201.999,-0.044,16.055,0.0,16.055,-0.0,-0.001,-2.432,0.0,0.0,-0.0,0,0.0,0.0,-0.0,4,0
1007.709,-98.627,-202.034,-0.044,15.934,0.0,15.934,0.0,-0.0,-2.528,0.0,0.0,-0.0,0,0.0,0.0,-0.0,4,0
1007.759,-97.835,-202.069,-0.044,15.807,0.0,15.807,0.0,0.0,-2.578,0.0,0.0,-0.0,0,0.0,0.0,-0.0,4,0
1007.809,-97.05,-202.104,-0.044,15.678,0.0,15.678,0.0,0.001,-2.6,0.0,0.0,-0.0,0,0.0,0.0,-0.0,4,0
1007.909,-95.498,-202.173,-0.044,15.418,-0.0,15.418,0.0,0.001,-2.598,0.0,0.0,-0.0,0,0.0,0.0,-0.0,4,0
1007.959,-94.732,-202.207,-0.044,15.288,-0.0,15.288,0.0,0.002,-2.586,0.0,0.0,-0.0,0,0.0,0.0,-0.0,4,0
1008.009,-93.972,-202.241,-0.044,15.159,-0.0,15.159,0.0,0.002,-2.57,0.0,0.0,-0.0,0,0.0,0.0,-0.0,4,0
1008.059,-93.219,-202.275,-0.044,15.03,-0.0,15.03,0.0,0.001,-2.552,0.0,0.0,0.0,0,0.0,0.0,-0.0,4,0
1008.159,-91.731,-202.341,-0.044,14.776,-0.0,14.776,-0.0,-0.014,-2.513,0.0,0.0,0.0,0,0.0,0.0,0.0,4,0
1008.259,-90.269,-202.406,-0.044,14.526,-0.001,14.526,-0.001,-0.021,-2.472,0.0,0.0,0.0,0,0.0,0.0,0.0,4,0
1008.359,-88.832,-202.47,-0.045,14.28,-0.001,14.28,-0.002,-0.024,-2.452,0.0,0.0,0.0,0,0.0,0.0,0.0,4,0
1008.459,-87.418,-202.533,-0.045,14.037,-0.0,14.037,-0.002,-0.026,-2.391,0.0,0.0,0.0,0,0.0,0.0,0.0,4,0
1008.559,-86.029,-202.596,-0.045,13.799,-0.0,13.799,-0.002,-0.018,-2.351,0.0,0.0,0.0,0,0.0,0.0,0.0,4,0
1008.659,-84.663,-202.658,-0.045,13.565,0.0,13.565,-0.001,-0.01,-2.312,0.0,0.0,-0.0,0,0.0,0.0,0.0,4,0
1008.759,-83.321,-202.718,-0.045,13.335,0.001,13.335,-0.0,-0.0,-0.671,0.0,0.0,-0.0,0,0.0,0.0,-0.0,4,0
1008.859,-81.99,-202.779,-0.045,13.338,0.001,13.338,0.0,0.006,-4.389,0.0,0.0,-0.0,0,0.0,0.0,-0.0,0,0
1008.959,-80.682,-202.838,-0.045,12.873,0.001,12.873,0.001,0.01,-4.356,0.0,0.0,-0.0,0,0.0,0.0,-0.0,3,0
1009.059,-79.419,-202.895,-0.045,12.464,0.0,12.464,0.001,0.011,-3.619,0.0,0.0,-0.0,0,0.0,0.0,-0.0,3,0
1009.209,-77.593,-202.977,-0.045,11.959,0.0,11.959,0.001,0.008,-3.303,0.0,0.0,-0.0,0,0.0,0.0,-0.0,3,0
1009.309,-76.415,-203.03,-0.045,11.653,0.0,11.653,0.001,0.003,-2.848,0.0,0.0,-0.0,0,0.0,0.0,-0.0,3,0
1009.409,-75.267,-203.082,-0.045,11.357,-0.0,11.357,0.0,0.001,-2.765,0.0,0.0,0.0,0,0.0,0.0,0.0,3,0
1009.509,-74.148,-203.132,-0.045,11.069,-0.0,11.069,0.0,-0.001,-2.696,0.0,0.0,0.0,0,0.0,0.0,0.0,3,0
1009.609,-73.057,-203.181,-0.045,10.788,-0.0,10.788,-0.0,-0.003,-2.633,0.0,0.0,0.0,0,0.0,0.0,0.0,3,0
1009.759,-71.465,-203.252,-0.045,10.573,-0.0,10.573,-0.0,-0.003,-2.851,0.0,0.0,0.0,0,0.0,0.0,0.0,0,0
1009.859,-70.431,-203.299,-0.045,9.981,-0.0,9.981,-0.0,-0.002,-7.459,0.0,0.0,0.0,0,0.0,0.0,0.0,2,0
1009.959,-69.474,-203.342,-0.045,9.321,-0.0,9.321,-0.0,-0.002,-5.653,0.0,0.0,0.0,0,0.0,0.0,0.0,2,0
1010.059,-68.573,-203.383,-0.045,8.804,-0.0,8.804,-0.0,-0.001,-4.888,0.0,0.0,0.0,0,0.0,0.0,0.0,2,0
1010.159,-67.719,-203.421,-0.045,8.35,-0.0,8.35,-0.0,-0.0,-4.486,0.0,0.0,0.0,0,0.0,0.0,0.0,2,0
1010.309,-66.519,-203.475,-0.045,7.718,-0.0,7.718,-0.0,-0.0,-4.229,0.0,0.0,0.0,0,0.0,0.0,0.0,2,0
1010.409,-65.768,-203.508,-0.044,7.33,0.018,7.33,0.016,0.377,-3.572,0.0,0.0,-0.015,0,0.0,0.0,-0.014,2,0
1010.509,-65.056,-203.536,-0.042,6.99,0.03,6.99,0.031,1.974,0.023,0.0,0.0,-0.066,0,0.0,0.0,-0.062,0,0
1010.609,-64.356,-203.552,-0.032,6.988,0.13,6.986,0.127,1.323,-10.688,0.0,0.0,-0.136,0,0.0,0.0,-0.068,1,0
1010.709,-63.715,-203.551,-0.016,6.012,0.237,6.008,0.197,1.983,-6.903,0.0,0.0,-0.139,0,0.0,0.0,-0.139,1,0
1010.809,-63.151,-203.528,0.008,5.414,0.273,5.407,0.247,1.08,-4.236,0.0,0.0,-0.215,0,0.0,0.0,-0.136,1,0
1010.909,-62.634,-203.49,0.034,4.995,0.321,4.984,0.292,3.086,-6.809,0.0,0.0,-0.212,0,0.0,0.0,-0.214,1,0
1010.959,-62.396,-203.462,0.05,4.668,0.4,4.651,0.331,1.813,-5.529,0.0,0.0,-0.206,0,0.0,0.0,-0.212,1,0
1011.059,-61.963,-203.394,0.082,4.177,0.411,4.157,0.305,1.145,-4.648,0.0,0.0,-0.292,0,0.0,0.0,-0.206,1,0
1011.109,-61.765,-203.354,0.099,3.96,0.497,3.929,0.37,1.695,-3.884,0.0,0.0,-0.28,0,0.0,0.0,-0.287,1,0
1011.159,-61.578,-203.309,0.118,3.78,0.512,3.745,0.375,1.134,-3.341,0.0,0.0,-0.271,0,0.0,0.0,-0.28,1,0
1011.209,-61.4,-203.262,0.136,3.623,0.503,3.588,0.361,0.585,-3.155,0.0,0.0,-0.261,0,0.0,0.0,-0.271,1,0
1011.309,-61.068,-203.166,0.169,3.332,0.449,3.301,0.313,0.221,-2.946,0.26,0.0,-0.352,0,0.118,0.0,-0.252,1,0
1011.359,-60.913,-203.118,0.184,3.187,0.413,3.16,0.289,2.458,-3.045,0.45,0.0,-0.346,0,0.26,0.0,-0.352,1,0
1011.409,-60.767,-203.068,0.201,3.056,0.487,3.016,0.352,1.3,-1.833,0.608,0.0,-0.339,0,0.45,0.0,-0.346,1,0
1011.509,-60.49,-202.957,0.236,2.957,0.509,2.912,0.361,0.823,0.676,0.653,0.0,-0.319,0,0.657,0.0,-0.329,1,0
1011.559,-60.353,-202.899,0.254,2.997,0.498,2.955,0.35,1.202,1.594,0.598,0.0,-0.31,0,0.653,0.0,-0.319,1,0
1011.609,-60.214,-202.837,0.272,3.086,0.505,3.045,0.355,0.983,2.2,0.523,0.0,-0.3,0,0.598,0.0,-0.31,1,0
1011.659,-60.07,-202.771,0.289,3.203,0.499,3.164,0.351,1.285,2.259,0.457,0.0,-0.291,0,0.523,0.0,-0.3,1,0
1011.709,-59.922,-202.7,0.307,3.325,0.505,3.286,0.358,1.035,2.001,0.42,0.0,-0.4,0,0.457,0.0,-0.291,1,0
1011.809,-59.617,-202.544,0.345,3.494,0.605,3.441,0.445,2.527,0.692,0.512,0.0,-0.385,0,0.424,0.0,-0.394,1,0
1011.859,-59.465,-202.454,0.368,3.552,0.65,3.492,0.475,2.138,0.945,0.522,0.0,-0.373,0,0.512,0.0,-0.385,1,0
1011.909,-59.313,-202.359,0.392,3.619,0.672,3.556,0.487,1.65,1.285,0.496,0.0,-0.36,0,0.522,0.0,-0.373,1,0
1011.959,-59.16,-202.259,0.416,3.698,0.667,3.637,0.479,1.742,1.444,0.451,0.0,-0.347,0,0.496,0.0,-0.36,1,0
1012.059,-58.85,-202.043,0.464,3.86,0.651,3.804,0.467,1.545,0.995,0.393,0.0,-0.448,0,0.4,0.0,-0.335,1,0
1012.109,-58.693,-201.928,0.487,3.922,0.639,3.87,0.462,3.971,-0.551,0.386,0.0,-0.44,0,0.393,0.0,-0.448,1,0
1012.159,-58.539,-201.806,0.512,3.932,0.74,3.862,0.547,3.308,-0.322,0.494,0.0,-0.429,0,0.386,0.0,-0.44,1,0
1012.209,-58.391,-201.677,0.541,3.951,0.794,3.871,0.591,2.424,0.154,0.481,0.0,-0.415,0,0.494,0.0,-0.429,1,0
1012.309,-58.104,-201.402,0.599,4.039,0.797,3.959,0.583,2.221,0.616,0.442,0.0,-0.399,0,0.481,0.0,-0.415,1,0
1012.359,-57.962,-201.256,0.628,4.093,0.779,4.019,0.565,1.906,0.545,0.339,0.0,-0.37,0,0.375,0.0,-0.384,1,0
1012.409,-57.822,-201.106,0.656,4.139,0.761,4.069,0.555,1.687,0.185,0.324,0.0,-0.463,0,0.339,0.0,-0.37,1,0
1012.459,-57.683,-200.952,0.683,4.165,0.735,4.099,0.534,4.113,-1.32,0.344,0.0,-0.453,0,0.324,0.0,-0.463,1,0
1012.509,-57.552,-200.792,0.712,4.141,0.824,4.059,0.615,3.068,-0.956,0.453,0.0,-0.441,0,0.344,0.0,-0.453,1,0
1012.559,-57.428,-200.627,0.743,4.128,0.851,4.04,0.632,2.574,-0.448,0.448,0.0,-0.426,0,0.453,0.0,-0.441,1,0
1012.609,-57.309,-200.459,0.775,4.135,0.852,4.046,0.63,2.157,0.036,0.409,0.0,-0.411,0,0.448,0.0,-0.426,1,0
1012.709,-57.084,-200.11,0.835,4.193,0.818,4.112,0.599,3.497,-0.744,0.357,0.0,-0.458,0,0.357,0.0,-0.458,1,0
1012.759,-56.98,-199.929,0.867,4.194,0.865,4.104,0.638,2.681,-0.515,0.373,0.0,-0.429,0,0.317,0.0,-0.444,1,0
1012.809,-56.881,-199.744,0.899,4.199,0.868,4.108,0.642,2.155,-0.433,0.373,0.0,-0.429,0,0.373,0.0,-0.429,1,0
1012.809,-56.881,-199.744,0.899,4.199,0.868,4.108,0.642,2.155,-0.433,0.362,0.0,-0.413,0,0.373,0.0,-0.429,1,0
1012.909,-56.7,-199.367,0.961,4.208,0.825,4.126,0.605,1.885,-0.001,0.571,0.0,-0.432,0,1.0,0.0,-0.398,1,0
1012.959,-56.615,-199.174,0.99,4.227,0.798,4.151,0.582,3.422,0.208,0.547,0.0,-0.416,0,0.571,0.0,-0.432,1,0
1013.009,-56.537,-198.977,1.02,4.273,0.842,4.189,0.623,2.631,1.046,0.475,0.0,-0.4,0,0.547,0.0,-0.416,1,0
1013.059,-56.464,-198.775,1.051,4.352,0.841,4.27,0.621,2.439,1.181,0.361,0.0,-0.382,0,0.475,0.0,-0.4,1,0
1013.109,-56.394,-198.566,1.082,4.435,0.83,4.356,0.614,2.141,0.822,0.291,0.0,-0.365,0,0.361,0.0,-0.382,1,0
1013.159,-56.329,-198.353,1.112,4.496,0.805,4.424,0.594,2.004,0.155,1.0,0.0,-0.349,0,0.291,0.0,-0.365,1,0
1013.209,-56.267,-198.136,1.141,4.523,0.776,4.456,0.575,1.832,-0.045,1.0,0.0,-0.358,0,1.0,0.0,-0.349,1,0
1013.259,-56.21,-197.918,1.169,4.537,0.743,4.476,0.549,2.757,0.793,1.0,0.0,-0.337,0,1.0,0.0,-0.358,1,0
1013.309,-56.158,-197.696,1.197,4.601,0.755,4.538,0.563,2.419,3.073,1.0,0.0,-0.316,0,1.0,0.0,-0.337,1,0
1013.359,-56.109,-197.466,1.225,4.773,0.745,4.714,0.558,2.451,4.651,1.0,0.0,-0.295,0,1.0,0.0,-0.316,1,0
1013.409,-56.063,-197.225,1.252,5.023,0.731,4.969,0.554,2.461,5.553,1.0,0.0,-0.274,0,1.0,0.0,-0.295,1,0
1013.459,-56.019,-196.969,1.28,5.316,0.71,5.268,0.546,2.243,3.179,1.0,0.0,-0.251,0,1.0,0.0,-0.274,1,0
1013.509,-55.976,-196.699,1.306,5.489,0.677,5.447,0.533,1.168,1.638,1.0,0.0,-0.229,0,1.0,0.0,-0.251,1,0
1013.559,-55.936,-196.425,1.331,5.578,0.596,5.546,0.476,2.485,4.858,1.0,0.0,-0.208,0,1.0,0.0,-0.229,1,0
1013.609,-55.9,-196.144,1.355,5.833,0.581,5.804,0.472,2.606,8.337,1.0,0.0,-0.189,0,1.0,0.0,-0.208,1,0
1013.659,-55.865,-195.84,1.379,6.262,0.566,6.236,0.472,0.824,-1.023,1.0,0.0,-0.169,0,1.0,0.0,-0.189,0,0
1013.709,-55.833,-195.531,1.401,6.215,0.473,6.197,0.417,1.719,-0.2,1.0,0.0,-0.151,0,1.0,0.0,-0.169,0,0
1013.759,-55.804,-195.222,1.421,6.212,0.434,6.197,0.396,2.089,9.759,1.0,0.0,-0.135,0,1.0,0.0,-0.151,0,0
1013.809,-55.778,-194.901,1.439,6.706,0.413,6.694,0.377,2.277,12.094,1.0,0.0,-0.119,0,1.0,0.0,-0.135,2,0
1013.859,-55.754,-194.547,1.458,7.317,0.393,7.307,0.362,2.054,10.401,1.0,0.0,-0.104,0,1.0,0.0,-0.119,2,0
1013.909,-55.732,-194.165,1.475,7.842,0.36,7.834,0.342,1.917,9.246,1.0,0.0,-0.089,0,1.0,0.0,-0.104,2,0
1013.959,-55.713,-193.759,1.491,8.309,0.321,8.303,0.318,1.781,8.451,1.0,0.0,-0.075,0,1.0,0.0,-0.089,2,0
1014.059,-55.682,-192.882,1.52,9.133,0.235,9.13,0.26,1.092,0.161,1.0,0.0,-0.05,0,1.0,0.0,-0.062,2,0
1014.109,-55.671,-192.422,1.532,9.143,0.181,9.141,0.225,1.039,3.173,1.0,0.0,-0.04,0,1.0,0.0,-0.05,0,0
1014.159,-55.662,-191.961,1.542,9.303,0.138,9.302,0.192,0.944,2.66,1.0,0.0,-0.031,0,1.0,0.0,-0.04,0,0
1014.209,-55.656,-191.498,1.55,9.437,0.105,9.436,0.161,1.013,9.463,1.0,0.0,-0.023,0,1.0,0.0,-0.031,3,0
1014.259,-55.652,-191.011,1.558,9.91,0.085,9.91,0.134,0.748,8.137,1.0,0.0,-0.017,0,1.0,0.0,-0.023,3,0
1014.309,-55.65,-190.503,1.563,10.318,0.063,10.317,0.106,0.6,7.228,1.0,0.0,-0.01,0,1.0,0.0,-0.017,3,0
1014.359,-55.649,-189.976,1.568,10.679,0.045,10.679,0.083,0.395,6.614,1.0,0.0,-0.007,0,1.0,0.0,-0.01,3,0
1014.409,-55.65,-189.432,1.571,11.01,0.027,11.01,0.06,0.299,6.2,1.0,0.0,-0.002,0,1.0,0.0,-0.007,3,0
1014.459,-55.652,-188.872,1.574,11.32,0.014,11.32,0.042,0.137,5.922,1.0,0.0,-0.0,0,1.0,0.0,-0.002,3,0
1014.509,-55.654,-188.297,1.575,11.616,0.003,11.616,0.026,0.076,5.737,1.0,0.0,0.003,0,1.0,0.0,-0.0,3,0
1014.559,-55.656,-187.708,1.576,11.903,-0.004,11.903,0.013,-0.05,5.613,1.0,0.0,0.005,0,1.0,0.0,0.003,3,0
1014.609,-55.659,-187.104,1.576,12.184,-0.009,12.184,0.001,-0.145,5.531,1.0,0.0,0.005,0,1.0,0.0,0.005,3,0
1014.659,-55.662,-186.487,1.576,12.46,-0.013,12.46,-0.009,-0.157,3.157,1.0,0.0,0.006,0,1.0,0.0,0.005,3,0
1014.709,-55.664,-185.857,1.575,12.618,-0.013,12.618,-0.015,-0.228,1.248,1.0,0.0,0.006,0,1.0,0.0,0.006,0,0
1014.759,-55.666,-185.225,1.575,12.681,-0.013,12.681,-0.02,-0.212,-1.559,1.0,0.0,0.006,0,1.0,0.0,0.006,0,0
1014.809,-55.667,-184.594,1.574,12.603,-0.011,12.603,-0.022,-0.285,7.307,1.0,0.0,0.006,0,1.0,0.0,0.006,4,0
1014.859,-55.668,-183.951,1.572,12.968,-0.01,12.968,-0.024,-0.309,5.691,1.0,0.0,0.005,0,1.0,0.0,0.006,4,0
1014.909,-55.668,-183.294,1.571,13.252,-0.009,13.252,-0.025,-0.28,5.286,1.0,0.0,0.005,0,1.0,0.0,0.005,4,0
1014.959,-55.667,-182.623,1.57,13.517,-0.006,13.517,-0.025,-0.299,5.012,1.0,0.0,0.005,0,1.0,0.0,0.005,4,0
1015.009,-55.666,-181.94,1.569,13.767,-0.004,13.767,-0.024,-0.304,4.83,1.0,0.0,0.004,0,1.0,0.0,0.005,4,0
1015.059,-55.664,-181.244,1.567,14.009,-0.003,14.009,-0.024,-0.266,4.708,1.0,0.0,0.004,0,1.0,0.0,0.004,4,0
1015.109,-55.661,-180.537,1.566,14.244,0.0,14.244,-0.022,-0.27,4.628,1.0,0.0,0.004,0,1.0,0.0,0.004,4,0
1015.159,-55.657,-179.817,1.565,14.476,0.001,14.476,-0.02,-0.265,4.574,1.0,0.0,0.003,0,1.0,0.0,0.004,4,0
1015.209,-55.653,-179.087,1.564,14.704,0.002,14.704,-0.019,-0.226,4.539,1.0,0.0,0.003,0,1.0,0.0,0.003,4,0
1015.259,-55.648,-178.345,1.563,14.931,0.004,14.931,-0.017,-0.224,4.517,1.0,0.0,0.002,0,1.0,0.0,0.003,4,0
1015.309,-55.643,-177.591,1.563,15.157,0.005,15.157,-0.015,-0.211,4.502,1.0,0.0,0.002,0,1.0,0.0,0.002,4,0
1015.359,-55.636,-176.827,1.562,15.382,0.005,15.382,-0.014,-0.192,4.494,1.0,0.0,0.002,0,1.0,0.0,0.002,4,0
1015.459,-55.622,-175.264,1.561,15.831,0.006,15.831,-0.01,-0.161,4.489,0.0,0.0,0.001,0,1.0,0.0,0.002,4,0
1015.509,-55.614,-174.466,1.56,16.042,0.007,16.042,-0.009,-0.115,2.77,0.0,0.0,0.0,0,0.0,0.0,0.001,4,0
1015.559,-55.606,-173.66,1.56,16.18,0.007,16.18,-0.007,-0.091,0.756,0.0,0.0,0.0,0,0.0,0.0,0.0,4,0
1015.609,-55.598,-172.849,1.56,16.218,0.006,16.218,-0.005,-0.067,-0.627,0.0,0.0,-0.0,0,0.0,0.0,0.0,4,0
1015.659,-55.589,-172.04,1.56,16.187,0.006,16.187,-0.003,-0.046,-1.454,0.0,0.0,-0.0,0,0.0,0.0,-0.0,4,0
1015.709,-55.58,-171.233,1.559,16.114,0.005,16.114,-0.001,-0.028,-1.948,0.0,0.0,-0.0,0,0.0,0.0,-0.0,4,0
1015.759,-55.571,-170.431,1.559,16.017,0.004,16.017,-0.0,-0.014,-2.24,0.0,0.0,-0.0,0,0.0,0.0,-0.0,4,0
1015.809,-55.562,-169.634,1.559,15.905,0.003,15.905,0.001,-0.003,-2.41,0.0,0.0,-0.0,0,0.0,0.0,-0.0,4,0
1015.859,-55.554,-168.842,1.559,15.784,0.002,15.784,0.001,0.006,-2.505,0.0,0.0,-0.0,0,0.0,0.0,-0.0,4,0
1015.909,-55.545,-168.057,1.56,15.659,0.001,15.659,0.002,0.012,-2.554,0.0,0.0,-0.0,0,0.0,0.0,-0.0,4,0
1015.959,-55.536,-167.278,1.56,15.531,0.001,15.531,0.002,0.015,-2.576,0.0,0.0,-0.0,0,0.0,0.0,-0.0,4,0
1016.009,-55.528,-166.506,1.56,15.402,0.0,15.402,0.002,0.017,-2.58,0.0,0.0,-0.0,0,0.0,0.0,-0.0,4,0
1016.059,-55.519,-165.74,1.56,15.273,-0.0,15.273,0.002,0.018,-2.574,0.0,0.0,-0.0,0,0.0,0.0,-0.0,4,0
1016.109,-55.511,-164.98,1.56,15.145,-0.001,15.145,0.001,0.018,-2.562,0.0,0.0,-0.0,0,0.0,0.0,-0.0,4,0
1016.159,-55.503,-164.227,1.56,15.016,-0.001,15.016,0.001,0.017,-2.547,0.0,0.0,-0.0,0,0.0,0.0,-0.0,4,0
1016.209,-55.494,-163.48,1.56,14.889,-0.001,14.889,0.001,0.017,-2.529,0.0,0.0,-0.0,0,0.0,0.0,-0.0,4,0
1016.259,-55.486,-162.739,1.56,14.763,-0.001,14.763,0.001,0.017,-2.51,0.0,0.0,-0.0,0,0.0,0.0,-0.0,4,0
1016.359,-55.471,-161.277,1.56,14.513,-0.0,14.513,0.001,0.022,-2.49,0.0,0.0,-0.001,0,0.0,0.0,-0.0,4,0
1016.359,-55.471,-161.277,1.56,14.513,-0.0,14.513,0.001,0.063,-2.47,0.0,0.0,-0.001,0,0.0,0.0,-0.001,4,0
1016.409,-55.463,-160.555,1.56,14.389,0.001,14.389,0.003,0.073,-2.45,0.0,0.0,-0.003,0,0.0,0.0,-0.001,4,0
1016.459,-55.456,-159.839,1.56,14.267,0.002,14.267,0.004,0.154,-2.429,0.0,0.0,-0.005,0,0.0,0.0,-0.003,4,0
1016.509,-55.449,-159.13,1.561,14.145,0.005,14.145,0.008,0.235,-2.41,0.0,0.0,-0.006,0,0.0,0.0,-0.005,4,0
1016.609,-55.437,-157.728,1.562,13.905,0.011,13.905,0.021,0.38,-2.371,0.0,0.0,-0.009,0,0.0,0.0,-0.008,4,0
1016.659,-55.432,-157.037,1.564,13.787,0.013,13.787,0.027,0.449,-2.352,0.0,0.0,-0.009,0,0.0,0.0,-0.009,4,0
1016.709,-55.428,-156.351,1.565,13.669,0.014,13.669,0.033,0.469,-2.332,0.0,0.0,-0.01,0,0.0,0.0,-0.009,4,0
1016.759,-55.426,-155.671,1.567,13.553,0.014,13.553,0.037,0.552,-2.313,0.0,0.0,-0.009,0,0.0,0.0,-0.01,4,0
1016.809,-55.425,-154.997,1.569,13.437,0.014,13.437,0.041,0.476,-2.293,0.0,0.0,-0.007,0,0.0,0.0,-0.009,4,0
1016.859,-55.425,-154.328,1.571,13.323,0.011,13.323,0.041,0.395,0.511,0.0,0.0,-0.007,0,0.0,0.0,-0.007,0,0
1016.909,-55.426,-153.661,1.573,13.348,0.005,13.348,0.036,0.42,-0.98,0.0,0.0,-0.004,0,0.0,0.0,-0.007,0,0
1016.959,-55.428,-152.995,1.575,13.299,0.003,13.299,0.034,0.241,-4.335,0.0,0.0,-0.001,0,0.0,0.0,-0.004,0,0
1017.009,-55.431,-152.335,1.576,13.082,-0.003,13.082,0.026,0.121,-4.944,0.0,0.0,-0.001,0,0.0,0.0,-0.001,3,0
1017.059,-55.434,-151.689,1.577,12.835,-0.01,12.835,0.015,0.091,-4.186,0.0,0.0,0.003,0,0.0,0.0,0.0,3,0
1017.109,-55.438,-151.054,1.577,12.626,-0.011,12.626,0.007,-0.057,-3.838,0.0,0.0,0.005,0,0.0,0.0,0.003,3,0
1017.159,-55.441,-150.429,1.578,12.434,-0.015,12.434,-0.002,-0.153,-3.403,0.0,0.0,0.006,0,0.0,0.0,0.005,3,0
1017.209,-55.444,-149.812,1.577,12.264,-0.017,12.264,-0.013,-0.202,-3.388,0.0,0.0,0.007,0,0.0,0.0,0.006,3,0
1017.259,-55.447,-149.204,1.576,12.095,-0.017,12.094,-0.018,-0.252,-3.02,0.0,0.0,0.007,0,0.0,0.0,0.007,3,0
1017.309,-55.449,-148.604,1.575,11.944,-0.017,11.944,-0.024,-0.244,-3.213,0.0,0.0,0.007,0,0.0,0.0,0.007,3,0
1017.359,-55.45,-148.012,1.574,11.783,-0.015,11.783,-0.025,-0.3,-2.891,0.0,0.0,0.006,0,0.0,0.0,0.007,3,0
1017.409,-55.451,-147.427,1.573,11.638,-0.014,11.638,-0.027,-0.235,-3.107,0.0,0.0,0.006,0,0.0,0.0,0.006,3,0
1017.459,-55.451,-146.85,1.571,11.483,-0.011,11.483,-0.026,-0.276,-2.799,0.0,0.0,0.004,0,0.0,0.0,0.006,3,0
1017.509,-55.45,-146.28,1.57,11.343,-0.01,11.343,-0.025,-0.172,-3.026,0.0,0.0,0.002,0,0.0,0.0,0.004,3,0
1017.559,-55.449,-145.717,1.569,11.192,-0.006,11.192,-0.021,-0.083,-2.724,0.0,0.0,0.001,0,0.0,0.0,0.002,3,0
1017.609,-55.448,-145.161,1.568,11.056,-0.001,11.056,-0.014,-0.077,-2.958,0.0,0.0,-0.002,0,0.0,0.0,0.001,3,0
1017.659,-55.446,-144.613,1.568,10.908,0.001,10.908,-0.009,0.063,-2.66,0.0,0.0,-0.003,0,0.0,0.0,-0.002,3,0
1017.709,-55.445,-144.072,1.567,10.775,0.007,10.775,-0.001,0.067,-2.895,0.0,0.0,-0.006,0,0.0,0.0,-0.003,3,0
1017.759,-55.443,-143.537,1.567,10.63,0.009,10.63,0.004,0.216,-0.89,0.0,0.0,-0.007,0,0.0,0.0,-0.006,3,0
1017.809,-55.442,-143.008,1.568,10.586,0.014,10.585,0.013,0.223,-0.099,0.0,0.0,-0.009,0,0.0,0.0,-0.007,0,0
1017.859,-55.442,-142.478,1.569,10.581,0.017,10.581,0.019,0.32,-4.657,0.0,0.0,-0.011,0,0.0,0.0,-0.009,0,0
1017.909,-55.442,-141.953,1.57,10.348,0.02,10.348,0.026,0.343,-9.0,0.0,0.0,-0.012,0,0.0,0.0,-0.011,2,0
1017.959,-55.443,-141.45,1.571,9.898,0.023,9.898,0.03,0.405,-6.617,0.0,0.0,-0.013,0,0.0,0.0,-0.012,2,0
1018.009,-55.445,-140.966,1.573,9.567,0.027,9.567,0.036,0.369,-6.197,0.0,0.0,-0.013,0,0.0,0.0,-0.013,2,0
1018.059,-55.448,-140.497,1.575,9.257,0.028,9.257,0.038,0.389,-5.007,0.0,0.0,-0.014,0,0.0,0.0,-0.013,2,0
1018.109,-55.452,-140.042,1.577,9.007,0.03,9.007,0.04,0.343,-5.133,0.0,0.0,-0.013,0,0.0,0.0,-0.014,2,0
1018.159,-55.456,-139.6,1.579,8.75,0.029,8.75,0.04,0.34,-4.364,0.0,0.0,-0.013,0,0.0,0.0,-0.013,2,0
1018.209,-55.462,-139.169,1.581,8.532,0.03,8.532,0.04,0.288,-4.626,0.0,0.0,-0.012,0,0.0,0.0,-0.013,2,0
1018.259,-55.468,-138.749,1.583,8.301,0.028,8.301,0.037,0.276,-4.019,0.0,0.0,-0.011,0,0.0,0.0,-0.012,2,0
1018.309,-55.474,-138.34,1.585,8.1,0.027,8.1,0.036,0.222,-4.324,0.0,0.0,-0.01,0,0.0,0.0,-0.011,2,0
1018.359,-55.481,-137.942,1.586,7.884,0.025,7.884,0.032,0.215,-3.795,0.0,0.0,-0.01,0,0.0,0.0,-0.01,2,0
1018.409,-55.489,-137.553,1.588,7.694,0.024,7.694,0.03,0.163,-4.111,0.0,0.0,-0.009,0,0.0,0.0,-0.01,2,0
1018.459,-55.497,-137.175,1.589,7.489,0.022,7.489,0.027,0.194,-3.627,0.0,0.0,-0.008,0,0.0,0.0,-0.009,2,0
1018.509,-55.505,-136.806,1.591,7.307,0.022,7.307,0.026,0.11,-3.94,0.0,0.0,-0.008,0,0.0,0.0,-0.008,2,0
1018.559,-55.513,-136.446,1.592,7.11,0.019,7.11,0.022,0.144,-2.095,0.0,0.0,-0.007,0,0.0,0.0,-0.008,2,0
1018.609,-55.521,-136.095,1.593,7.006,0.019,7.006,0.021,0.103,-0.069,0.0,0.0,-0.007,0,0.0,0.0,-0.007,0,0
1018.709,-55.539,-135.395,1.595,6.896,0.017,6.896,0.018,0.073,-10.742,0.0,0.0,-0.006,0,0.0,0.0,-0.006,1,0
1018.759,-55.548,-135.068,1.595,6.359,0.015,6.359,0.015,0.073,-6.906,0.0,0.0,-0.006,0,0.0,0.0,-0.006,1,0
1018.809,-55.556,-134.761,1.596,6.014,0.015,6.014,0.014,0.041,-6.478,0.0,0.0,-0.006,0,0.0,0.0,-0.006,1,0
1018.859,-55.564,-134.471,1.597,5.69,0.013,5.69,0.012,0.065,-5.161,0.0,0.0,-0.005,0,0.0,0.0,-0.006,1,0
1018.909,-55.572,-134.195,1.597,5.432,0.013,5.432,0.012,0.022,-5.75,0.0,0.0,-0.005,0,0.0,0.0,-0.005,1,0
1018.959,-55.58,-133.932,1.598,5.144,0.011,5.144,0.005,0.053,-4.309,0.0,0.0,-0.006,0,0.0,0.0,-0.005,1,0
1019.009,-55.587,-133.681,1.598,4.929,0.012,4.929,0.011,0.059,-5.874,0.0,0.0,-0.005,0,0.0,0.0,-0.006,1,0
1019.059,-55.594,-133.444,1.599,4.635,0.012,4.635,0.01,0.035,-4.95,0.0,0.0,-0.005,0,0.0,0.0,-0.005,1,0
1019.109,-55.601,-133.219,1.599,4.388,0.012,4.388,0.009,0.025,-4.331,0.0,0.0,-0.005,0,0.0,0.0,-0.005,1,0
1019.159,-55.608,-133.007,1.6,4.171,0.011,4.171,0.008,0.019,-3.905,0.0,0.0,-0.006,0,0.0,0.0,-0.005,1,0
1019.209,-55.614,-132.804,1.6,3.976,0.011,3.976,0.008,0.035,-3.559,0.0,0.0,-0.005,0,0.0,0.0,-0.006,1,0
1019.259,-55.62,-132.611,1.601,3.798,0.011,3.798,0.006,0.021,-3.191,1.0,0.0,-0.005,0,0.0,0.0,-0.005,1,0
1019.309,-55.626,-132.425,1.601,3.638,0.011,3.638,0.01,0.012,-2.947,1.0,0.0,-0.012,0,1.0,0.0,-0.005,1,0
1019.359,-55.632,-132.248,1.601,3.491,0.01,3.491,0.007,0.203,-1.723,1.0,0.0,-0.012,0,1.0,0.0,-0.012,1,0
1019.409,-55.638,-132.076,1.602,3.405,0.018,3.405,0.014,0.077,-0.065,1.0,0.0,-0.011,0,1.0,0.0,-0.012,1,0
1019.459,-55.645,-131.906,1.603,3.402,0.02,3.402,0.014,0.07,2.419,1.0,0.0,-0.011,0,1.0,0.0,-0.011,1,0
1019.509,-55.651,-131.733,1.603,3.523,0.021,3.523,0.015,0.063,4.903,1.0,0.0,-0.01,0,1.0,0.0,-0.011,1,0
1019.559,-55.658,-131.549,1.604,3.768,0.021,3.768,0.015,0.065,6.006,1.0,0.0,-0.009,0,1.0,0.0,-0.01,1,0
1019.609,-55.666,-131.351,1.605,4.068,0.021,4.068,0.015,0.065,6.006,1.0,0.0,-0.009,0,1.0,0.0,-0.01,1,0
1019.609,-55.666,-131.351,1.605,4.068,0.021,4.068,0.015,0.066,6.449,1.0,0.0,-0.008,0,1.0,0.0,-0.009,1,0
1019.709,-55.683,-130.908,1.606,4.726,0.02,4.726,0.015,0.055,6.898,1.0,0.0,-0.007,0,1.0,0.0,-0.007,1,0
1019.759,-55.693,-130.661,1.607,5.071,0.019,5.071,0.014,0.054,6.81,1.0,0.0,-0.006,0,1.0,0.0,-0.007,1,0
1019.809,-55.704,-130.397,1.608,5.412,0.018,5.412,0.014,0.044,0.97,1.0,0.0,-0.006,0,1.0,0.0,-0.006,1,0
1019.859,-55.715,-130.124,1.608,5.46,0.016,5.46,0.013,0.022,1.285,1.0,0.0,-0.004,0,1.0,0.0,-0.006,1,0
1019.909,-55.726,-129.85,1.609,5.525,0.014,5.525,0.012,0.021,1.603,1.0,0.0,-0.004,0,1.0,0.0,-0.004,1,0
1019.959,-55.737,-129.571,1.61,5.605,0.012,5.605,0.011,0.004,-0.227,1.0,0.0,-0.003,0,1.0,0.0,-0.004,0,0
1020.009,-55.749,-129.292,1.61,5.593,0.01,5.593,0.008,0.026,-0.018,1.0,0.0,-0.003,0,1.0,0.0,-0.003,0,0
1020.059,-55.76,-129.013,1.61,5.592,0.009,5.592,0.008,0.037,13.35,1.0,0.0,-0.002,0,1.0,0.0,-0.003,2,0
1020.109,-55.772,-128.715,1.611,6.26,0.008,6.26,0.007,-0.002,13.02,1.0,0.0,-0.001,0,1.0,0.0,-0.002,2,0
1020.159,-55.786,-128.381,1.611,6.911,0.006,6.911,0.005,0.009,11.061,1.0,0.0,-0.001,0,1.0,0.0,-0.001,2,0
1020.209,-55.801,-128.018,1.611,7.464,0.005,7.464,0.004,0.011,9.69,1.0,0.0,-0.001,0,1.0,0.0,-0.001,2,0
1020.309,-55.834,-127.22,1.612,8.386,0.003,8.386,0.003,-0.043,8.104,1.0,0.0,0.001,0,1.0,0.0,0.0,2,0
1020.359,-55.852,-126.788,1.612,8.791,0.0,8.791,0.001,-0.027,5.054,1.0,0.0,0.001,0,1.0,0.0,0.001,2,0
1020.409,-55.87,-126.341,1.612,9.044,-0.001,9.044,-0.001,-0.019,-3.455,1.0,0.0,0.002,0,1.0,0.0,0.001,0,0
1020.459,-55.888,-125.896,1.612,8.871,-0.001,8.871,-0.001,-0.074,3.73,1.0,0.0,0.002,0,1.0,0.0,0.002,0,0
1020.509,-55.906,-125.448,1.612,9.057,-0.004,9.057,-0.004,-0.069,9.829,1.0,0.0,0.002,0,1.0,0.0,0.002,3,0
1020.559,-55.925,-124.98,1.611,9.549,-0.005,9.549,-0.005,-0.06,8.303,1.0,0.0,0.003,0,1.0,0.0,0.002,3,0
1020.609,-55.944,-124.49,1.611,9.964,-0.005,9.964,-0.006,-0.127,7.327,1.0,0.0,0.003,0,1.0,0.0,0.003,3,0
1020.659,-55.964,-123.981,1.611,10.33,-0.007,10.33,-0.009,-0.105,6.672,1.0,0.0,0.003,0,1.0,0.0,0.003,3,0
1020.709,-55.985,-123.454,1.61,10.664,-0.008,10.664,-0.01,-0.095,6.233,1.0,0.0,0.004,0,1.0,0.0,0.003,3,0
1020.759,-56.006,-122.912,1.61,10.976,-0.007,10.976,-0.01,-0.201,5.938,1.0,0.0,0.004,0,1.0,0.0,0.004,3,0
1020.809,-56.027,-122.355,1.609,11.273,-0.01,11.273,-0.014,-0.168,5.743,1.0,0.0,0.004,0,1.0,0.0,0.004,3,0
1020.859,-56.048,-121.783,1.608,11.56,-0.01,11.56,-0.015,-0.153,5.614,1.0,0.0,0.005,0,1.0,0.0,0.004,3,0
1020.909,-56.069,-121.197,1.608,11.841,-0.009,11.841,-0.015,-0.231,5.528,1.0,0.0,0.004,0,1.0,0.0,0.005,3,0
1020.959,-56.091,-120.597,1.607,12.117,-0.01,12.117,-0.018,-0.199,5.473,0.82,0.0,0.006,0,1.0,0.0,0.004,3,0
1021.009,-56.112,-119.984,1.606,12.391,-0.009,12.391,-0.018,-0.278,5.197,0.512,0.0,0.005,0,0.82,0.0,0.006,3,0
1021.059,-56.133,-119.357,1.605,12.65,-0.01,12.65,-0.021,-0.244,4.339,0.23,0.0,0.006,0,0.512,0.0,0.005,3,0
1021.109,-56.154,-118.718,1.604,12.867,-0.009,12.867,-0.021,-0.325,2.786,0.019,0.0,0.006,0,0.23,0.0,0.006,3,0
1021.159,-56.175,-118.07,1.603,13.007,-0.01,13.007,-0.024,-0.283,0.899,0.0,0.0,0.007,0,0.019,0.0,0.006,3,0
1021.209,-56.194,-117.419,1.601,13.052,-0.009,13.052,-0.024,-0.358,-0.711,0.0,0.0,0.006,0,0.0,0.0,0.007,3,0
1021.259,-56.213,-116.768,1.6,13.016,-0.01,13.016,-0.026,-0.303,-1.706,0.0,0.0,0.007,0,0.0,0.0,0.006,3,0
1021.309,-56.232,-116.12,1.599,12.931,-0.009,12.931,-0.026,-0.377,-2.3,0.0,0.0,0.006,0,0.0,0.0,0.007,3,0
1021.409,-56.265,-114.842,1.596,12.683,-0.008,12.683,-0.027,-0.319,-2.649,0.0,0.0,0.007,0,0.0,0.0,0.006,3,0
1021.459,-56.28,-114.212,1.595,12.541,-0.01,12.541,-0.03,-0.329,-2.955,0.0,0.0,0.008,0,0.0,0.0,0.006,3,0
1021.509,-56.294,-113.59,1.593,12.393,-0.009,12.393,-0.026,-0.399,-2.995,0.0,0.0,0.007,0,0.0,0.0,0.008,3,0
1021.559,-56.307,-112.975,1.592,12.244,-0.011,12.244,-0.035,-0.399,-2.995,0.0,0.0,0.007,0,0.0,0.0,0.008,3,0
1021.609,-56.319,-112.368,1.59,12.095,-0.011,12.095,-0.015,-0.328,-2.976,0.0,0.0,0.008,0,0.0,0.0,0.007,3,0
1021.659,-56.329,-111.768,1.589,11.947,-0.01,11.947,-0.048,-0.317,-2.952,0.0,0.0,0.008,0,0.0,0.0,0.007,3,0
1021.709,-56.339,-111.175,1.588,11.799,-0.011,11.799,-0.009,-0.353,-2.95,0.0,0.0,0.007,0,0.0,0.0,0.008,3,0
1021.759,-56.348,-110.59,1.586,11.652,-0.009,11.652,-0.05,-0.31,-2.925,0.0,0.0,0.007,0,0.0,0.0,0.007,3,0
1021.809,-56.356,-110.012,1.585,11.506,-0.011,11.506,-0.007,-0.329,-2.909,0.0,0.0,0.006,0,0.0,0.0,0.007,3,0
1021.859,-56.363,-109.441,1.583,11.36,-0.009,11.36,-0.05,-0.288,-2.876,0.0,0.0,0.005,0,0.0,0.0,0.006,3,0
1021.909,-56.369,-108.877,1.582,11.216,-0.011,11.216,-0.004,-0.23,-2.854,0.0,0.0,0.006,0,0.0,0.0,0.005,3,0
1021.959,-56.375,-108.321,1.58,11.074,-0.006,11.074,-0.047,-0.276,-2.82,0.0,0.0,0.005,0,0.0,0.0,0.006,3,0
1022.009,-56.379,-107.771,1.58,10.933,-0.01,10.933,0.002,-0.209,-2.796,0.0,0.0,0.006,0,0.0,0.0,0.005,3,0
1022.059,-56.384,-107.229,1.578,10.793,-0.006,10.793,-0.046,-0.248,-2.763,0.0,0.0,0.005,0,0.0,0.0,0.006,3,0
1022.109,-56.387,-106.694,1.577,10.655,-0.01,10.655,0.006,-0.187,-1.522,0.0,0.0,0.004,0,0.0,0.0,0.005,3,0
1022.159,-56.39,-106.164,1.576,10.579,-0.006,10.579,-0.045,-0.174,-0.061,0.0,0.0,0.004,0,0.0,0.0,0.004,0,0
1022.209,-56.392,-105.635,1.576,10.576,-0.009,10.576,0.011,-0.17,-2.647,0.0,0.0,0.004,0,0.0,0.0,0.004,0,0
1022.259,-56.394,-105.107,1.575,10.443,-0.009,10.443,-0.023,-0.149,-9.213,0.0,0.0,0.004,0,0.0,0.0,0.004,2,0
1022.359,-56.397,-104.113,1.573,9.613,-0.007,9.613,-0.023,-0.175,-7.4,0.0,0.0,0.004,0,0.0,0.0,0.004,2,0
1022.409,-56.397,-103.642,1.572,9.311,-0.008,9.311,-0.009,-0.091,-5.357,0.0,0.0,0.003,0,0.0,0.0,0.003,2,0
1022.459,-56.398,-103.184,1.572,9.043,-0.007,9.043,-0.014,-0.106,-4.928,0.0,0.0,0.003,0,0.0,0.0,0.003,2,0
1022.509,-56.398,-102.74,1.571,8.797,-0.008,8.797,-0.009,-0.08,-4.636,0.0,0.0,0.003,0,0.0,0.0,0.003,2,0
1022.559,-56.397,-102.307,1.571,8.565,-0.007,8.565,-0.012,-0.066,-4.422,0.0,0.0,0.003,0,0.0,0.0,0.003,2,0
1022.609,-56.397,-101.885,1.57,8.344,-0.007,8.344,-0.007,-0.079,-4.26,0.0,0.0,0.003,0,0.0,0.0,0.003,2,0
1022.659,-56.396,-101.474,1.57,8.131,-0.007,8.131,-0.011,-0.061,-4.128,0.0,0.0,0.002,0,0.0,0.0,0.003,2,0
1022.709,-56.396,-101.074,1.569,7.924,-0.007,7.924,-0.007,-0.049,-4.02,0.0,0.0,0.002,0,0.0,0.0,0.002,2,0
1022.759,-56.395,-100.684,1.569,7.723,-0.006,7.723,-0.009,-0.04,-3.924,0.0,0.0,0.002,0,0.0,0.0,0.002,2,0
1022.809,-56.394,-100.303,1.569,7.527,-0.005,7.527,-0.005,-0.052,-3.84,0.0,0.0,0.002,0,0.0,0.0,0.002,2,0
1022.859,-56.393,-99.933,1.568,7.335,-0.005,7.335,-0.008,-0.04,-3.763,0.0,0.0,0.002,0,0.0,0.0,0.002,2,0
1022.909,-56.391,-99.572,1.568,7.147,-0.005,7.147,-0.005,-0.032,-3.143,0.0,0.0,0.002,0,0.0,0.0,0.002,2,0
1022.959,-56.39,-99.22,1.568,6.99,-0.005,6.99,-0.006,-0.03,0.1,0.0,0.0,0.002,0,0.0,0.0,0.002,0,0
1023.009,-56.389,-98.869,1.567,6.995,-0.005,6.995,-0.005,-0.041,-0.048,0.0,0.0,0.002,0,0.0,0.0,0.002,0,0
1023.059,-56.387,-98.519,1.567,6.992,-0.005,6.992,-0.004,-0.009,-11.013,0.0,0.0,0.002,0,0.0,0.0,0.002,1,0
1023.109,-56.386,-98.187,1.567,6.442,-0.003,6.442,-0.01,-0.031,-8.022,0.0,0.0,0.002,0,0.0,0.0,0.002,1,0
1023.159,-56.385,-97.878,1.566,6.04,0.002,6.04,-0.036,-0.069,-6.22,0.0,0.0,0.001,0,0.0,0.0,0.002,1,0
1023.209,-56.383,-97.586,1.566,5.729,-0.002,5.729,0.039,-0.019,-5.479,0.0,0.0,0.001,0,0.0,0.0,0.001,1,0
1023.259,-56.382,-97.308,1.565,5.455,0.001,5.455,-0.052,-0.027,-5.015,0.0,1.0,0.0,0,0.0,0.0,0.001,1,0
1023.309,-56.38,-97.043,1.565,5.205,-0.002,5.205,0.047,-0.008,-20.101,0.0,1.0,0.0,0,0.0,1.0,0.0,1,0
1023.359,-56.379,-96.808,1.565,4.2,-0.001,4.2,0.002,-0.004,-26.59,0.0,1.0,0.0,0,0.0,1.0,0.0,1,0
1023.409,-56.378,-96.64,1.565,2.87,-0.001,2.87,0.001,0.004,-26.188,0.0,1.0,0.0,0,0.0,1.0,0.0,1,0
1023.459,-56.377,-96.538,1.565,1.561,-0.001,1.561,0.0,0.008,-25.555,0.0,1.0,0.0,0,0.0,1.0,0.0,1,0
1023.559,-56.377,-96.498,1.565,0.004,-0.0,-0.004,-0.0,0.009,-5.746,0.0,1.0,0.0,0,0.0,1.0,0.0,1,1
1023.609,-56.377,-96.497,1.565,0.01,-0.0,-0.01,-0.0,0.0,-0.009,0.0,1.0,0.0,0,0.0,1.0,0.0,1,1
1023.659,-56.377,-96.496,1.565,0.01,-0.0,-0.01,-0.0,0.0,0.027,0.0,1.0,0.0,0,0.0,1.0,0.0,1,1
1023.709,-56.377,-96.495,1.565,0.009,-0.0,-0.009,-0.0,0.0,0.027,0.0,1.0,0.0,0,0.0,1.0,0.0,1,1
1023.759,-56.377,-96.494,1.565,0.007,-0.0,-0.007,-0.0,0.0,0.033,0.0,1.0,0.0,0,0.0,1.0,0.0,1,1
1023.809,-56.377,-96.494,1.565,0.006,-0.0,-0.006,-0.0,0.0,0.028,0.0,1.0,0.0,0,0.0,1.0,0.0,1,1
1023.859,-56.377,-96.493,1.565,0.004,-0.0,-0.004,-0.0,0.0,0.022,0.0,1.0,0.0,0,0.0,1.0,0.0,1,1
1023.909,-56.377,-96.493,1.565,0.003,-0.0,-0.003,-0.0,0.0,0.017,0.0,1.0,0.0,0,0.0,1.0,0.0,1,1
1023.959,-56.377,-96.493,1.565,0.002,-0.0,-0.002,-0.0,0.0,0.012,0.0,1.0,0.0,0,0.0,1.0,0.0,1,1
1024.009,-56.377,-96.493,1.565,0.002,-0.0,-0.002,-0.0,0.0,0.009,0.0,1.0,0.0,0,0.0,1.0,0.0,1,1
1024.059,-56.377,-96.493,1.565,0.001,-0.0,-0.001,-0.0,0.0,0.007,0.0,1.0,0.0,0,0.0,1.0,0.0,1,1
1024.109,-56.377,-96.492,1.565,0.001,-0.0,-0.001,-0.0,0.0,0.005,0.0,1.0,0.0,0,0.0,1.0,0.0,1,1
1024.159,-56.377,-96.492,1.565,0.001,-0.0,-0.001,-0.0,0.0,0.004,0.0,1.0,0.0,0,0.0,1.0,0.0,1,1
1024.209,-56.377,-96.492,1.565,0.0,-0.0,-0.0,-0.0,0.0,0.003,0.0,1.0,0.0,0,0.0,1.0,0.0,1,1
1024.259,-56.377,-96.492,1.565,0.0,-0.0,-0.0,-0.0,0.0,0.007,0.0,1.0,0.0,0,0.0,1.0,0.0,1,1
1024.309,-56.377,-96.492,1.565,0.0,-0.0,0.0,-0.0,-0.0,0.0,0.0,1.0,0.0,0,0.0,1.0,0.0,1,1
1025.309,-56.377,-96.492,1.565,0.0,-0.0,0.0,-0.0,-0.0,0.0,1.0,0.0,-1.0,0,0.0,1.0,0.0,1,1
1025.359,-56.377,-96.492,1.565,0.0,-0.0,-0.0,-0.0,0.0,-0.0,1.0,0.0,-0.001,0,1.0,0.0,-0.001,1,1
1025.409,-56.377,-96.492,1.565,0.0,-0.0,-0.0,-0.0,-0.0,-0.282,1.0,0.0,-0.001,0,1.0,0.0,-0.001,1,1
1025.459,-56.377,-96.491,1.565,0.014,-0.0,-0.014,-0.0,0.001,1.916,1.0,0.0,-0.001,0,1.0,0.0,-0.001,1,1
1025.509,-56.377,-96.489,1.565,0.082,0.0,0.082,0.0,0.0,-0.574,1.0,0.0,-0.001,0,1.0,0.0,-0.001,1,1
1025.559,-56.377,-96.487,1.565,0.053,0.0,0.053,0.0,0.0,2.619,1.0,0.0,-0.001,0,1.0,0.0,-0.001,1,1
1025.609,-56.377,-96.482,1.565,0.184,0.0,0.184,-0.0,-0.024,3.448,1.0,0.0,-0.001,0,1.0,0.0,-0.001,1,0
1025.659,-56.377,-96.467,1.565,0.356,-0.001,0.356,0.001,0.02,3.628,1.0,0.0,-0.001,0,1.0,0.0,-0.001,1,0
1025.709,-56.377,-96.443,1.566,0.538,-0.0,0.538,0.012,-0.007,5.893,1.0,0.0,-0.0,0,1.0,0.0,-0.001,1,0
1025.759,-56.377,-96.406,1.565,0.832,-0.0,0.832,-0.008,0.033,5.257,1.0,0.0,-0.001,0,1.0,0.0,-0.0,1,0
1025.809,-56.376,-96.357,1.565,1.095,0.001,1.095,-0.01,-0.03,5.732,1.0,0.0,-0.001,0,1.0,0.0,-0.001,1,0
1025.859,-56.376,-96.293,1.565,1.382,-0.0,1.382,0.004,0.023,6.889,1.0,0.0,-0.001,0,1.0,0.0,-0.001,1,0
1025.909,-56.376,-96.213,1.565,1.726,0.001,1.726,0.003,0.004,6.32,0.965,0.0,-0.0,0,1.0,0.0,-0.001,1,0
1025.959,-56.375,-96.117,1.565,2.042,0.001,2.042,0.01,0.004,6.369,0.784,0.0,-0.0,0,0.965,0.0,-0.0,1,0
1026.009,-56.374,-96.005,1.565,2.361,0.001,2.361,-0.008,-0.001,6.532,0.543,0.0,-0.0,0,0.784,0.0,-0.0,1,0
1026.109,-56.373,-95.734,1.566,2.964,0.001,2.964,-0.008,-0.027,3.844,0.158,0.0,0.001,0,0.286,0.0,0.001,1,0
1026.159,-56.372,-95.58,1.566,3.156,-0.001,3.156,0.008,-0.007,1.899,0.145,0.0,0.001,0,0.158,0.0,0.001,1,0
1026.209,-56.371,-95.419,1.565,3.251,-0.001,3.251,-0.01,-0.007,0.489,0.22,0.0,0.001,0,0.145,0.0,0.001,1,0
1026.259,-56.37,-95.256,1.566,3.276,-0.001,3.276,0.008,-0.001,-0.244,0.295,0.0,0.001,0,0.22,0.0,0.001,1,0
1026.309,-56.37,-95.093,1.565,3.264,-0.001,3.264,-0.01,-0.004,-0.433,0.336,0.0,0.001,0,0.295,0.0,0.001,1,0
1026.359,-56.369,-94.931,1.565,3.242,-0.001,3.242,0.009,0.0,-0.341,0.335,0.0,0.001,0,0.336,0.0,0.001,1,0
1026.409,-56.368,-94.769,1.565,3.225,-0.001,3.225,-0.01,-0.004,-0.212,0.306,0.0,0.001,0,0.335,0.0,0.001,1,0
1026.459,-56.367,-94.609,1.565,3.214,-0.001,3.214,0.009,-0.016,-0.181,0.27,0.0,0.001,0,0.306,0.0,0.001,1,0
1026.509,-56.366,-94.448,1.565,3.205,-0.002,3.205,-0.011,-0.011,-0.272,0.242,0.0,0.001,0,0.27,0.0,0.001,1,0
1026.559,-56.365,-94.289,1.565,3.192,-0.002,3.192,0.008,-0.003,-0.438,0.23,0.0,0.001,0,0.242,0.0,0.001,1,0
1026.609,-56.364,-94.13,1.565,3.17,-0.002,3.17,-0.011,-0.006,-0.605,0.232,0.0,0.001,0,0.23,0.0,0.001,1,0
1026.659,-56.363,-93.972,1.565,3.14,-0.002,3.14,0.008,-0.001,-0.722,0.243,0.0,0.001,0,0.232,0.0,0.001,1,0
1026.709,-56.362,-93.817,1.565,3.104,-0.002,3.104,-0.011,-0.005,-0.768,0.257,0.0,0.001,0,0.243,0.0,0.001,1,0
1026.759,-56.361,-93.663,1.565,3.065,-0.002,3.065,0.009,-0.009,-0.754,0.268,0.0,0.001,0,0.257,0.0,0.001,1,0
1026.809,-56.36,-93.511,1.565,3.027,-0.002,3.027,-0.012,-0.008,-0.701,0.276,0.0,0.001,0,0.268,0.0,0.001,1,0
1026.859,-56.359,-93.36,1.565,2.992,-0.002,2.992,0.009,-0.002,-0.633,0.282,0.0,0.001,0,0.276,0.0,0.001,1,0
1026.909,-56.358,-93.212,1.565,2.961,-0.002,2.961,-0.012,-0.006,-0.564,0.285,0.0,0.001,0,0.282,0.0,0.001,1,0
1027.009,-56.356,-92.919,1.564,2.907,-0.002,2.907,-0.012,-0.001,-0.504,0.288,0.0,0.001,0,0.285,0.0,0.001,1,0
1027.059,-56.355,-92.774,1.565,2.885,-0.002,2.885,0.009,-0.0,-0.404,0.296,0.0,0.001,0,0.292,0.0,0.001,1,0
1027.109,-56.354,-92.63,1.564,2.865,-0.002,2.865,-0.012,-0.009,-0.359,0.3,0.0,0.001,0,0.296,0.0,0.001,1,0
1027.159,-56.353,-92.488,1.564,2.847,-0.002,2.847,0.01,-0.001,-0.317,0.304,0.0,0.001,0,0.3,0.0,0.001,1,0
1027.209,-56.352,-92.346,1.564,2.831,-0.002,2.831,-0.013,-0.006,-0.273,0.308,0.0,0.001,0,0.304,0.0,0.001,1,0
1027.259,-56.351,-92.205,1.564,2.817,-0.002,2.817,0.01,-0.0,-0.231,0.311,0.0,0.001,0,0.308,0.0,0.001,1,0
1027.309,-56.35,-92.064,1.564,2.806,-0.002,2.806,-0.013,-0.005,-0.191,0.313,0.0,0.001,0,0.311,0.0,0.001,1,0
1027.359,-56.349,-91.924,1.564,2.796,-0.002,2.796,0.01,-0.0,-0.155,0.315,0.0,0.001,0,0.313,0.0,0.001,1,0
1027.409,-56.348,-91.785,1.564,2.788,-0.002,2.788,-0.013,-0.005,-0.122,0.317,0.0,0.001,0,0.315,0.0,0.001,1,0
1027.459,-56.347,-91.645,1.564,2.782,-0.002,2.782,0.01,-0.001,-0.095,0.318,0.0,0.001,0,0.317,0.0,0.001,1,0
1027.509,-56.346,-91.506,1.564,2.778,-0.002,2.778,-0.013,-0.005,-0.071,0.319,0.0,0.001,0,0.318,0.0,0.001,1,0
1027.559,-56.344,-91.368,1.564,2.774,-0.002,2.774,0.01,-0.0,-0.053,0.32,0.0,0.001,0,0.319,0.0,0.001,1,0
1027.609,-56.343,-91.229,1.564,2.771,-0.002,2.771,-0.012,-0.005,-0.036,0.321,0.0,0.001,0,0.32,0.0,0.001,1,0
1027.659,-56.342,-91.09,1.564,2.77,-0.002,2.77,0.01,0.0,-0.024,0.321,0.0,0.001,0,0.321,0.0,0.001,1,0
1027.709,-56.341,-90.952,1.564,2.768,-0.001,2.768,-0.012,-0.005,-0.013,0.322,0.0,0.001,0,0.321,0.0,0.001,1,0
1027.759,-56.34,-90.814,1.564,2.768,-0.002,2.768,0.01,0.0,-0.005,0.322,0.0,0.001,0,0.322,0.0,0.001,1,0
1027.809,-56.339,-90.675,1.563,2.767,-0.001,2.767,-0.012,-0.004,0.002,0.322,0.0,0.001,0,0.322,0.0,0.001,1,0
1027.859,-56.338,-90.537,1.563,2.768,-0.002,2.768,0.01,0.001,0.007,0.322,0.0,0.001,0,0.322,0.0,0.001,1,0
1027.909,-56.337,-90.398,1.563,2.768,-0.001,2.768,-0.012,-0.004,0.011,0.322,0.0,0.001,0,0.322,0.0,0.001,1,0
1027.959,-56.336,-90.26,1.563,2.768,-0.002,2.768,0.01,0.001,0.013,0.322,0.0,0.001,0,0.322,0.0,0.001,1,0
1028.009,-56.335,-90.122,1.563,2.769,-0.001,2.769,-0.012,-0.005,0.015,0.322,0.0,0.001,0,0.322,0.0,0.001,1,0
1028.059,-56.334,-89.983,1.563,2.77,-0.002,2.77,0.01,0.001,0.015,0.322,0.0,0.001,0,0.322,0.0,0.001,1,0
1028.109,-56.333,-89.845,1.563,2.771,-0.001,2.771,-0.012,-0.004,0.016,0.322,0.0,0.001,0,0.322,0.0,0.001,1,0
1028.159,-56.331,-89.706,1.563,2.771,-0.001,2.771,0.01,0.002,0.015,0.321,0.0,0.001,0,0.322,0.0,0.001,1,0
1028.209,-56.33,-89.567,1.563,2.772,-0.001,2.772,-0.012,-0.004,0.015,0.321,0.0,0.001,0,0.321,0.0,0.001,1,0
1028.259,-56.329,-89.429,1.563,2.773,-0.001,2.773,0.01,0.001,0.014,0.321,0.0,0.001,0,0.321,0.0,0.001,1,0
1028.359,-56.327,-89.151,1.563,2.774,-0.001,2.774,0.01,0.001,0.011,0.321,0.0,0.001,0,0.321,0.0,0.001,1,0
1028.409,-56.326,-89.013,1.563,2.775,-0.001,2.775,-0.012,0.001,0.011,0.321,0.0,0.001,0,0.321,0.0,0.001,1,0
1028.459,-56.325,-88.874,1.563,2.775,-0.001,2.775,0.01,-0.004,0.011,0.321,0.0,0.001,0,0.321,0.0,0.001,1,0
1028.509,-56.323,-88.735,1.563,2.776,-0.001,2.776,-0.012,0.001,0.009,0.321,0.0,0.001,0,0.321,0.0,0.001,1,0
1028.559,-56.322,-88.596,1.563,2.776,-0.001,2.776,0.011,0.002,0.007,0.321,0.0,0.001,0,0.321,0.0,0.0,1,0
1028.609,-56.321,-88.458,1.563,2.777,-0.001,2.777,-0.012,-0.003,0.006,0.321,0.0,0.0,0,0.321,0.0,0.001,1,0
1028.659,-56.32,-88.319,1.563,2.777,-0.001,2.777,0.011,0.002,0.005,0.321,0.0,0.001,0,0.321,0.0,0.0,1,0
1028.709,-56.319,-88.18,1.563,2.777,-0.001,2.777,-0.012,-0.004,0.004,0.321,0.0,0.0,0,0.321,0.0,0.001,1,0
1028.759,-56.318,-88.041,1.563,2.777,-0.001,2.777,0.011,0.002,0.003,0.32,0.0,0.0,0,0.321,0.0,0.0,1,0
1028.809,-56.317,-87.902,1.563,2.777,-0.0,2.777,-0.012,-0.004,0.003,0.32,0.0,0.0,0,0.32,0.0,0.0,1,0
1028.859,-56.315,-87.763,1.563,2.778,-0.001,2.778,0.011,0.003,0.002,0.32,0.0,0.0,0,0.32,0.0,0.0,1,0
1028.909,-56.314,-87.624,1.563,2.778,-0.0,2.778,-0.012,-0.003,0.002,0.32,0.0,0.0,0,0.32,0.0,0.0,1,0
1028.959,-56.313,-87.486,1.563,2.778,-0.001,2.778,0.011,0.002,0.001,0.32,0.0,0.0,0,0.32,0.0,0.0,1,0
1029.009,-56.312,-87.347,1.563,2.778,-0.0,2.778,-0.012,-0.003,0.001,0.32,0.0,0.0,0,0.32,0.0,0.0,1,0
1029.059,-56.311,-87.208,1.563,2.778,-0.001,2.778,0.011,0.002,0.0,0.32,0.0,0.0,0,0.32,0.0,0.0,1,0
1029.109,-56.31,-87.069,1.563,2.778,-0.0,2.778,-0.012,-0.003,0.0,0.32,0.0,0.0,0,0.32,0.0,0.0,1,0
1029.159,-56.308,-86.93,1.563,2.778,-0.001,2.778,0.011,0.002,0.0,0.32,0.0,0.0,0,0.32,0.0,0.0,1,0
1029.209,-56.307,-86.791,1.563,2.778,-0.0,2.778,-0.012,-0.003,0.0,0.32,0.0,0.0,0,0.32,0.0,0.0,1,0
1029.259,-56.306,-86.652,1.563,2.778,-0.001,2.778,0.011,0.004,-0.0,0.32,0.0,0.0,0,0.32,0.0,0.0,1,0
1029.309,-56.305,-86.513,1.562,2.778,-0.0,2.778,-0.011,-0.002,-0.0,0.32,0.0,0.0,0,0.32,0.0,0.0,1,0
1029.409,-56.303,-86.235,1.562,2.778,-0.0,2.778,-0.011,0.002,-0.0,0.32,0.0,0.0,0,0.32,0.0,0.0,1,0
1029.459,-56.301,-86.096,1.563,2.778,-0.0,2.778,0.011,0.002,-0.0,0.32,0.0,0.0,0,0.32,0.0,0.0,1,0
1029.509,-56.3,-85.958,1.562,2.778,-0.0,2.778,-0.011,-0.003,-0.0,0.32,0.0,0.0,0,0.32,0.0,0.0,1,0
1029.559,-56.299,-85.819,1.563,2.778,-0.0,2.778,0.011,0.002,-0.0,0.32,0.0,0.0,0,0.32,0.0,0.0,1,0
1029.609,-56.298,-85.68,1.562,2.778,-0.0,2.778,-0.011,-0.001,-0.0,0.32,0.0,0.0,0,0.32,0.0,0.0,1,0
1029.659,-56.297,-85.541,1.563,2.778,-0.0,2.778,0.011,0.003,-0.0,0.32,0.0,0.0,0,0.32,0.0,0.0,1,0
1029.709,-56.296,-85.402,1.562,2.778,0.0,2.778,-0.011,-0.002,-0.0,0.32,0.0,0.0,0,0.32,0.0,0.0,1,0
1029.759,-56.294,-85.263,1.563,2.778,-0.0,2.778,0.011,0.003,-0.0,0.32,0.0,0.0,0,0.32,0.0,0.0,1,0
1029.809,-56.293,-85.124,1.562,2.778,0.0,2.778,-0.011,-0.003,-0.0,0.32,0.0,0.0,0,0.32,0.0,0.0,1,0
1029.859,-56.292,-84.985,1.563,2.778,-0.0,2.778,0.011,0.003,-0.0,0.32,0.0,0.0,0,0.32,0.0,0.0,1,0
1029.909,-56.291,-84.847,1.562,2.778,0.0,2.778,-0.011,-0.003,-0.0,0.32,0.0,-0.0,0,0.32,0.0,0.0,1,0
1029.959,-56.29,-84.708,1.563,2.778,-0.0,2.778,0.011,0.003,-0.0,0.32,0.0,0.0,0,0.32,0.0,-0.0,1,0
1030.009,-56.289,-84.569,1.562,2.778,0.0,2.778,-0.011,-0.002,-0.0,0.32,0.0,-0.0,0,0.32,0.0,0.0,1,0
1030.059,-56.287,-84.43,1.563,2.778,-0.0,2.778,0.011,0.003,-0.0,0.32,0.0,0.0,0,0.32,0.0,-0.0,1,0
1030.109,-56.286,-84.291,1.562,2.778,0.0,2.778,-0.011,-0.002,-0.0,0.32,0.0,-0.0,0,0.32,0.0,0.0,1,0
1030.159,-56.285,-84.152,1.563,2.778,-0.0,2.778,0.011,0.003,-0.0,0.32,0.0,0.0,0,0.32,0.0,-0.0,1,0
1030.209,-56.284,-84.013,1.562,2.778,0.0,2.778,-0.011,-0.002,-0.0,0.32,0.0,-0.0,0,0.32,0.0,0.0,1,0
1030.259,-56.283,-83.875,1.563,2.778,-0.0,2.778,0.011,0.002,-0.0,0.32,0.0,0.0,0,0.32,0.0,-0.0,1,0
1030.309,-56.282,-83.736,1.562,2.778,0.0,2.778,-0.011,-0.002,-0.0,0.32,0.0,-0.0,0,0.32,0.0,0.0,1,0
1030.359,-56.28,-83.597,1.563,2.778,-0.0,2.778,0.011,0.003,-0.0,0.32,0.0,0.0,0,0.32,0.0,-0.0,1,0
1030.409,-56.279,-83.458,1.562,2.778,0.0,2.778,-0.011,-0.002,0.0,0.32,0.0,-0.0,0,0.32,0.0,0.0,1,0
1030.459,-56.278,-83.319,1.563,2.778,-0.0,2.778,0.011,0.003,-0.0,0.32,0.0,0.0,0,0.32,0.0,-0.0,1,0
1030.509,-56.277,-83.18,1.562,2.778,0.0,2.778,-0.011,-0.003,0.0,0.32,0.0,-0.0,0,0.32,0.0,0.0,1,0
1030.559,-56.276,-83.041,1.563,2.778,-0.0,2.778,0.011,0.002,-0.0,0.32,0.0,0.0,0,0.32,0.0,-0.0,1,0
1030.659,-56.274,-82.764,1.563,2.778,-0.0,2.778,0.011,0.003,-0.0,0.32,0.0,0.0,0,0.32,0.0,-0.0,1,0
1030.709,-56.272,-82.625,1.562,2.778,0.0,2.778,-0.011,-0.002,0.0,0.32,0.0,-0.0,0,0.32,0.0,0.0,1,0
1030.759,-56.271,-82.486,1.563,2.778,-0.0,2.778,0.011,0.003,-0.0,0.32,0.0,0.0,0,0.32,0.0,-0.0,1,0
1030.809,-56.27,-82.347,1.562,2.778,0.0,2.778,-0.011,-0.003,0.0,0.32,0.0,-0.0,0,0.32,0.0,0.0,1,0
1030.859,-56.269,-82.208,1.563,2.778,-0.0,2.778,0.011,0.003,-0.0,0.32,0.0,0.0,0,0.32,0.0,-0.0,1,0
1030.909,-56.268,-82.069,1.562,2.778,0.0,2.778,-0.011,-0.003,0.0,0.32,0.0,-0.0,0,0.32,0.0,0.0,1,0
1030.959,-56.267,-81.93,1.563,2.778,-0.0,2.778,0.011,0.002,0.0,0.32,0.0,0.0,0,0.32,0.0,-0.0,1,0
1031.009,-56.266,-81.791,1.562,2.778,0.0,2.778,-0.011,-0.003,0.0,0.32,0.0,-0.0,0,0.32,0.0,0.0,1,0
1031.059,-56.264,-81.653,1.563,2.778,-0.0,2.778,0.011,0.003,-0.0,0.32,0.0,0.0,0,0.32,0.0,-0.0,1,0
1031.109,-56.263,-81.514,1.562,2.778,0.0,2.778,-0.011,-0.002,0.0,0.32,0.0,-0.0,0,0.32,0.0,0.0,1,0
1031.159,-56.262,-81.375,1.563,2.778,-0.0,2.778,0.011,0.003,-0.0,0.32,0.0,0.0,0,0.32,0.0,-0.0,1,0
1031.209,-56.261,-81.236,1.562,2.778,0.0,2.778,-0.011,-0.003,0.0,0.32,0.0,-0.0,0,0.32,0.0,0.0,1,0
1031.259,-56.26,-81.097,1.563,2.778,-0.0,2.778,0.011,0.002,-0.0,0.32,0.0,0.0,0,0.32,0.0,-0.0,1,0
1031.309,-56.259,-80.958,1.562,2.778,0.0,2.778,-0.011,-0.003,0.0,0.32,0.0,-0.0,0,0.32,0.0,0.0,1,0
1031.359,-56.257,-80.819,1.563,2.778,-0.0,2.778,0.011,0.002,-0.0,0.32,0.0,0.0,0,0.32,0.0,-0.0,1,0
1031.409,-56.256,-80.68,1.562,2.778,0.0,2.778,-0.011,-0.002,-0.0,0.32,0.0,-0.0,0,0.32,0.0,0.0,1,0
1031.509,-56.254,-80.403,1.562,2.778,0.0,2.778,-0.011,-0.003,0.0,0.32,0.0,-0.0,0,0.32,0.0,0.0,1,0
1031.559,-56.253,-80.264,1.563,2.778,-0.0,2.778,0.011,0.003,0.0,0.32,0.0,0.0,0,0.32,0.0,-0.0,1,0
1031.609,-56.252,-80.125,1.562,2.778,0.0,2.778,-0.011,-0.003,-0.0,0.32,0.0,-0.0,0,0.32,0.0,0.0,1,0
1031.659,-56.251,-79.986,1.563,2.778,-0.0,2.778,0.011,0.002,-0.0,0.32,0.0,0.0,0,0.32,0.0,-0.0,1,0
1031.709,-56.249,-79.847,1.562,2.778,0.0,2.778,-0.011,-0.003,0.0,0.32,0.0,-0.0,0,0.32,0.0,0.0,1,0
1031.759,-56.248,-79.708,1.563,2.778,-0.0,2.778,0.011,0.003,-0.0,0.32,0.0,0.0,0,0.32,0.0,-0.0,1,0
1031.809,-56.247,-79.569,1.562,2.778,0.0,2.778,-0.011,-0.002,0.0,0.32,0.0,-0.0,0,0.32,0.0,0.0,1,0
1031.859,-56.246,-79.43,1.563,2.778,-0.0,2.778,0.011,0.003,-0.0,0.32,0.0,0.0,0,0.32,0.0,-0.0,1,0
1031.909,-56.245,-79.291,1.562,2.778,0.0,2.778,-0.011,-0.003,0.0,0.32,0.0,-0.0,0,0.32,0.0,0.0,1,0
1031.959,-56.244,-79.153,1.563,2.778,-0.0,2.778,0.011,0.003,-0.0,0.32,0.0,0.0,0,0.32,0.0,-0.0,1,0
1032.009,-56.243,-79.014,1.562,2.778,0.0,2.778,-0.011,-0.003,0.0,0.32,0.0,-0.0,0,0.32,0.0,0.0,1,0
1032.059,-56.241,-78.875,1.563,2.778,-0.0,2.778,0.011,0.002,-0.0,0.32,0.0,0.0,0,0.32,0.0,-0.0,1,0
1032.159,-56.239,-78.597,1.563,2.778,-0.0,2.778,0.011,-0.002,0.0,0.32,0.0,-0.0,0,0.32,0.0,0.0,1,0
1032.209,-56.238,-78.458,1.562,2.778,0.0,2.778,-0.011,-0.003,0.0,0.32,0.0,-0.0,0,0.32,0.0,0.0,1,0
1032.259,-56.237,-78.319,1.563,2.778,-0.0,2.778,0.011,0.003,-0.0,0.32,0.0,0.0,0,0.32,0.0,-0.0,1,0
1032.309,-56.236,-78.18,1.562,2.778,0.0,2.778,-0.011,-0.003,0.0,0.32,0.0,-0.0,0,0.32,0.0,0.0,1,0
1032.359,-56.235,-78.041,1.563,2.778,-0.0,2.778,0.011,0.002,0.0,0.32,0.0,0.0,0,0.32,0.0,-0.0,1,0
1032.409,-56.233,-77.903,1.562,2.778,0.0,2.778,-0.011,-0.003,0.0,0.32,0.0,-0.0,0,0.32,0.0,0.0,1,0
1032.459,-56.232,-77.764,1.563,2.778,-0.0,2.778,0.011,0.003,-0.0,0.32,0.0,0.0,0,0.32,0.0,-0.0,1,0
1032.509,-56.231,-77.625,1.562,2.778,0.0,2.778,-0.011,-0.003,-0.0,0.32,0.0,-0.0,0,0.32,0.0,0.0,1,0
1032.559,-56.23,-77.486,1.563,2.778,-0.0,2.778,0.011,0.003,-0.0,0.32,0.0,0.0,0,0.32,0.0,-0.0,1,0
1032.609,-56.229,-77.347,1.562,2.778,0.0,2.778,-0.011,-0.003,-0.0,0.32,0.0,-0.0,0,0.32,0.0,0.0,1,0
1032.659,-56.228,-77.208,1.563,2.778,-0.0,2.778,0.011,0.003,-0.0,0.32,0.0,0.0,0,0.32,0.0,-0.0,1,0
1032.709,-56.227,-77.069,1.562,2.778,0.0,2.778,-0.011,-0.003,0.0,0.32,0.0,-0.0,0,0.32,0.0,0.0,1,0
1032.759,-56.225,-76.93,1.563,2.778,-0.0,2.778,0.011,0.002,0.0,0.32,0.0,0.0,0,0.32,0.0,-0.0,1,0
1032.859,-56.223,-76.653,1.563,2.778,-0.0,2.778,0.011,0.003,-0.0,0.32,0.0,0.0,0,0.32,0.0,-0.0,1,0
1032.909,-56.222,-76.514,1.562,2.778,0.0,2.778,-0.011,-0.003,0.0,0.32,0.0,-0.0,0,0.32,0.0,0.0,1,0
1032.959,-56.221,-76.375,1.563,2.778,-0.0,2.778,0.011,0.003,-0.0,0.32,0.0,0.0,0,0.32,0.0,-0.0,1,0
1033.009,-56.22,-76.236,1.562,2.778,0.0,2.778,-0.011,-0.003,0.0,0.32,0.0,-0.0,0,0.32,0.0,0.0,1,0
1033.059,-56.218,-76.097,1.563,2.778,-0.0,2.778,0.011,0.002,-0.0,0.32,0.0,0.0,0,0.32,0.0,-0.0,1,0
1033.109,-56.217,-75.958,1.562,2.778,0.0,2.778,-0.011,-0.003,0.0,0.32,0.0,-0.0,0,0.32,0.0,0.0,1,0
1033.159,-56.216,-75.819,1.563,2.778,-0.0,2.778,0.011,0.002,-0.0,0.32,0.0,0.0,0,0.32,0.0,-0.0,1,0
1033.209,-56.215,-75.68,1.562,2.778,0.0,2.778,-0.011,-0.002,-0.0,0.32,0.0,-0.0,0,0.32,0.0,0.0,1,0
1033.259,-56.214,-75.541,1.563,2.778,-0.0,2.778,0.011,0.003,-0.0,0.32,0.0,0.0,0,0.32,0.0,-0.0,1,0
1033.309,-56.213,-75.402,1.562,2.778,0.0,2.778,-0.011,-0.003,0.0,0.32,0.0,-0.0,0,0.32,0.0,0.0,1,0
1033.359,-56.212,-75.264,1.563,2.778,-0.0,2.778,0.011,0.003,0.0,0.32,0.0,0.0,0,0.32,0.0,-0.0,1,0
1033.409,-56.21,-75.125,1.562,2.778,0.0,2.778,-0.011,-0.003,0.0,0.32,0.0,-0.0,0,0.32,0.0,0.0,1,0
1033.459,-56.209,-74.986,1.563,2.778,-0.0,2.778,0.011,0.002,-0.0,0.32,0.0,0.0,0,0.32,0.0,-0.0,1,0
1033.559,-56.207,-74.708,1.563,2.778,-0.0,2.778,0.011,-0.003,0.0,0.32,0.0,-0.0,0,0.32,0.0,0.0,1,0
1033.609,-56.206,-74.569,1.562,2.778,0.0,2.778,-0.011,-0.002,-0.0,0.32,0.0,-0.0,0,0.32,0.0,0.0,1,0
1033.659,-56.205,-74.43,1.563,2.778,-0.0,2.778,0.011,0.003,-0.0,0.32,0.0,0.0,0,0.32,0.0,-0.0,1,0
1033.709,-56.204,-74.291,1.562,2.778,0.0,2.778,-0.011,-0.003,0.0,0.32,0.0,-0.0,0,0.32,0.0,0.0,1,0
1033.759,-56.202,-74.152,1.563,2.778,-0.0,2.778,0.011,0.003,-0.0,0.32,0.0,0.0,0,0.32,0.0,-0.0,1,0
1033.809,-56.201,-74.014,1.562,2.778,0.0,2.778,-0.011,-0.003,0.0,0.32,0.0,-0.0,0,0.32,0.0,0.0,1,0
1033.859,-56.2,-73.875,1.563,2.778,-0.0,2.778,0.011,0.003,0.0,0.32,0.0,0.0,0,0.32,0.0,-0.0,1,0
1033.909,-56.199,-73.736,1.562,2.778,0.0,2.778,-0.011,-0.003,0.0,0.32,0.0,-0.0,0,0.32,0.0,0.0,1,0
1033.959,-56.198,-73.597,1.563,2.778,-0.0,2.778,0.011,0.003,-0.0,0.32,0.0,0.0,0,0.32,0.0,-0.0,1,0
1034.009,-56.197,-73.458,1.562,2.778,0.0,2.778,-0.011,-0.003,0.0,0.32,0.0,-0.0,0,0.32,0.0,0.0,1,0
1034.109,-56.194,-73.18,1.562,2.778,0.0,2.778,-0.011,0.003,-0.0,0.32,0.0,0.0,0,0.32,0.0,-0.0,1,0
1034.159,-56.193,-73.041,1.563,2.778,-0.0,2.778,0.011,0.002,-0.0,0.32,0.0,0.0,0,0.32,0.0,-0.0,1,0
1034.209,-56.192,-72.902,1.562,2.778,0.0,2.778,-0.011,-0.003,0.0,0.32,0.0,-0.0,0,0.32,0.0,0.0,1,0
1034.259,-56.191,-72.764,1.563,2.778,-0.0,2.778,0.011,0.003,-0.0,0.32,0.0,0.0,0,0.32,0.0,-0.0,1,0
1034.309,-56.19,-72.625,1.562,2.778,0.0,2.778,-0.011,-0.003,0.0,0.32,0.0,-0.0,0,0.32,0.0,0.0,1,0
1034.359,-56.189,-72.486,1.563,2.778,-0.0,2.778,0.011,0.003,-0.0,0.32,0.0,0.0,0,0.32,0.0,-0.0,1,0
1034.409,-56.187,-72.347,1.562,2.778,0.0,2.778,-0.011,-0.003,0.0,0.32,0.0,-0.0,0,0.32,0.0,0.0,1,0
1034.459,-56.186,-72.208,1.563,2.778,-0.0,2.778,0.011,0.003,-0.0,0.32,0.0,0.0,0,0.32,0.0,-0.0,1,0
1034.509,-56.185,-72.069,1.562,2.778,0.0,2.778,-0.011,-0.003,0.0,0.32,0.0,-0.0,0,0.32,0.0,0.0,1,0
1034.559,-56.184,-71.93,1.563,2.778,-0.0,2.778,0.011,0.002,-0.0,0.32,0.0,0.0,0,0.32,0.0,-0.0,1,0
1034.609,-56.183,-71.791,1.562,2.778,0.0,2.778,-0.011,-0.002,0.0,0.32,0.0,-0.0,0,0.32,0.0,0.0,1,0
1034.659,-56.182,-71.652,1.563,2.778,-0.0,2.778,0.011,0.003,-0.0,0.32,0.0,0.0,0,0.32,0.0,-0.0,1,0
1034.709,-56.181,-71.514,1.562,2.778,0.0,2.778,-0.011,-0.003,0.0,0.32,0.0,-0.0,0,0.32,0.0,0.0,1,0
1034.759,-56.179,-71.375,1.563,2.778,-0.0,2.778,0.011,0.003,0.0,0.32,0.0,0.0,0,0.32,0.0,-0.0,1,0
1034.809,-56.178,-71.236,1.562,2.778,0.0,2.778,-0.011,-0.003,0.0,0.32,0.0,-0.0,0,0.32,0.0,0.0,1,0
1034.859,-56.177,-71.097,1.563,2.778,-0.0,2.778,0.011,0.003,-0.0,0.32,0.0,0.0,0,0.32,0.0,-0.0,1,0
1034.959,-56.175,-70.819,1.563,2.778,-0.0,2.778,0.011,0.003,-0.0,0.32,0.0,0.0,0,0.32,0.0,-0.0,1,0
1035.009,-56.174,-70.68,1.562,2.778,0.0,2.778,-0.011,-0.003,0.0,0.32,0.0,-0.0,0,0.32,0.0,0.0,1,0
1035.059,-56.173,-70.541,1.563,2.778,-0.0,2.778,0.011,0.003,0.0,0.32,0.0,0.0,0,0.32,0.0,-0.0,1,0
1035.109,-56.171,-70.402,1.562,2.778,0.0,2.778,-0.011,-0.003,0.0,0.32,0.0,-0.0,0,0.32,0.0,0.0,1,0
1035.159,-56.17,-70.263,1.563,2.778,-0.0,2.778,0.011,0.003,-0.0,0.32,0.0,0.0,0,0.32,0.0,-0.0,1,0
1035.209,-56.169,-70.125,1.562,2.778,0.0,2.778,-0.011,-0.003,0.0,0.32,0.0,-0.0,0,0.32,0.0,0.0,1,0
1035.259,-56.168,-69.986,1.563,2.778,-0.0,2.778,0.011,0.002,-0.0,0.32,0.0,0.0,0,0.32,0.0,-0.0,1,0
1035.309,-56.167,-69.847,1.562,2.778,0.0,2.778,-0.011,-0.003,0.0,0.32,0.0,0.017,0,0.32,0.0,0.0,1,0
1035.359,-56.166,-69.708,1.563,2.778,-0.0,2.778,0.011,-0.393,-0.007,0.32,0.0,0.017,0,0.32,0.0,0.017,1,0
1035.409,-56.164,-69.569,1.562,2.777,-0.018,2.777,-0.026,-0.153,-0.0,0.321,0.0,0.017,0,0.32,0.0,0.017,1,0
1035.459,-56.161,-69.43,1.561,2.778,-0.024,2.777,-0.007,-0.086,-0.003,0.32,0.0,0.017,0,0.321,0.0,0.017,1,0
1035.509,-56.159,-69.291,1.56,2.777,-0.025,2.777,-0.03,-0.062,0.006,0.321,0.0,0.017,0,0.32,0.0,0.017,1,0
1035.559,-56.156,-69.153,1.559,2.778,-0.026,2.778,-0.007,-0.044,-0.002,0.32,0.0,0.017,0,0.321,0.0,0.017,1,0
1035.659,-56.15,-68.875,1.558,2.778,-0.025,2.778,-0.006,-1.051,-0.065,0.32,0.0,0.063,0,0.321,0.0,0.061,1,0
1035.709,-56.145,-68.736,1.555,2.776,-0.072,2.775,-0.066,-0.463,-0.014,0.326,0.0,0.063,0,0.32,0.0,0.063,1,0
1035.759,-56.139,-68.597,1.552,2.776,-0.087,2.774,-0.053,-0.278,-0.015,0.322,0.0,0.062,0,0.326,0.0,0.063,1,0
1035.809,-56.132,-68.459,1.549,2.775,-0.091,2.774,-0.077,-0.202,0.028,0.323,0.0,0.061,0,0.322,0.0,0.062,1,0
1035.859,-56.124,-68.32,1.546,2.777,-0.092,2.776,-0.054,-0.157,-0.0,0.318,0.0,0.06,0,0.323,0.0,0.061,1,0
1035.909,-56.116,-68.182,1.542,2.777,-0.091,2.776,-0.075,-0.149,0.027,0.321,0.0,0.118,0,0.318,0.0,0.06,1,0
1035.959,-56.108,-68.043,1.539,2.779,-0.09,2.778,-0.052,-1.397,-0.164,0.317,0.0,0.119,0,0.321,0.0,0.118,1,0
1036.009,-56.097,-67.905,1.535,2.774,-0.147,2.77,-0.12,-0.697,-0.042,0.333,0.0,0.119,0,0.317,0.0,0.119,1,0
1036.059,-56.084,-67.767,1.529,2.774,-0.166,2.769,-0.11,-0.443,-0.041,0.324,0.0,0.117,0,0.333,0.0,0.119,1,0
1036.109,-56.069,-67.629,1.523,2.773,-0.171,2.768,-0.133,-0.346,0.048,0.326,0.0,0.114,0,0.324,0.0,0.117,1,0
1036.159,-56.054,-67.491,1.517,2.777,-0.171,2.772,-0.11,-0.283,-0.003,0.316,0.0,0.112,0,0.326,0.0,0.114,1,0
1036.209,-56.038,-67.353,1.511,2.778,-0.169,2.773,-0.13,-0.275,0.046,0.32,0.0,0.11,0,0.316,0.0,0.112,1,0
1036.259,-56.022,-67.215,1.505,2.781,-0.166,2.776,-0.106,-0.253,-0.029,0.313,0.0,0.175,0,0.32,0.0,0.11,1,0
1036.309,-56.005,-67.077,1.499,2.78,-0.163,2.775,-0.126,-1.603,-0.227,0.321,0.0,0.175,0,0.313,0.0,0.175,1,0
1036.359,-55.984,-66.94,1.492,2.775,-0.223,2.766,-0.152,-0.852,-0.154,0.334,0.0,0.174,0,0.321,0.0,0.175,1,0
1036.409,-55.961,-66.803,1.483,2.771,-0.242,2.76,-0.186,-0.608,-0.002,0.335,0.0,0.171,0,0.334,0.0,0.174,1,0
1036.459,-55.937,-66.667,1.474,2.774,-0.248,2.762,-0.166,-0.463,-0.023,0.321,0.0,0.168,0,0.335,0.0,0.171,1,0
1036.559,-55.885,-66.394,1.457,2.78,-0.245,2.769,-0.161,-0.433,0.071,0.323,0.0,0.165,0,0.321,0.0,0.168,1,0
1036.609,-55.857,-66.258,1.448,2.781,-0.24,2.77,-0.18,-1.656,-0.269,0.319,0.0,0.224,0,0.311,0.0,0.225,1,0
1036.659,-55.827,-66.123,1.439,2.776,-0.296,2.76,-0.203,-0.916,-0.19,0.333,0.0,0.222,0,0.319,0.0,0.224,1,0
1036.709,-55.793,-65.988,1.427,2.771,-0.311,2.754,-0.235,-0.701,-0.013,0.335,0.0,0.218,0,0.333,0.0,0.222,1,0
1036.759,-55.758,-65.854,1.416,2.775,-0.315,2.757,-0.213,-0.555,-0.051,0.319,0.0,0.214,0,0.335,0.0,0.218,1,0
1036.809,-55.721,-65.72,1.405,2.776,-0.312,2.758,-0.232,-0.539,0.062,0.323,0.0,0.21,0,0.319,0.0,0.214,1,0
1036.859,-55.683,-65.587,1.394,2.782,-0.309,2.765,-0.207,-0.485,-0.057,0.308,0.0,0.263,0,0.323,0.0,0.21,1,0
1036.909,-55.644,-65.454,1.383,2.782,-0.303,2.765,-0.225,-1.622,-0.299,0.32,0.0,0.26,0,0.308,0.0,0.263,1,0
1036.959,-55.602,-65.321,1.372,2.777,-0.352,2.755,-0.243,-0.917,-0.218,0.332,0.0,0.257,0,0.32,0.0,0.26,1,0
1037.009,-55.557,-65.19,1.358,2.772,-0.362,2.749,-0.27,-0.749,-0.025,0.336,0.0,0.252,0,0.332,0.0,0.257,1,0
1037.059,-55.51,-65.06,1.346,2.776,-0.364,2.752,-0.248,-0.611,-0.079,0.317,0.0,0.247,0,0.336,0.0,0.252,1,0
1037.109,-55.462,-64.93,1.333,2.777,-0.359,2.753,-0.265,-0.611,0.047,0.324,0.0,0.243,0,0.317,0.0,0.247,1,0
1037.159,-55.412,-64.8,1.32,2.783,-0.355,2.76,-0.24,-0.552,-0.085,0.307,0.0,0.306,0,0.324,0.0,0.243,1,0
1037.259,-55.307,-64.543,1.294,2.775,-0.404,2.746,-0.28,-1.114,-0.303,0.338,0.0,0.301,0,0.32,0.0,0.304,1,0
1037.309,-55.249,-64.417,1.279,2.769,-0.418,2.737,-0.311,-0.918,-0.059,0.342,0.0,0.297,0,0.338,0.0,0.301,1,0
1037.359,-55.19,-64.292,1.264,2.773,-0.423,2.741,-0.29,-0.755,-0.101,0.319,0.0,0.371,0,0.342,0.0,0.297,1,0
1037.409,-55.128,-64.168,1.249,2.774,-0.42,2.742,-0.308,-2.167,-0.521,0.325,0.0,0.37,0,0.319,0.0,0.371,1,0
1037.459,-55.063,-64.046,1.233,2.767,-0.484,2.725,-0.338,-1.375,-0.35,0.346,0.0,0.367,0,0.325,0.0,0.37,1,0
1037.509,-54.995,-63.927,1.215,2.763,-0.504,2.717,-0.372,-1.142,-0.057,0.345,0.0,0.442,0,0.346,0.0,0.367,1,0
1037.559,-54.923,-63.808,1.197,2.771,-0.512,2.723,-0.353,-2.305,-0.778,0.316,0.0,0.44,0,0.345,0.0,0.442,1,0
1037.609,-54.848,-63.693,1.177,2.757,-0.574,2.696,-0.423,-1.658,-0.261,0.37,0.0,0.437,0,0.316,0.0,0.44,1,0
1037.659,-54.769,-63.58,1.156,2.763,-0.6,2.697,-0.418,-1.24,-0.219,0.33,0.0,0.506,0,0.37,0.0,0.437,1,0
1037.709,-54.688,-63.469,1.134,2.766,-0.604,2.699,-0.439,-2.477,-0.705,0.332,0.0,0.503,0,0.33,0.0,0.506,1,0
1037.759,-54.602,-63.362,1.112,2.762,-0.667,2.68,-0.468,-1.672,-0.458,0.351,0.0,0.563,0,0.332,0.0,0.503,1,0
1037.809,-54.512,-63.257,1.087,2.761,-0.686,2.675,-0.498,-2.586,-0.852,0.346,0.0,0.558,0,0.351,0.0,0.563,1,0
1037.859,-54.418,-63.157,1.062,2.755,-0.747,2.652,-0.524,-1.761,-0.49,0.362,0.0,0.553,0,0.346,0.0,0.558,1,0
1037.909,-54.321,-63.06,1.034,2.757,-0.763,2.649,-0.552,-1.592,-0.106,0.348,0.0,0.646,0,0.362,0.0,0.553,1,0
1037.959,-54.221,-62.966,1.007,2.775,-0.771,2.666,-0.534,-2.871,-1.36,0.304,0.0,0.64,0,0.348,0.0,0.646,1,0
1038.009,-54.116,-62.877,0.978,2.754,-0.839,2.623,-0.61,-2.31,-0.687,0.394,0.0,0.632,0,0.304,0.0,0.64,1,0
1038.059,-54.008,-62.793,0.948,2.759,-0.875,2.617,-0.613,-1.684,-0.477,0.343,0.0,0.621,0,0.394,0.0,0.632,1,0
1038.109,-53.896,-62.713,0.917,2.765,-0.878,2.622,-0.629,-1.624,-0.083,0.34,0.0,0.611,0,0.343,0.0,0.621,1,0
1038.209,-53.665,-62.561,0.855,2.798,-0.866,2.661,-0.618,-1.456,-0.148,0.303,0.0,0.651,0,0.289,0.0,0.601,1,0
1038.259,-53.546,-62.489,0.825,2.815,-0.858,2.681,-0.594,-2.321,-1.295,0.277,0.0,0.64,0,0.303,0.0,0.651,1,0
1038.309,-53.424,-62.422,0.794,2.791,-0.892,2.645,-0.643,-1.802,-0.624,0.826,0.0,0.628,0,0.277,0.0,0.64,1,0
1038.359,-53.3,-62.359,0.762,2.792,-0.899,2.644,-0.627,-1.41,-0.532,0.474,0.0,0.615,0,0.826,0.0,0.628,1,0
1038.409,-53.174,-62.301,0.731,2.791,-0.886,2.646,-0.634,-1.582,0.229,0.491,0.0,0.603,0,0.474,0.0,0.615,1,0
1038.459,-53.046,-62.245,0.7,2.828,-0.883,2.686,-0.611,-1.514,0.402,0.402,0.0,0.592,0,0.491,0.0,0.603,1,0
1038.509,-52.915,-62.192,0.669,2.871,-0.874,2.735,-0.624,-1.684,0.658,1.0,0.0,0.595,0,0.402,0.0,0.592,1,0
1038.609,-52.641,-62.092,0.607,2.98,-0.882,2.847,-0.632,-2.118,1.831,1.0,0.0,0.563,0,0.851,0.0,0.579,1,0
1038.659,-52.496,-62.046,0.576,3.1,-0.896,2.968,-0.624,-2.503,3.435,1.0,0.0,0.54,0,1.0,0.0,0.563,1,0
1038.709,-52.343,-62.001,0.544,3.301,-0.92,3.17,-0.653,-2.901,5.268,1.0,0.0,0.517,0,1.0,0.0,0.54,1,0
1038.759,-52.175,-61.955,0.511,3.595,-0.951,3.467,-0.673,-3.169,5.998,1.0,0.0,0.494,0,1.0,0.0,0.517,1,0
1038.809,-51.992,-61.909,0.477,3.927,-0.979,3.803,-0.706,-3.352,6.245,1.0,0.0,0.461,0,1.0,0.0,0.494,1,0
1038.909,-51.571,-61.817,0.404,4.626,-0.995,4.518,-0.739,-3.398,6.536,1.0,0.0,0.402,0,1.0,0.0,0.433,1,0
1038.959,-51.334,-61.772,0.367,4.983,-0.985,4.884,-0.745,-3.395,6.67,1.0,0.0,0.373,0,1.0,0.0,0.402,1,0
1039.009,-51.078,-61.728,0.33,5.344,-0.962,5.257,-0.741,-2.988,5.939,1.0,0.0,0.345,0,1.0,0.0,0.373,1,0
1039.059,-50.804,-61.687,0.294,5.664,-0.908,5.591,-0.74,-2.315,0.451,1.0,0.0,0.316,0,1.0,0.0,0.345,1,0
1039.159,-50.239,-61.618,0.227,5.78,-0.751,5.731,-0.687,-2.173,1.161,1.0,0.0,0.287,0,1.0,0.0,0.316,1,0
1039.209,-49.952,-61.59,0.196,5.785,-0.676,5.745,-0.55,-1.845,-0.216,1.0,0.0,0.237,0,1.0,0.0,0.261,0,0
1039.259,-49.664,-61.568,0.168,5.786,-0.603,5.754,-0.596,-3.323,9.742,1.0,0.0,0.215,0,1.0,0.0,0.237,0,0
1039.309,-49.365,-61.55,0.141,6.289,-0.601,6.26,-0.544,-3.561,12.762,1.0,0.0,0.19,0,1.0,0.0,0.215,2,0
1039.359,-49.03,-61.536,0.114,6.942,-0.593,6.916,-0.536,-3.111,10.879,1.0,0.0,0.169,0,1.0,0.0,0.19,2,0
1039.459,-48.275,-61.522,0.063,7.985,-0.507,7.969,-0.485,-2.807,8.634,1.0,0.0,0.124,0,1.0,0.0,0.148,2,0
1039.509,-47.862,-61.524,0.04,8.426,-0.453,8.413,-0.454,-2.425,8.051,1.0,0.0,0.106,0,1.0,0.0,0.124,2,0
1039.559,-47.429,-61.531,0.019,8.835,-0.387,8.826,-0.411,-1.692,0.068,1.0,0.0,0.084,0,1.0,0.0,0.106,2,0
1039.609,-46.983,-61.543,0.0,8.842,-0.305,8.837,-0.359,-1.576,3.292,1.0,0.0,0.069,0,1.0,0.0,0.084,0,0
1039.659,-46.537,-61.558,-0.016,9.01,-0.237,9.007,-0.31,-1.487,2.601,1.0,0.0,0.056,0,1.0,0.0,0.069,0,0
1039.759,-45.618,-61.602,-0.042,9.616,-0.155,9.615,-0.222,-1.132,8.117,1.0,0.0,0.03,0,1.0,0.0,0.039,3,0
1039.809,-45.126,-61.631,-0.051,10.023,-0.115,10.022,-0.176,-0.951,7.206,1.0,0.0,0.017,0,1.0,0.0,0.03,3,0
1039.859,-44.614,-61.664,-0.059,10.384,-0.084,10.383,-0.139,-0.519,6.596,1.0,0.0,0.011,0,1.0,0.0,0.017,3,0
1039.909,-44.086,-61.699,-0.065,10.714,-0.05,10.713,-0.099,-0.409,6.182,1.0,0.0,0.001,0,1.0,0.0,0.011,3,0
1040.009,-42.984,-61.776,-0.071,11.318,-0.003,11.318,-0.036,0.014,5.721,0.858,0.0,-0.009,0,1.0,0.0,-0.002,3,0
1040.059,-42.411,-61.816,-0.072,11.604,0.01,11.604,-0.013,0.31,5.393,0.663,0.0,-0.01,0,0.858,0.0,-0.009,3,0
1040.109,-41.824,-61.857,-0.072,11.874,0.024,11.874,0.011,0.331,4.655,0.494,0.0,-0.014,0,0.663,0.0,-0.01,3,0
1040.209,-40.615,-61.939,-0.069,12.284,0.033,12.284,0.042,0.717,2.334,0.347,0.0,-0.016,0,0.389,0.0,-0.017,3,0
1040.259,-39.999,-61.978,-0.066,12.401,0.038,12.401,0.056,0.673,1.317,0.35,0.0,-0.017,0,0.347,0.0,-0.016,3,0
1040.309,-39.378,-62.017,-0.063,12.467,0.034,12.467,0.061,0.797,0.61,0.368,0.0,-0.015,0,0.35,0.0,-0.017,3,0
1040.359,-38.755,-62.053,-0.06,12.498,0.033,12.497,0.067,0.712,0.204,0.382,0.0,-0.017,0,0.368,0.0,-0.015,3,0
1040.409,-38.132,-62.088,-0.057,12.508,0.028,12.508,0.066,0.858,-0.006,0.382,0.0,-0.015,0,0.382,0.0,-0.017,3,0
1040.459,-37.507,-62.121,-0.053,12.508,0.028,12.508,0.069,0.736,-0.116,0.371,0.0,-0.015,0,0.382,0.0,-0.015,3,0
1040.559,-36.259,-62.181,-0.047,12.493,0.022,12.493,0.066,0.638,-0.365,0.341,0.0,-0.011,0,0.356,0.0,-0.012,3,0
1040.609,-35.636,-62.209,-0.044,12.475,0.017,12.475,0.054,0.614,-0.282,0.343,0.0,-0.01,0,0.341,0.0,-0.011,3,0
1040.659,-35.013,-62.235,-0.041,12.461,0.012,12.461,0.059,0.529,-0.726,0.319,0.0,-0.008,0,0.343,0.0,-0.01,3,0
1040.709,-34.392,-62.259,-0.039,12.425,0.009,12.425,0.041,0.446,-0.313,0.0,0.0,-0.007,0,0.319,0.0,-0.008,3,0
1040.809,-33.153,-62.304,-0.035,12.348,0.003,12.348,0.026,0.323,-1.381,0.0,0.0,-0.004,0,0.0,0.0,-0.005,3,0
1040.859,-32.538,-62.325,-0.033,12.279,-0.001,12.279,0.036,0.254,-2.591,0.0,0.0,-0.002,0,0.0,0.0,-0.004,3,0
1040.909,-31.929,-62.345,-0.032,12.149,-0.001,12.149,0.014,0.196,-2.133,0.0,0.0,-0.001,0,0.0,0.0,-0.002,3,0
1040.959,-31.325,-62.365,-0.031,12.042,-0.003,12.042,0.025,0.15,-3.109,0.0,0.0,-0.001,0,0.0,0.0,-0.001,3,0
1041.059,-30.138,-62.402,-0.03,11.766,-0.004,11.766,0.015,0.106,-2.414,0.0,0.0,-0.0,0,0.0,0.0,-0.001,3,0
1041.109,-29.555,-62.419,-0.03,11.605,-0.003,11.605,-0.001,0.043,-2.574,0.0,0.0,0.0,0,0.0,0.0,0.0,3,0
1041.159,-28.978,-62.437,-0.03,11.477,-0.004,11.477,0.006,0.024,-3.054,0.0,0.0,0.001,0,0.0,0.0,0.0,3,0
1041.209,-28.41,-62.454,-0.029,11.324,-0.003,11.324,-0.001,0.0,-2.695,0.0,0.0,0.001,0,0.0,0.0,0.001,3,0
1041.259,-27.848,-62.47,-0.03,11.189,-0.002,11.189,-0.001,-0.008,-2.959,0.0,0.0,0.001,0,0.0,0.0,0.001,3,0
1041.309,-27.293,-62.487,-0.03,11.041,-0.002,11.041,-0.002,-0.018,-2.669,0.0,0.0,0.001,0,0.0,0.0,0.001,3,0
1041.409,-26.204,-62.519,-0.03,10.762,-0.001,10.762,-0.003,-0.026,-2.62,0.0,0.0,0.001,0,0.0,0.0,0.001,3,0
1041.459,-25.671,-62.536,-0.03,10.631,-0.001,10.631,-0.003,-0.026,-1.024,0.0,0.0,0.001,0,0.0,0.0,0.001,3,0
1041.509,-25.142,-62.551,-0.03,10.58,-0.001,10.58,-0.003,-0.031,-0.071,0.0,0.0,-0.006,0,0.0,0.0,0.001,0,0
1041.559,-24.613,-62.567,-0.03,10.577,-0.001,10.577,-0.003,0.313,-4.559,0.0,0.0,-0.008,0,0.0,0.0,-0.006,0,0
1041.659,-23.585,-62.597,-0.029,9.901,0.019,9.901,0.02,0.717,-7.421,0.0,0.0,-0.021,0,0.0,0.0,-0.018,2,0
1041.709,-23.102,-62.609,-0.027,9.53,0.038,9.53,0.039,0.676,-5.539,0.0,0.0,-0.031,0,0.0,0.0,-0.021,2,0
1041.759,-22.634,-62.619,-0.025,9.254,0.049,9.254,0.056,0.905,-5.5,0.0,0.0,-0.033,0,0.0,0.0,-0.031,2,0
1041.809,-22.18,-62.626,-0.022,8.979,0.063,8.979,0.073,0.973,-4.609,0.0,0.0,-0.041,0,0.0,0.0,-0.033,2,0
1041.909,-21.308,-62.633,-0.012,8.508,0.086,8.507,0.102,1.151,-4.184,0.0,0.0,-0.045,0,0.0,0.0,-0.043,2,0
1041.959,-20.889,-62.633,-0.007,8.299,0.098,8.299,0.116,0.962,-4.467,0.0,0.0,-0.05,0,0.0,0.0,-0.045,2,0
1042.009,-20.48,-62.63,-0.001,8.077,0.099,8.076,0.117,1.251,-3.928,0.0,0.0,-0.051,0,0.0,0.0,-0.05,2,0
1042.109,-19.695,-62.615,0.012,7.671,0.11,7.67,0.128,1.228,-3.741,0.0,0.0,-0.053,0,0.0,0.0,-0.054,2,0
1042.159,-19.317,-62.604,0.018,7.485,0.122,7.484,0.138,0.888,-4.039,0.0,0.0,-0.054,0,0.0,0.0,-0.053,2,0
1042.209,-18.949,-62.59,0.025,7.284,0.117,7.283,0.131,1.088,-3.583,0.0,0.0,-0.054,0,0.0,0.0,-0.054,2,0
1042.259,-18.59,-62.574,0.032,7.106,0.124,7.105,0.136,0.871,-1.566,0.0,0.0,-0.054,0,0.0,0.0,-0.054,2,0
1042.359,-17.888,-62.535,0.045,7.023,0.128,7.022,0.135,0.775,-5.01,0.0,0.0,-0.053,0,0.0,0.0,-0.053,0,0
1042.409,-17.541,-62.513,0.052,6.773,0.122,6.772,0.129,0.843,-9.169,0.0,0.0,-0.052,0,0.0,0.0,-0.053,1,0
1042.459,-17.218,-62.489,0.058,6.316,0.125,6.315,0.125,0.465,-7.397,0.0,0.0,-0.051,0,0.0,0.0,-0.052,1,0
1042.559,-16.628,-62.441,0.069,5.664,0.116,5.663,0.108,0.636,-5.67,0.0,0.0,-0.051,0,0.0,0.0,-0.051,1,0
1042.609,-16.354,-62.416,0.074,5.374,0.106,5.373,0.094,0.524,-5.121,0.0,0.0,-0.049,0,0.0,0.0,-0.05,1,0
1042.659,-16.097,-62.391,0.079,5.118,0.105,5.117,0.126,0.369,-5.887,0.0,0.0,-0.041,0,0.0,0.0,-0.049,1,0
1042.709,-15.851,-62.366,0.083,4.825,0.104,4.823,0.087,0.147,-5.292,0.0,0.0,-0.039,0,0.0,0.0,-0.041,1,0
1042.809,-15.4,-62.318,0.091,4.331,0.087,4.33,0.063,0.122,-4.112,0.0,0.0,-0.036,0,0.0,0.0,-0.038,1,0
1042.859,-15.19,-62.295,0.094,4.126,0.081,4.125,0.058,0.109,-3.726,0.0,0.0,-0.024,0,0.0,0.0,-0.036,1,0
1042.909,-14.991,-62.272,0.096,3.939,0.075,3.939,0.051,-0.258,-3.35,0.0,0.0,-0.022,0,0.0,0.0,-0.024,1,0
1042.959,-14.8,-62.251,0.098,3.772,0.054,3.771,0.043,-0.063,-3.098,0.0,0.0,-0.021,0,0.0,0.0,-0.022,1,0
1043.009,-14.617,-62.231,0.1,3.617,0.046,3.617,0.025,-0.014,-2.958,0.0,0.0,-0.02,0,0.0,0.0,-0.021,1,0
1043.109,-14.273,-62.192,0.103,3.327,0.036,3.327,0.019,0.02,-2.739,0.0,0.0,-0.005,0,0.0,0.0,-0.019,1,0
1043.159,-14.112,-62.174,0.104,3.19,0.033,3.19,0.03,-0.346,-2.632,0.0,0.0,-0.004,0,0.0,0.0,-0.005,1,0
1043.209,-13.957,-62.157,0.105,3.058,0.014,3.058,0.002,-0.107,-2.53,0.0,0.0,-0.003,0,0.0,0.0,-0.004,1,0
1043.309,-13.667,-62.125,0.105,2.81,0.005,2.81,-0.003,-0.018,-2.329,0.0,0.0,-0.003,0,0.0,0.0,-0.003,1,0
1043.359,-13.531,-62.111,0.105,2.694,0.004,2.694,0.009,-0.003,-2.233,0.0,0.0,-0.002,0,0.0,0.0,-0.003,1,0
1043.409,-13.4,-62.097,0.105,2.582,0.004,2.582,-0.004,-0.001,-2.141,0.0,0.0,0.012,0,0.0,0.0,-0.002,1,0
1043.459,-13.275,-62.083,0.106,2.475,0.003,2.475,0.009,-0.315,-2.056,0.0,0.0,0.012,0,0.0,0.0,0.012,1,0
1043.509,-13.155,-62.071,0.105,2.373,-0.012,2.373,-0.016,-0.083,-1.969,0.0,0.0,0.012,0,0.0,0.0,0.012,1,0
1043.559,-13.04,-62.06,0.105,2.274,-0.015,2.274,-0.004,-0.031,-1.885,0.0,0.0,0.012,0,0.0,0.0,0.012,1,0
1043.659,-12.823,-62.039,0.104,2.089,-0.015,2.089,-0.003,-0.003,-1.732,0.06,0.0,0.012,0,0.0,0.0,0.012,1,0
1043.709,-12.722,-62.029,0.103,2.003,-0.014,2.003,-0.016,0.008,-2.818,0.175,0.0,0.012,0,0.06,0.0,0.012,1,0
1043.759,-12.627,-62.019,0.103,1.862,-0.013,1.862,0.007,0.007,-2.365,0.448,0.0,0.011,0,0.175,0.0,0.012,1,0
1043.809,-12.538,-62.011,0.102,1.744,-0.012,1.744,-0.024,0.003,-1.875,0.57,0.0,0.025,0,0.448,0.0,0.011,1,0
1043.909,-12.373,-61.995,0.101,1.599,-0.019,1.599,-0.029,-0.071,0.087,0.725,0.0,0.025,0,0.678,0.0,0.025,1,0
1043.959,-12.294,-61.988,0.101,1.603,-0.022,1.603,-0.002,-0.049,1.128,0.705,0.0,0.024,0,0.725,0.0,0.025,1,0
1044.009,-12.212,-61.981,0.1,1.66,-0.023,1.659,-0.029,-0.055,2.054,0.65,0.0,0.024,0,0.705,0.0,0.024,1,0
1044.059,-12.126,-61.974,0.099,1.762,-0.025,1.762,-0.004,-0.057,2.711,0.563,0.0,0.024,0,0.65,0.0,0.024,1,0
1044.159,-11.935,-61.957,0.097,2.043,-0.027,2.043,-0.007,-0.067,2.907,0.467,0.0,0.023,0,0.563,0.0,0.024,1,0
1044.209,-11.829,-61.948,0.096,2.177,-0.028,2.177,-0.031,-0.064,2.207,0.362,0.0,0.022,0,0.395,0.0,0.023,1,0
1044.259,-11.717,-61.939,0.095,2.287,-0.029,2.287,-0.008,-0.054,1.697,0.36,0.0,0.022,0,0.362,0.0,0.022,1,0
1044.309,-11.6,-61.929,0.094,2.372,-0.029,2.372,-0.032,-0.057,1.307,0.375,0.0,0.034,0,0.36,0.0,0.022,1,0
1044.359,-11.48,-61.92,0.093,2.438,-0.03,2.437,-0.009,-0.318,1.041,0.387,0.0,0.034,0,0.375,0.0,0.034,1,0
1044.459,-11.231,-61.901,0.09,2.537,-0.046,2.536,-0.021,-0.152,0.931,0.394,0.0,0.034,0,0.387,0.0,0.034,1,0
1044.509,-11.103,-61.891,0.089,2.58,-0.047,2.58,-0.045,-0.093,0.84,0.377,0.0,0.032,0,0.388,0.0,0.033,1,0
1044.559,-10.974,-61.882,0.087,2.622,-0.047,2.622,-0.022,-0.08,0.766,0.359,0.0,0.032,0,0.377,0.0,0.032,1,0
1044.609,-10.842,-61.873,0.085,2.66,-0.047,2.66,-0.044,-0.082,0.689,0.346,0.0,0.031,0,0.359,0.0,0.032,1,0
1044.659,-10.708,-61.864,0.084,2.695,-0.047,2.695,-0.021,-0.074,0.56,0.334,0.0,0.041,0,0.346,0.0,0.031,1,0
1044.759,-10.436,-61.846,0.08,2.745,-0.057,2.745,-0.03,-0.163,0.324,0.329,0.0,0.041,0,0.329,0.0,0.041,1,0
1044.809,-10.299,-61.838,0.078,2.762,-0.059,2.761,-0.054,-0.127,0.255,0.326,0.0,0.039,0,0.325,0.0,0.04,1,0
1044.859,-10.16,-61.831,0.076,2.775,-0.06,2.774,-0.031,-0.1,0.17,0.323,0.0,0.039,0,0.326,0.0,0.039,1,0
1044.909,-10.022,-61.823,0.074,2.783,-0.059,2.783,-0.053,-0.097,0.142,0.324,0.0,0.038,0,0.323,0.0,0.039,1,0
1045.009,-9.743,-61.808,0.07,2.795,-0.057,2.794,-0.051,-0.091,0.077,0.321,0.0,0.045,0,0.32,0.0,0.037,1,0
1045.059,-9.603,-61.801,0.068,2.799,-0.056,2.798,-0.028,-0.306,0.022,0.317,0.0,0.045,0,0.321,0.0,0.045,1,0
1045.109,-9.464,-61.795,0.065,2.8,-0.065,2.8,-0.058,-0.167,0.03,0.319,0.0,0.044,0,0.317,0.0,0.045,1,0
1045.209,-9.184,-61.784,0.061,2.802,-0.066,2.801,-0.058,-0.111,0.003,0.318,0.0,0.042,0,0.316,0.0,0.043,1,0
1045.259,-9.044,-61.778,0.059,2.802,-0.065,2.801,-0.035,-0.097,-0.032,0.315,0.0,0.041,0,0.318,0.0,0.042,1,0
1045.309,-8.904,-61.773,0.056,2.801,-0.063,2.8,-0.056,-0.1,-0.018,0.317,0.0,0.04,0,0.315,0.0,0.041,1,0
1045.359,-8.764,-61.769,0.054,2.8,-0.063,2.799,-0.033,-0.092,-0.047,0.315,0.0,0.048,0,0.317,0.0,0.04,1,0
1045.459,-8.484,-61.76,0.05,2.796,-0.069,2.795,-0.038,-0.153,-0.055,0.316,0.0,0.046,0,0.318,0.0,0.047,1,0
1045.509,-8.345,-61.757,0.047,2.794,-0.069,2.793,-0.061,-0.128,-0.028,0.319,0.0,0.045,0,0.316,0.0,0.046,1,0
1045.559,-8.205,-61.754,0.045,2.792,-0.069,2.791,-0.038,-0.106,-0.049,0.316,0.0,0.044,0,0.319,0.0,0.045,1,0
1045.609,-8.065,-61.751,0.042,2.79,-0.067,2.789,-0.059,-0.106,-0.022,0.319,0.0,0.043,0,0.316,0.0,0.044,1,0
1045.709,-7.787,-61.746,0.037,2.787,-0.064,2.786,-0.057,-0.251,-0.027,0.32,0.0,0.048,0,0.317,0.0,0.049,1,0
1045.759,-7.647,-61.744,0.035,2.786,-0.07,2.785,-0.039,-0.143,-0.043,0.318,0.0,0.047,0,0.32,0.0,0.048,1,0
1045.809,-7.508,-61.743,0.032,2.784,-0.07,2.783,-0.061,-0.123,-0.014,0.32,0.0,0.046,0,0.318,0.0,0.047,1,0
1045.909,-7.23,-61.741,0.028,2.782,-0.068,2.781,-0.059,-0.105,-0.007,0.321,0.0,0.043,0,0.318,0.0,0.045,1,0
1045.959,-7.091,-61.741,0.025,2.782,-0.067,2.781,-0.036,-0.096,-0.029,0.318,0.0,0.043,0,0.321,0.0,0.043,1,0
1046.009,-6.952,-61.741,0.023,2.78,-0.065,2.779,-0.057,-0.102,-0.004,0.321,0.0,0.043,0,0.318,0.0,0.043,1,0
1046.059,-6.813,-61.741,0.021,2.78,-0.064,2.779,-0.034,-0.132,-0.027,0.318,0.0,0.042,0,0.321,0.0,0.043,1,0
1046.159,-6.535,-61.742,0.016,2.779,-0.063,2.778,-0.034,-0.107,-0.001,0.321,0.0,0.041,0,0.318,0.0,0.042,1,0
1046.209,-6.396,-61.742,0.014,2.778,-0.062,2.777,-0.055,-0.093,0.003,0.321,0.0,0.039,0,0.319,0.0,0.04,1,0
1046.259,-6.257,-61.744,0.012,2.778,-0.061,2.778,-0.032,-0.085,-0.018,0.319,0.0,0.038,0,0.321,0.0,0.039,1,0
1046.309,-6.118,-61.745,0.01,2.778,-0.059,2.777,-0.053,-0.09,0.005,0.321,0.0,0.038,0,0.319,0.0,0.038,1,0
1046.359,-5.979,-61.746,0.008,2.778,-0.058,2.777,-0.03,-0.084,-0.015,0.319,0.0,0.033,0,0.321,0.0,0.038,1,0
1046.459,-5.702,-61.75,0.004,2.778,-0.052,2.777,-0.025,-0.045,-0.012,0.319,0.0,0.031,0,0.321,0.0,0.032,1,0
1046.509,-5.563,-61.752,0.002,2.777,-0.049,2.777,-0.046,-0.061,0.007,0.321,0.0,0.03,0,0.319,0.0,0.031,1,0
1046.559,-5.424,-61.754,0.0,2.778,-0.047,2.777,-0.022,-0.059,-0.011,0.319,0.0,0.03,0,0.321,0.0,0.03,1,0
1046.659,-5.146,-61.759,-0.003,2.778,-0.045,2.777,-0.02,-0.067,0.007,0.321,0.0,0.029,0,0.319,0.0,0.03,1,0
1046.709,-5.007,-61.761,-0.005,2.777,-0.043,2.777,-0.042,-0.068,0.007,0.321,0.0,0.022,0,0.319,0.0,0.028,1,0
1046.759,-4.868,-61.764,-0.006,2.777,-0.043,2.777,-0.019,0.082,-0.004,0.32,0.0,0.021,0,0.321,0.0,0.022,1,0
1046.809,-4.73,-61.767,-0.007,2.777,-0.035,2.777,-0.035,-0.008,0.008,0.321,0.0,0.02,0,0.32,0.0,0.021,1,0
1046.909,-4.452,-61.772,-0.01,2.777,-0.03,2.777,-0.033,-0.037,0.005,0.321,0.0,0.019,0,0.32,0.0,0.019,1,0
1046.959,-4.313,-61.775,-0.01,2.778,-0.029,2.777,-0.009,-0.036,-0.006,0.32,0.0,0.018,0,0.321,0.0,0.019,1,0
1047.009,-4.174,-61.778,-0.012,2.777,-0.028,2.777,-0.031,-0.043,0.005,0.321,0.0,0.018,0,0.32,0.0,0.018,1,0
1047.059,-4.035,-61.781,-0.012,2.778,-0.028,2.777,-0.008,-0.038,-0.005,0.32,0.0,0.018,0,0.321,0.0,0.018,1,0
1047.159,-3.758,-61.787,-0.014,2.778,-0.027,2.778,-0.008,0.089,-0.002,0.32,0.0,0.011,0,0.321,0.0,0.012,1,0
1047.209,-3.619,-61.79,-0.015,2.777,-0.02,2.777,-0.025,0.008,0.005,0.321,0.0,0.011,0,0.32,0.0,0.011,1,0
1047.259,-3.48,-61.793,-0.016,2.778,-0.018,2.778,-0.001,-0.005,-0.003,0.32,0.0,0.01,0,0.321,0.0,0.011,1,0
1047.309,-3.341,-61.796,-0.016,2.778,-0.016,2.778,-0.023,-0.019,0.003,0.321,0.0,0.01,0,0.32,0.0,0.01,1,0
1047.359,-3.202,-61.799,-0.017,2.778,-0.016,2.778,0.0,-0.017,-0.003,0.32,0.0,0.01,0,0.321,0.0,0.01,1,0
1047.459,-2.925,-61.806,-0.018,2.778,-0.015,2.778,0.001,-0.02,-0.003,0.32,0.0,0.005,0,0.321,0.0,0.01,1,0
1047.509,-2.786,-61.809,-0.019,2.778,-0.014,2.778,-0.022,0.075,0.003,0.321,0.0,0.005,0,0.32,0.0,0.005,1,0
1047.559,-2.647,-61.812,-0.019,2.778,-0.01,2.778,0.005,0.02,-0.002,0.32,0.0,0.005,0,0.321,0.0,0.005,1,0
1047.659,-2.369,-61.818,-0.019,2.778,-0.007,2.778,0.006,-0.002,-0.001,0.32,0.0,0.004,0,0.321,0.0,0.004,1,0
1047.709,-2.23,-61.821,-0.02,2.778,-0.006,2.778,-0.016,-0.01,0.001,0.32,0.0,0.004,0,0.32,0.0,0.004,1,0
1047.759,-2.092,-61.824,-0.02,2.778,-0.007,2.778,0.007,-0.006,-0.001,0.32,0.0,0.004,0,0.32,0.0,0.004,1,0
1047.809,-1.953,-61.827,-0.02,2.778,-0.006,2.778,-0.016,-0.012,0.001,0.32,0.0,0.001,0,0.32,0.0,0.004,1,0
1047.859,-1.814,-61.83,-0.02,2.778,-0.006,2.778,0.007,0.067,-0.001,0.32,0.0,0.001,0,0.32,0.0,0.001,1,0
1047.959,-1.536,-61.836,-0.021,2.778,-0.002,2.778,0.01,0.01,-0.0,0.32,0.0,0.001,0,0.32,0.0,0.0,1,0
1048.009,-1.397,-61.839,-0.021,2.778,-0.001,2.778,-0.012,0.0,0.0,0.32,0.0,0.0,0,0.32,0.0,0.001,1,0
1048.059,-1.258,-61.842,-0.021,2.778,-0.001,2.778,0.011,0.003,-0.0,0.32,0.0,0.001,0,0.32,0.0,0.0,1,0
1048.109,-1.12,-61.845,-0.021,2.778,-0.0,2.778,-0.012,-0.003,0.0,0.32,0.0,0.0,0,0.32,0.0,0.001,1,0
1048.209,-0.842,-61.851,-0.021,2.778,-0.0,2.778,-0.012,-0.004,0.0,0.32,0.0,-0.002,0,0.32,0.0,0.0,1,0
1048.259,-0.703,-61.854,-0.021,2.778,-0.001,2.778,0.011,0.055,-0.0,0.32,0.0,-0.002,0,0.32,0.0,-0.002,1,0
1048.309,-0.564,-61.856,-0.021,2.778,0.002,2.778,-0.01,0.017,-0.0,0.32,0.0,-0.002,0,0.32,0.0,-0.002,1,0
1048.359,-0.425,-61.859,-0.021,2.778,0.002,2.778,0.013,0.013,0.0,0.32,0.0,-0.002,0,0.32,0.0,-0.002,1,0
1048.459,-0.148,-61.865,-0.02,2.778,0.003,2.778,0.013,0.008,0.0,0.32,0.0,-0.002,0,0.32,0.0,-0.002,1,0
1048.509,-0.009,-61.867,-0.02,2.778,0.003,2.778,-0.009,0.002,-0.0,0.32,0.0,-0.002,0,0.32,0.0,-0.002,1,0
1048.559,0.13,-61.87,-0.02,2.778,0.003,2.778,0.013,0.007,0.0,0.32,0.0,-0.003,0,0.32,0.0,-0.002,1,0
1048.609,0.269,-61.873,-0.02,2.778,0.003,2.778,-0.009,0.035,-0.001,0.32,0.0,-0.003,0,0.32,0.0,-0.003,1,0
1048.659,0.408,-61.875,-0.02,2.778,0.004,2.778,0.014,0.019,0.001,0.32,0.0,-0.003,0,0.32,0.0,-0.003,1,0
1048.709,0.547,-61.878,-0.02,2.778,0.005,2.778,-0.008,0.008,-0.001,0.32,0.0,-0.003,0,0.32,0.0,-0.003,1,0
1048.809,0.825,-61.883,-0.02,2.778,0.005,2.778,-0.008,0.005,-0.001,0.32,0.0,-0.003,0,0.32,0.0,-0.003,1,0
1048.859,0.963,-61.885,-0.019,2.778,0.004,2.778,0.014,0.009,0.001,0.32,0.0,-0.003,0,0.32,0.0,-0.003,1,0
1048.909,1.102,-61.888,-0.019,2.778,0.005,2.778,-0.008,0.004,-0.001,0.32,0.0,-0.004,0,0.32,0.0,-0.003,1,0
1049.009,1.38,-61.893,-0.019,2.778,0.005,2.778,-0.007,0.01,-0.001,0.32,0.0,-0.004,0,0.32,0.0,-0.004,1,0
1049.059,1.519,-61.895,-0.019,2.778,0.005,2.778,0.015,0.012,0.001,0.32,0.0,-0.003,0,0.32,0.0,-0.004,1,0
1049.109,1.658,-61.897,-0.018,2.778,0.005,2.778,-0.007,0.006,-0.001,0.32,0.0,-0.003,0,0.32,0.0,-0.003,1,0
1049.159,1.797,-61.9,-0.018,2.778,0.005,2.778,0.015,0.01,0.001,0.32,0.0,-0.003,0,0.32,0.0,-0.003,1,0
1049.259,2.074,-61.904,-0.018,2.778,0.005,2.778,0.015,0.01,0.001,0.32,0.0,-0.003,0,0.32,0.0,-0.003,1,0
1049.309,2.213,-61.906,-0.018,2.778,0.005,2.778,-0.008,0.013,-0.001,0.32,0.0,-0.003,0,0.32,0.0,-0.003,1,0
1049.359,2.352,-61.909,-0.017,2.778,0.005,2.778,0.015,0.012,0.001,0.32,0.0,-0.003,0,0.32,0.0,-0.003,1,0
1049.459,2.63,-61.913,-0.017,2.778,0.005,2.778,0.015,0.01,0.001,0.32,0.0,-0.003,0,0.32,0.0,-0.003,1,0
1049.509,2.769,-61.915,-0.017,2.778,0.005,2.778,-0.008,0.005,-0.001,0.32,0.0,-0.003,0,0.32,0.0,-0.003,1,0
1049.559,2.908,-61.917,-0.017,2.778,0.005,2.778,0.015,0.009,0.001,0.32,0.0,-0.003,0,0.32,0.0,-0.003,1,0
1049.609,3.046,-61.919,-0.017,2.778,0.005,2.778,-0.008,0.004,-0.001,0.32,0.0,-0.003,0,0.32,0.0,-0.003,1,0
1049.709,3.324,-61.923,-0.016,2.778,0.005,2.778,-0.008,0.004,-0.001,0.32,0.0,-0.003,0,0.32,0.0,-0.003,1,0
1049.759,3.463,-61.925,-0.016,2.778,0.004,2.778,0.014,0.009,0.001,0.32,0.0,-0.003,0,0.32,0.0,-0.003,1,0
1049.809,3.602,-61.927,-0.016,2.778,0.005,2.778,-0.008,0.003,-0.001,0.32,0.0,-0.003,0,0.32,0.0,-0.003,1,0
1049.859,3.741,-61.929,-0.016,2.778,0.004,2.778,0.014,0.009,0.001,0.32,0.0,-0.003,0,0.32,0.0,-0.003,1,0
1049.959,4.019,-61.933,-0.016,2.778,0.004,2.778,0.014,0.008,0.001,0.32,0.0,-0.002,0,0.32,0.0,-0.003,1,0
1050.009,4.157,-61.935,-0.016,2.778,0.004,2.778,-0.008,0.003,-0.001,0.32,0.0,-0.002,0,0.32,0.0,-0.002,1,0
1050.059,4.296,-61.937,-0.015,2.778,0.004,2.778,0.014,0.005,0.001,0.32,0.0,-0.002,0,0.32,0.0,-0.002,1,0
1050.159,4.574,-61.941,-0.015,2.778,0.003,2.778,0.014,0.002,-0.001,0.32,0.0,-0.002,0,0.32,0.0,-0.002,1,0
1050.209,4.713,-61.943,-0.015,2.778,0.004,2.778,-0.009,0.002,-0.001,0.32,0.0,-0.002,0,0.32,0.0,-0.002,1,0
1050.259,4.852,-61.945,-0.015,2.778,0.003,2.778,0.013,0.007,0.001,0.32,0.0,-0.002,0,0.32,0.0,-0.002,1,0
1050.309,4.991,-61.947,-0.015,2.778,0.003,2.778,-0.009,0.002,-0.001,0.32,0.0,-0.002,0,0.32,0.0,-0.002,1,0
1050.359,5.13,-61.949,-0.015,2.778,0.003,2.778,0.013,0.007,0.001,0.32,0.0,-0.002,0,0.32,0.0,-0.002,1,0
1050.459,5.407,-61.953,-0.014,2.778,0.003,2.778,0.013,0.005,0.0,0.32,0.0,-0.002,0,0.32,0.0,-0.002,1,0
1050.509,5.546,-61.955,-0.014,2.778,0.003,2.778,-0.009,0.0,-0.0,0.32,0.0,-0.002,0,0.32,0.0,-0.002,1,0
1050.559,5.685,-61.956,-0.014,2.778,0.002,2.778,0.013,0.006,0.0,0.32,0.0,-0.002,0,0.32,0.0,-0.002,1,0
1050.609,5.824,-61.958,-0.014,2.778,0.003,2.778,-0.009,0.001,-0.0,0.32,0.0,-0.002,0,0.32,0.0,-0.002,1,0
1050.659,5.963,-61.96,-0.014,2.778,0.002,2.778,0.013,0.006,0.0,0.32,0.0,-0.001,0,0.32,0.0,-0.002,1,0
1050.759,6.241,-61.964,-0.014,2.778,0.002,2.778,0.013,0.001,0.0,0.32,0.0,-0.001,0,0.32,0.0,-0.001,1,0
1050.809,6.379,-61.966,-0.014,2.778,0.002,2.778,-0.01,-0.001,-0.0,0.32,0.0,-0.001,0,0.32,0.0,-0.001,1,0
1050.859,6.518,-61.967,-0.014,2.778,0.002,2.778,0.012,0.005,0.0,0.32,0.0,-0.001,0,0.32,0.0,-0.001,1,0
1050.959,6.796,-61.971,-0.014,2.778,0.001,2.778,0.012,-0.0,-0.0,0.32,0.0,-0.001,0,0.32,0.0,-0.001,1,0
1051.009,6.935,-61.973,-0.014,2.778,0.002,2.778,-0.01,-0.0,-0.0,0.32,0.0,-0.001,0,0.32,0.0,-0.001,1,0
1051.059,7.074,-61.975,-0.013,2.778,0.001,2.778,0.012,0.005,0.0,0.32,0.0,-0.006,0,0.32,0.0,-0.001,1,0
1051.109,7.213,-61.976,-0.014,2.778,0.002,2.778,-0.01,0.12,-0.001,0.32,0.0,-0.015,0,0.32,0.0,-0.006,1,0
1051.209,7.49,-61.979,-0.013,2.778,0.018,2.778,0.003,0.105,-0.003,0.321,0.0,-0.017,0,0.32,0.0,-0.015,1,0
1051.259,7.629,-61.98,-0.012,2.778,0.021,2.777,0.027,0.107,0.003,0.321,0.0,-0.017,0,0.321,0.0,-0.017,1,0
1051.309,7.768,-61.98,-0.011,2.778,0.024,2.778,0.006,0.06,-0.003,0.32,0.0,-0.001,0,0.321,0.0,-0.017,1,0
1051.409,8.046,-61.981,-0.01,2.778,0.008,2.778,-0.007,-0.104,-0.001,0.32,0.0,0.001,0,0.321,0.0,0.0,1,0
1051.459,8.185,-61.983,-0.01,2.778,0.002,2.778,0.012,-0.045,0.002,0.321,0.0,0.041,0,0.32,0.0,0.001,1,0
1051.509,8.324,-61.984,-0.01,2.778,0.0,2.778,-0.012,-0.946,-0.034,0.32,0.0,0.043,0,0.321,0.0,0.041,1,0
1051.559,8.463,-61.987,-0.011,2.777,-0.044,2.776,-0.024,-0.396,-0.017,0.324,0.0,0.044,0,0.32,0.0,0.043,1,0
1051.659,8.74,-61.996,-0.015,2.777,-0.064,2.776,-0.035,-1.58,-0.156,0.32,0.0,0.116,0,0.323,0.0,0.113,1,0
1051.709,8.879,-62.004,-0.019,2.772,-0.131,2.769,-0.111,-0.821,-0.044,0.335,0.0,0.117,0,0.32,0.0,0.116,1,0
1051.759,9.017,-62.014,-0.025,2.772,-0.157,2.767,-0.105,-0.511,-0.028,0.326,0.0,0.291,0,0.335,0.0,0.117,1,0
1051.859,9.292,-62.042,-0.039,2.762,-0.264,2.75,-0.185,-2.394,-0.389,0.326,0.0,0.298,0,0.326,0.0,0.291,1,0
1051.909,9.428,-62.064,-0.051,2.745,-0.367,2.72,-0.284,-1.566,-0.172,0.383,0.0,0.301,0,0.352,0.0,0.302,1,0
1051.959,9.562,-62.091,-0.066,2.748,-0.406,2.718,-0.284,-1.06,-0.012,0.344,0.0,0.457,0,0.383,0.0,0.301,1,0
1052.009,9.696,-62.121,-0.081,2.755,-0.419,2.724,-0.308,-2.778,-0.603,0.332,0.0,0.458,0,0.344,0.0,0.457,1,0
1052.109,9.96,-62.197,-0.118,2.738,-0.592,2.673,-0.439,-1.769,-0.157,0.386,0.0,0.452,0,0.361,0.0,0.457,1,0
1052.159,10.088,-62.243,-0.14,2.751,-0.622,2.68,-0.433,-1.298,-0.037,0.332,0.0,0.445,0,0.386,0.0,0.452,1,0
1052.209,10.217,-62.292,-0.162,2.765,-0.627,2.693,-0.453,-1.224,0.191,0.322,0.0,0.439,0,0.332,0.0,0.445,1,0
1052.259,10.345,-62.345,-0.184,2.788,-0.629,2.717,-0.432,-1.041,-0.046,0.285,0.0,0.543,0,0.322,0.0,0.439,1,0
1052.309,10.473,-62.4,-0.206,2.798,-0.621,2.729,-0.446,-2.797,-1.052,0.301,0.0,0.538,0,0.285,0.0,0.543,1,0
1052.409,10.719,-62.526,-0.255,2.767,-0.728,2.67,-0.531,-1.594,-0.325,0.371,0.0,0.523,0,0.362,0.0,0.532,1,0
1052.459,10.839,-62.595,-0.281,2.774,-0.739,2.674,-0.514,-1.263,-0.252,0.327,0.0,0.514,0,0.371,0.0,0.523,1,0
1052.509,10.957,-62.667,-0.307,2.779,-0.732,2.681,-0.526,-1.287,0.001,1.0,0.0,0.506,0,0.327,0.0,0.514,1,0
1052.609,11.189,-62.82,-0.358,2.812,-0.718,2.719,-0.515,-3.425,-0.204,1.0,0.0,0.672,0,1.0,0.0,0.682,1,0
1052.659,11.303,-62.904,-0.386,2.851,-0.815,2.732,-0.576,-4.465,1.178,1.0,0.0,0.659,0,1.0,0.0,0.672,1,0
1052.759,11.527,-63.105,-0.454,3.232,-1.04,3.061,-0.736,-3.983,5.396,1.0,0.0,0.621,0,1.0,0.0,0.641,1,0
1052.859,11.777,-63.361,-0.533,3.898,-1.163,3.72,-0.836,-5.454,5.026,1.0,0.0,0.647,0,1.0,0.0,0.647,1,0
1052.959,12.051,-63.685,-0.625,4.571,-1.305,4.381,-0.97,-4.981,5.479,0.502,0.0,0.57,0,0.802,0.0,0.598,1,0
1053.059,12.342,-64.08,-0.724,5.186,-1.313,5.017,-1.001,-4.319,2.439,0.161,0.0,0.561,0,0.274,0.0,0.541,1,0
1053.159,12.626,-64.523,-0.822,5.241,-1.165,5.11,-1.009,-3.026,-3.278,0.196,0.0,0.534,0,0.196,0.0,0.534,1,0
1053.259,12.869,-64.972,-0.914,5.143,-1.092,5.025,-0.876,-3.761,-0.724,0.602,0.0,0.489,0,0.904,0.0,0.483,1,0
1053.359,13.076,-65.44,-0.999,5.103,-1.016,5.001,-0.809,-4.511,1.407,0.748,0.0,0.441,0,0.616,0.0,0.465,1,0
1053.459,13.251,-65.927,-1.079,5.21,-0.953,5.122,-0.77,-2.579,-1.495,0.57,0.0,0.416,0,0.337,0.0,0.419,1,0
1053.609,13.46,-66.666,-1.19,5.079,-0.808,5.015,-0.699,-2.794,-1.169,0.696,0.0,0.371,0,0.662,0.0,0.393,1,0
1053.709,13.563,-67.162,-1.255,5.097,-0.738,5.044,-0.631,-2.418,0.517,0.897,0.0,0.313,0,0.627,0.0,0.331,1,0
1053.809,13.643,-67.67,-1.314,5.206,-0.679,5.161,-0.575,-2.332,1.772,0.496,0.0,0.275,0,0.585,0.0,0.293,1,0
1053.909,13.703,-68.198,-1.369,5.407,-0.622,5.371,-0.527,-2.116,1.501,1.0,0.0,0.22,0,1.0,0.0,0.259,1,0
1054.009,13.746,-68.746,-1.418,5.56,-0.527,5.535,-0.457,-1.171,-0.085,1.0,0.0,0.18,0,1.0,0.0,0.198,0,0
1054.159,13.787,-69.606,-1.477,6.374,-0.437,6.359,-0.379,-2.355,12.319,1.0,0.0,0.134,0,1.0,0.0,0.148,2,0
1054.259,13.799,-70.312,-1.514,7.53,-0.398,7.52,-0.363,-1.987,9.337,1.0,0.0,0.102,0,1.0,0.0,0.116,2,0
1054.359,13.797,-71.116,-1.548,8.431,-0.318,8.425,-0.317,-1.81,7.926,1.0,0.0,0.073,0,1.0,0.0,0.089,2,0
1054.509,13.766,-72.447,-1.587,8.912,-0.168,8.91,-0.219,-1.116,3.698,1.0,0.0,0.038,0,1.0,0.0,0.05,0,0
1054.609,13.729,-73.367,-1.606,9.588,-0.107,9.588,-0.156,-0.92,8.278,0.241,0.0,0.023,0,1.0,0.0,0.03,3,0
1054.759,13.652,-74.893,-1.622,10.584,-0.041,10.584,-0.075,-0.327,1.875,0.0,0.0,0.006,0,0.0,0.0,0.009,3,0
1054.859,13.592,-75.957,-1.627,10.679,-0.015,10.679,-0.034,0.05,-1.1,0.0,0.0,-0.002,0,0.0,0.0,-0.0,3,0
1055.009,13.502,-77.538,-1.629,10.427,0.01,10.427,-0.024,0.235,-2.332,0.0,0.0,-0.008,0,0.0,0.0,-0.007,3,0
1055.109,13.445,-78.567,-1.628,10.266,0.019,10.266,-0.009,0.336,-0.075,0.0,0.0,-0.01,0,0.0,0.0,-0.01,0,0
1055.209,13.391,-79.588,-1.625,10.043,0.022,10.043,0.031,0.266,-8.346,0.0,0.0,-0.011,0,0.0,0.0,-0.009,2,0
1055.359,13.321,-81.0,-1.62,8.997,0.022,8.997,0.034,0.221,-5.014,0.0,0.0,-0.01,0,0.0,0.0,-0.009,2,0
1055.509,13.264,-82.29,-1.616,8.289,0.021,8.289,0.026,0.212,-4.453,0.0,0.0,-0.008,0,0.0,0.0,-0.009,2,0
1055.609,13.23,-83.095,-1.613,7.869,0.017,7.869,0.022,0.191,-4.018,0.0,0.0,-0.008,0,0.0,0.0,-0.008,2,0
1055.759,13.187,-84.227,-1.61,7.28,0.016,7.28,0.021,0.121,-3.831,0.0,0.0,-0.006,0,0.0,0.0,-0.007,2,0
1055.859,13.161,-84.936,-1.608,7.019,0.016,7.019,0.017,0.114,-0.112,0.0,0.0,-0.006,0,0.0,0.0,-0.006,0,0
1055.959,13.137,-85.634,-1.606,6.763,0.014,6.763,0.033,0.063,-9.254,0.0,0.0,-0.005,0,0.0,0.0,-0.005,1,0
1056.109,13.107,-86.546,-1.604,5.63,0.003,5.63,-0.039,0.002,-20.298,0.0,1.0,0.0,0,0.0,1.0,0.0,1,0
1056.209,13.092,-86.99,-1.603,3.283,-0.0,3.283,0.001,0.003,-26.25,0.0,1.0,0.0,0,0.0,1.0,0.0,1,0
1056.359,13.086,-87.176,-1.603,0.001,0.0,-0.001,0.0,-0.001,-0.167,0.0,1.0,0.0,0,0.0,1.0,0.0,1,1
1056.459,13.086,-87.178,-1.603,0.011,0.0,-0.011,-0.0,-0.0,0.022,0.0,1.0,0.0,0,0.0,1.0,0.0,1,1
1056.559,13.086,-87.18,-1.603,0.008,0.0,-0.008,-0.0,-0.0,0.036,0.0,1.0,0.0,0,0.0,1.0,0.0,1,1
1056.709,13.086,-87.181,-1.603,0.004,0.0,-0.004,-0.0,-0.0,0.024,0.0,1.0,0.0,0,0.0,1.0,0.0,1,1
1056.809,13.086,-87.182,-1.603,0.002,0.0,-0.002,-0.0,-0.0,0.01,0.0,1.0,0.0,0,0.0,1.0,0.0,1,1
1056.909,13.086,-87.182,-1.603,0.001,0.0,-0.001,-0.0,-0.0,0.006,0.0,1.0,0.0,0,0.0,1.0,0.0,1,1
1057.059,13.086,-87.182,-1.603,0.0,0.0,-0.0,-0.0,-0.0,0.002,0.0,1.0,0.0,0,0.0,1.0,0.0,1,1
1057.159,13.086,-87.182,-1.603,0.0,-0.0,0.0,-0.0,0.0,0.0,0.0,1.0,0.0,0,0.0,1.0,0.0,1,1
1058.159,13.086,-87.182,-1.603,0.0,-0.0,0.0,-0.0,0.0,0.0,0.0,1.0,0.0,0,0.0,1.0,0.0,1,1
1059.159,13.086,-87.182,-1.603,0.0,-0.0,0.0,-0.0,0.0,0.0,0.0,1.0,0.0,0,0.0,1.0,0.0,1,1
1060.159,13.086,-87.182,-1.603,0.0,-0.0,0.0,-0.0,0.0,0.0,0.0,1.0,0.0,0,0.0,1.0,0.0,1,1
1060.659,13.086,-87.182,-1.603,0.0,-0.0,0.0,-0.0,0.0,-0.002,1.0,0.0,-0.007,0,1.0,0.0,0.035,1,1
1060.759,13.086,-87.182,-1.603,0.0,0.0,-0.0,-0.0,-0.001,-0.283,1.0,0.0,-0.007,0,1.0,0.0,-0.007,1,1
1060.909,13.086,-87.189,-1.603,0.148,0.001,0.148,-0.005,0.007,1.888,1.0,0.0,-0.007,0,1.0,0.0,-0.007,1,0
1061.009,13.085,-87.217,-1.603,0.431,0.002,0.431,0.005,0.016,5.139,1.0,0.0,-0.007,0,1.0,0.0,-0.007,1,0
1061.159,13.082,-87.336,-1.603,1.114,0.004,1.114,0.011,0.03,6.086,1.0,0.0,-0.007,0,1.0,0.0,-0.007,1,0
1061.259,13.078,-87.481,-1.602,1.669,0.006,1.669,0.009,0.03,6.582,1.0,0.0,-0.007,0,1.0,0.0,-0.007,1,0
1061.409,13.069,-87.811,-1.602,2.696,0.01,2.696,0.007,0.046,8.561,1.0,0.0,-0.007,0,1.0,0.0,-0.007,1,0
1061.509,13.06,-88.128,-1.601,3.537,0.012,3.537,0.009,0.046,7.713,1.0,0.0,-0.006,0,1.0,0.0,-0.006,1,0
1061.609,13.049,-88.524,-1.6,4.295,0.013,4.295,0.01,0.044,7.295,1.0,0.0,-0.005,0,1.0,0.0,-0.006,1,0
1061.759,13.03,-89.255,-1.599,5.381,0.012,5.381,0.009,0.03,4.732,1.0,0.0,-0.004,0,1.0,0.0,-0.004,1,0
1061.859,13.016,-89.813,-1.598,5.638,0.011,5.638,0.009,0.02,2.153,1.0,0.0,-0.003,0,1.0,0.0,-0.004,1,0
1062.009,12.994,-90.669,-1.597,5.72,0.007,5.72,0.007,0.041,10.226,1.0,0.0,-0.002,0,1.0,0.0,-0.003,0,0
1062.109,12.979,-91.298,-1.596,6.892,0.007,6.892,0.006,0.037,11.206,1.0,0.0,-0.002,0,1.0,0.0,-0.002,2,0
1062.259,12.951,-92.459,-1.595,8.383,0.005,8.383,0.005,0.03,8.154,1.0,0.0,-0.001,0,1.0,0.0,-0.001,2,0
1062.359,12.93,-93.338,-1.595,9.044,0.004,9.044,0.004,0.016,-3.454,1.0,0.0,-0.001,0,1.0,0.0,-0.001,0,0
1062.509,12.898,-94.7,-1.594,9.551,0.002,9.551,0.003,0.018,8.319,1.0,0.0,-0.0,0,1.0,0.0,-0.001,3,0
1062.609,12.875,-95.7,-1.594,10.333,0.001,10.333,0.002,0.013,6.68,1.0,0.0,-0.0,0,1.0,0.0,-0.0,3,0
1062.709,12.85,-96.77,-1.594,10.979,0.001,10.979,0.001,0.009,5.943,1.0,0.0,-0.0,0,1.0,0.0,-0.0,3,0
1062.859,12.81,-98.486,-1.594,11.844,0.0,11.844,0.001,0.005,5.53,1.0,0.0,-0.0,0,1.0,0.0,-0.0,3,0
1062.959,12.782,-99.7,-1.594,12.395,0.0,12.395,0.0,0.003,5.439,1.0,0.0,-0.0,0,1.0,0.0,-0.0,3,0
1063.109,12.739,-101.596,-1.594,12.647,0.0,12.647,0.0,0.002,4.82,1.0,0.0,-0.0,0,1.0,0.0,-0.0,0,0
1063.209,12.709,-102.887,-1.594,13.181,-0.0,13.181,0.0,0.001,5.418,1.0,0.0,-0.0,0,1.0,0.0,-0.0,4,0
1063.359,12.663,-104.927,-1.594,13.952,0.0,13.952,0.0,0.001,4.748,1.0,0.0,-0.0,0,1.0,0.0,-0.0,4,0
1063.459,12.63,-106.348,-1.594,14.422,0.0,14.422,0.0,0.001,4.592,1.0,0.0,-0.0,0,1.0,0.0,-0.0,4,0
1063.609,12.579,-108.565,-1.594,15.105,0.0,15.105,0.0,0.002,4.508,1.0,0.0,-0.0,0,1.0,0.0,-0.0,4,0
1063.709,12.544,-110.1,-1.594,15.555,0.0,15.555,0.0,0.002,4.491,1.0,0.0,-0.0,0,1.0,0.0,-0.0,4,0
1063.809,12.508,-111.68,-1.594,16.004,-0.0,16.004,0.0,0.002,2.498,0.899,0.0,-0.0,0,1.0,0.0,-0.0,4,0
1063.959,12.453,-114.096,-1.594,16.18,-0.0,16.18,0.0,0.002,1.431,1.0,0.0,-0.0,0,0.991,0.0,-0.0,0,0
1064.059,12.416,-115.74,-1.594,16.653,-0.0,16.653,0.0,0.002,3.953,0.0,0.0,-0.0,0,0.542,0.0,-0.0,5,0
1064.159,12.377,-117.425,-1.594,16.984,-0.0,16.984,0.0,0.001,0.995,0.0,0.0,-0.0,0,0.0,0.0,-0.0,5,0
1064.309,12.319,-119.977,-1.594,16.983,-0.0,16.983,0.0,0.001,-1.249,0.0,0.0,-0.0,0,0.0,0.0,-0.0,5,0
1064.409,12.28,-121.667,-1.594,16.847,-0.0,16.847,0.0,0.0,-1.092,0.0,0.0,0.0,0,0.0,0.0,0.0,5,0
1064.559,12.223,-124.184,-1.594,16.774,-0.0,16.774,-0.0,0.0,-5.053,0.0,0.0,0.0,0,0.0,0.0,0.0,4,0
1064.659,12.185,-125.833,-1.594,16.323,-0.0,16.323,-0.0,-0.0,-3.488,0.0,0.0,0.0,0,0.0,0.0,0.0,4,0
1064.809,12.131,-128.241,-1.594,15.84,0.0,15.84,0.0,0.0,-2.858,0.0,0.0,-0.0,0,0.0,0.0,-0.0,4,0
1064.909,12.095,-129.808,-1.594,15.559,0.0,15.559,0.0,0.001,-2.708,0.0,0.0,-0.0,0,0.0,0.0,-0.0,4,0
1065.009,12.06,-131.349,-1.594,15.29,0.0,15.29,0.0,0.001,-2.624,0.0,0.0,-0.0,0,0.0,0.0,-0.0,4,0
1065.159,12.008,-133.611,-1.594,14.901,-0.0,14.901,0.0,0.001,-2.541,0.0,0.0,0.0,0,0.0,0.0,-0.0,4,0
1065.259,11.975,-135.087,-1.594,14.648,-0.001,14.648,-0.001,-0.017,-2.495,0.0,0.0,0.001,0,0.0,0.0,0.0,4,0
1065.359,11.941,-136.537,-1.594,14.4,-0.002,14.4,-0.003,-0.111,-2.453,0.0,0.0,0.003,0,0.0,0.0,0.002,4,0
1065.509,11.89,-138.667,-1.595,14.035,-0.007,14.035,-0.013,-0.253,-2.392,0.0,0.0,0.006,0,0.0,0.0,0.005,4,0
1065.609,11.855,-140.057,-1.597,13.797,-0.01,13.797,-0.022,-0.326,-2.352,0.0,0.0,0.007,0,0.0,0.0,0.006,4,0
1065.709,11.816,-141.424,-1.599,13.563,-0.01,13.563,-0.029,-0.428,-2.313,0.0,0.0,0.008,0,0.0,0.0,0.008,4,0
1065.859,11.752,-143.432,-1.604,13.299,-0.01,13.299,-0.035,-0.474,0.726,0.0,0.0,0.009,0,0.0,0.0,0.009,0,0
1065.959,11.704,-144.759,-1.608,13.116,-0.008,13.116,-0.037,-0.446,-4.921,0.0,0.0,0.008,0,0.0,0.0,0.008,3,0
1066.109,11.627,-146.668,-1.613,12.461,-0.007,12.461,-0.033,-0.393,-3.619,0.0,0.0,0.007,0,0.0,0.0,0.007,3,0
1066.209,11.572,-147.894,-1.616,12.121,-0.007,12.121,-0.029,-0.318,-3.302,0.0,0.0,0.006,0,0.0,0.0,0.006,3,0
1066.309,11.516,-149.087,-1.619,11.808,-0.006,11.808,-0.025,-0.284,-3.163,0.0,0.0,0.005,0,0.0,0.0,0.006,3,0
1066.459,11.428,-150.819,-1.623,11.354,-0.007,11.354,-0.021,-0.227,-2.765,0.0,0.0,0.005,0,0.0,0.0,0.005,3,0
1066.559,11.368,-151.938,-1.624,11.066,-0.007,11.066,-0.019,-0.205,-2.696,0.0,0.0,0.005,0,0.0,0.0,0.005,3,0
1066.709,11.278,-153.562,-1.627,10.653,-0.009,10.653,-0.018,-0.185,-1.62,0.0,0.0,0.005,0,0.0,0.0,0.005,3,0
1066.809,11.216,-154.618,-1.629,10.57,-0.01,10.57,-0.018,-0.173,-2.851,0.0,0.0,-0.003,0,0.0,0.0,0.005,0,0
1066.959,11.127,-156.137,-1.63,9.606,0.011,9.606,0.007,2.013,-5.844,0.0,0.0,-0.053,0,0.0,0.0,-0.048,2,0
1067.059,11.084,-157.064,-1.622,9.029,0.112,9.029,0.12,1.555,-4.754,0.0,0.0,-0.125,0,0.0,0.0,-0.056,2,0
1067.209,11.063,-158.36,-1.591,8.313,0.278,8.308,0.31,2.685,-4.694,0.0,0.0,-0.214,0,0.0,0.0,-0.132,2,0
1067.309,11.092,-159.165,-1.555,7.858,0.403,7.848,0.44,4.127,-4.789,0.0,0.0,-0.215,0,0.0,0.0,-0.216,2,0
1067.459,11.217,-160.284,-1.479,7.203,0.534,7.183,0.577,5.271,-5.053,0.0,0.0,-0.294,0,0.0,0.0,-0.297,2,0
1067.559,11.359,-160.969,-1.416,6.935,0.599,6.91,0.642,7.302,-1.849,0.0,0.0,-0.357,0,0.0,0.0,-0.365,0,0
1067.659,11.553,-161.621,-1.344,6.498,0.724,6.457,0.723,4.311,-9.811,0.0,0.0,-0.331,0,0.0,0.0,-0.345,1,0
1067.809,11.888,-162.432,-1.242,5.449,0.704,5.404,0.665,3.338,-5.16,0.0,0.0,-0.376,0,0.0,0.0,-0.39,1,0
1067.909,12.131,-162.89,-1.176,5.007,0.676,4.962,0.636,3.53,-7.069,0.0,0.0,-0.431,0,0.0,0.0,-0.362,1,0
1068.059,12.511,-163.449,-1.085,4.159,0.798,4.082,0.593,2.553,-5.268,0.028,0.0,-0.403,0,0.0,0.0,-0.418,1,0
1068.159,12.763,-163.752,-1.03,3.811,0.722,3.742,0.517,1.049,-2.672,0.377,0.0,-0.356,0,0.253,0.0,-0.37,1,0
1068.309,13.136,-164.151,-0.958,3.555,0.705,3.484,0.509,1.882,-0.277,0.634,0.0,-0.402,0,0.546,0.0,-0.415,1,0
1068.409,13.399,-164.393,-0.907,3.621,0.715,3.549,0.512,1.626,1.633,0.544,0.0,-0.373,0,0.602,0.0,-0.388,1,0
1068.559,13.836,-164.755,-0.832,3.926,0.685,3.865,0.49,1.647,1.405,0.455,0.0,-0.418,0,0.442,0.0,-0.345,1,0
1068.659,14.157,-164.993,-0.782,4.053,0.75,3.983,0.552,2.803,0.612,0.571,0.0,-0.393,0,0.474,0.0,-0.407,1,0
1068.809,14.684,-165.324,-0.697,4.276,0.765,4.207,0.562,2.005,1.508,0.44,0.0,-0.346,0,0.507,0.0,-0.361,1,0
1068.909,15.066,-165.536,-0.642,4.45,0.728,4.39,0.536,3.441,0.174,0.386,0.0,-0.374,0,0.399,0.0,-0.388,1,0
1069.059,15.678,-165.821,-0.557,4.559,0.759,4.495,0.565,2.2,0.291,0.452,0.0,-0.344,0,0.451,0.0,-0.36,1,0
1069.159,16.106,-165.987,-0.501,4.63,0.761,4.567,0.57,2.391,0.29,0.419,0.0,-0.334,0,0.413,0.0,-0.35,1,0
1069.259,16.548,-166.134,-0.445,4.698,0.728,4.641,0.543,1.945,0.223,0.376,0.0,-0.304,0,0.39,0.0,-0.319,1,0
1069.409,17.231,-166.32,-0.368,4.745,0.68,4.696,0.512,2.002,0.1,1.0,0.0,-0.296,0,1.0,0.0,-0.301,1,0
1069.509,17.699,-166.419,-0.318,4.857,0.66,4.812,0.497,2.457,3.486,1.0,0.0,-0.27,0,1.0,0.0,-0.286,1,0
1069.659,18.465,-166.544,-0.244,5.361,0.59,5.329,0.523,1.455,-0.11,1.0,0.0,-0.221,0,1.0,0.0,-0.237,1,0
1069.759,18.998,-166.612,-0.199,5.439,0.505,5.415,0.475,1.586,0.245,1.0,0.0,-0.192,0,1.0,0.0,-0.209,1,0
1069.859,19.54,-166.665,-0.159,5.459,0.432,5.441,0.429,2.062,7.443,1.0,0.0,-0.159,0,1.0,0.0,-0.175,0,0
1069.959,20.132,-166.708,-0.123,6.539,0.436,6.525,0.368,2.284,11.635,1.0,0.0,-0.131,0,1.0,0.0,-0.145,2,0
1070.059,20.85,-166.743,-0.087,7.637,0.392,7.627,0.358,2.026,8.994,1.0,0.0,-0.101,0,1.0,0.0,-0.115,2,0
1070.209,22.1,-166.773,-0.039,8.901,0.27,8.896,0.288,1.445,4.909,1.0,0.0,-0.06,0,1.0,0.0,-0.073,2,0
1070.309,23.004,-166.777,-0.014,8.98,0.165,8.978,0.219,1.116,3.677,1.0,0.0,-0.039,0,1.0,0.0,-0.05,0,0
1070.459,24.427,-166.761,0.011,10.065,0.086,10.065,0.131,0.735,7.295,1.0,0.0,-0.017,0,1.0,0.0,-0.023,3,0
1070.559,25.473,-166.738,0.021,10.763,0.045,10.763,0.082,0.471,6.223,1.0,0.0,-0.007,0,1.0,0.0,-0.012,3,0
1070.659,26.583,-166.709,0.027,11.371,0.016,11.371,0.045,0.221,5.742,1.0,0.0,-0.001,0,1.0,0.0,-0.004,3,0
1070.809,28.355,-166.657,0.031,12.216,-0.006,12.216,0.006,-0.072,5.475,1.0,0.0,0.004,0,1.0,0.0,0.003,3,0
1070.909,29.605,-166.62,0.03,12.646,-0.01,12.646,-0.009,-0.167,1.234,1.0,0.0,0.005,0,1.0,0.0,0.005,0,0
1071.009,30.871,-166.583,0.029,12.631,-0.009,12.631,-0.016,-0.233,7.277,1.0,0.0,0.005,0,1.0,0.0,0.005,4,0
1071.109,32.172,-166.548,0.027,13.279,-0.007,13.279,-0.02,-0.251,4.991,0.074,0.0,0.004,0,0.251,0.0,0.005,4,0
1071.259,34.212,-166.497,0.024,13.755,-0.003,13.755,-0.019,-0.213,-0.216,0.0,0.0,0.003,0,0.0,0.0,0.003,4,0
1071.359,35.584,-166.465,0.022,13.691,-0.001,13.691,-0.016,-0.183,-1.566,0.0,0.0,0.003,0,0.0,0.0,0.003,4,0
1071.509,37.616,-166.422,0.02,13.418,0.001,13.418,-0.012,-0.154,-2.029,0.0,0.0,0.002,0,0.0,0.0,0.002,4,0
1071.609,38.945,-166.395,0.019,13.204,0.0,13.204,-0.009,-0.131,0.523,0.0,0.0,0.002,0,0.0,0.0,0.002,0,0
1071.709,40.266,-166.37,0.018,13.178,-0.0,13.178,-0.008,-0.105,-4.187,0.0,0.0,0.001,0,0.0,0.0,0.002,0,0
1071.859,42.19,-166.336,0.017,12.519,-0.001,12.519,-0.006,-0.076,-3.801,0.0,0.0,0.001,0,0.0,0.0,0.001,3,0
1071.959,43.421,-166.315,0.017,12.164,-0.001,12.164,-0.006,-0.061,-3.369,0.0,0.0,0.001,0,0.0,0.0,0.001,3,0
1072.109,45.206,-166.286,0.016,11.686,-0.001,11.686,-0.005,-0.054,-3.194,0.0,0.0,0.001,0,0.0,0.0,0.001,3,0
1072.209,46.359,-166.268,0.016,11.388,-0.001,11.388,-0.004,-0.052,-2.778,0.0,0.0,0.001,0,0.0,0.0,0.001,3,0
1072.309,47.482,-166.25,0.015,11.099,-0.001,11.099,-0.004,-0.035,-2.704,0.0,0.0,0.001,0,0.0,0.0,0.001,3,0
1072.459,49.113,-166.226,0.015,10.684,-0.001,10.684,-0.003,-0.032,-2.063,0.0,0.0,0.001,0,0.0,0.0,0.001,3,0
1072.559,50.172,-166.211,0.014,10.576,-0.001,10.576,-0.003,-0.023,-0.069,0.0,0.0,0.001,0,0.0,0.0,0.001,0,0
1072.659,51.214,-166.196,0.014,10.067,-0.001,10.067,-0.002,-0.02,-8.014,0.0,0.0,0.0,0,0.0,0.0,0.001,2,0
1072.809,52.637,-166.177,0.014,9.08,-0.001,9.08,-0.002,-0.014,-4.71,0.0,0.0,0.0,0,0.0,0.0,0.0,2,0
1072.909,53.518,-166.165,0.014,8.599,-0.001,8.599,-0.001,-0.013,-4.217,0.0,0.0,0.0,0,0.0,0.0,0.0,2,0
1073.059,54.757,-166.148,0.013,7.967,-0.001,7.967,-0.001,-0.006,-4.243,0.0,0.0,0.0,0,0.0,0.0,0.0,2,0
1073.159,55.531,-166.138,0.013,7.568,-0.001,7.568,-0.001,-0.006,-4.05,0.0,0.0,0.0,0,0.0,0.0,0.0,2,0
1073.309,56.62,-166.123,0.013,7.024,-0.001,7.024,-0.001,-0.004,-3.24,0.0,1.0,0.0,0,0.0,0.0,0.0,2,0
1073.409,57.318,-166.114,0.013,6.868,-0.0,6.868,-0.0,0.001,-12.204,0.0,1.0,0.0,0,0.0,1.0,0.0,1,0
1073.509,57.94,-166.106,0.013,5.811,-0.0,5.811,-0.0,0.0,-26.606,0.0,1.0,0.0,0,0.0,1.0,0.0,1,0
1073.659,58.488,-166.099,0.013,1.847,0.0,1.847,-0.0,-0.0,-25.799,0.0,1.0,0.0,0,0.0,1.0,0.0,1,0
1073.809,58.547,-166.098,0.013,0.01,-0.0,-0.01,-0.0,-0.001,-0.156,0.0,1.0,0.0,0,0.0,1.0,0.0,1,1
1073.909,58.549,-166.098,0.013,0.01,-0.0,-0.01,-0.0,0.0,0.037,0.0,1.0,0.0,0,0.0,1.0,0.0,1,1
1074.059,58.551,-166.098,0.013,0.005,-0.0,-0.005,-0.0,0.0,0.025,0.0,1.0,0.0,0,0.0,1.0,0.0,1,1
1074.159,58.552,-166.098,0.013,0.003,-0.0,-0.003,-0.0,0.0,0.014,0.0,1.0,0.0,0,0.0,1.0,0.0,1,1
1074.259,58.552,-166.098,0.013,0.001,-0.0,-0.001,-0.0,-0.0,0.008,0.0,1.0,0.0,0,0.0,1.0,0.0,1,1
1074.409,58.552,-166.098,0.013,0.001,-0.0,-0.001,-0.0,0.0,0.003,0.0,1.0,0.0,0,0.0,1.0,0.0,1,1
1074.509,58.552,-166.098,0.013,0.0,0.0,-0.0,-0.0,-0.0,0.006,0.0,1.0,0.0,0,0.0,1.0,0.0,1,1
1074.659,58.552,-166.098,0.013,0.0,-0.0,0.0,-0.0,-0.0,0.0,0.0,1.0,0.0,0,0.0,1.0,0.0,1,1
1075.759,58.552,-166.098,0.013,0.0,-0.0,0.0,-0.0,-0.0,0.0,0.0,1.0,0.0,0,0.0,1.0,0.0,1,1
1076.759,58.552,-166.098,0.013,0.0,-0.0,0.0,-0.0,-0.0,0.0,0.0,1.0,0.0,0,0.0,1.0,0.0,1,1
1077.709,58.552,-166.098,0.013,0.0,-0.0,0.0,-0.0,-0.0,-0.002,1.0,0.0,0.0,0,1.0,0.0,-0.0,1,1
1077.859,58.554,-166.098,0.013,0.014,0.0,-0.014,0.0,-0.001,1.917,1.0,0.0,0.0,0,1.0,0.0,0.0,1,1
1077.959,58.558,-166.098,0.013,0.041,0.0,0.041,-0.001,-0.014,4.214,1.0,0.0,0.0,0,1.0,0.0,0.0,1,1
1078.059,58.583,-166.097,0.013,0.445,0.0,0.445,-0.006,0.002,3.444,1.0,0.0,0.0,0,1.0,0.0,0.0,1,0
1078.209,58.701,-166.096,0.013,1.151,0.0,1.151,0.002,0.011,5.353,1.0,0.0,0.0,0,1.0,0.0,0.0,1,0
1078.309,58.847,-166.094,0.014,1.731,0.0,1.731,-0.004,-0.0,6.464,1.0,0.0,0.001,0,1.0,0.0,0.001,1,0
1078.459,59.188,-166.089,0.014,2.783,-0.001,2.783,0.004,-0.008,7.427,1.0,0.0,0.001,0,1.0,0.0,0.001,1,0
1078.559,59.511,-166.085,0.014,3.58,-0.002,3.58,-0.002,-0.011,7.393,1.0,0.0,0.001,0,1.0,0.0,0.001,1,0
1078.709,60.136,-166.077,0.014,4.671,-0.003,4.671,-0.002,-0.01,7.183,0.0,0.0,0.001,0,1.0,0.0,0.001,1,0
1078.809,60.638,-166.07,0.013,5.255,-0.002,5.255,-0.002,-0.004,1.244,0.55,0.0,0.001,0,0.593,0.0,0.001,1,0
1078.909,61.167,-166.063,0.013,5.253,-0.002,5.253,-0.002,-0.003,-0.901,1.0,0.0,0.001,0,0.389,0.0,0.001,1,0
1079.059,61.943,-166.053,0.013,5.149,-0.001,5.149,-0.001,-0.005,0.676,0.93,0.0,0.001,0,1.0,0.0,0.001,1,0
1079.159,62.464,-166.047,0.013,5.304,-0.001,5.304,-0.001,-0.005,0.637,0.611,0.0,0.0,0,0.861,0.0,0.001,1,0
1079.309,63.266,-166.037,0.013,5.535,-0.001,5.535,-0.001,-0.005,14.512,0.256,0.0,0.0,0,0.748,0.0,0.0,2,0
1079.459,64.247,-166.024,0.013,7.08,-0.001,7.08,-0.001,-0.001,0.294,0.0,0.0,0.0,0,0.0,0.0,0.0,2,0
1079.559,64.954,-166.016,0.013,7.024,-0.001,7.024,-0.001,-0.001,-2.063,0.0,0.0,0.0,0,0.0,0.0,0.0,2,0
1079.709,65.979,-166.003,0.012,6.668,-0.0,6.668,-0.0,-0.0,-2.797,0.0,0.0,0.0,0,0.0,0.0,0.0,2,0
1079.809,66.63,-165.995,0.012,6.399,-0.0,6.399,-0.0,0.0,0.143,0.0,0.0,0.0,0,0.0,0.0,0.0,0,0
1079.959,67.578,-165.983,0.012,5.996,0.0,5.996,0.0,0.0,-6.826,0.0,0.0,-0.0,0,0.0,0.0,-0.0,1,0
1080.059,68.141,-165.976,0.012,5.388,0.0,5.388,0.0,0.001,-4.599,0.0,0.0,-0.0,0,0.0,0.0,-0.0,1,0
1080.209,68.893,-165.966,0.012,4.641,0.0,4.641,0.0,0.001,-5.414,0.581,0.0,-0.0,0,0.0,0.0,-0.0,1,0
1080.309,69.329,-165.961,0.012,4.157,0.0,4.157,0.0,0.0,-2.467,0.854,0.0,-0.0,0,0.722,0.0,-0.0,1,0
1080.459,69.939,-165.953,0.013,4.134,0.0,4.134,0.0,0.0,3.425,0.546,0.0,-0.0,0,0.741,0.0,-0.0,1,0
1080.559,70.372,-165.948,0.013,4.472,0.0,4.472,0.0,0.0,2.36,0.307,0.0,-0.0,0,0.364,0.0,-0.0,1,0
1080.709,71.065,-165.939,0.013,4.67,0.0,4.67,0.0,0.0,0.423,0.472,0.0,-0.0,0,0.472,0.0,-0.0,1,0
1080.809,71.534,-165.933,0.013,4.737,0.0,4.737,0.0,0.0,1.484,0.55,0.0,-0.0,0,0.591,0.0,-0.0,1,0
1080.909,72.017,-165.927,0.013,4.899,0.0,4.899,0.0,0.0,1.616,0.409,0.0,-0.0,0,0.474,0.0,-0.0,1,0
1081.059,72.768,-165.918,0.013,5.061,0.0,5.061,0.0,0.0,0.431,0.394,0.0,-0.0,0,0.382,0.0,-0.0,1,0
1081.159,73.269,-165.912,0.013,5.008,0.0,5.008,0.0,0.0,1.057,0.559,0.0,-0.0,0,0.679,0.0,-0.0,1,0
1081.259,73.775,-165.905,0.013,5.068,0.0,5.068,0.0,0.0,-1.044,0.545,0.0,-0.0,0,0.453,0.0,-0.0,1,0
1081.409,74.535,-165.896,0.013,5.053,0.0,5.053,0.0,0.0,-1.03,0.784,0.0,-0.0,0,0.282,0.0,-0.0,1,0
1081.509,75.041,-165.889,0.013,5.194,0.0,5.194,0.0,0.0,-0.273,0.168,0.0,-0.0,0,0.761,0.0,-0.0,1,0
1081.659,75.814,-165.88,0.013,5.095,0.0,5.095,0.0,0.0,-0.72,0.694,0.0,-0.0,0,0.676,0.0,-0.0,1,0
1081.809,76.574,-165.87,0.013,5.078,0.0,5.078,0.0,0.0,0.294,0.666,0.0,-0.0,0,0.732,0.0,-0.0,1,0
1081.909,77.088,-165.863,0.013,5.197,0.0,5.197,0.0,-0.0,1.727,0.494,0.0,-0.0,0,0.524,0.0,-0.0,1,0
1082.009,77.617,-165.857,0.013,5.339,0.0,5.339,-0.0,-0.0,1.213,0.382,0.0,-0.0,0,0.373,0.0,-0.0,1,0
1082.109,78.156,-165.85,0.013,5.419,0.0,5.419,0.0,-0.0,0.329,0.367,0.0,0.0,0,0.316,0.0,-0.0,1,0
1082.259,78.969,-165.84,0.013,5.405,0.0,5.405,0.0,0.0,-0.672,0.4,0.0,-0.0,0,0.404,0.0,-0.0,1,0
1082.359,79.506,-165.833,0.013,5.346,0.0,5.346,-0.0,-0.0,-0.733,0.448,0.0,0.0,0,0.451,0.0,0.0,1,0
1082.509,80.3,-165.823,0.013,5.256,-0.0,5.256,-0.0,0.0,-0.246,0.516,0.0,-0.0,0,0.479,0.0,0.0,1,0
1082.609,80.824,-165.816,0.013,5.223,-0.0,5.223,-0.0,-0.0,0.006,0.524,0.0,0.0,0,0.491,0.0,0.0,1,0
1082.759,81.607,-165.806,0.013,5.224,-0.0,5.224,-0.0,-0.0,-0.071,0.471,0.0,0.0,0,0.517,0.0,0.0,1,0
1082.859,82.13,-165.8,0.013,5.236,-0.0,5.236,-0.0,-0.0,-0.02,0.454,0.0,0.0,0,0.503,0.0,0.0,1,0
1083.009,82.916,-165.79,0.013,5.25,-0.0,5.25,-0.0,-0.0,0.271,0.48,0.0,0.0,0,0.443,0.0,0.0,1,0
1083.109,83.442,-165.783,0.013,5.257,-0.0,5.257,-0.0,-0.0,0.19,0.478,0.0,0.0,0,0.439,0.0,0.0,1,0
1083.259,84.232,-165.773,0.013,5.264,-0.0,5.264,-0.0,0.0,0.129,0.481,0.0,0.0,0,0.441,0.0,0.0,1,0
1083.359,84.757,-165.766,0.013,5.258,-0.0,5.258,-0.0,-0.0,-0.226,0.452,0.0,0.0,0,0.486,0.0,0.0,1,0
1083.459,85.282,-165.76,0.013,5.253,-0.0,5.253,-0.0,-0.0,-0.212,0.455,0.0,0.0,0,0.491,0.0,0.0,1,0
1083.609,86.069,-165.75,0.013,5.239,-0.0,5.239,-0.0,-0.0,0.16,0.494,0.0,0.0,0,0.456,0.0,0.0,1,0
1083.709,86.593,-165.743,0.013,5.239,-0.0,5.239,-0.0,-0.0,0.18,0.493,0.0,0.0,0,0.455,0.0,0.0,1,0
1083.859,87.38,-165.733,0.013,5.249,-0.0,5.249,-0.0,-0.0,-0.153,0.452,0.0,0.0,0,0.491,0.0,0.0,1,0
1083.959,87.904,-165.727,0.013,5.251,-0.0,5.251,-0.0,-0.0,-0.157,0.451,0.0,0.0,0,0.489,0.0,0.0,1,0
1084.109,88.691,-165.717,0.013,5.244,-0.0,5.244,-0.0,-0.0,0.17,0.489,0.0,0.0,0,0.451,0.0,0.0,1,0
1084.259,89.479,-165.707,0.013,5.252,-0.0,5.252,-0.0,-0.0,0.164,0.489,0.0,0.0,0,0.451,0.0,0.0,1,0
1084.359,90.003,-165.7,0.013,5.252,-0.0,5.252,-0.0,0.067,-0.175,0.452,0.0,-0.002,0,0.49,0.0,-0.002,1,0
1084.459,90.528,-165.693,0.013,5.251,0.004,5.251,0.003,0.034,-0.173,0.452,0.0,-0.002,0,0.49,0.0,-0.002,1,0
1084.609,91.315,-165.682,0.013,5.242,0.004,5.242,0.004,0.417,0.164,0.49,0.0,-0.016,0,0.452,0.0,-0.015,1,0
1084.709,91.839,-165.672,0.015,5.242,0.031,5.242,0.027,0.171,0.17,0.491,0.0,-0.015,0,0.453,0.0,-0.016,1,0
1084.859,92.626,-165.653,0.02,5.25,0.062,5.25,0.054,0.651,-0.183,0.454,0.0,-0.037,0,0.49,0.0,-0.038,1,0
1084.959,93.15,-165.633,0.027,5.25,0.077,5.249,0.068,0.45,-0.169,0.453,0.0,-0.064,0,0.492,0.0,-0.036,1,0
1085.109,93.936,-165.592,0.041,5.24,0.134,5.239,0.118,0.518,0.165,0.493,0.0,-0.059,0,0.456,0.0,-0.062,1,0
1085.259,94.721,-165.535,0.058,5.251,0.122,5.25,0.108,1.718,-0.267,0.45,0.0,-0.088,0,0.49,0.0,-0.089,1,0
1085.359,95.243,-165.484,0.072,5.249,0.176,5.246,0.154,1.085,-0.207,0.455,0.0,-0.081,0,0.496,0.0,-0.085,1,0
1085.509,96.024,-165.391,0.097,5.239,0.23,5.234,0.201,1.061,0.118,0.5,0.0,-0.11,0,0.451,0.0,-0.114,1,0
1085.609,96.542,-165.312,0.118,5.24,0.244,5.234,0.214,0.686,0.184,0.493,0.0,-0.142,0,0.456,0.0,-0.104,1,0
1085.759,97.316,-165.17,0.152,5.248,0.279,5.24,0.245,1.207,0.109,0.501,0.0,-0.132,0,0.45,0.0,-0.138,1,0
1085.859,97.828,-165.058,0.177,5.252,0.269,5.245,0.236,1.273,-0.188,0.448,0.0,-0.159,0,0.492,0.0,-0.118,1,0
1085.959,98.338,-164.934,0.201,5.252,0.3,5.243,0.262,2.055,-0.34,0.46,0.0,-0.148,0,0.484,0.0,-0.154,1,0
1086.109,99.094,-164.716,0.243,5.244,0.317,5.234,0.277,2.324,-0.12,0.488,0.0,-0.186,0,0.453,0.0,-0.191,1,0
1086.209,99.59,-164.549,0.274,5.235,0.393,5.22,0.344,1.296,0.1,0.503,0.0,-0.169,0,0.469,0.0,-0.178,1,0
1086.359,100.324,-164.268,0.323,5.254,0.345,5.243,0.302,3.439,-0.608,0.442,0.0,-0.212,0,0.489,0.0,-0.218,1,0
1086.459,100.803,-164.056,0.359,5.246,0.422,5.229,0.371,2.423,-0.384,0.461,0.0,-0.193,0,0.511,0.0,-0.203,1,0
1086.609,101.507,-163.704,0.414,5.248,0.413,5.232,0.362,1.959,-0.239,0.446,0.0,-0.246,0,0.497,0.0,-0.183,1,0
1086.709,101.962,-163.445,0.455,5.237,0.499,5.213,0.439,1.658,0.045,0.506,0.0,-0.218,0,0.469,0.0,-0.229,1,0
1086.809,102.405,-163.165,0.497,5.244,0.482,5.222,0.428,1.247,0.222,0.484,0.0,-0.272,0,0.454,0.0,-0.206,1,0
1086.959,103.046,-162.709,0.563,5.251,0.519,5.226,0.467,2.263,-0.101,0.51,0.0,-0.253,0,0.432,0.0,-0.263,1,0
1087.059,103.453,-162.378,0.61,5.26,0.5,5.236,0.454,2.453,-0.297,0.434,0.0,-0.294,0,0.488,0.0,-0.227,1,0
1087.159,103.846,-162.029,0.657,5.257,0.539,5.23,0.487,3.679,-0.729,0.467,0.0,-0.272,0,0.467,0.0,-0.284,1,0
1087.309,104.395,-161.467,0.734,5.25,0.564,5.219,0.515,3.382,-0.474,0.475,0.0,-0.312,0,0.449,0.0,-0.324,1,0
1087.409,104.732,-161.066,0.789,5.234,0.645,5.194,0.586,2.122,-0.033,0.505,0.0,-0.282,0,0.476,0.0,-0.298,1,0
1087.459,104.891,-160.858,0.817,5.247,0.604,5.212,0.551,3.104,-0.422,0.449,0.0,-0.266,0,0.505,0.0,-0.282,1,0
1087.559,105.195,-160.431,0.871,5.264,0.558,5.234,0.509,5.056,-1.185,0.425,0.0,-0.34,0,0.474,0.0,-0.352,1,0
1087.609,105.337,-160.211,0.899,5.238,0.666,5.196,0.601,2.921,-0.37,0.526,0.0,-0.325,0,0.425,0.0,-0.34,1,0
1087.659,105.471,-159.986,0.929,5.24,0.656,5.199,0.597,3.787,-0.713,0.472,0.0,-0.308,0,0.526,0.0,-0.325,1,0
1087.759,105.717,-159.525,0.99,5.249,0.633,5.211,0.576,3.076,-0.39,0.439,0.0,-0.272,0,0.499,0.0,-0.29,1,0
1087.809,105.832,-159.289,1.018,5.251,0.637,5.212,0.579,1.589,0.17,0.467,0.0,-0.255,0,0.439,0.0,-0.272,1,0
1087.859,105.942,-159.05,1.046,5.27,0.574,5.238,0.524,2.631,-0.354,0.419,0.0,-0.283,0,0.467,0.0,-0.255,1,0
1087.909,106.047,-158.809,1.072,5.268,0.57,5.237,0.52,2.503,-0.223,0.456,0.0,-0.269,0,0.419,0.0,-0.283,1,0
1088.009,106.237,-158.319,1.123,5.263,0.581,5.231,0.528,1.668,0.082,0.471,0.0,-0.241,0,0.441,0.0,-0.255,1,0
1088.059,106.324,-158.07,1.149,5.277,0.532,5.25,0.495,2.63,-0.249,0.85,0.0,-0.256,0,0.471,0.0,-0.241,1,0
1088.159,106.481,-157.564,1.198,5.39,0.56,5.361,0.523,3.138,1.879,0.577,0.0,-0.242,0,0.85,0.0,-0.256,1,0
1088.209,106.553,-157.302,1.22,5.451,0.539,5.424,0.425,2.037,1.883,0.342,0.0,-0.234,0,0.294,0.0,-0.228,1,0
1088.259,106.621,-157.033,1.242,5.555,0.519,5.531,0.472,2.131,-1.187,0.171,0.0,-0.222,0,0.342,0.0,-0.234,1,0
1088.359,106.741,-156.497,1.285,5.449,0.478,5.428,0.471,1.716,-1.351,1.0,0.0,-0.21,0,0.171,0.0,-0.222,1,0
1088.409,106.793,-156.232,1.305,5.379,0.454,5.36,0.351,2.493,-1.667,1.0,0.0,-0.223,0,1.0,0.0,-0.239,1,0
1088.459,106.839,-155.97,1.326,5.308,0.467,5.287,0.468,2.061,-0.837,1.0,0.0,-0.207,0,1.0,0.0,-0.223,1,0
1088.509,106.878,-155.709,1.346,5.276,0.465,5.256,0.36,1.797,0.597,1.0,0.0,-0.191,0,1.0,0.0,-0.207,1,0
1088.559,106.914,-155.447,1.367,5.315,0.447,5.296,0.438,1.725,1.7,1.0,0.0,-0.175,0,1.0,0.0,-0.191,1,0
1088.609,106.945,-155.18,1.385,5.407,0.435,5.39,0.324,1.165,-0.399,1.0,0.0,-0.16,0,1.0,0.0,-0.175,0,0
1088.659,106.973,-154.912,1.403,5.392,0.395,5.378,0.397,1.154,-0.082,1.0,0.0,-0.145,0,1.0,0.0,-0.16,0,0
1088.759,107.023,-154.356,1.436,6.079,0.374,6.068,0.335,2.139,13.119,1.0,0.0,-0.119,0,1.0,0.0,-0.133,2,0
1088.809,107.046,-154.031,1.453,6.741,0.371,6.731,0.327,1.917,11.116,1.0,0.0,-0.105,0,1.0,0.0,-0.119,2,0
1088.859,107.068,-153.677,1.468,7.301,0.351,7.293,0.315,1.778,9.714,1.0,0.0,-0.092,0,1.0,0.0,-0.105,2,0
1088.909,107.088,-153.297,1.484,7.791,0.322,7.784,0.299,1.662,8.752,1.0,0.0,-0.08,0,1.0,0.0,-0.092,2,0
1088.959,107.106,-152.894,1.498,8.232,0.287,8.227,0.28,1.542,8.102,1.0,0.0,-0.068,0,1.0,0.0,-0.08,2,0
1089.009,107.121,-152.471,1.511,8.64,0.251,8.636,0.257,1.427,7.662,1.0,0.0,-0.057,0,1.0,0.0,-0.068,2,0
1089.059,107.134,-152.027,1.523,9.025,0.214,9.022,0.232,1.021,1.836,1.0,0.0,-0.047,0,1.0,0.0,-0.057,2,0
1089.109,107.145,-151.575,1.534,9.118,0.168,9.116,0.204,0.785,-3.364,1.0,0.0,-0.038,0,1.0,0.0,-0.047,0,0
1089.159,107.153,-151.125,1.543,8.951,0.126,8.95,0.172,1.014,7.867,1.0,0.0,-0.03,0,1.0,0.0,-0.038,0,0
1089.209,107.159,-150.668,1.551,9.345,0.103,9.344,0.149,0.915,9.02,1.0,0.0,-0.023,0,1.0,0.0,-0.03,3,0
1089.259,107.163,-150.186,1.557,9.796,0.084,9.796,0.124,0.915,9.02,1.0,0.0,-0.023,0,1.0,0.0,-0.03,3,0
1089.309,107.165,-149.684,1.563,10.188,0.066,10.188,0.102,0.751,7.821,1.0,0.0,-0.018,0,1.0,0.0,-0.023,3,0
1089.359,107.165,-149.164,1.567,10.538,0.05,10.538,0.082,0.461,6.459,1.0,0.0,-0.009,0,1.0,0.0,-0.013,3,0
1089.409,107.164,-148.627,1.571,10.861,0.034,10.861,0.064,0.366,6.092,1.0,0.0,-0.006,0,1.0,0.0,-0.009,3,0
1089.459,107.163,-148.075,1.573,11.166,0.022,11.166,0.049,0.252,5.846,1.0,0.0,-0.003,0,1.0,0.0,-0.006,3,0
1089.509,107.16,-147.508,1.575,11.459,0.012,11.459,0.035,0.184,5.683,1.0,0.0,-0.001,0,1.0,0.0,-0.003,3,0
1089.559,107.157,-146.927,1.577,11.743,0.005,11.743,0.024,0.095,5.575,1.0,0.0,0.0,0,1.0,0.0,-0.001,3,0
1089.609,107.153,-146.331,1.578,12.021,-0.001,12.021,0.014,0.05,5.504,1.0,0.0,0.002,0,1.0,0.0,0.0,3,0
1089.659,107.149,-145.722,1.578,12.297,-0.004,12.297,0.007,-0.016,5.458,1.0,0.0,0.002,0,1.0,0.0,0.002,3,0
1089.709,107.145,-145.099,1.578,12.57,-0.006,12.57,0.0,-0.04,3.293,1.0,0.0,0.003,0,1.0,0.0,0.002,3,0
1089.759,107.141,-144.465,1.578,12.734,-0.007,12.734,-0.004,-0.079,-1.462,1.0,0.0,0.003,0,1.0,0.0,0.003,0,0
1089.809,107.136,-143.831,1.578,12.661,-0.007,12.661,-0.007,-0.09,2.352,1.0,0.0,0.003,0,1.0,0.0,0.003,0,0
1089.859,107.132,-143.196,1.577,12.779,-0.006,12.779,-0.009,-0.124,6.001,1.0,0.0,0.003,0,1.0,0.0,0.003,4,0
1089.909,107.129,-142.548,1.577,13.079,-0.005,13.079,-0.011,-0.119,5.591,1.0,0.0,0.003,0,1.0,0.0,0.003,4,0
1089.959,107.125,-141.885,1.576,13.358,-0.004,13.358,-0.011,-0.135,5.214,1.0,0.0,0.002,0,1.0,0.0,0.003,4,0
1090.009,107.122,-141.209,1.576,13.619,-0.003,13.619,-0.011,-0.123,4.965,0.747,0.0,0.002,0,1.0,0.0,0.002,4,0
1090.059,107.119,-140.521,1.575,13.867,-0.001,13.867,-0.011,-0.131,4.554,0.474,0.0,0.002,0,0.747,0.0,0.002,4,0
1090.109,107.116,-139.82,1.575,14.095,-0.0,14.095,-0.01,-0.115,3.581,0.228,0.0,0.002,0,0.474,0.0,0.002,4,0
1090.159,107.113,-139.11,1.574,14.274,0.001,14.274,-0.009,-0.119,2.222,0.053,0.0,0.001,0,0.228,0.0,0.002,4,0
1090.209,107.111,-138.393,1.574,14.385,0.001,14.385,-0.008,-0.101,0.757,0.0,0.0,0.001,0,0.053,0.0,0.001,4,0
1090.259,107.109,-137.672,1.573,14.423,0.002,14.423,-0.007,-0.1,-0.464,0.0,0.0,0.001,0,0.0,0.0,0.001,4,0
1090.309,107.107,-136.952,1.573,14.4,0.001,14.4,-0.007,-0.095,-1.253,0.0,0.0,0.001,0,0.0,0.0,0.001,4,0
1090.359,107.105,-136.234,1.573,14.337,0.001,14.337,-0.006,-0.078,-1.718,0.0,0.0,0.001,0,0.0,0.0,0.001,4,0
1090.409,107.104,-135.52,1.572,14.251,0.001,14.251,-0.005,-0.077,-1.991,0.0,0.0,0.001,0,0.0,0.0,0.001,4,0
1090.459,107.103,-134.811,1.572,14.152,0.001,14.152,-0.005,-0.063,-2.148,0.0,0.0,0.001,0,0.0,0.0,0.001,4,0
1090.509,107.102,-134.107,1.572,14.044,0.001,14.044,-0.004,-0.063,-2.235,0.0,0.0,0.001,0,0.0,0.0,0.001,4,0
1090.559,107.101,-133.408,1.572,13.933,0.001,13.933,-0.004,-0.05,-2.279,0.0,0.0,0.001,0,0.0,0.0,0.001,4,0
1090.609,107.1,-132.715,1.572,13.819,0.001,13.819,-0.003,-0.052,-2.298,0.0,0.0,0.001,0,0.0,0.0,0.001,4,0
1090.709,107.099,-131.346,1.571,13.589,-0.0,13.589,-0.003,-0.051,-2.301,0.0,0.0,0.001,0,0.0,0.0,0.001,4,0
1090.759,107.099,-130.671,1.571,13.474,-0.0,13.474,-0.003,-0.041,-2.296,0.0,0.0,0.001,0,0.0,0.0,0.001,4,0
1090.809,107.099,-130.0,1.571,13.36,-0.0,13.36,-0.003,-0.035,-0.413,0.0,0.0,0.001,0,0.0,0.0,0.001,4,0
1090.859,107.099,-129.334,1.571,13.339,-0.0,13.339,-0.003,-0.036,-0.895,0.0,0.0,0.0,0,0.0,0.0,0.001,0,0
1090.909,107.099,-128.668,1.571,13.294,-0.0,13.294,-0.003,-0.029,-2.066,0.0,0.0,0.0,0,0.0,0.0,0.0,0,0
1090.959,107.099,-128.004,1.571,13.191,-0.0,13.191,-0.002,-0.031,-5.42,0.0,0.0,0.0,0,0.0,0.0,0.0,3,0
1091.009,107.099,-127.353,1.57,12.92,-0.0,12.92,-0.002,-0.026,-4.405,0.0,0.0,0.0,0,0.0,0.0,0.0,3,0
1091.059,107.099,-126.714,1.57,12.7,-0.0,12.7,-0.002,-0.028,-3.976,0.0,0.0,0.0,0,0.0,0.0,0.0,3,0
1091.109,107.1,-126.086,1.57,12.501,-0.0,12.501,-0.002,-0.022,-3.527,0.0,0.0,0.0,0,0.0,0.0,0.0,3,0
1091.159,107.1,-125.466,1.57,12.325,-0.0,12.325,-0.002,-0.023,-3.448,0.0,0.0,0.0,0,0.0,0.0,0.0,3,0
1091.209,107.101,-124.855,1.57,12.152,-0.0,12.152,-0.002,-0.018,-3.052,0.0,0.0,0.0,0,0.0,0.0,0.0,3,0
1091.259,107.101,-124.252,1.57,12.0,-0.0,12.0,-0.002,-0.019,-3.238,0.0,0.0,0.0,0,0.0,0.0,0.0,3,0
1091.309,107.101,-123.657,1.57,11.838,-0.0,11.838,-0.002,-0.016,-2.91,0.0,0.0,0.0,0,0.0,0.0,0.0,3,0
1091.359,107.102,-123.069,1.57,11.692,-0.0,11.692,-0.001,-0.016,-3.123,0.0,0.0,0.0,0,0.0,0.0,0.0,3,0
1091.409,107.103,-122.49,1.57,11.536,-0.0,11.536,-0.001,-0.014,-2.813,0.0,0.0,0.0,0,0.0,0.0,0.0,3,0
1091.459,107.103,-121.917,1.57,11.395,-0.0,11.395,-0.001,-0.011,-3.04,0.0,0.0,0.0,0,0.0,0.0,0.0,3,0
1091.509,107.104,-121.352,1.57,11.243,-0.0,11.243,-0.001,-0.013,-2.737,0.0,0.0,0.0,0,0.0,0.0,0.0,3,0
1091.559,107.104,-120.794,1.57,11.106,-0.0,11.106,-0.001,-0.01,-2.97,0.0,0.0,0.0,0,0.0,0.0,0.0,3,0
1091.609,107.105,-120.243,1.57,10.958,-0.0,10.958,-0.001,-0.011,-2.671,0.0,0.0,0.0,0,0.0,0.0,0.0,3,0
1091.659,107.106,-119.699,1.57,10.824,-0.0,10.824,-0.001,-0.009,-2.906,0.0,0.0,0.0,0,0.0,0.0,0.0,3,0
1091.759,107.107,-118.632,1.569,10.586,-0.0,10.586,-0.001,-0.008,-1.866,0.0,0.0,0.0,0,0.0,0.0,0.0,3,0
1091.809,107.108,-118.102,1.569,10.576,-0.0,10.576,-0.001,-0.007,-0.076,0.0,0.0,0.0,0,0.0,0.0,0.0,0,0
1091.859,107.109,-117.573,1.569,10.572,-0.0,10.572,-0.001,-0.007,-10.296,0.0,0.0,0.0,0,0.0,0.0,0.0,2,0
1091.909,107.109,-117.062,1.569,10.057,-0.0,10.057,-0.001,-0.006,-7.285,0.0,0.0,0.0,0,0.0,0.0,0.0,2,0
1091.959,107.11,-116.571,1.569,9.693,-0.0,9.693,-0.001,-0.005,-6.552,0.0,0.0,0.0,0,0.0,0.0,0.0,2,0
1092.009,107.111,-116.097,1.569,9.366,-0.0,9.366,-0.001,-0.006,-5.203,0.0,0.0,0.0,0,0.0,0.0,0.0,2,0
1092.059,107.112,-115.636,1.569,9.106,-0.0,9.106,-0.001,-0.004,-5.277,0.0,0.0,0.0,0,0.0,0.0,0.0,2,0
1092.109,107.112,-115.189,1.569,8.842,-0.0,8.842,-0.0,-0.003,-4.455,0.0,0.0,0.0,0,0.0,0.0,0.0,2,0
1092.159,107.113,-114.754,1.569,8.619,-0.0,8.619,-0.0,-0.004,-4.701,0.0,0.0,0.0,0,0.0,0.0,0.0,2,0
1092.209,107.114,-114.33,1.569,8.384,-0.0,8.384,-0.0,-0.003,-4.072,0.0,0.0,0.0,0,0.0,0.0,0.0,2,0
1092.259,107.114,-113.917,1.569,8.18,-0.0,8.18,-0.0,-0.002,-4.372,0.0,0.0,0.0,0,0.0,0.0,0.0,2,0
1092.309,107.115,-113.514,1.569,7.962,-0.0,7.962,-0.0,-0.002,-3.832,0.0,0.0,0.0,0,0.0,0.0,0.0,2,0
1092.359,107.116,-113.122,1.569,7.77,-0.0,7.77,-0.0,-0.002,-4.147,0.0,0.0,0.0,0,0.0,0.0,0.0,2,0
1092.409,107.116,-112.74,1.569,7.563,-0.0,7.563,-0.0,-0.002,-3.656,0.0,0.0,0.0,0,0.0,0.0,0.0,2,0
1092.459,107.117,-112.367,1.569,7.38,-0.0,7.38,-0.0,-0.001,-3.971,0.0,0.0,0.0,0,0.0,0.0,0.0,2,0
1092.509,107.118,-112.004,1.569,7.181,-0.0,7.181,-0.0,-0.002,-3.512,0.0,0.0,0.0,0,0.0,0.0,0.0,2,0
1092.559,107.118,-111.65,1.569,7.006,-0.0,7.006,-0.0,-0.001,-0.159,0.0,1.0,0.0,0,0.0,0.0,0.0,0,0
1092.609,107.119,-111.3,1.569,6.998,-0.0,6.998,-0.0,0.002,-0.773,0.0,1.0,0.0,0,0.0,1.0,0.0,0,0
1092.659,107.12,-110.95,1.569,6.959,-0.0,6.959,-0.0,0.001,-10.399,0.0,1.0,0.0,0,0.0,1.0,0.0,0,0
1092.709,107.12,-110.616,1.569,6.439,-0.0,6.439,-0.0,0.0,-8.725,0.0,1.0,0.0,0,0.0,1.0,0.0,1,0
1092.759,107.121,-110.308,1.569,6.003,-0.0,6.003,-0.0,0.0,-23.328,0.0,1.0,0.0,0,0.0,1.0,0.0,1,0
1092.809,107.121,-110.041,1.569,4.837,-0.0,4.837,-0.0,0.0,-26.226,0.0,1.0,0.0,0,0.0,1.0,0.0,1,0
1092.859,107.121,-109.84,1.569,3.525,0.0,3.525,-0.0,0.0,-26.263,0.0,1.0,0.0,0,0.0,1.0,0.0,1,0
1092.909,107.122,-109.705,1.569,2.212,0.0,2.212,0.0,-0.0,-25.962,0.0,1.0,0.0,0,0.0,1.0,0.0,1,0
1092.959,107.122,-109.635,1.569,0.914,0.0,0.914,0.0,0.001,-18.254,0.0,1.0,0.0,0,0.0,1.0,0.0,1,0
1093.059,107.122,-109.623,1.569,0.009,-0.0,-0.009,-0.0,-0.001,-0.213,0.0,1.0,0.0,0,0.0,1.0,0.0,1,1
1093.059,107.122,-109.623,1.569,0.009,-0.0,-0.009,-0.0,-0.0,-0.041,0.0,1.0,0.0,0,0.0,1.0,0.0,1,1
1093.109,107.122,-109.622,1.569,0.011,-0.0,-0.011,-0.0,0.0,0.019,0.0,1.0,0.0,0,0.0,1.0,0.0,1,1
1093.159,107.122,-109.621,1.569,0.011,-0.0,-0.011,-0.0,0.0,0.036,0.0,1.0,0.0,0,0.0,1.0,0.0,1,1
1093.209,107.122,-109.62,1.569,0.009,-0.0,-0.009,-0.0,0.0,0.037,0.0,1.0,0.0,0,0.0,1.0,0.0,1,1
1093.259,107.122,-109.619,1.569,0.007,-0.0,-0.007,-0.0,0.0,0.033,0.0,1.0,0.0,0,0.0,1.0,0.0,1,1
1093.359,107.122,-109.618,1.569,0.004,-0.0,-0.004,-0.0,0.0,0.026,0.0,1.0,0.0,0,0.0,1.0,0.0,1,1
1093.409,107.122,-109.618,1.569,0.003,-0.0,-0.003,-0.0,0.0,0.015,0.0,1.0,0.0,0,0.0,1.0,0.0,1,1
1093.459,107.122,-109.617,1.569,0.002,-0.0,-0.002,-0.0,0.0,0.011,0.0,1.0,0.0,0,0.0,1.0,0.0,1,1
1093.509,107.122,-109.617,1.569,0.002,-0.0,-0.002,-0.0,0.0,0.008,0.0,1.0,0.0,0,0.0,1.0,0.0,1,1
1093.559,107.122,-109.617,1.569,0.001,-0.0,-0.001,-0.0,-0.0,0.006,0.0,1.0,0.0,0,0.0,1.0,0.0,1,1
1093.609,107.122,-109.617,1.569,0.001,-0.0,-0.001,-0.0,-0.0,0.004,0.0,1.0,0.0,0,0.0,1.0,0.0,1,1
1093.659,107.122,-109.617,1.569,0.001,-0.0,-0.001,-0.0,0.0,0.003,0.0,1.0,0.0,0,0.0,1.0,0.0,1,1
1093.709,107.122,-109.617,1.569,0.0,-0.0,-0.0,-0.0,-0.0,0.002,0.0,1.0,0.0,0,0.0,1.0,0.0,1,1
1093.759,107.122,-109.617,1.569,0.0,-0.0,-0.0,-0.0,0.0,0.006,0.0,1.0,0.0,0,0.0,1.0,0.0,1,1
1093.809,107.122,-109.617,1.569,0.0,-0.0,0.0,-0.0,-0.0,0.0,0.0,1.0,0.0,0,0.0,1.0,0.0,1,1
1094.759,107.122,-109.617,1.569,0.0,-0.0,0.0,-0.0,-0.0,0.0,1.0,0.0,-1.0,0,0.0,1.0,0.0,1,1
1094.809,107.122,-109.617,1.569,0.0,-0.0,0.0,-0.0,-0.0,-0.002,1.0,0.0,0.0,0,1.0,0.0,-1.0,1,1
1094.859,107.122,-109.617,1.569,0.0,-0.0,-0.0,-0.0,0.0,-0.0,1.0,0.0,0.0,0,1.0,0.0,0.0,1,1
1094.959,107.122,-109.615,1.569,0.014,0.0,-0.014,0.0,0.0,-0.284,1.0,0.0,0.0,0,1.0,0.0,0.0,1,1
1095.009,107.122,-109.613,1.569,0.081,-0.0,0.081,-0.0,-0.0,0.125,1.0,0.0,0.0,0,1.0,0.0,0.0,1,1
1095.059,107.122,-109.611,1.569,0.088,-0.0,0.088,0.005,0.02,2.527,1.0,0.0,0.0,0,1.0,0.0,0.0,1,1
1095.109,107.122,-109.603,1.569,0.214,0.001,0.214,0.005,-0.025,3.942,1.0,0.0,0.0,0,1.0,0.0,0.0,1,0
1095.159,107.122,-109.586,1.569,0.411,-0.0,0.411,-0.009,0.013,3.563,1.0,0.0,0.0,0,1.0,0.0,0.0,1,0
1095.209,107.122,-109.559,1.569,0.589,0.0,0.589,0.002,-0.051,5.338,1.0,0.0,0.0,0,1.0,0.0,0.0,1,0
1095.259,107.122,-109.521,1.569,0.856,-0.002,0.856,-0.004,0.018,5.06,1.0,0.0,0.0,0,1.0,0.0,0.0,1,0
1095.309,107.122,-109.47,1.569,1.109,-0.001,1.109,-0.003,0.03,5.337,1.0,0.0,0.0,0,1.0,0.0,0.0,1,0
1095.359,107.122,-109.407,1.57,1.376,-0.0,1.376,0.022,0.005,6.045,1.0,0.0,0.001,0,1.0,0.0,0.0,1,0
1095.459,107.123,-109.235,1.57,2.0,-0.0,2.0,-0.001,-0.007,7.786,1.0,0.0,0.001,0,1.0,0.0,0.001,1,0
1095.509,107.123,-109.124,1.57,2.389,-0.001,2.389,-0.002,-0.012,9.001,1.0,0.0,0.001,0,1.0,0.0,0.001,1,0
1095.559,107.123,-108.99,1.57,2.839,-0.001,2.839,-0.001,-0.008,7.919,1.0,0.0,0.001,0,1.0,0.0,0.001,1,0
1095.609,107.123,-108.836,1.57,3.235,-0.001,3.235,-0.001,-0.007,7.432,1.0,0.0,0.001,0,1.0,0.0,0.001,1,0
1095.659,107.123,-108.663,1.57,3.607,-0.002,3.607,-0.001,-0.006,7.241,1.0,0.0,0.001,0,1.0,0.0,0.001,1,0
1095.709,107.124,-108.472,1.57,3.969,-0.002,3.969,-0.001,-0.006,7.162,0.938,0.0,0.001,0,1.0,0.0,0.001,1,0
1095.759,107.124,-108.263,1.57,4.327,-0.002,4.327,-0.001,-0.006,6.98,0.679,0.0,0.001,0,0.938,0.0,0.001,1,0
1095.809,107.124,-108.036,1.57,4.676,-0.002,4.676,-0.001,-0.006,6.289,0.438,0.0,0.001,0,0.679,0.0,0.001,1,0
1095.859,107.125,-107.792,1.569,4.99,-0.002,4.99,-0.001,-0.005,4.688,0.268,0.0,0.001,0,0.438,0.0,0.001,1,0
1095.909,107.125,-107.535,1.569,5.225,-0.002,5.225,-0.001,-0.005,1.11,0.228,0.0,0.001,0,0.268,0.0,0.001,1,0
1095.959,107.126,-107.271,1.569,5.28,-0.002,5.28,-0.001,-0.001,-2.352,0.5,0.0,0.001,0,0.228,0.0,0.001,1,0
1096.009,107.126,-107.012,1.569,5.163,-0.001,5.163,-0.001,-0.004,-2.101,0.898,0.0,0.0,0,0.5,0.0,0.001,1,0
1096.109,107.127,-106.506,1.569,5.079,-0.001,5.079,-0.001,-0.003,0.421,0.951,0.0,0.0,0,0.898,0.0,0.0,1,0
1096.159,107.127,-106.248,1.569,5.15,-0.001,5.15,-0.001,-0.002,-0.36,0.542,0.0,0.0,0,0.697,0.0,0.0,1,0
1096.209,107.128,-105.992,1.569,5.132,-0.001,5.132,-0.001,-0.004,-0.302,0.713,0.0,0.0,0,0.542,0.0,0.0,1,0
1096.259,107.128,-105.736,1.569,5.117,-0.001,5.117,-0.001,-0.001,0.311,0.713,0.0,0.0,0,0.713,0.0,0.0,1,0
1096.309,107.129,-105.48,1.569,5.132,-0.001,5.132,-0.001,-0.003,0.484,0.636,0.0,0.0,0,0.713,0.0,0.0,1,0
1096.359,107.129,-105.223,1.569,5.156,-0.001,5.156,-0.001,-0.001,1.333,0.593,0.0,0.0,0,0.636,0.0,0.0,1,0
1096.409,107.13,-104.963,1.569,5.223,-0.001,5.223,-0.001,-0.003,1.132,0.45,0.0,0.0,0,0.593,0.0,0.0,1,0
1096.459,107.13,-104.7,1.569,5.28,-0.001,5.28,-0.001,-0.0,1.506,0.408,0.0,0.0,0,0.45,0.0,0.0,1,0
1096.509,107.131,-104.434,1.569,5.355,-0.001,5.355,-0.0,-0.002,0.748,0.293,0.0,0.0,0,0.408,0.0,0.0,1,0
1096.559,107.131,-104.165,1.569,5.392,-0.0,5.392,-0.0,-0.001,0.662,0.309,0.0,0.0,0,0.293,0.0,0.0,1,0
1096.609,107.132,-103.894,1.569,5.426,-0.0,5.426,-0.001,-0.001,-0.172,0.263,0.0,0.0,0,0.309,0.0,0.0,1,0
1096.659,107.132,-103.623,1.569,5.417,-0.0,5.417,-0.0,-0.0,-0.299,0.317,0.0,0.0,0,0.263,0.0,0.0,1,0
1096.759,107.134,-103.084,1.569,5.36,-0.0,5.36,-0.0,-0.0,-0.849,0.37,0.0,0.0,0,0.312,0.0,0.0,1,0
1096.809,107.134,-102.817,1.569,5.317,-0.0,5.317,-0.0,-0.0,-1.122,0.38,0.0,0.0,0,0.37,0.0,0.0,1,0
1096.859,107.135,-102.553,1.569,5.261,-0.0,5.261,-0.0,0.0,-0.982,0.43,0.0,0.0,0,0.38,0.0,0.0,1,0
1096.909,107.135,-102.292,1.569,5.212,-0.0,5.212,-0.0,-0.0,-1.108,0.439,0.0,0.0,0,0.43,0.0,0.0,1,0
1096.959,107.136,-102.033,1.569,5.157,-0.0,5.157,-0.0,0.0,-0.83,0.483,0.0,0.0,0,0.439,0.0,0.0,1,0
1097.009,107.136,-101.776,1.569,5.115,-0.0,5.115,-0.0,0.001,-0.919,0.481,0.0,0.0,0,0.483,0.0,0.0,1,0
1097.059,107.137,-101.522,1.569,5.069,-0.0,5.069,-0.0,0.0,-0.518,0.52,0.0,0.0,0,0.481,0.0,0.0,1,0
1097.109,107.137,-101.269,1.569,5.043,-0.0,5.043,-0.0,0.0,-0.643,0.501,0.0,0.0,0,0.52,0.0,0.0,1,0
1097.159,107.138,-101.018,1.569,5.011,-0.0,5.011,-0.0,-0.0,1.175,0.538,0.0,-0.0,0,0.501,0.0,0.0,1,0
1097.209,107.138,-100.767,1.569,5.07,-0.0,5.07,-0.0,0.001,6.976,0.323,0.0,-0.0,0,0.538,0.0,-0.0,1,0
1097.309,107.139,-100.227,1.569,5.474,0.0,5.474,0.0,0.0,-1.51,0.0,0.0,-0.0,0,0.0,0.0,-0.0,1,0
1097.359,107.14,-99.955,1.569,5.398,0.0,5.398,0.0,0.0,-2.114,0.238,0.0,-0.0,0,0.0,0.0,-0.0,1,0
1097.409,107.14,-99.689,1.569,5.293,0.0,5.293,0.0,0.0,-2.535,0.353,0.0,-0.0,0,0.238,0.0,-0.0,1,0
1097.459,107.141,-99.428,1.569,5.166,0.0,5.166,0.0,0.0,-2.312,0.476,0.0,-0.0,0,0.353,0.0,-0.0,1,0
1097.509,107.141,-99.174,1.569,5.05,0.0,5.05,0.0,0.0,0.094,0.539,0.0,-0.0,0,0.476,0.0,-0.0,1,0
1097.559,107.142,-98.923,1.569,5.055,0.0,5.055,0.0,0.0,-0.362,0.31,0.0,-0.0,0,0.539,0.0,-0.0,1,0
1097.609,107.142,-98.672,1.569,5.037,0.0,5.037,0.0,0.0,-0.174,0.365,0.0,-0.0,0,0.31,0.0,-0.0,1,0
1097.659,107.143,-98.419,1.569,5.028,0.0,5.028,0.0,0.0,0.514,0.354,0.0,-0.0,0,0.365,0.0,-0.0,1,0
1097.709,107.143,-98.168,1.569,5.054,0.0,5.054,0.0,0.0,-0.505,0.27,0.0,-0.0,0,0.354,0.0,-0.0,1,0
1097.759,107.144,-97.917,1.569,5.029,0.0,5.029,0.0,0.0,-0.942,0.383,0.0,-0.0,0,0.27,0.0,-0.0,1,0
1097.809,107.144,-97.666,1.569,4.981,0.0,4.981,0.0,0.0,0.961,0.461,0.0,-0.0,0,0.383,0.0,-0.0,1,0
1097.859,107.145,-97.415,1.569,5.03,0.0,5.03,0.0,0.0,0.443,0.249,0.0,-0.0,0,0.461,0.0,-0.0,1,0
1097.959,107.146,-96.914,1.569,5.007,0.0,5.007,0.0,0.0,-0.168,0.279,0.0,-0.0,0,0.279,0.0,-0.0,1,0
1098.009,107.146,-96.662,1.569,4.999,0.0,4.999,0.0,-0.0,-0.531,0.378,0.0,-0.0,0,0.437,0.0,-0.0,1,0
1098.059,107.147,-96.413,1.569,4.972,0.0,4.972,0.0,0.0,0.685,0.436,0.0,-0.0,0,0.378,0.0,-0.0,1,0
1098.109,107.147,-96.163,1.569,5.006,0.0,5.006,0.0,0.002,-0.625,0.299,0.0,-0.0,0,0.436,0.0,-0.0,1,0
1098.159,107.148,-95.913,1.569,4.975,0.0,4.975,-0.001,-0.0,0.518,0.448,0.0,-0.0,0,0.299,0.0,-0.0,1,0
1098.209,107.148,-95.663,1.569,5.001,-0.0,5.001,0.0,0.003,0.197,0.325,0.0,0.0,0,0.448,0.0,-0.0,1,0
1098.259,107.149,-95.413,1.569,5.011,0.0,5.011,-0.002,-0.009,-0.603,0.348,0.0,0.0,0,0.325,0.0,0.0,1,0
1098.309,107.149,-95.163,1.569,4.981,-0.002,4.981,0.002,0.025,0.193,0.448,0.0,0.0,0,0.348,0.0,0.0,1,0
1098.359,107.15,-94.914,1.569,4.99,-0.001,4.99,0.001,0.0,0.153,0.37,0.0,0.0,0,0.448,0.0,0.0,1,0
1098.459,107.151,-94.414,1.569,5.006,-0.001,5.006,0.003,-0.002,0.17,0.37,0.0,0.0,0,0.37,0.0,0.0,1,0
1098.509,107.151,-94.164,1.569,4.998,-0.001,4.998,-0.0,-0.005,0.01,0.403,0.0,0.0,0,0.364,0.0,0.0,1,0
1098.559,107.151,-93.914,1.569,4.999,-0.001,4.999,-0.001,0.001,0.002,0.389,0.0,0.0,0,0.403,0.0,0.0,1,0
1098.609,107.152,-93.664,1.569,4.999,-0.001,4.999,-0.0,-0.0,0.051,0.391,0.0,0.0,0,0.389,0.0,0.0,1,0
1098.659,107.152,-93.414,1.569,5.001,-0.0,5.001,-0.001,0.007,-0.09,0.387,0.0,0.0,0,0.391,0.0,0.0,1,0
1098.709,107.153,-93.164,1.569,4.997,-0.001,4.997,-0.001,0.006,0.08,0.406,0.0,0.0,0,0.387,0.0,0.0,1,0
1098.759,107.153,-92.914,1.569,5.001,-0.0,5.001,-0.002,-0.006,-0.429,0.389,0.0,0.0,0,0.406,0.0,0.0,1,0
1098.809,107.154,-92.666,1.569,4.979,-0.0,4.979,-0.001,-0.005,0.347,0.455,0.0,0.0,0,0.389,0.0,0.0,1,0
1098.859,107.154,-92.416,1.569,4.997,-0.001,4.997,-0.0,-0.001,0.352,0.373,0.0,0.0,0,0.455,0.0,0.0,1,0
1098.909,107.155,-92.166,1.569,5.014,-0.0,5.014,-0.006,-0.016,-0.301,0.36,0.0,0.0,0,0.373,0.0,0.0,1,0
1099.009,107.156,-91.665,1.568,5.008,0.001,5.008,-0.002,-0.019,0.171,0.434,0.0,-0.0,0,0.36,0.0,0.0,1,0
1099.059,107.156,-91.416,1.568,4.973,0.001,4.973,0.002,0.011,0.7,0.495,0.0,-0.0,0,0.385,0.0,-0.0,1,0
1099.109,107.157,-91.166,1.568,5.008,0.001,5.008,0.0,0.003,-0.622,0.341,0.0,-0.0,0,0.495,0.0,-0.0,1,0
1099.159,107.157,-90.916,1.569,4.977,0.0,4.977,0.0,0.01,0.767,0.491,0.0,-0.0,0,0.341,0.0,-0.0,1,0
1099.209,107.158,-90.666,1.569,5.016,0.0,5.016,0.008,-0.008,-0.865,0.334,0.0,-0.0,0,0.491,0.0,-0.0,1,0
1099.259,107.158,-90.418,1.568,4.972,0.001,4.972,-0.007,-0.019,1.185,0.522,0.0,-0.0,0,0.334,0.0,-0.0,1,0
1099.309,107.159,-90.167,1.568,5.032,0.001,5.032,-0.007,-0.009,-0.451,0.287,0.0,-0.001,0,0.522,0.0,-0.0,1,0
1099.359,107.16,-89.917,1.569,5.009,-0.001,5.009,-0.0,0.025,-0.104,0.457,0.0,-0.0,0,0.287,0.0,-0.001,1,0
1099.409,107.16,-89.666,1.568,5.004,0.002,5.004,-0.009,-0.004,-0.091,0.431,0.0,-0.001,0,0.457,0.0,-0.0,1,0
1099.459,107.161,-89.416,1.569,4.999,0.0,4.999,0.003,0.025,0.217,0.435,0.0,-0.0,0,0.431,0.0,-0.001,1,0
1099.559,107.162,-88.914,1.569,5.034,0.0,5.034,0.014,-0.009,-0.535,0.356,0.0,-0.0,0,0.4,0.0,0.0,1,0
1099.609,107.162,-88.664,1.569,5.008,0.0,5.008,0.005,0.003,-0.434,0.472,0.0,-0.0,0,0.356,0.0,-0.0,1,0
1099.659,107.163,-88.413,1.569,4.986,0.001,4.986,-0.048,0.009,1.016,0.482,0.0,-0.0,0,0.472,0.0,-0.0,1,0
1099.709,107.163,-88.162,1.569,5.037,0.002,5.037,-0.036,0.008,-0.006,0.309,0.0,-0.0,0,0.482,0.0,-0.0,1,0
1099.759,107.164,-87.912,1.569,5.037,0.001,5.037,0.002,0.019,-0.784,0.403,0.0,-0.0,0,0.309,0.0,-0.0,1,0
1099.809,107.164,-87.66,1.569,4.997,-0.001,4.997,0.057,0.021,0.078,0.507,0.0,0.0,0,0.403,0.0,-0.0,1,0
1099.859,107.165,-87.409,1.569,5.001,0.001,5.001,-0.008,-0.018,0.519,0.426,0.0,0.0,0,0.507,0.0,0.0,1,0
1099.909,107.165,-87.159,1.569,5.027,-0.001,5.027,-0.003,0.005,-0.527,0.366,0.0,0.0,0,0.426,0.0,0.0,1,0
1100.009,107.166,-86.656,1.569,5.05,-0.001,5.05,-0.008,-0.017,0.99,0.484,0.0,0.0,0,0.366,0.0,0.0,1,0
1100.059,107.166,-86.406,1.569,4.997,0.001,4.997,-0.004,-0.032,1.436,0.537,0.0,0.0,0,0.305,0.0,0.0,1,0
1100.109,107.167,-86.153,1.569,5.069,-0.002,5.069,0.041,-0.003,-0.816,0.249,0.0,0.0,0,0.537,0.0,0.0,1,0
1100.159,107.167,-85.902,1.569,5.028,0.001,5.028,0.003,-0.016,-0.869,0.488,0.0,-0.0,0,0.249,0.0,0.0,1,0
1100.209,107.168,-85.651,1.568,4.985,0.002,4.985,-0.054,-0.007,1.273,0.528,0.0,-0.001,0,0.488,0.0,-0.0,1,0
1100.259,107.168,-85.399,1.568,5.048,0.003,5.048,-0.033,-0.011,0.109,0.281,0.0,-0.001,0,0.528,0.0,-0.001,1,0
1100.309,107.169,-85.148,1.568,5.054,0.002,5.054,-0.007,0.014,-0.533,0.383,0.0,-0.001,0,0.281,0.0,-0.001,1,0
1100.359,107.169,-84.897,1.569,5.027,-0.001,5.027,0.012,0.045,-0.5,0.462,0.0,-0.0,0,0.383,0.0,-0.001,1,0
1100.409,107.17,-84.645,1.569,5.002,0.0,5.002,0.007,0.015,0.944,0.479,0.0,-0.0,0,0.462,0.0,-0.0,1,0
1100.459,107.17,-84.395,1.569,5.049,-0.0,5.049,0.002,0.01,-0.897,0.309,0.0,0.0,0,0.479,0.0,-0.0,1,0
1100.559,107.171,-83.892,1.569,5.012,-0.0,5.012,-0.0,-0.006,0.991,0.514,0.0,0.0,0,0.514,0.0,0.0,1,0
1100.609,107.172,-83.641,1.569,5.062,-0.001,5.062,-0.0,-0.003,-0.864,0.296,0.0,0.0,0,0.413,0.0,0.0,1,0
1100.659,107.172,-83.389,1.569,5.018,-0.001,5.018,-0.001,-0.003,-0.149,0.5,0.0,0.0,0,0.296,0.0,0.0,1,0
1100.709,107.172,-83.137,1.569,5.011,-0.001,5.011,-0.0,-0.005,0.778,0.441,0.0,0.0,0,0.5,0.0,0.0,1,0
1100.759,107.173,-82.886,1.569,5.05,-0.001,5.05,-0.0,-0.003,-0.974,0.324,0.0,0.0,0,0.441,0.0,0.0,1,0
1100.809,107.173,-82.635,1.569,5.001,-0.001,5.001,-0.001,-0.002,0.536,0.525,0.0,0.0,0,0.324,0.0,0.0,1,0
1100.859,107.174,-82.383,1.569,5.028,-0.001,5.028,-0.001,0.009,0.243,0.365,0.0,0.0,0,0.525,0.0,0.0,1,0
1100.909,107.174,-82.133,1.569,5.04,-0.002,5.04,0.005,-0.005,-1.132,0.382,0.0,0.001,0,0.365,0.0,0.0,1,0
1101.009,107.175,-81.629,1.57,5.014,-0.004,5.014,0.01,0.047,0.61,0.555,0.0,0.001,0,0.382,0.0,0.001,1,0
1101.059,107.175,-81.378,1.57,5.05,-0.002,5.05,-0.005,-0.021,0.257,0.333,0.0,0.001,0,0.371,0.0,0.001,1,0
1101.109,107.176,-81.124,1.57,5.063,-0.003,5.063,-0.001,-0.009,-0.81,0.364,0.0,0.001,0,0.333,0.0,0.001,1,0
1101.159,107.176,-80.873,1.57,5.022,-0.002,5.022,-0.011,-0.013,-0.002,0.493,0.0,0.001,0,0.364,0.0,0.001,1,0
1101.209,107.176,-80.62,1.569,5.022,-0.001,5.022,-0.029,-0.029,0.031,0.419,0.0,0.0,0,0.493,0.0,0.001,1,0
1101.259,107.177,-80.37,1.569,5.024,0.001,5.024,-0.011,-0.046,0.952,0.415,0.0,-0.0,0,0.419,0.0,0.0,1,0
1101.309,107.177,-80.116,1.568,5.071,0.0,5.071,0.003,-0.005,-0.679,0.291,0.0,-0.0,0,0.415,0.0,-0.0,1,0
1101.359,107.178,-79.865,1.568,5.037,0.001,5.037,0.0,0.002,-0.806,0.466,0.0,-0.0,0,0.291,0.0,-0.0,1,0
1101.459,107.179,-79.363,1.568,4.979,0.001,4.979,-0.0,0.002,1.885,0.51,0.0,-0.0,0,0.51,0.0,-0.0,1,0
1101.509,107.18,-79.111,1.568,5.073,0.001,5.073,0.001,-0.186,-0.559,0.204,0.0,0.006,0,0.486,0.0,0.005,1,0
1101.559,107.181,-78.86,1.568,5.046,-0.007,5.046,-0.006,-0.12,0.073,0.45,0.0,0.006,0,0.204,0.0,0.006,1,0
1101.609,107.182,-78.606,1.568,5.049,-0.011,5.049,-0.01,-0.084,-0.234,0.387,0.0,0.024,0,0.45,0.0,0.006,1,0
1101.659,107.183,-78.355,1.567,5.037,-0.013,5.037,-0.011,-0.696,-0.042,0.424,0.0,0.025,0,0.387,0.0,0.024,1,0
1101.709,107.186,-78.105,1.566,5.036,-0.042,5.035,-0.034,-0.277,-1.288,0.406,0.0,0.025,0,0.424,0.0,0.025,1,0
1101.809,107.194,-77.602,1.562,5.072,-0.056,5.072,-0.046,-0.933,-1.649,0.189,0.0,0.052,0,0.574,0.0,0.052,1,0
1101.859,107.201,-77.35,1.558,4.991,-0.086,4.99,-0.072,-1.022,1.703,0.591,0.0,0.051,0,0.189,0.0,0.052,1,0
1101.909,107.21,-77.098,1.554,5.077,-0.115,5.075,-0.08,-0.407,-1.194,0.212,0.0,0.085,0,0.591,0.0,0.051,1,0
1101.959,107.22,-76.847,1.55,5.018,-0.113,5.016,-0.092,-1.447,-0.729,0.526,0.0,0.084,0,0.212,0.0,0.085,1,0
1102.009,107.233,-76.597,1.543,4.983,-0.154,4.981,-0.13,-1.316,0.899,0.509,0.0,0.082,0,0.526,0.0,0.084,1,0
1102.059,107.25,-76.347,1.536,5.031,-0.185,5.027,-0.141,-0.734,-0.497,0.322,0.0,0.12,0,0.509,0.0,0.082,1,0
1102.109,107.268,-76.097,1.529,5.007,-0.184,5.004,-0.149,-1.875,-0.532,0.472,0.0,0.118,0,0.322,0.0,0.12,1,0
1102.209,107.317,-75.598,1.509,5.032,-0.257,5.026,-0.24,-0.953,-0.224,0.326,0.0,0.154,0,0.489,0.0,0.114,1,0
1102.259,107.346,-75.348,1.5,5.024,-0.256,5.017,-0.253,-2.231,-0.415,0.435,0.0,0.151,0,0.326,0.0,0.154,1,0
1102.309,107.379,-75.1,1.488,5.01,-0.311,5.0,-0.284,-1.727,0.426,0.457,0.0,0.146,0,0.435,0.0,0.151,1,0
1102.359,107.417,-74.852,1.475,5.037,-0.33,5.026,-0.27,-1.119,-0.5,0.359,0.0,0.188,0,0.457,0.0,0.146,1,0
1102.409,107.458,-74.603,1.462,5.016,-0.322,5.006,-0.202,-2.856,0.481,0.474,0.0,0.183,0,0.359,0.0,0.188,1,0
1102.509,107.556,-74.111,1.432,4.998,-0.388,4.983,-0.311,-1.542,0.585,0.543,0.0,0.219,0,0.336,0.0,0.176,1,0
1102.559,107.611,-73.865,1.416,5.033,-0.387,5.019,-0.299,-2.933,-0.021,0.38,0.0,0.213,0,0.543,0.0,0.219,1,0
1102.609,107.672,-73.621,1.399,5.046,-0.45,5.026,-0.348,-2.216,0.239,0.393,0.0,0.205,0,0.38,0.0,0.213,1,0
1102.659,107.739,-73.378,1.381,5.069,-0.469,5.047,-0.36,-1.301,-1.211,0.355,0.0,0.248,0,0.393,0.0,0.205,1,0
1102.759,107.887,-72.897,1.344,5.04,-0.515,5.014,-0.463,-3.377,0.15,0.568,0.0,0.241,0,0.355,0.0,0.248,1,0
1102.809,107.97,-72.659,1.323,5.068,-0.533,5.04,-0.426,-1.457,-0.949,0.356,0.0,0.273,0,0.383,0.0,0.231,1,0
1102.859,108.058,-72.423,1.303,5.03,-0.502,5.004,-0.409,-3.578,-0.117,0.535,0.0,0.264,0,0.356,0.0,0.273,1,0
1102.909,108.152,-72.19,1.281,5.045,-0.572,5.012,-0.452,-1.873,-1.473,0.408,0.0,0.305,0,0.535,0.0,0.264,1,0
1103.009,108.361,-71.731,1.234,5.087,-0.648,5.045,-0.511,-2.325,-0.588,0.239,0.0,0.282,0,0.601,0.0,0.295,1,0
1103.059,108.477,-71.504,1.208,5.074,-0.635,5.034,-0.558,-2.45,0.139,0.449,0.0,0.321,0,0.239,0.0,0.282,1,0
1103.109,108.596,-71.281,1.183,5.097,-0.631,5.058,-0.511,-3.343,-1.137,0.361,0.0,0.309,0,0.449,0.0,0.321,1,0
1103.159,108.723,-71.062,1.157,5.065,-0.67,5.02,-0.525,-2.36,-0.851,0.514,0.0,0.296,0,0.361,0.0,0.309,1,0
1103.209,108.855,-70.848,1.131,5.039,-0.657,4.997,-0.521,-2.594,1.265,0.505,0.0,0.333,0,0.514,0.0,0.296,1,0
1103.259,108.994,-70.635,1.105,5.12,-0.654,5.078,-0.525,-4.114,-0.462,0.245,0.0,0.321,0,0.505,0.0,0.333,1,0
1103.359,109.291,-70.224,1.05,5.056,-0.679,5.01,-0.549,-2.153,-0.943,0.581,0.0,0.292,0,0.39,0.0,0.306,1,0
1103.409,109.446,-70.024,1.022,5.025,-0.651,4.982,-0.58,-2.932,1.502,0.532,0.0,0.321,0,0.581,0.0,0.292,1,0
1103.459,109.607,-69.828,0.996,5.12,-0.665,5.076,-0.532,-3.069,-0.799,0.245,0.0,0.308,0,0.532,0.0,0.321,1,0
1103.559,109.946,-69.448,0.943,5.113,-0.681,5.068,-0.565,-2.655,-0.177,0.39,0.0,0.319,0,0.245,0.0,0.308,1,0
1103.609,110.12,-69.265,0.917,5.099,-0.656,5.056,-0.519,-3.076,-1.743,0.467,0.0,0.306,0,0.39,0.0,0.319,1,0
1103.659,110.3,-69.088,0.89,5.035,-0.676,4.989,-0.547,-2.751,-0.017,0.597,0.0,0.292,0,0.467,0.0,0.306,1,0
1103.759,110.675,-68.746,0.837,5.123,-0.657,5.081,-0.539,-2.218,-2.03,0.563,0.0,0.297,0,0.431,0.0,0.311,1,0
1103.859,111.069,-68.422,0.786,5.154,-0.665,5.111,-0.479,-1.288,-2.067,0.277,0.0,0.299,0,0.732,0.0,0.284,1,0
1103.959,111.475,-68.117,0.734,5.194,-0.648,5.153,-0.526,-2.623,1.28,1.0,0.0,0.324,0,1.0,0.0,0.285,1,0
1104.059,111.91,-67.826,0.683,5.177,-0.65,5.136,-0.48,-2.347,-1.095,1.0,0.0,0.294,0,1.0,0.0,0.309,1,0
1104.159,112.351,-67.562,0.63,5.168,-0.622,5.13,-0.477,-3.068,1.751,1.0,0.0,0.309,0,1.0,0.0,0.302,1,0
1104.259,112.814,-67.317,0.576,5.255,-0.636,5.217,-0.496,-2.323,-0.38,1.0,0.0,0.275,0,1.0,0.0,0.292,0,0
1104.409,113.587,-66.968,0.492,6.483,-0.707,6.444,-0.614,-4.994,13.282,1.0,0.0,0.262,0,1.0,0.0,0.28,2,0
1104.509,114.252,-66.715,0.429,7.553,-0.689,7.521,-0.63,-4.798,5.942,0.0,0.0,0.224,0,0.0,0.0,0.244,2,0
1104.609,114.999,-66.472,0.366,8.009,-0.638,7.984,-0.616,-2.645,-1.245,0.059,0.0,0.21,0,0.0,0.0,0.203,2,0
1104.709,115.763,-66.26,0.309,7.86,-0.517,7.843,-0.569,-2.796,-2.566,0.466,0.0,0.196,0,0.34,0.0,0.192,2,0
1104.809,116.515,-66.088,0.256,7.649,-0.454,7.636,-0.524,-2.836,-1.533,0.597,0.0,0.163,0,0.655,0.0,0.18,2,0
1104.909,117.26,-65.952,0.208,7.565,-0.396,7.554,-0.458,-2.826,-0.037,0.527,0.0,0.147,0,0.681,0.0,0.162,2,0
1105.009,118.01,-65.846,0.165,7.61,-0.366,7.602,-0.411,-2.445,0.724,0.399,0.0,0.128,0,0.562,0.0,0.141,2,0
1105.159,119.156,-65.735,0.11,7.733,-0.287,7.728,-0.326,-2.167,0.376,0.418,0.0,0.094,0,0.323,0.0,0.106,2,0
1105.259,119.93,-65.686,0.08,7.762,-0.237,7.758,-0.273,-1.652,-0.026,0.343,0.0,0.074,0,0.328,0.0,0.084,2,0
1105.359,120.705,-65.653,0.056,7.748,-0.187,7.746,-0.218,-1.267,-0.28,0.408,0.0,0.056,0,0.472,0.0,0.065,2,0
1105.509,121.864,-65.626,0.029,7.725,-0.13,7.724,-0.152,-0.944,-0.015,1.0,0.0,0.037,0,1.0,0.0,0.048,2,0
1105.609,122.643,-65.618,0.016,7.878,-0.09,7.877,-0.104,-0.396,3.692,1.0,0.0,0.02,0,1.0,0.0,0.025,2,0
1105.709,123.453,-65.615,0.008,8.313,-0.063,8.313,-0.071,-0.241,2.887,1.0,0.0,0.013,0,1.0,0.0,0.016,2,0
1105.809,124.297,-65.615,0.002,8.45,-0.039,8.45,-0.048,-0.163,1.113,1.0,0.0,0.008,0,1.0,0.0,0.01,0,0
1105.959,125.632,-65.619,-0.003,9.509,-0.02,9.509,-0.025,-0.102,7.603,1.0,0.0,0.003,0,1.0,0.0,0.004,3,0
1106.059,126.625,-65.624,-0.005,10.231,-0.01,10.231,-0.014,-0.029,6.346,1.0,0.0,0.0,0,1.0,0.0,0.001,3,0
1106.159,127.683,-65.629,-0.005,10.849,-0.002,10.849,-0.005,0.005,5.787,1.0,0.0,-0.001,0,1.0,0.0,-0.0,3,0
1106.259,128.799,-65.636,-0.006,11.42,0.001,11.42,0.001,0.031,5.542,1.0,0.0,-0.001,0,1.0,0.0,-0.001,3,0
1106.359,129.971,-65.642,-0.005,11.971,0.003,11.971,0.004,0.047,5.438,1.0,0.0,-0.001,0,1.0,0.0,-0.001,3,0
1106.459,131.198,-65.648,-0.005,12.514,0.003,12.514,0.005,0.053,3.112,1.0,0.0,-0.001,0,1.0,0.0,-0.001,3,0
1106.609,133.099,-65.656,-0.004,12.654,0.002,12.654,0.005,0.063,-1.529,1.0,0.0,-0.001,0,1.0,0.0,-0.001,0,0
1106.709,134.404,-65.661,-0.004,13.3,0.001,13.3,0.005,0.064,5.267,1.0,0.0,-0.001,0,1.0,0.0,-0.001,4,0
1106.809,135.763,-65.666,-0.003,13.813,0.0,13.813,0.005,0.057,4.822,1.0,0.0,-0.001,0,1.0,0.0,-0.001,4,0
1106.909,137.171,-65.67,-0.003,14.289,0.0,14.289,0.004,0.048,4.625,1.0,0.0,-0.001,0,1.0,0.0,-0.001,4,0
1107.009,138.625,-65.673,-0.002,14.749,-0.0,14.749,0.003,0.048,4.539,1.0,0.0,-0.0,0,1.0,0.0,-0.001,4,0
1107.159,140.892,-65.678,-0.002,15.427,-0.001,15.427,0.003,0.04,4.391,0.648,0.0,-0.0,0,0.923,0.0,-0.0,4,0
1107.259,142.458,-65.681,-0.002,15.844,-0.001,15.844,0.002,0.035,2.903,0.16,0.0,-0.0,0,0.383,0.0,-0.0,4,0
1107.359,144.056,-65.684,-0.001,16.065,-0.001,16.065,0.002,0.03,0.084,0.0,0.0,-0.0,0,0.007,0.0,-0.0,4,0
1107.459,145.661,-65.686,-0.001,16.018,-0.001,16.018,0.002,0.024,-1.676,0.0,0.0,-0.0,0,0.0,0.0,-0.0,4,0
1107.609,148.04,-65.689,-0.001,15.716,-0.001,15.716,0.001,0.025,-2.303,0.0,0.0,-0.0,0,0.0,0.0,-0.0,4,0
1107.709,149.598,-65.691,-0.001,15.469,-0.001,15.469,0.001,0.022,-2.544,0.0,0.0,-0.0,0,0.0,0.0,-0.0,4,0
1107.809,151.131,-65.692,-0.001,15.214,-0.0,15.214,0.001,0.019,-2.557,0.0,0.0,-0.0,0,0.0,0.0,-0.0,4,0
1107.909,152.638,-65.694,-0.001,14.958,-0.0,14.958,0.001,0.015,-2.534,0.0,0.0,-0.0,0,0.0,0.0,-0.0,4,0
1108.059,154.851,-65.695,-0.001,14.581,-0.0,14.581,0.001,0.013,-2.48,0.0,0.0,-0.0,0,0.0,0.0,-0.0,4,0
1108.159,156.295,-65.696,-0.0,14.334,-0.0,14.334,0.001,0.01,-2.44,0.0,0.0,-0.0,0,0.0,0.0,-0.0,4,0
1108.259,157.715,-65.697,-0.0,14.091,-0.0,14.091,0.001,0.008,-2.4,0.0,0.0,-0.0,0,0.0,0.0,-0.0,4,0
1108.359,159.111,-65.697,-0.0,13.852,-0.0,13.852,0.001,0.007,-2.36,0.0,0.0,-0.0,0,0.0,0.0,-0.0,4,0
1108.509,161.161,-65.698,-0.0,13.501,0.0,13.501,0.0,0.006,-2.301,0.0,0.0,-0.0,0,0.0,0.0,-0.0,4,0
1108.609,162.499,-65.698,-0.0,13.312,0.0,13.312,0.001,0.009,0.628,0.0,0.0,-0.001,0,0.0,0.0,-0.0,0,0
1108.709,163.831,-65.698,-0.0,13.227,0.001,13.227,0.001,0.023,-5.067,0.0,0.0,-0.001,0,0.0,0.0,-0.001,3,0
1108.859,165.757,-65.698,0.0,12.543,0.002,12.543,0.004,0.048,-3.99,0.0,0.0,-0.002,0,0.0,0.0,-0.001,3,0
1108.959,166.991,-65.697,0.001,12.193,0.004,12.193,0.006,0.118,-3.341,0.0,0.0,-0.003,0,0.0,0.0,-0.003,3,0
1109.059,168.193,-65.695,0.002,11.877,0.005,11.877,0.009,0.093,-3.187,0.0,0.0,-0.003,0,0.0,0.0,-0.002,3,0
1109.159,169.363,-65.692,0.003,11.574,0.006,11.574,0.011,0.123,-3.088,0.0,0.0,-0.004,0,0.0,0.0,-0.003,3,0
1109.259,170.504,-65.688,0.004,11.281,0.007,11.281,0.014,0.15,-3.011,0.0,0.0,-0.005,0,0.0,0.0,-0.004,3,0
1109.359,171.616,-65.682,0.005,10.995,0.009,10.995,0.017,0.173,-2.944,0.0,0.0,-0.004,0,0.0,0.0,-0.005,3,0
1109.509,173.231,-65.67,0.008,10.571,0.01,10.571,0.018,0.22,-2.883,0.0,0.0,-0.005,0,0.0,0.0,-0.006,3,0
1109.609,174.29,-65.66,0.01,10.575,0.009,10.575,0.018,0.23,-8.412,0.0,0.0,-0.006,0,0.0,0.0,-0.006,0,0
1109.709,175.301,-65.648,0.012,9.747,0.012,9.747,0.019,0.166,-6.116,0.0,0.0,-0.007,0,0.0,0.0,-0.005,2,0
1109.809,176.242,-65.635,0.013,9.146,0.014,9.146,0.019,0.193,-4.834,0.0,0.0,-0.006,0,0.0,0.0,-0.006,2,0
1109.959,177.555,-65.614,0.016,8.44,0.017,8.44,0.022,0.25,-4.278,0.0,0.0,-0.008,0,0.0,0.0,-0.008,2,0
1110.059,178.375,-65.598,0.018,8.014,0.017,8.014,0.021,0.116,-4.275,0.0,1.0,0.0,0,0.0,0.0,-0.006,2,0
1110.159,179.153,-65.582,0.02,7.598,0.005,7.598,0.009,-0.02,-5.165,0.0,1.0,0.0,0,0.0,1.0,0.0,2,0
1110.259,179.886,-65.567,0.02,7.125,0.0,7.125,0.002,0.004,-5.84,0.0,1.0,0.0,0,0.0,1.0,0.0,0,0
1110.409,180.784,-65.549,0.021,4.364,-0.0,4.364,0.0,-0.0,-26.237,0.0,1.0,0.0,0,0.0,1.0,0.0,1,0
1110.509,181.072,-65.543,0.021,1.736,-0.0,1.736,0.0,0.002,-25.732,0.0,1.0,0.0,0,0.0,1.0,0.0,1,0
1110.609,181.12,-65.542,0.021,0.005,0.0,-0.005,0.0,-0.001,-0.124,0.0,1.0,0.0,0,0.0,1.0,0.0,1,1
1110.709,181.123,-65.542,0.021,0.012,0.0,-0.012,-0.0,0.0,0.03,0.0,1.0,0.0,0,0.0,1.0,0.0,1,1
1110.859,181.125,-65.542,0.021,0.006,0.0,-0.006,-0.0,0.0,0.037,0.0,1.0,0.0,0,0.0,1.0,0.0,1,1
1110.959,181.126,-65.541,0.021,0.004,0.0,-0.004,-0.0,-0.0,0.019,0.0,1.0,0.0,0,0.0,1.0,0.0,1,1
1111.059,181.127,-65.541,0.021,0.002,0.0,-0.002,-0.0,-0.0,0.011,0.0,1.0,0.0,0,0.0,1.0,0.0,1,1
1111.159,181.127,-65.541,0.021,0.001,0.0,-0.001,-0.0,-0.0,0.006,0.0,1.0,0.0,0,0.0,1.0,0.0,1,1
1111.259,181.127,-65.541,0.021,0.001,0.0,-0.001,-0.0,-0.0,0.003,0.0,1.0,0.0,0,0.0,1.0,0.0,1,1
1111.409,181.127,-65.541,0.021,0.0,0.0,-0.0,-0.0,-0.0,0.004,0.0,1.0,0.0,0,0.0,1.0,0.0,1,1
1111.509,181.127,-65.541,0.021,0.0,-0.0,0.0,-0.0,-0.0,0.0,0.0,1.0,0.0,0,0.0,1.0,0.0,1,1
1112.559,181.127,-65.541,0.021,0.0,-0.0,0.0,-0.0,-0.0,0.0,0.0,1.0,0.0,0,0.0,1.0,0.0,1,1
1113.609,181.127,-65.541,0.021,0.0,-0.0,0.0,-0.0,-0.0,0.0,0.0,1.0,0.0,0,0.0,1.0,0.0,1,1
1114.659,181.127,-65.541,0.021,0.0,-0.0,0.0,-0.0,-0.0,0.0,0.0,1.0,0.0,0,0.0,1.0,0.0,1,1
1115.709,181.127,-65.541,0.021,0.0,-0.0,0.0,-0.0,-0.0,0.0,0.0,1.0,0.0,0,0.0,1.0,0.0,1,1
1116.759,181.127,-65.541,0.021,0.0,-0.0,0.0,-0.0,-0.0,0.0,0.0,1.0,0.0,0,0.0,1.0,0.0,1,1
1117.759,181.127,-65.541,0.021,0.0,-0.0,0.0,-0.0,-0.0,0.0,0.0,1.0,0.0,0,0.0,1.0,0.0,1,1
1118.759,181.127,-65.541,0.021,0.0,-0.0,0.0,-0.0,-0.0,0.0,0.0,1.0,0.0,0,0.0,1.0,0.0,1,1
1119.859,181.127,-65.541,0.021,0.0,-0.0,0.0,-0.0,-0.0,0.0,0.0,1.0,0.0,0,0.0,1.0,0.0,1,1
1120.909,181.127,-65.541,0.021,0.0,-0.0,0.0,-0.0,-0.0,0.0,0.0,1.0,0.0,0,0.0,1.0,0.0,1,1
1121.959,181.127,-65.541,0.021,0.0,-0.0,0.0,-0.0,-0.0,0.0,0.0,1.0,0.0,0,0.0,1.0,0.0,1,1
1123.009,181.127,-65.541,0.021,0.0,-0.0,0.0,-0.0,-0.0,0.0,0.0,1.0,0.0,0,0.0,1.0,0.0,1,1
1124.059,181.127,-65.541,0.021,0.0,-0.0,0.0,-0.0,-0.0,0.0,0.0,1.0,0.0,0,0.0,1.0,0.0,1,1
1125.109,181.127,-65.541,0.021,0.0,-0.0,0.0,-0.0,-0.0,0.0,0.0,1.0,0.0,0,0.0,1.0,0.0,1,1
1126.159,181.127,-65.541,0.021,0.0,-0.0,0.0,-0.0,-0.0,0.0,0.0,1.0,0.0,0,0.0,1.0,0.0,1,1
1127.209,181.127,-65.541,0.021,0.0,-0.0,0.0,-0.0,-0.0,0.0,0.0,1.0,0.0,0,0.0,1.0,0.0,1,1
1128.259,181.127,-65.541,0.021,0.0,-0.0,0.0,-0.0,-0.0,0.0,0.0,1.0,0.0,0,0.0,1.0,0.0,1,1
1129.309,181.127,-65.541,0.021,0.0,-0.0,0.0,-0.0,-0.0,0.0,0.0,1.0,0.0,0,0.0,1.0,0.0,1,1
1130.309,181.127,-65.541,0.021,0.0,-0.0,0.0,-0.0,-0.0,0.0,0.0,1.0,0.0,0,0.0,1.0,0.0,1,1
1131.359,181.127,-65.541,0.021,0.0,-0.0,0.0,-0.0,-0.0,0.0,0.0,1.0,0.0,0,0.0,1.0,0.0,1,1
1132.409,181.127,-65.541,0.021,0.0,-0.0,0.0,-0.0,-0.0,0.0,0.0,1.0,0.0,0,0.0,1.0,0.0,1,1
1133.459,181.127,-65.541,0.021,0.0,-0.0,0.0,-0.0,-0.0,0.0,0.0,1.0,0.0,0,0.0,1.0,0.0,1,1
1134.509,181.127,-65.541,0.021,0.0,-0.0,0.0,-0.0,-0.0,0.0,0.0,1.0,0.0,0,0.0,1.0,0.0,1,1
1135.559,181.127,-65.541,0.021,0.0,-0.0,0.0,-0.0,-0.0,0.0,0.0,1.0,0.0,0,0.0,1.0,0.0,1,1
1136.609,181.127,-65.541,0.021,0.0,-0.0,0.0,-0.0,-0.0,0.0,0.0,1.0,0.0,0,0.0,1.0,0.0,1,1
1137.659,181.127,-65.541,0.021,0.0,-0.0,0.0,-0.0,-0.0,0.0,0.0,1.0,0.0,0,0.0,1.0,0.0,1,1
1138.709,181.127,-65.541,0.021,0.0,-0.0,0.0,-0.0,-0.0,0.0,0.0,1.0,0.0,0,0.0,1.0,0.0,1,1
1139.759,181.127,-65.541,0.021,0.0,-0.0,0.0,-0.0,-0.0,0.0,0.0,1.0,0.0,0,0.0,1.0,0.0,1,1
1140.759,181.127,-65.541,0.021,0.0,-0.0,0.0,-0.0,-0.0,0.0,0.0,1.0,0.0,0,0.0,1.0,0.0,1,1
1141.759,181.127,-65.541,0.021,0.0,-0.0,0.0,-0.0,-0.0,0.0,0.0,1.0,0.0,0,0.0,1.0,0.0,1,1
1142.759,181.127,-65.541,0.021,0.0,-0.0,0.0,-0.0,-0.0,0.0,0.0,1.0,0.0,0,0.0,1.0,0.0,1,1
1143.809,181.127,-65.541,0.021,0.0,-0.0,0.0,-0.0,-0.0,0.0,0.0,1.0,0.0,0,0.0,1.0,0.0,1,1
1144.909,181.127,-65.541,0.021,0.0,-0.0,0.0,-0.0,-0.0,0.0,0.0,1.0,0.0,0,0.0,1.0,0.0,1,1
1146.009,181.127,-65.541,0.021,0.0,-0.0,0.0,-0.0,-0.0,0.0,0.0,1.0,0.0,0,0.0,1.0,0.0,1,1
1147.109,181.127,-65.541,0.021,0.0,-0.0,0.0,-0.0,-0.0,0.0,0.0,1.0,0.0,0,0.0,1.0,0.0,1,1
1148.209,181.127,-65.541,0.021,0.0,-0.0,0.0,-0.0,-0.0,0.0,0.0,1.0,0.0,0,0.0,1.0,0.0,1,1
1149.309,181.127,-65.541,0.021,0.0,-0.0,0.0,-0.0,-0.0,0.0,0.0,1.0,0.0,0,0.0,1.0,0.0,1,1
1150.409,181.127,-65.541,0.021,0.0,-0.0,0.0,-0.0,-0.0,0.0,0.0,1.0,0.0,0,0.0,1.0,0.0,1,1
1151.409,181.127,-65.541,0.021,0.0,-0.0,0.0,-0.0,-0.0,0.0,0.0,1.0,0.0,0,0.0,1.0,0.0,1,1
1152.409,181.127,-65.541,0.021,0.0,-0.0,0.0,-0.0,-0.0,0.0,0.0,1.0,0.0,0,0.0,1.0,0.0,1,1
1153.409,181.127,-65.541,0.021,0.0,-0.0,0.0,-0.0,-0.0,0.0,0.0,1.0,0.0,0,0.0,1.0,0.0,1,1
1154.409,181.127,-65.541,0.021,0.0,-0.0,0.0,-0.0,-0.0,0.0,0.0,1.0,0.0,0,0.0,1.0,0.0,1,1
1155.409,181.127,-65.541,0.021,0.0,-0.0,0.0,-0.0,-0.0,0.0,0.0,1.0,0.0,0,0.0,1.0,0.0,1,1
1156.409,181.127,-65.541,0.021,0.0,-0.0,0.0,-0.0,-0.0,0.0,0.0,1.0,0.0,0,0.0,1.0,0.0,1,1
1157.459,181.127,-65.541,0.021,0.0,-0.0,0.0,-0.0,-0.0,0.0,0.0,1.0,0.0,0,0.0,1.0,0.0,1,1
1158.459,181.127,-65.541,0.021,0.0,-0.0,0.0,-0.0,-0.0,0.0,0.0,1.0,0.0,0,0.0,1.0,0.0,1,1
1159.459,181.127,-65.541,0.021,0.0,-0.0,0.0,-0.0,-0.0,0.0,0.0,1.0,0.0,0,0.0,1.0,0.0,1,1
1160.509,181.127,-65.541,0.021,0.0,-0.0,0.0,-0.0,-0.0,0.0,0.0,1.0,0.0,0,0.0,1.0,0.0,1,1
1161.559,181.127,-65.541,0.021,0.0,-0.0,0.0,-0.0,-0.0,0.0,0.0,1.0,0.0,0,0.0,1.0,0.0,1,1
1162.609,181.127,-65.541,0.021,0.0,-0.0,0.0,-0.0,-0.0,0.0,0.0,1.0,0.0,0,0.0,1.0,0.0,1,1
1163.659,181.127,-65.541,0.021,0.0,-0.0,0.0,-0.0,-0.0,0.0,0.0,1.0,0.0,0,0.0,1.0,0.0,1,1
1164.659,181.127,-65.541,0.021,0.0,-0.0,0.0,-0.0,-0.0,0.0,0.0,1.0,0.0,0,0.0,1.0,0.0,1,1
